policy,policy_name,sector_slug,slot_index,scale,carbon_intensity,day_ahead_price,real_time_price
carbonscaler_base,carbonscaler,ontario,0,1,50.0,14.46,37.281666666666666
carbonscaler_base,carbonscaler,ontario,1,1,49.0,14.91,33.41166666666667
carbonscaler_base,carbonscaler,ontario,2,2,45.0,14.65,31.3
carbonscaler_base,carbonscaler,ontario,3,2,44.0,14.93,34.589166666666664
carbonscaler_base,carbonscaler,ontario,4,2,38.0,19.54,38.32666666666667
carbonscaler_base,carbonscaler,ontario,5,2,39.0,26.39,31.050833333333333
carbonscaler_base,carbonscaler,ontario,6,2,39.0,28.77,29.55333333333333
carbonscaler_base,carbonscaler,ontario,7,2,39.0,43.28,33.685833333333335
carbonscaler_base,carbonscaler,ontario,8,2,44.0,39.76,29.5
carbonscaler_base,carbonscaler,ontario,9,1,49.0,35.49,40.14
carbonscaler_base,carbonscaler,ontario,10,1,52.0,32.62,48.08416666666667
carbonscaler_base,carbonscaler,ontario,11,1,52.0,35.96,50.5425
carbonscaler_base,carbonscaler,ontario,12,1,54.0,36.16,41.22666666666667
carbonscaler_base,carbonscaler,ontario,13,1,50.0,35.78,31.642500000000002
carbonscaler_base,carbonscaler,ontario,14,0,56.0,35.83,33.13916666666666
carbonscaler_base,carbonscaler,ontario,15,0,61.0,37.72,40.01583333333333
carbonscaler_base,carbonscaler,ontario,16,0,64.0,37.85,50.650000000000006
carbonscaler_base,carbonscaler,ontario,17,0,62.0,51.72,37.6775
carbonscaler_base,carbonscaler,ontario,18,0,54.0,55.55,37.67250000000001
carbonscaler_base,carbonscaler,ontario,19,0,55.0,53.78,37.278333333333336
carbonscaler_base,carbonscaler,ontario,20,0,59.0,41.04,41.968333333333334
carbonscaler_base,carbonscaler,ontario,21,0,74.0,32.67,26.171666666666667
carbonscaler_base,carbonscaler,ontario,22,0,72.0,35.35,25.061666666666667
carbonscaler_base,carbonscaler,ontario,23,0,71.0,26.53,23.230833333333333
carbonscaler_base,carbonscaler,ontario,24,0,70.0,29.7,14.858333333333334
carbonscaler_base,carbonscaler,ontario,25,0,69.0,25.77,17.010833333333334
carbonscaler_base,carbonscaler,ontario,26,0,62.0,27.41,17.040833333333335
carbonscaler_base,carbonscaler,ontario,27,0,60.0,30.78,17.525833333333335
carbonscaler_base,carbonscaler,ontario,28,1,50.0,28.77,16.649166666666666
carbonscaler_base,carbonscaler,ontario,29,1,49.0,35.98,12.450833333333334
carbonscaler_base,carbonscaler,ontario,30,1,50.0,50.81,29.266666666666666
carbonscaler_base,carbonscaler,ontario,31,1,51.0,59.4,35.785833333333336
carbonscaler_base,carbonscaler,ontario,32,0,56.0,51.35,46.8225
carbonscaler_base,carbonscaler,ontario,33,0,67.0,43.09,40.39
carbonscaler_base,carbonscaler,ontario,34,0,76.0,36.04,36.93
carbonscaler_base,carbonscaler,ontario,35,0,82.0,35.69,47.035
carbonscaler_base,carbonscaler,ontario,36,0,91.0,36.09,35.24583333333333
carbonscaler_base,carbonscaler,ontario,37,0,96.0,35.58,18.120833333333334
carbonscaler_base,carbonscaler,ontario,38,0,98.0,35.86,26.633333333333336
carbonscaler_base,carbonscaler,ontario,39,0,100.0,40.39,30.180833333333336
carbonscaler_base,carbonscaler,ontario,40,0,103.0,50.44,42.2925
carbonscaler_base,carbonscaler,ontario,41,0,97.0,73.33,44.97
carbonscaler_base,carbonscaler,ontario,42,0,90.0,94.93,84.375
carbonscaler_base,carbonscaler,ontario,43,0,92.0,88.25,275.5933333333333
carbonscaler_base,carbonscaler,ontario,44,0,105.0,72.52,122.33749999999999
carbonscaler_base,carbonscaler,ontario,45,0,130.0,54.94,47.469166666666666
carbonscaler_base,carbonscaler,ontario,46,0,136.0,43.61,39.211666666666666
carbonscaler_base,carbonscaler,ontario,47,0,141.0,39.09,35.43083333333333
carbonscaler_base,carbonscaler,ontario,48,0,148.0,49.12,37.15083333333333
carbonscaler_base,carbonscaler,ontario,49,0,145.0,52.86,37.26083333333333
carbonscaler_base,carbonscaler,ontario,50,0,140.0,50.51,38.05416666666667
carbonscaler_base,carbonscaler,ontario,51,0,124.0,50.34,39.40333333333333
carbonscaler_base,carbonscaler,ontario,52,0,122.0,46.79,47.62833333333333
carbonscaler_base,carbonscaler,ontario,53,0,126.0,59.53,58.229166666666664
carbonscaler_base,carbonscaler,ontario,54,0,129.0,105.91,50.64666666666667
carbonscaler_base,carbonscaler,ontario,55,0,137.0,106.12,47.72416666666667
carbonscaler_base,carbonscaler,ontario,56,0,143.0,61.53,48.03333333333333
carbonscaler_base,carbonscaler,ontario,57,0,149.0,44.42,32.4175
carbonscaler_base,carbonscaler,ontario,58,0,154.0,36.14,30.493333333333336
carbonscaler_base,carbonscaler,ontario,59,0,154.0,35.47,30.366666666666664
carbonscaler_base,carbonscaler,ontario,60,0,150.0,35.46,36.156666666666666
carbonscaler_base,carbonscaler,ontario,61,0,147.0,27.61,37.915
carbonscaler_base,carbonscaler,ontario,62,0,125.0,27.64,47.52583333333333
carbonscaler_base,carbonscaler,ontario,63,0,112.0,35.58,49.13999999999999
carbonscaler_base,carbonscaler,ontario,64,0,112.0,40.06,55.703333333333326
carbonscaler_base,carbonscaler,ontario,65,0,118.0,54.54,59.62166666666667
carbonscaler_base,carbonscaler,ontario,66,0,121.0,78.35,56.038333333333334
carbonscaler_base,carbonscaler,ontario,67,0,125.0,63.47,70.19416666666667
carbonscaler_base,carbonscaler,ontario,68,0,127.0,50.36,41.55166666666667
carbonscaler_base,carbonscaler,ontario,69,0,135.0,37.17,37.35
carbonscaler_base,carbonscaler,ontario,70,0,140.0,36.52,33.28666666666667
carbonscaler_base,carbonscaler,ontario,71,0,141.0,36.17,34.604166666666664
carbonscaler_base,carbonscaler,ontario,72,0,140.0,44.59,37.5325
carbonscaler_base,carbonscaler,ontario,73,0,135.0,43.38,37.89083333333333
carbonscaler_base,carbonscaler,ontario,74,0,131.0,37.79,36.09
carbonscaler_base,carbonscaler,ontario,75,0,109.0,39.96,37.805
carbonscaler_base,carbonscaler,ontario,76,0,112.0,39.81,38.26416666666667
carbonscaler_base,carbonscaler,ontario,77,0,122.0,46.47,64.16166666666668
carbonscaler_base,carbonscaler,ontario,78,0,120.0,65.6,129.94
carbonscaler_base,carbonscaler,ontario,79,0,113.0,75.85,113.37166666666667
carbonscaler_base,carbonscaler,ontario,80,0,119.0,63.62,202.23
carbonscaler_base,carbonscaler,ontario,81,0,124.0,49.56,84.56916666666667
carbonscaler_base,carbonscaler,ontario,82,0,139.0,43.01,43.4725
carbonscaler_base,carbonscaler,ontario,83,0,144.0,41.35,36.63666666666666
carbonscaler_base,carbonscaler,ontario,84,0,145.0,41.77,36.18333333333333
carbonscaler_base,carbonscaler,ontario,85,0,144.0,38.31,41.73416666666667
carbonscaler_base,carbonscaler,ontario,86,0,145.0,37.44,47.08166666666667
carbonscaler_base,carbonscaler,ontario,87,0,138.0,38.3,38.05
carbonscaler_base,carbonscaler,ontario,88,0,133.0,48.02,38.589999999999996
carbonscaler_base,carbonscaler,ontario,89,0,124.0,60.28,38.622499999999995
carbonscaler_base,carbonscaler,ontario,90,0,130.0,77.26,43.689166666666665
carbonscaler_base,carbonscaler,ontario,91,0,132.0,71.28,42.440000000000005
carbonscaler_base,carbonscaler,ontario,92,0,131.0,58.28,40.15083333333333
carbonscaler_base,carbonscaler,ontario,93,0,130.0,43.69,43.84
carbonscaler_base,carbonscaler,ontario,94,0,134.0,41.22,37.800000000000004
carbonscaler_base,carbonscaler,ontario,95,0,135.0,39.86,35.3275
carbonscaler_base,carbonscaler,ontario,96,0,137.0,44.42,25.348333333333333
carbonscaler_base,carbonscaler,ontario,97,0,135.0,38.25,23.953333333333333
carbonscaler_base,carbonscaler,ontario,98,0,138.0,36.09,14.425833333333332
carbonscaler_base,carbonscaler,ontario,99,0,134.0,36.48,33.902499999999996
carbonscaler_base,carbonscaler,ontario,100,0,123.0,33.49,20.290833333333335
carbonscaler_base,carbonscaler,ontario,101,0,98.0,36.58,35.770833333333336
carbonscaler_base,carbonscaler,ontario,102,0,86.0,43.16,39.869166666666665
carbonscaler_base,carbonscaler,ontario,103,0,80.0,56.13,52.47416666666666
carbonscaler_base,carbonscaler,ontario,104,0,86.0,47.7,234.91166666666666
carbonscaler_base,carbonscaler,ontario,105,0,85.0,38.56,300.13166666666666
carbonscaler_base,carbonscaler,ontario,106,0,100.0,38.34,65.23166666666667
carbonscaler_base,carbonscaler,ontario,107,0,98.0,44.24,37.69166666666667
carbonscaler_base,carbonscaler,ontario,108,0,107.0,40.02,37.711666666666666
carbonscaler_base,carbonscaler,ontario,109,0,117.0,39.73,31.875
carbonscaler_base,carbonscaler,ontario,110,0,121.0,45.08,31.05
carbonscaler_base,carbonscaler,ontario,111,0,120.0,43.22,29.790833333333335
carbonscaler_base,carbonscaler,ontario,112,0,113.0,50.91,36.05416666666667
carbonscaler_base,carbonscaler,ontario,113,0,111.0,59.6,27.55
carbonscaler_base,carbonscaler,ontario,114,0,109.0,68.96,35.61
carbonscaler_base,carbonscaler,ontario,115,0,110.0,64.28,38.329166666666666
carbonscaler_base,carbonscaler,ontario,116,0,102.0,54.21,36.972500000000004
carbonscaler_base,carbonscaler,ontario,117,0,111.0,46.3,37.40333333333333
carbonscaler_base,carbonscaler,ontario,118,0,99.0,43.91,30.51
carbonscaler_base,carbonscaler,ontario,119,0,100.0,38.92,27.84
carbonscaler_base,carbonscaler,ontario,120,0,107.0,44.41,38.76
carbonscaler_base,carbonscaler,ontario,121,0,101.0,39.33,36.759166666666665
carbonscaler_base,carbonscaler,ontario,122,0,101.0,37.31,34.015
carbonscaler_base,carbonscaler,ontario,123,0,97.0,39.4,38.65083333333333
carbonscaler_base,carbonscaler,ontario,124,0,93.0,40.41,38.821666666666665
carbonscaler_base,carbonscaler,ontario,125,0,91.0,51.01,54.589999999999996
carbonscaler_base,carbonscaler,ontario,126,0,89.0,51.96,41.85
carbonscaler_base,carbonscaler,ontario,127,0,90.0,53.48,35.2025
carbonscaler_base,carbonscaler,ontario,128,0,96.0,49.83,48.94583333333333
carbonscaler_base,carbonscaler,ontario,129,0,98.0,40.82,48.16583333333333
carbonscaler_base,carbonscaler,ontario,130,0,111.0,38.54,36.41416666666667
carbonscaler_base,carbonscaler,ontario,131,0,106.0,36.65,38.08583333333333
carbonscaler_base,carbonscaler,ontario,132,0,97.0,35.44,32.35166666666667
carbonscaler_base,carbonscaler,ontario,133,0,109.0,35.23,26.764166666666668
carbonscaler_base,carbonscaler,ontario,134,0,112.0,32.72,28.69333333333333
carbonscaler_base,carbonscaler,ontario,135,0,107.0,37.23,34.07666666666667
carbonscaler_base,carbonscaler,ontario,136,0,102.0,41.69,43.39333333333334
carbonscaler_base,carbonscaler,ontario,137,0,97.0,49.09,36.2775
carbonscaler_base,carbonscaler,ontario,138,0,89.0,57.12,26.605833333333333
carbonscaler_base,carbonscaler,ontario,139,0,89.0,51.5,26.763333333333335
carbonscaler_base,carbonscaler,ontario,140,0,89.0,43.25,35.38666666666667
carbonscaler_base,carbonscaler,ontario,141,0,93.0,40.56,36.7025
carbonscaler_base,carbonscaler,ontario,142,0,86.0,39.39,37.56166666666667
carbonscaler_base,carbonscaler,ontario,143,0,78.0,36.15,37.413333333333334
carbonscaler_base,carbonscaler,ontario,144,0,74.0,34.73,34.03416666666667
carbonscaler_base,carbonscaler,ontario,145,0,75.0,35.29,28.84
carbonscaler_base,carbonscaler,ontario,146,0,81.0,34.14,25.500833333333333
carbonscaler_base,carbonscaler,ontario,147,0,88.0,34.63,17.543333333333333
carbonscaler_base,carbonscaler,ontario,148,0,85.0,34.86,32.51083333333333
carbonscaler_base,carbonscaler,ontario,149,0,75.0,36.64,32.517500000000005
carbonscaler_base,carbonscaler,ontario,150,0,62.0,37.94,37.737500000000004
carbonscaler_base,carbonscaler,ontario,151,0,61.0,45.46,45.17249999999999
carbonscaler_base,carbonscaler,ontario,152,0,63.0,45.88,32.65416666666667
carbonscaler_base,carbonscaler,ontario,153,0,68.0,49.25,32.468333333333334
carbonscaler_base,carbonscaler,ontario,154,0,70.0,49.13,59.362500000000004
carbonscaler_base,carbonscaler,ontario,155,0,74.0,41.47,47.10333333333333
carbonscaler_base,carbonscaler,ontario,156,0,84.0,38.62,33.2075
carbonscaler_base,carbonscaler,ontario,157,0,77.0,37.08,20.526666666666667
carbonscaler_base,carbonscaler,ontario,158,0,71.0,36.15,22.862499999999997
carbonscaler_base,carbonscaler,ontario,159,0,79.0,35.85,27.621666666666666
carbonscaler_base,carbonscaler,ontario,160,0,86.0,36.64,37.75083333333333
carbonscaler_base,carbonscaler,ontario,161,0,77.0,45.69,38.839999999999996
carbonscaler_base,carbonscaler,ontario,162,0,71.0,53.03,36.770833333333336
carbonscaler_base,carbonscaler,ontario,163,0,72.0,50.95,38.96
carbonscaler_base,carbonscaler,ontario,164,0,78.0,46.81,33.8875
carbonscaler_base,carbonscaler,ontario,165,0,86.0,39.8,31.951666666666668
carbonscaler_base,carbonscaler,ontario,166,0,93.0,38.09,30.215000000000003
carbonscaler_base,carbonscaler,ontario,167,0,93.0,38.22,23.973333333333333
price_only,price_only,ontario,0,2,50.0,14.46,37.281666666666666
price_only,price_only,ontario,1,2,49.0,14.91,33.41166666666667
price_only,price_only,ontario,2,2,45.0,14.65,31.3
price_only,price_only,ontario,3,2,44.0,14.93,34.589166666666664
price_only,price_only,ontario,4,2,38.0,19.54,38.32666666666667
price_only,price_only,ontario,5,2,39.0,26.39,31.050833333333333
price_only,price_only,ontario,6,2,39.0,28.77,29.55333333333333
price_only,price_only,ontario,7,0,39.0,43.28,33.685833333333335
price_only,price_only,ontario,8,0,44.0,39.76,29.5
price_only,price_only,ontario,9,0,49.0,35.49,40.14
price_only,price_only,ontario,10,0,52.0,32.62,48.08416666666667
price_only,price_only,ontario,11,0,52.0,35.96,50.5425
price_only,price_only,ontario,12,0,54.0,36.16,41.22666666666667
price_only,price_only,ontario,13,0,50.0,35.78,31.642500000000002
price_only,price_only,ontario,14,0,56.0,35.83,33.13916666666666
price_only,price_only,ontario,15,0,61.0,37.72,40.01583333333333
price_only,price_only,ontario,16,0,64.0,37.85,50.650000000000006
price_only,price_only,ontario,17,0,62.0,51.72,37.6775
price_only,price_only,ontario,18,0,54.0,55.55,37.67250000000001
price_only,price_only,ontario,19,0,55.0,53.78,37.278333333333336
price_only,price_only,ontario,20,0,59.0,41.04,41.968333333333334
price_only,price_only,ontario,21,0,74.0,32.67,26.171666666666667
price_only,price_only,ontario,22,0,72.0,35.35,25.061666666666667
price_only,price_only,ontario,23,2,71.0,26.53,23.230833333333333
price_only,price_only,ontario,24,1,70.0,29.7,14.858333333333334
price_only,price_only,ontario,25,2,69.0,25.77,17.010833333333334
price_only,price_only,ontario,26,2,62.0,27.41,17.040833333333335
price_only,price_only,ontario,27,0,60.0,30.78,17.525833333333335
price_only,price_only,ontario,28,1,50.0,28.77,16.649166666666666
price_only,price_only,ontario,29,0,49.0,35.98,12.450833333333334
price_only,price_only,ontario,30,0,50.0,50.81,29.266666666666666
price_only,price_only,ontario,31,0,51.0,59.4,35.785833333333336
price_only,price_only,ontario,32,0,56.0,51.35,46.8225
price_only,price_only,ontario,33,0,67.0,43.09,40.39
price_only,price_only,ontario,34,0,76.0,36.04,36.93
price_only,price_only,ontario,35,0,82.0,35.69,47.035
price_only,price_only,ontario,36,0,91.0,36.09,35.24583333333333
price_only,price_only,ontario,37,0,96.0,35.58,18.120833333333334
price_only,price_only,ontario,38,0,98.0,35.86,26.633333333333336
price_only,price_only,ontario,39,0,100.0,40.39,30.180833333333336
price_only,price_only,ontario,40,0,103.0,50.44,42.2925
price_only,price_only,ontario,41,0,97.0,73.33,44.97
price_only,price_only,ontario,42,0,90.0,94.93,84.375
price_only,price_only,ontario,43,0,92.0,88.25,275.5933333333333
price_only,price_only,ontario,44,0,105.0,72.52,122.33749999999999
price_only,price_only,ontario,45,0,130.0,54.94,47.469166666666666
price_only,price_only,ontario,46,0,136.0,43.61,39.211666666666666
price_only,price_only,ontario,47,0,141.0,39.09,35.43083333333333
price_only,price_only,ontario,48,0,148.0,49.12,37.15083333333333
price_only,price_only,ontario,49,0,145.0,52.86,37.26083333333333
price_only,price_only,ontario,50,0,140.0,50.51,38.05416666666667
price_only,price_only,ontario,51,0,124.0,50.34,39.40333333333333
price_only,price_only,ontario,52,0,122.0,46.79,47.62833333333333
price_only,price_only,ontario,53,0,126.0,59.53,58.229166666666664
price_only,price_only,ontario,54,0,129.0,105.91,50.64666666666667
price_only,price_only,ontario,55,0,137.0,106.12,47.72416666666667
price_only,price_only,ontario,56,0,143.0,61.53,48.03333333333333
price_only,price_only,ontario,57,0,149.0,44.42,32.4175
price_only,price_only,ontario,58,0,154.0,36.14,30.493333333333336
price_only,price_only,ontario,59,0,154.0,35.47,30.366666666666664
price_only,price_only,ontario,60,0,150.0,35.46,36.156666666666666
price_only,price_only,ontario,61,2,147.0,27.61,37.915
price_only,price_only,ontario,62,2,125.0,27.64,47.52583333333333
price_only,price_only,ontario,63,0,112.0,35.58,49.13999999999999
price_only,price_only,ontario,64,0,112.0,40.06,55.703333333333326
price_only,price_only,ontario,65,0,118.0,54.54,59.62166666666667
price_only,price_only,ontario,66,0,121.0,78.35,56.038333333333334
price_only,price_only,ontario,67,0,125.0,63.47,70.19416666666667
price_only,price_only,ontario,68,0,127.0,50.36,41.55166666666667
price_only,price_only,ontario,69,0,135.0,37.17,37.35
price_only,price_only,ontario,70,0,140.0,36.52,33.28666666666667
price_only,price_only,ontario,71,0,141.0,36.17,34.604166666666664
price_only,price_only,ontario,72,0,140.0,44.59,37.5325
price_only,price_only,ontario,73,0,135.0,43.38,37.89083333333333
price_only,price_only,ontario,74,0,131.0,37.79,36.09
price_only,price_only,ontario,75,0,109.0,39.96,37.805
price_only,price_only,ontario,76,0,112.0,39.81,38.26416666666667
price_only,price_only,ontario,77,0,122.0,46.47,64.16166666666668
price_only,price_only,ontario,78,0,120.0,65.6,129.94
price_only,price_only,ontario,79,0,113.0,75.85,113.37166666666667
price_only,price_only,ontario,80,0,119.0,63.62,202.23
price_only,price_only,ontario,81,0,124.0,49.56,84.56916666666667
price_only,price_only,ontario,82,0,139.0,43.01,43.4725
price_only,price_only,ontario,83,0,144.0,41.35,36.63666666666666
price_only,price_only,ontario,84,0,145.0,41.77,36.18333333333333
price_only,price_only,ontario,85,0,144.0,38.31,41.73416666666667
price_only,price_only,ontario,86,0,145.0,37.44,47.08166666666667
price_only,price_only,ontario,87,0,138.0,38.3,38.05
price_only,price_only,ontario,88,0,133.0,48.02,38.589999999999996
price_only,price_only,ontario,89,0,124.0,60.28,38.622499999999995
price_only,price_only,ontario,90,0,130.0,77.26,43.689166666666665
price_only,price_only,ontario,91,0,132.0,71.28,42.440000000000005
price_only,price_only,ontario,92,0,131.0,58.28,40.15083333333333
price_only,price_only,ontario,93,0,130.0,43.69,43.84
price_only,price_only,ontario,94,0,134.0,41.22,37.800000000000004
price_only,price_only,ontario,95,0,135.0,39.86,35.3275
price_only,price_only,ontario,96,0,137.0,44.42,25.348333333333333
price_only,price_only,ontario,97,0,135.0,38.25,23.953333333333333
price_only,price_only,ontario,98,0,138.0,36.09,14.425833333333332
price_only,price_only,ontario,99,0,134.0,36.48,33.902499999999996
price_only,price_only,ontario,100,0,123.0,33.49,20.290833333333335
price_only,price_only,ontario,101,0,98.0,36.58,35.770833333333336
price_only,price_only,ontario,102,0,86.0,43.16,39.869166666666665
price_only,price_only,ontario,103,0,80.0,56.13,52.47416666666666
price_only,price_only,ontario,104,0,86.0,47.7,234.91166666666666
price_only,price_only,ontario,105,0,85.0,38.56,300.13166666666666
price_only,price_only,ontario,106,0,100.0,38.34,65.23166666666667
price_only,price_only,ontario,107,0,98.0,44.24,37.69166666666667
price_only,price_only,ontario,108,0,107.0,40.02,37.711666666666666
price_only,price_only,ontario,109,0,117.0,39.73,31.875
price_only,price_only,ontario,110,0,121.0,45.08,31.05
price_only,price_only,ontario,111,0,120.0,43.22,29.790833333333335
price_only,price_only,ontario,112,0,113.0,50.91,36.05416666666667
price_only,price_only,ontario,113,0,111.0,59.6,27.55
price_only,price_only,ontario,114,0,109.0,68.96,35.61
price_only,price_only,ontario,115,0,110.0,64.28,38.329166666666666
price_only,price_only,ontario,116,0,102.0,54.21,36.972500000000004
price_only,price_only,ontario,117,0,111.0,46.3,37.40333333333333
price_only,price_only,ontario,118,0,99.0,43.91,30.51
price_only,price_only,ontario,119,0,100.0,38.92,27.84
price_only,price_only,ontario,120,0,107.0,44.41,38.76
price_only,price_only,ontario,121,0,101.0,39.33,36.759166666666665
price_only,price_only,ontario,122,0,101.0,37.31,34.015
price_only,price_only,ontario,123,0,97.0,39.4,38.65083333333333
price_only,price_only,ontario,124,0,93.0,40.41,38.821666666666665
price_only,price_only,ontario,125,0,91.0,51.01,54.589999999999996
price_only,price_only,ontario,126,0,89.0,51.96,41.85
price_only,price_only,ontario,127,0,90.0,53.48,35.2025
price_only,price_only,ontario,128,0,96.0,49.83,48.94583333333333
price_only,price_only,ontario,129,0,98.0,40.82,48.16583333333333
price_only,price_only,ontario,130,0,111.0,38.54,36.41416666666667
price_only,price_only,ontario,131,0,106.0,36.65,38.08583333333333
price_only,price_only,ontario,132,0,97.0,35.44,32.35166666666667
price_only,price_only,ontario,133,0,109.0,35.23,26.764166666666668
price_only,price_only,ontario,134,0,112.0,32.72,28.69333333333333
price_only,price_only,ontario,135,0,107.0,37.23,34.07666666666667
price_only,price_only,ontario,136,0,102.0,41.69,43.39333333333334
price_only,price_only,ontario,137,0,97.0,49.09,36.2775
price_only,price_only,ontario,138,0,89.0,57.12,26.605833333333333
price_only,price_only,ontario,139,0,89.0,51.5,26.763333333333335
price_only,price_only,ontario,140,0,89.0,43.25,35.38666666666667
price_only,price_only,ontario,141,0,93.0,40.56,36.7025
price_only,price_only,ontario,142,0,86.0,39.39,37.56166666666667
price_only,price_only,ontario,143,0,78.0,36.15,37.413333333333334
price_only,price_only,ontario,144,0,74.0,34.73,34.03416666666667
price_only,price_only,ontario,145,0,75.0,35.29,28.84
price_only,price_only,ontario,146,0,81.0,34.14,25.500833333333333
price_only,price_only,ontario,147,0,88.0,34.63,17.543333333333333
price_only,price_only,ontario,148,0,85.0,34.86,32.51083333333333
price_only,price_only,ontario,149,0,75.0,36.64,32.517500000000005
price_only,price_only,ontario,150,0,62.0,37.94,37.737500000000004
price_only,price_only,ontario,151,0,61.0,45.46,45.17249999999999
price_only,price_only,ontario,152,0,63.0,45.88,32.65416666666667
price_only,price_only,ontario,153,0,68.0,49.25,32.468333333333334
price_only,price_only,ontario,154,0,70.0,49.13,59.362500000000004
price_only,price_only,ontario,155,0,74.0,41.47,47.10333333333333
price_only,price_only,ontario,156,0,84.0,38.62,33.2075
price_only,price_only,ontario,157,0,77.0,37.08,20.526666666666667
price_only,price_only,ontario,158,0,71.0,36.15,22.862499999999997
price_only,price_only,ontario,159,0,79.0,35.85,27.621666666666666
price_only,price_only,ontario,160,0,86.0,36.64,37.75083333333333
price_only,price_only,ontario,161,0,77.0,45.69,38.839999999999996
price_only,price_only,ontario,162,0,71.0,53.03,36.770833333333336
price_only,price_only,ontario,163,0,72.0,50.95,38.96
price_only,price_only,ontario,164,0,78.0,46.81,33.8875
price_only,price_only,ontario,165,0,86.0,39.8,31.951666666666668
price_only,price_only,ontario,166,0,93.0,38.09,30.215000000000003
price_only,price_only,ontario,167,0,93.0,38.22,23.973333333333333
optionA_tie_0.01,carbonscaler_price_tiebreak,ontario,0,1,50.0,14.46,37.281666666666666
optionA_tie_0.01,carbonscaler_price_tiebreak,ontario,1,1,49.0,14.91,33.41166666666667
optionA_tie_0.01,carbonscaler_price_tiebreak,ontario,2,2,45.0,14.65,31.3
optionA_tie_0.01,carbonscaler_price_tiebreak,ontario,3,2,44.0,14.93,34.589166666666664
optionA_tie_0.01,carbonscaler_price_tiebreak,ontario,4,2,38.0,19.54,38.32666666666667
optionA_tie_0.01,carbonscaler_price_tiebreak,ontario,5,2,39.0,26.39,31.050833333333333
optionA_tie_0.01,carbonscaler_price_tiebreak,ontario,6,2,39.0,28.77,29.55333333333333
optionA_tie_0.01,carbonscaler_price_tiebreak,ontario,7,2,39.0,43.28,33.685833333333335
optionA_tie_0.01,carbonscaler_price_tiebreak,ontario,8,2,44.0,39.76,29.5
optionA_tie_0.01,carbonscaler_price_tiebreak,ontario,9,1,49.0,35.49,40.14
optionA_tie_0.01,carbonscaler_price_tiebreak,ontario,10,1,52.0,32.62,48.08416666666667
optionA_tie_0.01,carbonscaler_price_tiebreak,ontario,11,1,52.0,35.96,50.5425
optionA_tie_0.01,carbonscaler_price_tiebreak,ontario,12,1,54.0,36.16,41.22666666666667
optionA_tie_0.01,carbonscaler_price_tiebreak,ontario,13,1,50.0,35.78,31.642500000000002
optionA_tie_0.01,carbonscaler_price_tiebreak,ontario,14,0,56.0,35.83,33.13916666666666
optionA_tie_0.01,carbonscaler_price_tiebreak,ontario,15,0,61.0,37.72,40.01583333333333
optionA_tie_0.01,carbonscaler_price_tiebreak,ontario,16,0,64.0,37.85,50.650000000000006
optionA_tie_0.01,carbonscaler_price_tiebreak,ontario,17,0,62.0,51.72,37.6775
optionA_tie_0.01,carbonscaler_price_tiebreak,ontario,18,0,54.0,55.55,37.67250000000001
optionA_tie_0.01,carbonscaler_price_tiebreak,ontario,19,0,55.0,53.78,37.278333333333336
optionA_tie_0.01,carbonscaler_price_tiebreak,ontario,20,0,59.0,41.04,41.968333333333334
optionA_tie_0.01,carbonscaler_price_tiebreak,ontario,21,0,74.0,32.67,26.171666666666667
optionA_tie_0.01,carbonscaler_price_tiebreak,ontario,22,0,72.0,35.35,25.061666666666667
optionA_tie_0.01,carbonscaler_price_tiebreak,ontario,23,0,71.0,26.53,23.230833333333333
optionA_tie_0.01,carbonscaler_price_tiebreak,ontario,24,0,70.0,29.7,14.858333333333334
optionA_tie_0.01,carbonscaler_price_tiebreak,ontario,25,0,69.0,25.77,17.010833333333334
optionA_tie_0.01,carbonscaler_price_tiebreak,ontario,26,0,62.0,27.41,17.040833333333335
optionA_tie_0.01,carbonscaler_price_tiebreak,ontario,27,0,60.0,30.78,17.525833333333335
optionA_tie_0.01,carbonscaler_price_tiebreak,ontario,28,1,50.0,28.77,16.649166666666666
optionA_tie_0.01,carbonscaler_price_tiebreak,ontario,29,1,49.0,35.98,12.450833333333334
optionA_tie_0.01,carbonscaler_price_tiebreak,ontario,30,1,50.0,50.81,29.266666666666666
optionA_tie_0.01,carbonscaler_price_tiebreak,ontario,31,1,51.0,59.4,35.785833333333336
optionA_tie_0.01,carbonscaler_price_tiebreak,ontario,32,0,56.0,51.35,46.8225
optionA_tie_0.01,carbonscaler_price_tiebreak,ontario,33,0,67.0,43.09,40.39
optionA_tie_0.01,carbonscaler_price_tiebreak,ontario,34,0,76.0,36.04,36.93
optionA_tie_0.01,carbonscaler_price_tiebreak,ontario,35,0,82.0,35.69,47.035
optionA_tie_0.01,carbonscaler_price_tiebreak,ontario,36,0,91.0,36.09,35.24583333333333
optionA_tie_0.01,carbonscaler_price_tiebreak,ontario,37,0,96.0,35.58,18.120833333333334
optionA_tie_0.01,carbonscaler_price_tiebreak,ontario,38,0,98.0,35.86,26.633333333333336
optionA_tie_0.01,carbonscaler_price_tiebreak,ontario,39,0,100.0,40.39,30.180833333333336
optionA_tie_0.01,carbonscaler_price_tiebreak,ontario,40,0,103.0,50.44,42.2925
optionA_tie_0.01,carbonscaler_price_tiebreak,ontario,41,0,97.0,73.33,44.97
optionA_tie_0.01,carbonscaler_price_tiebreak,ontario,42,0,90.0,94.93,84.375
optionA_tie_0.01,carbonscaler_price_tiebreak,ontario,43,0,92.0,88.25,275.5933333333333
optionA_tie_0.01,carbonscaler_price_tiebreak,ontario,44,0,105.0,72.52,122.33749999999999
optionA_tie_0.01,carbonscaler_price_tiebreak,ontario,45,0,130.0,54.94,47.469166666666666
optionA_tie_0.01,carbonscaler_price_tiebreak,ontario,46,0,136.0,43.61,39.211666666666666
optionA_tie_0.01,carbonscaler_price_tiebreak,ontario,47,0,141.0,39.09,35.43083333333333
optionA_tie_0.01,carbonscaler_price_tiebreak,ontario,48,0,148.0,49.12,37.15083333333333
optionA_tie_0.01,carbonscaler_price_tiebreak,ontario,49,0,145.0,52.86,37.26083333333333
optionA_tie_0.01,carbonscaler_price_tiebreak,ontario,50,0,140.0,50.51,38.05416666666667
optionA_tie_0.01,carbonscaler_price_tiebreak,ontario,51,0,124.0,50.34,39.40333333333333
optionA_tie_0.01,carbonscaler_price_tiebreak,ontario,52,0,122.0,46.79,47.62833333333333
optionA_tie_0.01,carbonscaler_price_tiebreak,ontario,53,0,126.0,59.53,58.229166666666664
optionA_tie_0.01,carbonscaler_price_tiebreak,ontario,54,0,129.0,105.91,50.64666666666667
optionA_tie_0.01,carbonscaler_price_tiebreak,ontario,55,0,137.0,106.12,47.72416666666667
optionA_tie_0.01,carbonscaler_price_tiebreak,ontario,56,0,143.0,61.53,48.03333333333333
optionA_tie_0.01,carbonscaler_price_tiebreak,ontario,57,0,149.0,44.42,32.4175
optionA_tie_0.01,carbonscaler_price_tiebreak,ontario,58,0,154.0,36.14,30.493333333333336
optionA_tie_0.01,carbonscaler_price_tiebreak,ontario,59,0,154.0,35.47,30.366666666666664
optionA_tie_0.01,carbonscaler_price_tiebreak,ontario,60,0,150.0,35.46,36.156666666666666
optionA_tie_0.01,carbonscaler_price_tiebreak,ontario,61,0,147.0,27.61,37.915
optionA_tie_0.01,carbonscaler_price_tiebreak,ontario,62,0,125.0,27.64,47.52583333333333
optionA_tie_0.01,carbonscaler_price_tiebreak,ontario,63,0,112.0,35.58,49.13999999999999
optionA_tie_0.01,carbonscaler_price_tiebreak,ontario,64,0,112.0,40.06,55.703333333333326
optionA_tie_0.01,carbonscaler_price_tiebreak,ontario,65,0,118.0,54.54,59.62166666666667
optionA_tie_0.01,carbonscaler_price_tiebreak,ontario,66,0,121.0,78.35,56.038333333333334
optionA_tie_0.01,carbonscaler_price_tiebreak,ontario,67,0,125.0,63.47,70.19416666666667
optionA_tie_0.01,carbonscaler_price_tiebreak,ontario,68,0,127.0,50.36,41.55166666666667
optionA_tie_0.01,carbonscaler_price_tiebreak,ontario,69,0,135.0,37.17,37.35
optionA_tie_0.01,carbonscaler_price_tiebreak,ontario,70,0,140.0,36.52,33.28666666666667
optionA_tie_0.01,carbonscaler_price_tiebreak,ontario,71,0,141.0,36.17,34.604166666666664
optionA_tie_0.01,carbonscaler_price_tiebreak,ontario,72,0,140.0,44.59,37.5325
optionA_tie_0.01,carbonscaler_price_tiebreak,ontario,73,0,135.0,43.38,37.89083333333333
optionA_tie_0.01,carbonscaler_price_tiebreak,ontario,74,0,131.0,37.79,36.09
optionA_tie_0.01,carbonscaler_price_tiebreak,ontario,75,0,109.0,39.96,37.805
optionA_tie_0.01,carbonscaler_price_tiebreak,ontario,76,0,112.0,39.81,38.26416666666667
optionA_tie_0.01,carbonscaler_price_tiebreak,ontario,77,0,122.0,46.47,64.16166666666668
optionA_tie_0.01,carbonscaler_price_tiebreak,ontario,78,0,120.0,65.6,129.94
optionA_tie_0.01,carbonscaler_price_tiebreak,ontario,79,0,113.0,75.85,113.37166666666667
optionA_tie_0.01,carbonscaler_price_tiebreak,ontario,80,0,119.0,63.62,202.23
optionA_tie_0.01,carbonscaler_price_tiebreak,ontario,81,0,124.0,49.56,84.56916666666667
optionA_tie_0.01,carbonscaler_price_tiebreak,ontario,82,0,139.0,43.01,43.4725
optionA_tie_0.01,carbonscaler_price_tiebreak,ontario,83,0,144.0,41.35,36.63666666666666
optionA_tie_0.01,carbonscaler_price_tiebreak,ontario,84,0,145.0,41.77,36.18333333333333
optionA_tie_0.01,carbonscaler_price_tiebreak,ontario,85,0,144.0,38.31,41.73416666666667
optionA_tie_0.01,carbonscaler_price_tiebreak,ontario,86,0,145.0,37.44,47.08166666666667
optionA_tie_0.01,carbonscaler_price_tiebreak,ontario,87,0,138.0,38.3,38.05
optionA_tie_0.01,carbonscaler_price_tiebreak,ontario,88,0,133.0,48.02,38.589999999999996
optionA_tie_0.01,carbonscaler_price_tiebreak,ontario,89,0,124.0,60.28,38.622499999999995
optionA_tie_0.01,carbonscaler_price_tiebreak,ontario,90,0,130.0,77.26,43.689166666666665
optionA_tie_0.01,carbonscaler_price_tiebreak,ontario,91,0,132.0,71.28,42.440000000000005
optionA_tie_0.01,carbonscaler_price_tiebreak,ontario,92,0,131.0,58.28,40.15083333333333
optionA_tie_0.01,carbonscaler_price_tiebreak,ontario,93,0,130.0,43.69,43.84
optionA_tie_0.01,carbonscaler_price_tiebreak,ontario,94,0,134.0,41.22,37.800000000000004
optionA_tie_0.01,carbonscaler_price_tiebreak,ontario,95,0,135.0,39.86,35.3275
optionA_tie_0.01,carbonscaler_price_tiebreak,ontario,96,0,137.0,44.42,25.348333333333333
optionA_tie_0.01,carbonscaler_price_tiebreak,ontario,97,0,135.0,38.25,23.953333333333333
optionA_tie_0.01,carbonscaler_price_tiebreak,ontario,98,0,138.0,36.09,14.425833333333332
optionA_tie_0.01,carbonscaler_price_tiebreak,ontario,99,0,134.0,36.48,33.902499999999996
optionA_tie_0.01,carbonscaler_price_tiebreak,ontario,100,0,123.0,33.49,20.290833333333335
optionA_tie_0.01,carbonscaler_price_tiebreak,ontario,101,0,98.0,36.58,35.770833333333336
optionA_tie_0.01,carbonscaler_price_tiebreak,ontario,102,0,86.0,43.16,39.869166666666665
optionA_tie_0.01,carbonscaler_price_tiebreak,ontario,103,0,80.0,56.13,52.47416666666666
optionA_tie_0.01,carbonscaler_price_tiebreak,ontario,104,0,86.0,47.7,234.91166666666666
optionA_tie_0.01,carbonscaler_price_tiebreak,ontario,105,0,85.0,38.56,300.13166666666666
optionA_tie_0.01,carbonscaler_price_tiebreak,ontario,106,0,100.0,38.34,65.23166666666667
optionA_tie_0.01,carbonscaler_price_tiebreak,ontario,107,0,98.0,44.24,37.69166666666667
optionA_tie_0.01,carbonscaler_price_tiebreak,ontario,108,0,107.0,40.02,37.711666666666666
optionA_tie_0.01,carbonscaler_price_tiebreak,ontario,109,0,117.0,39.73,31.875
optionA_tie_0.01,carbonscaler_price_tiebreak,ontario,110,0,121.0,45.08,31.05
optionA_tie_0.01,carbonscaler_price_tiebreak,ontario,111,0,120.0,43.22,29.790833333333335
optionA_tie_0.01,carbonscaler_price_tiebreak,ontario,112,0,113.0,50.91,36.05416666666667
optionA_tie_0.01,carbonscaler_price_tiebreak,ontario,113,0,111.0,59.6,27.55
optionA_tie_0.01,carbonscaler_price_tiebreak,ontario,114,0,109.0,68.96,35.61
optionA_tie_0.01,carbonscaler_price_tiebreak,ontario,115,0,110.0,64.28,38.329166666666666
optionA_tie_0.01,carbonscaler_price_tiebreak,ontario,116,0,102.0,54.21,36.972500000000004
optionA_tie_0.01,carbonscaler_price_tiebreak,ontario,117,0,111.0,46.3,37.40333333333333
optionA_tie_0.01,carbonscaler_price_tiebreak,ontario,118,0,99.0,43.91,30.51
optionA_tie_0.01,carbonscaler_price_tiebreak,ontario,119,0,100.0,38.92,27.84
optionA_tie_0.01,carbonscaler_price_tiebreak,ontario,120,0,107.0,44.41,38.76
optionA_tie_0.01,carbonscaler_price_tiebreak,ontario,121,0,101.0,39.33,36.759166666666665
optionA_tie_0.01,carbonscaler_price_tiebreak,ontario,122,0,101.0,37.31,34.015
optionA_tie_0.01,carbonscaler_price_tiebreak,ontario,123,0,97.0,39.4,38.65083333333333
optionA_tie_0.01,carbonscaler_price_tiebreak,ontario,124,0,93.0,40.41,38.821666666666665
optionA_tie_0.01,carbonscaler_price_tiebreak,ontario,125,0,91.0,51.01,54.589999999999996
optionA_tie_0.01,carbonscaler_price_tiebreak,ontario,126,0,89.0,51.96,41.85
optionA_tie_0.01,carbonscaler_price_tiebreak,ontario,127,0,90.0,53.48,35.2025
optionA_tie_0.01,carbonscaler_price_tiebreak,ontario,128,0,96.0,49.83,48.94583333333333
optionA_tie_0.01,carbonscaler_price_tiebreak,ontario,129,0,98.0,40.82,48.16583333333333
optionA_tie_0.01,carbonscaler_price_tiebreak,ontario,130,0,111.0,38.54,36.41416666666667
optionA_tie_0.01,carbonscaler_price_tiebreak,ontario,131,0,106.0,36.65,38.08583333333333
optionA_tie_0.01,carbonscaler_price_tiebreak,ontario,132,0,97.0,35.44,32.35166666666667
optionA_tie_0.01,carbonscaler_price_tiebreak,ontario,133,0,109.0,35.23,26.764166666666668
optionA_tie_0.01,carbonscaler_price_tiebreak,ontario,134,0,112.0,32.72,28.69333333333333
optionA_tie_0.01,carbonscaler_price_tiebreak,ontario,135,0,107.0,37.23,34.07666666666667
optionA_tie_0.01,carbonscaler_price_tiebreak,ontario,136,0,102.0,41.69,43.39333333333334
optionA_tie_0.01,carbonscaler_price_tiebreak,ontario,137,0,97.0,49.09,36.2775
optionA_tie_0.01,carbonscaler_price_tiebreak,ontario,138,0,89.0,57.12,26.605833333333333
optionA_tie_0.01,carbonscaler_price_tiebreak,ontario,139,0,89.0,51.5,26.763333333333335
optionA_tie_0.01,carbonscaler_price_tiebreak,ontario,140,0,89.0,43.25,35.38666666666667
optionA_tie_0.01,carbonscaler_price_tiebreak,ontario,141,0,93.0,40.56,36.7025
optionA_tie_0.01,carbonscaler_price_tiebreak,ontario,142,0,86.0,39.39,37.56166666666667
optionA_tie_0.01,carbonscaler_price_tiebreak,ontario,143,0,78.0,36.15,37.413333333333334
optionA_tie_0.01,carbonscaler_price_tiebreak,ontario,144,0,74.0,34.73,34.03416666666667
optionA_tie_0.01,carbonscaler_price_tiebreak,ontario,145,0,75.0,35.29,28.84
optionA_tie_0.01,carbonscaler_price_tiebreak,ontario,146,0,81.0,34.14,25.500833333333333
optionA_tie_0.01,carbonscaler_price_tiebreak,ontario,147,0,88.0,34.63,17.543333333333333
optionA_tie_0.01,carbonscaler_price_tiebreak,ontario,148,0,85.0,34.86,32.51083333333333
optionA_tie_0.01,carbonscaler_price_tiebreak,ontario,149,0,75.0,36.64,32.517500000000005
optionA_tie_0.01,carbonscaler_price_tiebreak,ontario,150,0,62.0,37.94,37.737500000000004
optionA_tie_0.01,carbonscaler_price_tiebreak,ontario,151,0,61.0,45.46,45.17249999999999
optionA_tie_0.01,carbonscaler_price_tiebreak,ontario,152,0,63.0,45.88,32.65416666666667
optionA_tie_0.01,carbonscaler_price_tiebreak,ontario,153,0,68.0,49.25,32.468333333333334
optionA_tie_0.01,carbonscaler_price_tiebreak,ontario,154,0,70.0,49.13,59.362500000000004
optionA_tie_0.01,carbonscaler_price_tiebreak,ontario,155,0,74.0,41.47,47.10333333333333
optionA_tie_0.01,carbonscaler_price_tiebreak,ontario,156,0,84.0,38.62,33.2075
optionA_tie_0.01,carbonscaler_price_tiebreak,ontario,157,0,77.0,37.08,20.526666666666667
optionA_tie_0.01,carbonscaler_price_tiebreak,ontario,158,0,71.0,36.15,22.862499999999997
optionA_tie_0.01,carbonscaler_price_tiebreak,ontario,159,0,79.0,35.85,27.621666666666666
optionA_tie_0.01,carbonscaler_price_tiebreak,ontario,160,0,86.0,36.64,37.75083333333333
optionA_tie_0.01,carbonscaler_price_tiebreak,ontario,161,0,77.0,45.69,38.839999999999996
optionA_tie_0.01,carbonscaler_price_tiebreak,ontario,162,0,71.0,53.03,36.770833333333336
optionA_tie_0.01,carbonscaler_price_tiebreak,ontario,163,0,72.0,50.95,38.96
optionA_tie_0.01,carbonscaler_price_tiebreak,ontario,164,0,78.0,46.81,33.8875
optionA_tie_0.01,carbonscaler_price_tiebreak,ontario,165,0,86.0,39.8,31.951666666666668
optionA_tie_0.01,carbonscaler_price_tiebreak,ontario,166,0,93.0,38.09,30.215000000000003
optionA_tie_0.01,carbonscaler_price_tiebreak,ontario,167,0,93.0,38.22,23.973333333333333
optionA_tie_0.03,carbonscaler_price_tiebreak,ontario,0,1,50.0,14.46,37.281666666666666
optionA_tie_0.03,carbonscaler_price_tiebreak,ontario,1,2,49.0,14.91,33.41166666666667
optionA_tie_0.03,carbonscaler_price_tiebreak,ontario,2,2,45.0,14.65,31.3
optionA_tie_0.03,carbonscaler_price_tiebreak,ontario,3,2,44.0,14.93,34.589166666666664
optionA_tie_0.03,carbonscaler_price_tiebreak,ontario,4,2,38.0,19.54,38.32666666666667
optionA_tie_0.03,carbonscaler_price_tiebreak,ontario,5,2,39.0,26.39,31.050833333333333
optionA_tie_0.03,carbonscaler_price_tiebreak,ontario,6,2,39.0,28.77,29.55333333333333
optionA_tie_0.03,carbonscaler_price_tiebreak,ontario,7,2,39.0,43.28,33.685833333333335
optionA_tie_0.03,carbonscaler_price_tiebreak,ontario,8,2,44.0,39.76,29.5
optionA_tie_0.03,carbonscaler_price_tiebreak,ontario,9,2,49.0,35.49,40.14
optionA_tie_0.03,carbonscaler_price_tiebreak,ontario,10,1,52.0,32.62,48.08416666666667
optionA_tie_0.03,carbonscaler_price_tiebreak,ontario,11,1,52.0,35.96,50.5425
optionA_tie_0.03,carbonscaler_price_tiebreak,ontario,12,0,54.0,36.16,41.22666666666667
optionA_tie_0.03,carbonscaler_price_tiebreak,ontario,13,1,50.0,35.78,31.642500000000002
optionA_tie_0.03,carbonscaler_price_tiebreak,ontario,14,0,56.0,35.83,33.13916666666666
optionA_tie_0.03,carbonscaler_price_tiebreak,ontario,15,0,61.0,37.72,40.01583333333333
optionA_tie_0.03,carbonscaler_price_tiebreak,ontario,16,0,64.0,37.85,50.650000000000006
optionA_tie_0.03,carbonscaler_price_tiebreak,ontario,17,0,62.0,51.72,37.6775
optionA_tie_0.03,carbonscaler_price_tiebreak,ontario,18,0,54.0,55.55,37.67250000000001
optionA_tie_0.03,carbonscaler_price_tiebreak,ontario,19,0,55.0,53.78,37.278333333333336
optionA_tie_0.03,carbonscaler_price_tiebreak,ontario,20,0,59.0,41.04,41.968333333333334
optionA_tie_0.03,carbonscaler_price_tiebreak,ontario,21,0,74.0,32.67,26.171666666666667
optionA_tie_0.03,carbonscaler_price_tiebreak,ontario,22,0,72.0,35.35,25.061666666666667
optionA_tie_0.03,carbonscaler_price_tiebreak,ontario,23,0,71.0,26.53,23.230833333333333
optionA_tie_0.03,carbonscaler_price_tiebreak,ontario,24,0,70.0,29.7,14.858333333333334
optionA_tie_0.03,carbonscaler_price_tiebreak,ontario,25,0,69.0,25.77,17.010833333333334
optionA_tie_0.03,carbonscaler_price_tiebreak,ontario,26,0,62.0,27.41,17.040833333333335
optionA_tie_0.03,carbonscaler_price_tiebreak,ontario,27,0,60.0,30.78,17.525833333333335
optionA_tie_0.03,carbonscaler_price_tiebreak,ontario,28,1,50.0,28.77,16.649166666666666
optionA_tie_0.03,carbonscaler_price_tiebreak,ontario,29,1,49.0,35.98,12.450833333333334
optionA_tie_0.03,carbonscaler_price_tiebreak,ontario,30,1,50.0,50.81,29.266666666666666
optionA_tie_0.03,carbonscaler_price_tiebreak,ontario,31,1,51.0,59.4,35.785833333333336
optionA_tie_0.03,carbonscaler_price_tiebreak,ontario,32,0,56.0,51.35,46.8225
optionA_tie_0.03,carbonscaler_price_tiebreak,ontario,33,0,67.0,43.09,40.39
optionA_tie_0.03,carbonscaler_price_tiebreak,ontario,34,0,76.0,36.04,36.93
optionA_tie_0.03,carbonscaler_price_tiebreak,ontario,35,0,82.0,35.69,47.035
optionA_tie_0.03,carbonscaler_price_tiebreak,ontario,36,0,91.0,36.09,35.24583333333333
optionA_tie_0.03,carbonscaler_price_tiebreak,ontario,37,0,96.0,35.58,18.120833333333334
optionA_tie_0.03,carbonscaler_price_tiebreak,ontario,38,0,98.0,35.86,26.633333333333336
optionA_tie_0.03,carbonscaler_price_tiebreak,ontario,39,0,100.0,40.39,30.180833333333336
optionA_tie_0.03,carbonscaler_price_tiebreak,ontario,40,0,103.0,50.44,42.2925
optionA_tie_0.03,carbonscaler_price_tiebreak,ontario,41,0,97.0,73.33,44.97
optionA_tie_0.03,carbonscaler_price_tiebreak,ontario,42,0,90.0,94.93,84.375
optionA_tie_0.03,carbonscaler_price_tiebreak,ontario,43,0,92.0,88.25,275.5933333333333
optionA_tie_0.03,carbonscaler_price_tiebreak,ontario,44,0,105.0,72.52,122.33749999999999
optionA_tie_0.03,carbonscaler_price_tiebreak,ontario,45,0,130.0,54.94,47.469166666666666
optionA_tie_0.03,carbonscaler_price_tiebreak,ontario,46,0,136.0,43.61,39.211666666666666
optionA_tie_0.03,carbonscaler_price_tiebreak,ontario,47,0,141.0,39.09,35.43083333333333
optionA_tie_0.03,carbonscaler_price_tiebreak,ontario,48,0,148.0,49.12,37.15083333333333
optionA_tie_0.03,carbonscaler_price_tiebreak,ontario,49,0,145.0,52.86,37.26083333333333
optionA_tie_0.03,carbonscaler_price_tiebreak,ontario,50,0,140.0,50.51,38.05416666666667
optionA_tie_0.03,carbonscaler_price_tiebreak,ontario,51,0,124.0,50.34,39.40333333333333
optionA_tie_0.03,carbonscaler_price_tiebreak,ontario,52,0,122.0,46.79,47.62833333333333
optionA_tie_0.03,carbonscaler_price_tiebreak,ontario,53,0,126.0,59.53,58.229166666666664
optionA_tie_0.03,carbonscaler_price_tiebreak,ontario,54,0,129.0,105.91,50.64666666666667
optionA_tie_0.03,carbonscaler_price_tiebreak,ontario,55,0,137.0,106.12,47.72416666666667
optionA_tie_0.03,carbonscaler_price_tiebreak,ontario,56,0,143.0,61.53,48.03333333333333
optionA_tie_0.03,carbonscaler_price_tiebreak,ontario,57,0,149.0,44.42,32.4175
optionA_tie_0.03,carbonscaler_price_tiebreak,ontario,58,0,154.0,36.14,30.493333333333336
optionA_tie_0.03,carbonscaler_price_tiebreak,ontario,59,0,154.0,35.47,30.366666666666664
optionA_tie_0.03,carbonscaler_price_tiebreak,ontario,60,0,150.0,35.46,36.156666666666666
optionA_tie_0.03,carbonscaler_price_tiebreak,ontario,61,0,147.0,27.61,37.915
optionA_tie_0.03,carbonscaler_price_tiebreak,ontario,62,0,125.0,27.64,47.52583333333333
optionA_tie_0.03,carbonscaler_price_tiebreak,ontario,63,0,112.0,35.58,49.13999999999999
optionA_tie_0.03,carbonscaler_price_tiebreak,ontario,64,0,112.0,40.06,55.703333333333326
optionA_tie_0.03,carbonscaler_price_tiebreak,ontario,65,0,118.0,54.54,59.62166666666667
optionA_tie_0.03,carbonscaler_price_tiebreak,ontario,66,0,121.0,78.35,56.038333333333334
optionA_tie_0.03,carbonscaler_price_tiebreak,ontario,67,0,125.0,63.47,70.19416666666667
optionA_tie_0.03,carbonscaler_price_tiebreak,ontario,68,0,127.0,50.36,41.55166666666667
optionA_tie_0.03,carbonscaler_price_tiebreak,ontario,69,0,135.0,37.17,37.35
optionA_tie_0.03,carbonscaler_price_tiebreak,ontario,70,0,140.0,36.52,33.28666666666667
optionA_tie_0.03,carbonscaler_price_tiebreak,ontario,71,0,141.0,36.17,34.604166666666664
optionA_tie_0.03,carbonscaler_price_tiebreak,ontario,72,0,140.0,44.59,37.5325
optionA_tie_0.03,carbonscaler_price_tiebreak,ontario,73,0,135.0,43.38,37.89083333333333
optionA_tie_0.03,carbonscaler_price_tiebreak,ontario,74,0,131.0,37.79,36.09
optionA_tie_0.03,carbonscaler_price_tiebreak,ontario,75,0,109.0,39.96,37.805
optionA_tie_0.03,carbonscaler_price_tiebreak,ontario,76,0,112.0,39.81,38.26416666666667
optionA_tie_0.03,carbonscaler_price_tiebreak,ontario,77,0,122.0,46.47,64.16166666666668
optionA_tie_0.03,carbonscaler_price_tiebreak,ontario,78,0,120.0,65.6,129.94
optionA_tie_0.03,carbonscaler_price_tiebreak,ontario,79,0,113.0,75.85,113.37166666666667
optionA_tie_0.03,carbonscaler_price_tiebreak,ontario,80,0,119.0,63.62,202.23
optionA_tie_0.03,carbonscaler_price_tiebreak,ontario,81,0,124.0,49.56,84.56916666666667
optionA_tie_0.03,carbonscaler_price_tiebreak,ontario,82,0,139.0,43.01,43.4725
optionA_tie_0.03,carbonscaler_price_tiebreak,ontario,83,0,144.0,41.35,36.63666666666666
optionA_tie_0.03,carbonscaler_price_tiebreak,ontario,84,0,145.0,41.77,36.18333333333333
optionA_tie_0.03,carbonscaler_price_tiebreak,ontario,85,0,144.0,38.31,41.73416666666667
optionA_tie_0.03,carbonscaler_price_tiebreak,ontario,86,0,145.0,37.44,47.08166666666667
optionA_tie_0.03,carbonscaler_price_tiebreak,ontario,87,0,138.0,38.3,38.05
optionA_tie_0.03,carbonscaler_price_tiebreak,ontario,88,0,133.0,48.02,38.589999999999996
optionA_tie_0.03,carbonscaler_price_tiebreak,ontario,89,0,124.0,60.28,38.622499999999995
optionA_tie_0.03,carbonscaler_price_tiebreak,ontario,90,0,130.0,77.26,43.689166666666665
optionA_tie_0.03,carbonscaler_price_tiebreak,ontario,91,0,132.0,71.28,42.440000000000005
optionA_tie_0.03,carbonscaler_price_tiebreak,ontario,92,0,131.0,58.28,40.15083333333333
optionA_tie_0.03,carbonscaler_price_tiebreak,ontario,93,0,130.0,43.69,43.84
optionA_tie_0.03,carbonscaler_price_tiebreak,ontario,94,0,134.0,41.22,37.800000000000004
optionA_tie_0.03,carbonscaler_price_tiebreak,ontario,95,0,135.0,39.86,35.3275
optionA_tie_0.03,carbonscaler_price_tiebreak,ontario,96,0,137.0,44.42,25.348333333333333
optionA_tie_0.03,carbonscaler_price_tiebreak,ontario,97,0,135.0,38.25,23.953333333333333
optionA_tie_0.03,carbonscaler_price_tiebreak,ontario,98,0,138.0,36.09,14.425833333333332
optionA_tie_0.03,carbonscaler_price_tiebreak,ontario,99,0,134.0,36.48,33.902499999999996
optionA_tie_0.03,carbonscaler_price_tiebreak,ontario,100,0,123.0,33.49,20.290833333333335
optionA_tie_0.03,carbonscaler_price_tiebreak,ontario,101,0,98.0,36.58,35.770833333333336
optionA_tie_0.03,carbonscaler_price_tiebreak,ontario,102,0,86.0,43.16,39.869166666666665
optionA_tie_0.03,carbonscaler_price_tiebreak,ontario,103,0,80.0,56.13,52.47416666666666
optionA_tie_0.03,carbonscaler_price_tiebreak,ontario,104,0,86.0,47.7,234.91166666666666
optionA_tie_0.03,carbonscaler_price_tiebreak,ontario,105,0,85.0,38.56,300.13166666666666
optionA_tie_0.03,carbonscaler_price_tiebreak,ontario,106,0,100.0,38.34,65.23166666666667
optionA_tie_0.03,carbonscaler_price_tiebreak,ontario,107,0,98.0,44.24,37.69166666666667
optionA_tie_0.03,carbonscaler_price_tiebreak,ontario,108,0,107.0,40.02,37.711666666666666
optionA_tie_0.03,carbonscaler_price_tiebreak,ontario,109,0,117.0,39.73,31.875
optionA_tie_0.03,carbonscaler_price_tiebreak,ontario,110,0,121.0,45.08,31.05
optionA_tie_0.03,carbonscaler_price_tiebreak,ontario,111,0,120.0,43.22,29.790833333333335
optionA_tie_0.03,carbonscaler_price_tiebreak,ontario,112,0,113.0,50.91,36.05416666666667
optionA_tie_0.03,carbonscaler_price_tiebreak,ontario,113,0,111.0,59.6,27.55
optionA_tie_0.03,carbonscaler_price_tiebreak,ontario,114,0,109.0,68.96,35.61
optionA_tie_0.03,carbonscaler_price_tiebreak,ontario,115,0,110.0,64.28,38.329166666666666
optionA_tie_0.03,carbonscaler_price_tiebreak,ontario,116,0,102.0,54.21,36.972500000000004
optionA_tie_0.03,carbonscaler_price_tiebreak,ontario,117,0,111.0,46.3,37.40333333333333
optionA_tie_0.03,carbonscaler_price_tiebreak,ontario,118,0,99.0,43.91,30.51
optionA_tie_0.03,carbonscaler_price_tiebreak,ontario,119,0,100.0,38.92,27.84
optionA_tie_0.03,carbonscaler_price_tiebreak,ontario,120,0,107.0,44.41,38.76
optionA_tie_0.03,carbonscaler_price_tiebreak,ontario,121,0,101.0,39.33,36.759166666666665
optionA_tie_0.03,carbonscaler_price_tiebreak,ontario,122,0,101.0,37.31,34.015
optionA_tie_0.03,carbonscaler_price_tiebreak,ontario,123,0,97.0,39.4,38.65083333333333
optionA_tie_0.03,carbonscaler_price_tiebreak,ontario,124,0,93.0,40.41,38.821666666666665
optionA_tie_0.03,carbonscaler_price_tiebreak,ontario,125,0,91.0,51.01,54.589999999999996
optionA_tie_0.03,carbonscaler_price_tiebreak,ontario,126,0,89.0,51.96,41.85
optionA_tie_0.03,carbonscaler_price_tiebreak,ontario,127,0,90.0,53.48,35.2025
optionA_tie_0.03,carbonscaler_price_tiebreak,ontario,128,0,96.0,49.83,48.94583333333333
optionA_tie_0.03,carbonscaler_price_tiebreak,ontario,129,0,98.0,40.82,48.16583333333333
optionA_tie_0.03,carbonscaler_price_tiebreak,ontario,130,0,111.0,38.54,36.41416666666667
optionA_tie_0.03,carbonscaler_price_tiebreak,ontario,131,0,106.0,36.65,38.08583333333333
optionA_tie_0.03,carbonscaler_price_tiebreak,ontario,132,0,97.0,35.44,32.35166666666667
optionA_tie_0.03,carbonscaler_price_tiebreak,ontario,133,0,109.0,35.23,26.764166666666668
optionA_tie_0.03,carbonscaler_price_tiebreak,ontario,134,0,112.0,32.72,28.69333333333333
optionA_tie_0.03,carbonscaler_price_tiebreak,ontario,135,0,107.0,37.23,34.07666666666667
optionA_tie_0.03,carbonscaler_price_tiebreak,ontario,136,0,102.0,41.69,43.39333333333334
optionA_tie_0.03,carbonscaler_price_tiebreak,ontario,137,0,97.0,49.09,36.2775
optionA_tie_0.03,carbonscaler_price_tiebreak,ontario,138,0,89.0,57.12,26.605833333333333
optionA_tie_0.03,carbonscaler_price_tiebreak,ontario,139,0,89.0,51.5,26.763333333333335
optionA_tie_0.03,carbonscaler_price_tiebreak,ontario,140,0,89.0,43.25,35.38666666666667
optionA_tie_0.03,carbonscaler_price_tiebreak,ontario,141,0,93.0,40.56,36.7025
optionA_tie_0.03,carbonscaler_price_tiebreak,ontario,142,0,86.0,39.39,37.56166666666667
optionA_tie_0.03,carbonscaler_price_tiebreak,ontario,143,0,78.0,36.15,37.413333333333334
optionA_tie_0.03,carbonscaler_price_tiebreak,ontario,144,0,74.0,34.73,34.03416666666667
optionA_tie_0.03,carbonscaler_price_tiebreak,ontario,145,0,75.0,35.29,28.84
optionA_tie_0.03,carbonscaler_price_tiebreak,ontario,146,0,81.0,34.14,25.500833333333333
optionA_tie_0.03,carbonscaler_price_tiebreak,ontario,147,0,88.0,34.63,17.543333333333333
optionA_tie_0.03,carbonscaler_price_tiebreak,ontario,148,0,85.0,34.86,32.51083333333333
optionA_tie_0.03,carbonscaler_price_tiebreak,ontario,149,0,75.0,36.64,32.517500000000005
optionA_tie_0.03,carbonscaler_price_tiebreak,ontario,150,0,62.0,37.94,37.737500000000004
optionA_tie_0.03,carbonscaler_price_tiebreak,ontario,151,0,61.0,45.46,45.17249999999999
optionA_tie_0.03,carbonscaler_price_tiebreak,ontario,152,0,63.0,45.88,32.65416666666667
optionA_tie_0.03,carbonscaler_price_tiebreak,ontario,153,0,68.0,49.25,32.468333333333334
optionA_tie_0.03,carbonscaler_price_tiebreak,ontario,154,0,70.0,49.13,59.362500000000004
optionA_tie_0.03,carbonscaler_price_tiebreak,ontario,155,0,74.0,41.47,47.10333333333333
optionA_tie_0.03,carbonscaler_price_tiebreak,ontario,156,0,84.0,38.62,33.2075
optionA_tie_0.03,carbonscaler_price_tiebreak,ontario,157,0,77.0,37.08,20.526666666666667
optionA_tie_0.03,carbonscaler_price_tiebreak,ontario,158,0,71.0,36.15,22.862499999999997
optionA_tie_0.03,carbonscaler_price_tiebreak,ontario,159,0,79.0,35.85,27.621666666666666
optionA_tie_0.03,carbonscaler_price_tiebreak,ontario,160,0,86.0,36.64,37.75083333333333
optionA_tie_0.03,carbonscaler_price_tiebreak,ontario,161,0,77.0,45.69,38.839999999999996
optionA_tie_0.03,carbonscaler_price_tiebreak,ontario,162,0,71.0,53.03,36.770833333333336
optionA_tie_0.03,carbonscaler_price_tiebreak,ontario,163,0,72.0,50.95,38.96
optionA_tie_0.03,carbonscaler_price_tiebreak,ontario,164,0,78.0,46.81,33.8875
optionA_tie_0.03,carbonscaler_price_tiebreak,ontario,165,0,86.0,39.8,31.951666666666668
optionA_tie_0.03,carbonscaler_price_tiebreak,ontario,166,0,93.0,38.09,30.215000000000003
optionA_tie_0.03,carbonscaler_price_tiebreak,ontario,167,0,93.0,38.22,23.973333333333333
optionA_tie_0.05,carbonscaler_price_tiebreak,ontario,0,2,50.0,14.46,37.281666666666666
optionA_tie_0.05,carbonscaler_price_tiebreak,ontario,1,2,49.0,14.91,33.41166666666667
optionA_tie_0.05,carbonscaler_price_tiebreak,ontario,2,2,45.0,14.65,31.3
optionA_tie_0.05,carbonscaler_price_tiebreak,ontario,3,2,44.0,14.93,34.589166666666664
optionA_tie_0.05,carbonscaler_price_tiebreak,ontario,4,2,38.0,19.54,38.32666666666667
optionA_tie_0.05,carbonscaler_price_tiebreak,ontario,5,2,39.0,26.39,31.050833333333333
optionA_tie_0.05,carbonscaler_price_tiebreak,ontario,6,2,39.0,28.77,29.55333333333333
optionA_tie_0.05,carbonscaler_price_tiebreak,ontario,7,2,39.0,43.28,33.685833333333335
optionA_tie_0.05,carbonscaler_price_tiebreak,ontario,8,2,44.0,39.76,29.5
optionA_tie_0.05,carbonscaler_price_tiebreak,ontario,9,1,49.0,35.49,40.14
optionA_tie_0.05,carbonscaler_price_tiebreak,ontario,10,1,52.0,32.62,48.08416666666667
optionA_tie_0.05,carbonscaler_price_tiebreak,ontario,11,1,52.0,35.96,50.5425
optionA_tie_0.05,carbonscaler_price_tiebreak,ontario,12,0,54.0,36.16,41.22666666666667
optionA_tie_0.05,carbonscaler_price_tiebreak,ontario,13,1,50.0,35.78,31.642500000000002
optionA_tie_0.05,carbonscaler_price_tiebreak,ontario,14,0,56.0,35.83,33.13916666666666
optionA_tie_0.05,carbonscaler_price_tiebreak,ontario,15,0,61.0,37.72,40.01583333333333
optionA_tie_0.05,carbonscaler_price_tiebreak,ontario,16,0,64.0,37.85,50.650000000000006
optionA_tie_0.05,carbonscaler_price_tiebreak,ontario,17,0,62.0,51.72,37.6775
optionA_tie_0.05,carbonscaler_price_tiebreak,ontario,18,0,54.0,55.55,37.67250000000001
optionA_tie_0.05,carbonscaler_price_tiebreak,ontario,19,0,55.0,53.78,37.278333333333336
optionA_tie_0.05,carbonscaler_price_tiebreak,ontario,20,0,59.0,41.04,41.968333333333334
optionA_tie_0.05,carbonscaler_price_tiebreak,ontario,21,0,74.0,32.67,26.171666666666667
optionA_tie_0.05,carbonscaler_price_tiebreak,ontario,22,0,72.0,35.35,25.061666666666667
optionA_tie_0.05,carbonscaler_price_tiebreak,ontario,23,0,71.0,26.53,23.230833333333333
optionA_tie_0.05,carbonscaler_price_tiebreak,ontario,24,0,70.0,29.7,14.858333333333334
optionA_tie_0.05,carbonscaler_price_tiebreak,ontario,25,0,69.0,25.77,17.010833333333334
optionA_tie_0.05,carbonscaler_price_tiebreak,ontario,26,0,62.0,27.41,17.040833333333335
optionA_tie_0.05,carbonscaler_price_tiebreak,ontario,27,0,60.0,30.78,17.525833333333335
optionA_tie_0.05,carbonscaler_price_tiebreak,ontario,28,1,50.0,28.77,16.649166666666666
optionA_tie_0.05,carbonscaler_price_tiebreak,ontario,29,1,49.0,35.98,12.450833333333334
optionA_tie_0.05,carbonscaler_price_tiebreak,ontario,30,1,50.0,50.81,29.266666666666666
optionA_tie_0.05,carbonscaler_price_tiebreak,ontario,31,1,51.0,59.4,35.785833333333336
optionA_tie_0.05,carbonscaler_price_tiebreak,ontario,32,0,56.0,51.35,46.8225
optionA_tie_0.05,carbonscaler_price_tiebreak,ontario,33,0,67.0,43.09,40.39
optionA_tie_0.05,carbonscaler_price_tiebreak,ontario,34,0,76.0,36.04,36.93
optionA_tie_0.05,carbonscaler_price_tiebreak,ontario,35,0,82.0,35.69,47.035
optionA_tie_0.05,carbonscaler_price_tiebreak,ontario,36,0,91.0,36.09,35.24583333333333
optionA_tie_0.05,carbonscaler_price_tiebreak,ontario,37,0,96.0,35.58,18.120833333333334
optionA_tie_0.05,carbonscaler_price_tiebreak,ontario,38,0,98.0,35.86,26.633333333333336
optionA_tie_0.05,carbonscaler_price_tiebreak,ontario,39,0,100.0,40.39,30.180833333333336
optionA_tie_0.05,carbonscaler_price_tiebreak,ontario,40,0,103.0,50.44,42.2925
optionA_tie_0.05,carbonscaler_price_tiebreak,ontario,41,0,97.0,73.33,44.97
optionA_tie_0.05,carbonscaler_price_tiebreak,ontario,42,0,90.0,94.93,84.375
optionA_tie_0.05,carbonscaler_price_tiebreak,ontario,43,0,92.0,88.25,275.5933333333333
optionA_tie_0.05,carbonscaler_price_tiebreak,ontario,44,0,105.0,72.52,122.33749999999999
optionA_tie_0.05,carbonscaler_price_tiebreak,ontario,45,0,130.0,54.94,47.469166666666666
optionA_tie_0.05,carbonscaler_price_tiebreak,ontario,46,0,136.0,43.61,39.211666666666666
optionA_tie_0.05,carbonscaler_price_tiebreak,ontario,47,0,141.0,39.09,35.43083333333333
optionA_tie_0.05,carbonscaler_price_tiebreak,ontario,48,0,148.0,49.12,37.15083333333333
optionA_tie_0.05,carbonscaler_price_tiebreak,ontario,49,0,145.0,52.86,37.26083333333333
optionA_tie_0.05,carbonscaler_price_tiebreak,ontario,50,0,140.0,50.51,38.05416666666667
optionA_tie_0.05,carbonscaler_price_tiebreak,ontario,51,0,124.0,50.34,39.40333333333333
optionA_tie_0.05,carbonscaler_price_tiebreak,ontario,52,0,122.0,46.79,47.62833333333333
optionA_tie_0.05,carbonscaler_price_tiebreak,ontario,53,0,126.0,59.53,58.229166666666664
optionA_tie_0.05,carbonscaler_price_tiebreak,ontario,54,0,129.0,105.91,50.64666666666667
optionA_tie_0.05,carbonscaler_price_tiebreak,ontario,55,0,137.0,106.12,47.72416666666667
optionA_tie_0.05,carbonscaler_price_tiebreak,ontario,56,0,143.0,61.53,48.03333333333333
optionA_tie_0.05,carbonscaler_price_tiebreak,ontario,57,0,149.0,44.42,32.4175
optionA_tie_0.05,carbonscaler_price_tiebreak,ontario,58,0,154.0,36.14,30.493333333333336
optionA_tie_0.05,carbonscaler_price_tiebreak,ontario,59,0,154.0,35.47,30.366666666666664
optionA_tie_0.05,carbonscaler_price_tiebreak,ontario,60,0,150.0,35.46,36.156666666666666
optionA_tie_0.05,carbonscaler_price_tiebreak,ontario,61,0,147.0,27.61,37.915
optionA_tie_0.05,carbonscaler_price_tiebreak,ontario,62,0,125.0,27.64,47.52583333333333
optionA_tie_0.05,carbonscaler_price_tiebreak,ontario,63,0,112.0,35.58,49.13999999999999
optionA_tie_0.05,carbonscaler_price_tiebreak,ontario,64,0,112.0,40.06,55.703333333333326
optionA_tie_0.05,carbonscaler_price_tiebreak,ontario,65,0,118.0,54.54,59.62166666666667
optionA_tie_0.05,carbonscaler_price_tiebreak,ontario,66,0,121.0,78.35,56.038333333333334
optionA_tie_0.05,carbonscaler_price_tiebreak,ontario,67,0,125.0,63.47,70.19416666666667
optionA_tie_0.05,carbonscaler_price_tiebreak,ontario,68,0,127.0,50.36,41.55166666666667
optionA_tie_0.05,carbonscaler_price_tiebreak,ontario,69,0,135.0,37.17,37.35
optionA_tie_0.05,carbonscaler_price_tiebreak,ontario,70,0,140.0,36.52,33.28666666666667
optionA_tie_0.05,carbonscaler_price_tiebreak,ontario,71,0,141.0,36.17,34.604166666666664
optionA_tie_0.05,carbonscaler_price_tiebreak,ontario,72,0,140.0,44.59,37.5325
optionA_tie_0.05,carbonscaler_price_tiebreak,ontario,73,0,135.0,43.38,37.89083333333333
optionA_tie_0.05,carbonscaler_price_tiebreak,ontario,74,0,131.0,37.79,36.09
optionA_tie_0.05,carbonscaler_price_tiebreak,ontario,75,0,109.0,39.96,37.805
optionA_tie_0.05,carbonscaler_price_tiebreak,ontario,76,0,112.0,39.81,38.26416666666667
optionA_tie_0.05,carbonscaler_price_tiebreak,ontario,77,0,122.0,46.47,64.16166666666668
optionA_tie_0.05,carbonscaler_price_tiebreak,ontario,78,0,120.0,65.6,129.94
optionA_tie_0.05,carbonscaler_price_tiebreak,ontario,79,0,113.0,75.85,113.37166666666667
optionA_tie_0.05,carbonscaler_price_tiebreak,ontario,80,0,119.0,63.62,202.23
optionA_tie_0.05,carbonscaler_price_tiebreak,ontario,81,0,124.0,49.56,84.56916666666667
optionA_tie_0.05,carbonscaler_price_tiebreak,ontario,82,0,139.0,43.01,43.4725
optionA_tie_0.05,carbonscaler_price_tiebreak,ontario,83,0,144.0,41.35,36.63666666666666
optionA_tie_0.05,carbonscaler_price_tiebreak,ontario,84,0,145.0,41.77,36.18333333333333
optionA_tie_0.05,carbonscaler_price_tiebreak,ontario,85,0,144.0,38.31,41.73416666666667
optionA_tie_0.05,carbonscaler_price_tiebreak,ontario,86,0,145.0,37.44,47.08166666666667
optionA_tie_0.05,carbonscaler_price_tiebreak,ontario,87,0,138.0,38.3,38.05
optionA_tie_0.05,carbonscaler_price_tiebreak,ontario,88,0,133.0,48.02,38.589999999999996
optionA_tie_0.05,carbonscaler_price_tiebreak,ontario,89,0,124.0,60.28,38.622499999999995
optionA_tie_0.05,carbonscaler_price_tiebreak,ontario,90,0,130.0,77.26,43.689166666666665
optionA_tie_0.05,carbonscaler_price_tiebreak,ontario,91,0,132.0,71.28,42.440000000000005
optionA_tie_0.05,carbonscaler_price_tiebreak,ontario,92,0,131.0,58.28,40.15083333333333
optionA_tie_0.05,carbonscaler_price_tiebreak,ontario,93,0,130.0,43.69,43.84
optionA_tie_0.05,carbonscaler_price_tiebreak,ontario,94,0,134.0,41.22,37.800000000000004
optionA_tie_0.05,carbonscaler_price_tiebreak,ontario,95,0,135.0,39.86,35.3275
optionA_tie_0.05,carbonscaler_price_tiebreak,ontario,96,0,137.0,44.42,25.348333333333333
optionA_tie_0.05,carbonscaler_price_tiebreak,ontario,97,0,135.0,38.25,23.953333333333333
optionA_tie_0.05,carbonscaler_price_tiebreak,ontario,98,0,138.0,36.09,14.425833333333332
optionA_tie_0.05,carbonscaler_price_tiebreak,ontario,99,0,134.0,36.48,33.902499999999996
optionA_tie_0.05,carbonscaler_price_tiebreak,ontario,100,0,123.0,33.49,20.290833333333335
optionA_tie_0.05,carbonscaler_price_tiebreak,ontario,101,0,98.0,36.58,35.770833333333336
optionA_tie_0.05,carbonscaler_price_tiebreak,ontario,102,0,86.0,43.16,39.869166666666665
optionA_tie_0.05,carbonscaler_price_tiebreak,ontario,103,0,80.0,56.13,52.47416666666666
optionA_tie_0.05,carbonscaler_price_tiebreak,ontario,104,0,86.0,47.7,234.91166666666666
optionA_tie_0.05,carbonscaler_price_tiebreak,ontario,105,0,85.0,38.56,300.13166666666666
optionA_tie_0.05,carbonscaler_price_tiebreak,ontario,106,0,100.0,38.34,65.23166666666667
optionA_tie_0.05,carbonscaler_price_tiebreak,ontario,107,0,98.0,44.24,37.69166666666667
optionA_tie_0.05,carbonscaler_price_tiebreak,ontario,108,0,107.0,40.02,37.711666666666666
optionA_tie_0.05,carbonscaler_price_tiebreak,ontario,109,0,117.0,39.73,31.875
optionA_tie_0.05,carbonscaler_price_tiebreak,ontario,110,0,121.0,45.08,31.05
optionA_tie_0.05,carbonscaler_price_tiebreak,ontario,111,0,120.0,43.22,29.790833333333335
optionA_tie_0.05,carbonscaler_price_tiebreak,ontario,112,0,113.0,50.91,36.05416666666667
optionA_tie_0.05,carbonscaler_price_tiebreak,ontario,113,0,111.0,59.6,27.55
optionA_tie_0.05,carbonscaler_price_tiebreak,ontario,114,0,109.0,68.96,35.61
optionA_tie_0.05,carbonscaler_price_tiebreak,ontario,115,0,110.0,64.28,38.329166666666666
optionA_tie_0.05,carbonscaler_price_tiebreak,ontario,116,0,102.0,54.21,36.972500000000004
optionA_tie_0.05,carbonscaler_price_tiebreak,ontario,117,0,111.0,46.3,37.40333333333333
optionA_tie_0.05,carbonscaler_price_tiebreak,ontario,118,0,99.0,43.91,30.51
optionA_tie_0.05,carbonscaler_price_tiebreak,ontario,119,0,100.0,38.92,27.84
optionA_tie_0.05,carbonscaler_price_tiebreak,ontario,120,0,107.0,44.41,38.76
optionA_tie_0.05,carbonscaler_price_tiebreak,ontario,121,0,101.0,39.33,36.759166666666665
optionA_tie_0.05,carbonscaler_price_tiebreak,ontario,122,0,101.0,37.31,34.015
optionA_tie_0.05,carbonscaler_price_tiebreak,ontario,123,0,97.0,39.4,38.65083333333333
optionA_tie_0.05,carbonscaler_price_tiebreak,ontario,124,0,93.0,40.41,38.821666666666665
optionA_tie_0.05,carbonscaler_price_tiebreak,ontario,125,0,91.0,51.01,54.589999999999996
optionA_tie_0.05,carbonscaler_price_tiebreak,ontario,126,0,89.0,51.96,41.85
optionA_tie_0.05,carbonscaler_price_tiebreak,ontario,127,0,90.0,53.48,35.2025
optionA_tie_0.05,carbonscaler_price_tiebreak,ontario,128,0,96.0,49.83,48.94583333333333
optionA_tie_0.05,carbonscaler_price_tiebreak,ontario,129,0,98.0,40.82,48.16583333333333
optionA_tie_0.05,carbonscaler_price_tiebreak,ontario,130,0,111.0,38.54,36.41416666666667
optionA_tie_0.05,carbonscaler_price_tiebreak,ontario,131,0,106.0,36.65,38.08583333333333
optionA_tie_0.05,carbonscaler_price_tiebreak,ontario,132,0,97.0,35.44,32.35166666666667
optionA_tie_0.05,carbonscaler_price_tiebreak,ontario,133,0,109.0,35.23,26.764166666666668
optionA_tie_0.05,carbonscaler_price_tiebreak,ontario,134,0,112.0,32.72,28.69333333333333
optionA_tie_0.05,carbonscaler_price_tiebreak,ontario,135,0,107.0,37.23,34.07666666666667
optionA_tie_0.05,carbonscaler_price_tiebreak,ontario,136,0,102.0,41.69,43.39333333333334
optionA_tie_0.05,carbonscaler_price_tiebreak,ontario,137,0,97.0,49.09,36.2775
optionA_tie_0.05,carbonscaler_price_tiebreak,ontario,138,0,89.0,57.12,26.605833333333333
optionA_tie_0.05,carbonscaler_price_tiebreak,ontario,139,0,89.0,51.5,26.763333333333335
optionA_tie_0.05,carbonscaler_price_tiebreak,ontario,140,0,89.0,43.25,35.38666666666667
optionA_tie_0.05,carbonscaler_price_tiebreak,ontario,141,0,93.0,40.56,36.7025
optionA_tie_0.05,carbonscaler_price_tiebreak,ontario,142,0,86.0,39.39,37.56166666666667
optionA_tie_0.05,carbonscaler_price_tiebreak,ontario,143,0,78.0,36.15,37.413333333333334
optionA_tie_0.05,carbonscaler_price_tiebreak,ontario,144,0,74.0,34.73,34.03416666666667
optionA_tie_0.05,carbonscaler_price_tiebreak,ontario,145,0,75.0,35.29,28.84
optionA_tie_0.05,carbonscaler_price_tiebreak,ontario,146,0,81.0,34.14,25.500833333333333
optionA_tie_0.05,carbonscaler_price_tiebreak,ontario,147,0,88.0,34.63,17.543333333333333
optionA_tie_0.05,carbonscaler_price_tiebreak,ontario,148,0,85.0,34.86,32.51083333333333
optionA_tie_0.05,carbonscaler_price_tiebreak,ontario,149,0,75.0,36.64,32.517500000000005
optionA_tie_0.05,carbonscaler_price_tiebreak,ontario,150,0,62.0,37.94,37.737500000000004
optionA_tie_0.05,carbonscaler_price_tiebreak,ontario,151,0,61.0,45.46,45.17249999999999
optionA_tie_0.05,carbonscaler_price_tiebreak,ontario,152,0,63.0,45.88,32.65416666666667
optionA_tie_0.05,carbonscaler_price_tiebreak,ontario,153,0,68.0,49.25,32.468333333333334
optionA_tie_0.05,carbonscaler_price_tiebreak,ontario,154,0,70.0,49.13,59.362500000000004
optionA_tie_0.05,carbonscaler_price_tiebreak,ontario,155,0,74.0,41.47,47.10333333333333
optionA_tie_0.05,carbonscaler_price_tiebreak,ontario,156,0,84.0,38.62,33.2075
optionA_tie_0.05,carbonscaler_price_tiebreak,ontario,157,0,77.0,37.08,20.526666666666667
optionA_tie_0.05,carbonscaler_price_tiebreak,ontario,158,0,71.0,36.15,22.862499999999997
optionA_tie_0.05,carbonscaler_price_tiebreak,ontario,159,0,79.0,35.85,27.621666666666666
optionA_tie_0.05,carbonscaler_price_tiebreak,ontario,160,0,86.0,36.64,37.75083333333333
optionA_tie_0.05,carbonscaler_price_tiebreak,ontario,161,0,77.0,45.69,38.839999999999996
optionA_tie_0.05,carbonscaler_price_tiebreak,ontario,162,0,71.0,53.03,36.770833333333336
optionA_tie_0.05,carbonscaler_price_tiebreak,ontario,163,0,72.0,50.95,38.96
optionA_tie_0.05,carbonscaler_price_tiebreak,ontario,164,0,78.0,46.81,33.8875
optionA_tie_0.05,carbonscaler_price_tiebreak,ontario,165,0,86.0,39.8,31.951666666666668
optionA_tie_0.05,carbonscaler_price_tiebreak,ontario,166,0,93.0,38.09,30.215000000000003
optionA_tie_0.05,carbonscaler_price_tiebreak,ontario,167,0,93.0,38.22,23.973333333333333
optionA_tie_0.10,carbonscaler_price_tiebreak,ontario,0,1,50.0,14.46,37.281666666666666
optionA_tie_0.10,carbonscaler_price_tiebreak,ontario,1,2,49.0,14.91,33.41166666666667
optionA_tie_0.10,carbonscaler_price_tiebreak,ontario,2,2,45.0,14.65,31.3
optionA_tie_0.10,carbonscaler_price_tiebreak,ontario,3,2,44.0,14.93,34.589166666666664
optionA_tie_0.10,carbonscaler_price_tiebreak,ontario,4,2,38.0,19.54,38.32666666666667
optionA_tie_0.10,carbonscaler_price_tiebreak,ontario,5,2,39.0,26.39,31.050833333333333
optionA_tie_0.10,carbonscaler_price_tiebreak,ontario,6,2,39.0,28.77,29.55333333333333
optionA_tie_0.10,carbonscaler_price_tiebreak,ontario,7,2,39.0,43.28,33.685833333333335
optionA_tie_0.10,carbonscaler_price_tiebreak,ontario,8,2,44.0,39.76,29.5
optionA_tie_0.10,carbonscaler_price_tiebreak,ontario,9,2,49.0,35.49,40.14
optionA_tie_0.10,carbonscaler_price_tiebreak,ontario,10,1,52.0,32.62,48.08416666666667
optionA_tie_0.10,carbonscaler_price_tiebreak,ontario,11,1,52.0,35.96,50.5425
optionA_tie_0.10,carbonscaler_price_tiebreak,ontario,12,1,54.0,36.16,41.22666666666667
optionA_tie_0.10,carbonscaler_price_tiebreak,ontario,13,1,50.0,35.78,31.642500000000002
optionA_tie_0.10,carbonscaler_price_tiebreak,ontario,14,0,56.0,35.83,33.13916666666666
optionA_tie_0.10,carbonscaler_price_tiebreak,ontario,15,0,61.0,37.72,40.01583333333333
optionA_tie_0.10,carbonscaler_price_tiebreak,ontario,16,0,64.0,37.85,50.650000000000006
optionA_tie_0.10,carbonscaler_price_tiebreak,ontario,17,0,62.0,51.72,37.6775
optionA_tie_0.10,carbonscaler_price_tiebreak,ontario,18,0,54.0,55.55,37.67250000000001
optionA_tie_0.10,carbonscaler_price_tiebreak,ontario,19,0,55.0,53.78,37.278333333333336
optionA_tie_0.10,carbonscaler_price_tiebreak,ontario,20,0,59.0,41.04,41.968333333333334
optionA_tie_0.10,carbonscaler_price_tiebreak,ontario,21,0,74.0,32.67,26.171666666666667
optionA_tie_0.10,carbonscaler_price_tiebreak,ontario,22,0,72.0,35.35,25.061666666666667
optionA_tie_0.10,carbonscaler_price_tiebreak,ontario,23,0,71.0,26.53,23.230833333333333
optionA_tie_0.10,carbonscaler_price_tiebreak,ontario,24,0,70.0,29.7,14.858333333333334
optionA_tie_0.10,carbonscaler_price_tiebreak,ontario,25,0,69.0,25.77,17.010833333333334
optionA_tie_0.10,carbonscaler_price_tiebreak,ontario,26,0,62.0,27.41,17.040833333333335
optionA_tie_0.10,carbonscaler_price_tiebreak,ontario,27,0,60.0,30.78,17.525833333333335
optionA_tie_0.10,carbonscaler_price_tiebreak,ontario,28,1,50.0,28.77,16.649166666666666
optionA_tie_0.10,carbonscaler_price_tiebreak,ontario,29,2,49.0,35.98,12.450833333333334
optionA_tie_0.10,carbonscaler_price_tiebreak,ontario,30,0,50.0,50.81,29.266666666666666
optionA_tie_0.10,carbonscaler_price_tiebreak,ontario,31,0,51.0,59.4,35.785833333333336
optionA_tie_0.10,carbonscaler_price_tiebreak,ontario,32,0,56.0,51.35,46.8225
optionA_tie_0.10,carbonscaler_price_tiebreak,ontario,33,0,67.0,43.09,40.39
optionA_tie_0.10,carbonscaler_price_tiebreak,ontario,34,0,76.0,36.04,36.93
optionA_tie_0.10,carbonscaler_price_tiebreak,ontario,35,0,82.0,35.69,47.035
optionA_tie_0.10,carbonscaler_price_tiebreak,ontario,36,0,91.0,36.09,35.24583333333333
optionA_tie_0.10,carbonscaler_price_tiebreak,ontario,37,0,96.0,35.58,18.120833333333334
optionA_tie_0.10,carbonscaler_price_tiebreak,ontario,38,0,98.0,35.86,26.633333333333336
optionA_tie_0.10,carbonscaler_price_tiebreak,ontario,39,0,100.0,40.39,30.180833333333336
optionA_tie_0.10,carbonscaler_price_tiebreak,ontario,40,0,103.0,50.44,42.2925
optionA_tie_0.10,carbonscaler_price_tiebreak,ontario,41,0,97.0,73.33,44.97
optionA_tie_0.10,carbonscaler_price_tiebreak,ontario,42,0,90.0,94.93,84.375
optionA_tie_0.10,carbonscaler_price_tiebreak,ontario,43,0,92.0,88.25,275.5933333333333
optionA_tie_0.10,carbonscaler_price_tiebreak,ontario,44,0,105.0,72.52,122.33749999999999
optionA_tie_0.10,carbonscaler_price_tiebreak,ontario,45,0,130.0,54.94,47.469166666666666
optionA_tie_0.10,carbonscaler_price_tiebreak,ontario,46,0,136.0,43.61,39.211666666666666
optionA_tie_0.10,carbonscaler_price_tiebreak,ontario,47,0,141.0,39.09,35.43083333333333
optionA_tie_0.10,carbonscaler_price_tiebreak,ontario,48,0,148.0,49.12,37.15083333333333
optionA_tie_0.10,carbonscaler_price_tiebreak,ontario,49,0,145.0,52.86,37.26083333333333
optionA_tie_0.10,carbonscaler_price_tiebreak,ontario,50,0,140.0,50.51,38.05416666666667
optionA_tie_0.10,carbonscaler_price_tiebreak,ontario,51,0,124.0,50.34,39.40333333333333
optionA_tie_0.10,carbonscaler_price_tiebreak,ontario,52,0,122.0,46.79,47.62833333333333
optionA_tie_0.10,carbonscaler_price_tiebreak,ontario,53,0,126.0,59.53,58.229166666666664
optionA_tie_0.10,carbonscaler_price_tiebreak,ontario,54,0,129.0,105.91,50.64666666666667
optionA_tie_0.10,carbonscaler_price_tiebreak,ontario,55,0,137.0,106.12,47.72416666666667
optionA_tie_0.10,carbonscaler_price_tiebreak,ontario,56,0,143.0,61.53,48.03333333333333
optionA_tie_0.10,carbonscaler_price_tiebreak,ontario,57,0,149.0,44.42,32.4175
optionA_tie_0.10,carbonscaler_price_tiebreak,ontario,58,0,154.0,36.14,30.493333333333336
optionA_tie_0.10,carbonscaler_price_tiebreak,ontario,59,0,154.0,35.47,30.366666666666664
optionA_tie_0.10,carbonscaler_price_tiebreak,ontario,60,0,150.0,35.46,36.156666666666666
optionA_tie_0.10,carbonscaler_price_tiebreak,ontario,61,0,147.0,27.61,37.915
optionA_tie_0.10,carbonscaler_price_tiebreak,ontario,62,0,125.0,27.64,47.52583333333333
optionA_tie_0.10,carbonscaler_price_tiebreak,ontario,63,0,112.0,35.58,49.13999999999999
optionA_tie_0.10,carbonscaler_price_tiebreak,ontario,64,0,112.0,40.06,55.703333333333326
optionA_tie_0.10,carbonscaler_price_tiebreak,ontario,65,0,118.0,54.54,59.62166666666667
optionA_tie_0.10,carbonscaler_price_tiebreak,ontario,66,0,121.0,78.35,56.038333333333334
optionA_tie_0.10,carbonscaler_price_tiebreak,ontario,67,0,125.0,63.47,70.19416666666667
optionA_tie_0.10,carbonscaler_price_tiebreak,ontario,68,0,127.0,50.36,41.55166666666667
optionA_tie_0.10,carbonscaler_price_tiebreak,ontario,69,0,135.0,37.17,37.35
optionA_tie_0.10,carbonscaler_price_tiebreak,ontario,70,0,140.0,36.52,33.28666666666667
optionA_tie_0.10,carbonscaler_price_tiebreak,ontario,71,0,141.0,36.17,34.604166666666664
optionA_tie_0.10,carbonscaler_price_tiebreak,ontario,72,0,140.0,44.59,37.5325
optionA_tie_0.10,carbonscaler_price_tiebreak,ontario,73,0,135.0,43.38,37.89083333333333
optionA_tie_0.10,carbonscaler_price_tiebreak,ontario,74,0,131.0,37.79,36.09
optionA_tie_0.10,carbonscaler_price_tiebreak,ontario,75,0,109.0,39.96,37.805
optionA_tie_0.10,carbonscaler_price_tiebreak,ontario,76,0,112.0,39.81,38.26416666666667
optionA_tie_0.10,carbonscaler_price_tiebreak,ontario,77,0,122.0,46.47,64.16166666666668
optionA_tie_0.10,carbonscaler_price_tiebreak,ontario,78,0,120.0,65.6,129.94
optionA_tie_0.10,carbonscaler_price_tiebreak,ontario,79,0,113.0,75.85,113.37166666666667
optionA_tie_0.10,carbonscaler_price_tiebreak,ontario,80,0,119.0,63.62,202.23
optionA_tie_0.10,carbonscaler_price_tiebreak,ontario,81,0,124.0,49.56,84.56916666666667
optionA_tie_0.10,carbonscaler_price_tiebreak,ontario,82,0,139.0,43.01,43.4725
optionA_tie_0.10,carbonscaler_price_tiebreak,ontario,83,0,144.0,41.35,36.63666666666666
optionA_tie_0.10,carbonscaler_price_tiebreak,ontario,84,0,145.0,41.77,36.18333333333333
optionA_tie_0.10,carbonscaler_price_tiebreak,ontario,85,0,144.0,38.31,41.73416666666667
optionA_tie_0.10,carbonscaler_price_tiebreak,ontario,86,0,145.0,37.44,47.08166666666667
optionA_tie_0.10,carbonscaler_price_tiebreak,ontario,87,0,138.0,38.3,38.05
optionA_tie_0.10,carbonscaler_price_tiebreak,ontario,88,0,133.0,48.02,38.589999999999996
optionA_tie_0.10,carbonscaler_price_tiebreak,ontario,89,0,124.0,60.28,38.622499999999995
optionA_tie_0.10,carbonscaler_price_tiebreak,ontario,90,0,130.0,77.26,43.689166666666665
optionA_tie_0.10,carbonscaler_price_tiebreak,ontario,91,0,132.0,71.28,42.440000000000005
optionA_tie_0.10,carbonscaler_price_tiebreak,ontario,92,0,131.0,58.28,40.15083333333333
optionA_tie_0.10,carbonscaler_price_tiebreak,ontario,93,0,130.0,43.69,43.84
optionA_tie_0.10,carbonscaler_price_tiebreak,ontario,94,0,134.0,41.22,37.800000000000004
optionA_tie_0.10,carbonscaler_price_tiebreak,ontario,95,0,135.0,39.86,35.3275
optionA_tie_0.10,carbonscaler_price_tiebreak,ontario,96,0,137.0,44.42,25.348333333333333
optionA_tie_0.10,carbonscaler_price_tiebreak,ontario,97,0,135.0,38.25,23.953333333333333
optionA_tie_0.10,carbonscaler_price_tiebreak,ontario,98,0,138.0,36.09,14.425833333333332
optionA_tie_0.10,carbonscaler_price_tiebreak,ontario,99,0,134.0,36.48,33.902499999999996
optionA_tie_0.10,carbonscaler_price_tiebreak,ontario,100,0,123.0,33.49,20.290833333333335
optionA_tie_0.10,carbonscaler_price_tiebreak,ontario,101,0,98.0,36.58,35.770833333333336
optionA_tie_0.10,carbonscaler_price_tiebreak,ontario,102,0,86.0,43.16,39.869166666666665
optionA_tie_0.10,carbonscaler_price_tiebreak,ontario,103,0,80.0,56.13,52.47416666666666
optionA_tie_0.10,carbonscaler_price_tiebreak,ontario,104,0,86.0,47.7,234.91166666666666
optionA_tie_0.10,carbonscaler_price_tiebreak,ontario,105,0,85.0,38.56,300.13166666666666
optionA_tie_0.10,carbonscaler_price_tiebreak,ontario,106,0,100.0,38.34,65.23166666666667
optionA_tie_0.10,carbonscaler_price_tiebreak,ontario,107,0,98.0,44.24,37.69166666666667
optionA_tie_0.10,carbonscaler_price_tiebreak,ontario,108,0,107.0,40.02,37.711666666666666
optionA_tie_0.10,carbonscaler_price_tiebreak,ontario,109,0,117.0,39.73,31.875
optionA_tie_0.10,carbonscaler_price_tiebreak,ontario,110,0,121.0,45.08,31.05
optionA_tie_0.10,carbonscaler_price_tiebreak,ontario,111,0,120.0,43.22,29.790833333333335
optionA_tie_0.10,carbonscaler_price_tiebreak,ontario,112,0,113.0,50.91,36.05416666666667
optionA_tie_0.10,carbonscaler_price_tiebreak,ontario,113,0,111.0,59.6,27.55
optionA_tie_0.10,carbonscaler_price_tiebreak,ontario,114,0,109.0,68.96,35.61
optionA_tie_0.10,carbonscaler_price_tiebreak,ontario,115,0,110.0,64.28,38.329166666666666
optionA_tie_0.10,carbonscaler_price_tiebreak,ontario,116,0,102.0,54.21,36.972500000000004
optionA_tie_0.10,carbonscaler_price_tiebreak,ontario,117,0,111.0,46.3,37.40333333333333
optionA_tie_0.10,carbonscaler_price_tiebreak,ontario,118,0,99.0,43.91,30.51
optionA_tie_0.10,carbonscaler_price_tiebreak,ontario,119,0,100.0,38.92,27.84
optionA_tie_0.10,carbonscaler_price_tiebreak,ontario,120,0,107.0,44.41,38.76
optionA_tie_0.10,carbonscaler_price_tiebreak,ontario,121,0,101.0,39.33,36.759166666666665
optionA_tie_0.10,carbonscaler_price_tiebreak,ontario,122,0,101.0,37.31,34.015
optionA_tie_0.10,carbonscaler_price_tiebreak,ontario,123,0,97.0,39.4,38.65083333333333
optionA_tie_0.10,carbonscaler_price_tiebreak,ontario,124,0,93.0,40.41,38.821666666666665
optionA_tie_0.10,carbonscaler_price_tiebreak,ontario,125,0,91.0,51.01,54.589999999999996
optionA_tie_0.10,carbonscaler_price_tiebreak,ontario,126,0,89.0,51.96,41.85
optionA_tie_0.10,carbonscaler_price_tiebreak,ontario,127,0,90.0,53.48,35.2025
optionA_tie_0.10,carbonscaler_price_tiebreak,ontario,128,0,96.0,49.83,48.94583333333333
optionA_tie_0.10,carbonscaler_price_tiebreak,ontario,129,0,98.0,40.82,48.16583333333333
optionA_tie_0.10,carbonscaler_price_tiebreak,ontario,130,0,111.0,38.54,36.41416666666667
optionA_tie_0.10,carbonscaler_price_tiebreak,ontario,131,0,106.0,36.65,38.08583333333333
optionA_tie_0.10,carbonscaler_price_tiebreak,ontario,132,0,97.0,35.44,32.35166666666667
optionA_tie_0.10,carbonscaler_price_tiebreak,ontario,133,0,109.0,35.23,26.764166666666668
optionA_tie_0.10,carbonscaler_price_tiebreak,ontario,134,0,112.0,32.72,28.69333333333333
optionA_tie_0.10,carbonscaler_price_tiebreak,ontario,135,0,107.0,37.23,34.07666666666667
optionA_tie_0.10,carbonscaler_price_tiebreak,ontario,136,0,102.0,41.69,43.39333333333334
optionA_tie_0.10,carbonscaler_price_tiebreak,ontario,137,0,97.0,49.09,36.2775
optionA_tie_0.10,carbonscaler_price_tiebreak,ontario,138,0,89.0,57.12,26.605833333333333
optionA_tie_0.10,carbonscaler_price_tiebreak,ontario,139,0,89.0,51.5,26.763333333333335
optionA_tie_0.10,carbonscaler_price_tiebreak,ontario,140,0,89.0,43.25,35.38666666666667
optionA_tie_0.10,carbonscaler_price_tiebreak,ontario,141,0,93.0,40.56,36.7025
optionA_tie_0.10,carbonscaler_price_tiebreak,ontario,142,0,86.0,39.39,37.56166666666667
optionA_tie_0.10,carbonscaler_price_tiebreak,ontario,143,0,78.0,36.15,37.413333333333334
optionA_tie_0.10,carbonscaler_price_tiebreak,ontario,144,0,74.0,34.73,34.03416666666667
optionA_tie_0.10,carbonscaler_price_tiebreak,ontario,145,0,75.0,35.29,28.84
optionA_tie_0.10,carbonscaler_price_tiebreak,ontario,146,0,81.0,34.14,25.500833333333333
optionA_tie_0.10,carbonscaler_price_tiebreak,ontario,147,0,88.0,34.63,17.543333333333333
optionA_tie_0.10,carbonscaler_price_tiebreak,ontario,148,0,85.0,34.86,32.51083333333333
optionA_tie_0.10,carbonscaler_price_tiebreak,ontario,149,0,75.0,36.64,32.517500000000005
optionA_tie_0.10,carbonscaler_price_tiebreak,ontario,150,0,62.0,37.94,37.737500000000004
optionA_tie_0.10,carbonscaler_price_tiebreak,ontario,151,0,61.0,45.46,45.17249999999999
optionA_tie_0.10,carbonscaler_price_tiebreak,ontario,152,0,63.0,45.88,32.65416666666667
optionA_tie_0.10,carbonscaler_price_tiebreak,ontario,153,0,68.0,49.25,32.468333333333334
optionA_tie_0.10,carbonscaler_price_tiebreak,ontario,154,0,70.0,49.13,59.362500000000004
optionA_tie_0.10,carbonscaler_price_tiebreak,ontario,155,0,74.0,41.47,47.10333333333333
optionA_tie_0.10,carbonscaler_price_tiebreak,ontario,156,0,84.0,38.62,33.2075
optionA_tie_0.10,carbonscaler_price_tiebreak,ontario,157,0,77.0,37.08,20.526666666666667
optionA_tie_0.10,carbonscaler_price_tiebreak,ontario,158,0,71.0,36.15,22.862499999999997
optionA_tie_0.10,carbonscaler_price_tiebreak,ontario,159,0,79.0,35.85,27.621666666666666
optionA_tie_0.10,carbonscaler_price_tiebreak,ontario,160,0,86.0,36.64,37.75083333333333
optionA_tie_0.10,carbonscaler_price_tiebreak,ontario,161,0,77.0,45.69,38.839999999999996
optionA_tie_0.10,carbonscaler_price_tiebreak,ontario,162,0,71.0,53.03,36.770833333333336
optionA_tie_0.10,carbonscaler_price_tiebreak,ontario,163,0,72.0,50.95,38.96
optionA_tie_0.10,carbonscaler_price_tiebreak,ontario,164,0,78.0,46.81,33.8875
optionA_tie_0.10,carbonscaler_price_tiebreak,ontario,165,0,86.0,39.8,31.951666666666668
optionA_tie_0.10,carbonscaler_price_tiebreak,ontario,166,0,93.0,38.09,30.215000000000003
optionA_tie_0.10,carbonscaler_price_tiebreak,ontario,167,0,93.0,38.22,23.973333333333333
optionA_tie_0.20,carbonscaler_price_tiebreak,ontario,0,2,50.0,14.46,37.281666666666666
optionA_tie_0.20,carbonscaler_price_tiebreak,ontario,1,2,49.0,14.91,33.41166666666667
optionA_tie_0.20,carbonscaler_price_tiebreak,ontario,2,2,45.0,14.65,31.3
optionA_tie_0.20,carbonscaler_price_tiebreak,ontario,3,2,44.0,14.93,34.589166666666664
optionA_tie_0.20,carbonscaler_price_tiebreak,ontario,4,2,38.0,19.54,38.32666666666667
optionA_tie_0.20,carbonscaler_price_tiebreak,ontario,5,2,39.0,26.39,31.050833333333333
optionA_tie_0.20,carbonscaler_price_tiebreak,ontario,6,2,39.0,28.77,29.55333333333333
optionA_tie_0.20,carbonscaler_price_tiebreak,ontario,7,2,39.0,43.28,33.685833333333335
optionA_tie_0.20,carbonscaler_price_tiebreak,ontario,8,2,44.0,39.76,29.5
optionA_tie_0.20,carbonscaler_price_tiebreak,ontario,9,1,49.0,35.49,40.14
optionA_tie_0.20,carbonscaler_price_tiebreak,ontario,10,1,52.0,32.62,48.08416666666667
optionA_tie_0.20,carbonscaler_price_tiebreak,ontario,11,1,52.0,35.96,50.5425
optionA_tie_0.20,carbonscaler_price_tiebreak,ontario,12,1,54.0,36.16,41.22666666666667
optionA_tie_0.20,carbonscaler_price_tiebreak,ontario,13,1,50.0,35.78,31.642500000000002
optionA_tie_0.20,carbonscaler_price_tiebreak,ontario,14,0,56.0,35.83,33.13916666666666
optionA_tie_0.20,carbonscaler_price_tiebreak,ontario,15,0,61.0,37.72,40.01583333333333
optionA_tie_0.20,carbonscaler_price_tiebreak,ontario,16,0,64.0,37.85,50.650000000000006
optionA_tie_0.20,carbonscaler_price_tiebreak,ontario,17,0,62.0,51.72,37.6775
optionA_tie_0.20,carbonscaler_price_tiebreak,ontario,18,0,54.0,55.55,37.67250000000001
optionA_tie_0.20,carbonscaler_price_tiebreak,ontario,19,0,55.0,53.78,37.278333333333336
optionA_tie_0.20,carbonscaler_price_tiebreak,ontario,20,0,59.0,41.04,41.968333333333334
optionA_tie_0.20,carbonscaler_price_tiebreak,ontario,21,0,74.0,32.67,26.171666666666667
optionA_tie_0.20,carbonscaler_price_tiebreak,ontario,22,0,72.0,35.35,25.061666666666667
optionA_tie_0.20,carbonscaler_price_tiebreak,ontario,23,0,71.0,26.53,23.230833333333333
optionA_tie_0.20,carbonscaler_price_tiebreak,ontario,24,0,70.0,29.7,14.858333333333334
optionA_tie_0.20,carbonscaler_price_tiebreak,ontario,25,0,69.0,25.77,17.010833333333334
optionA_tie_0.20,carbonscaler_price_tiebreak,ontario,26,1,62.0,27.41,17.040833333333335
optionA_tie_0.20,carbonscaler_price_tiebreak,ontario,27,0,60.0,30.78,17.525833333333335
optionA_tie_0.20,carbonscaler_price_tiebreak,ontario,28,1,50.0,28.77,16.649166666666666
optionA_tie_0.20,carbonscaler_price_tiebreak,ontario,29,1,49.0,35.98,12.450833333333334
optionA_tie_0.20,carbonscaler_price_tiebreak,ontario,30,0,50.0,50.81,29.266666666666666
optionA_tie_0.20,carbonscaler_price_tiebreak,ontario,31,0,51.0,59.4,35.785833333333336
optionA_tie_0.20,carbonscaler_price_tiebreak,ontario,32,0,56.0,51.35,46.8225
optionA_tie_0.20,carbonscaler_price_tiebreak,ontario,33,0,67.0,43.09,40.39
optionA_tie_0.20,carbonscaler_price_tiebreak,ontario,34,0,76.0,36.04,36.93
optionA_tie_0.20,carbonscaler_price_tiebreak,ontario,35,0,82.0,35.69,47.035
optionA_tie_0.20,carbonscaler_price_tiebreak,ontario,36,0,91.0,36.09,35.24583333333333
optionA_tie_0.20,carbonscaler_price_tiebreak,ontario,37,0,96.0,35.58,18.120833333333334
optionA_tie_0.20,carbonscaler_price_tiebreak,ontario,38,0,98.0,35.86,26.633333333333336
optionA_tie_0.20,carbonscaler_price_tiebreak,ontario,39,0,100.0,40.39,30.180833333333336
optionA_tie_0.20,carbonscaler_price_tiebreak,ontario,40,0,103.0,50.44,42.2925
optionA_tie_0.20,carbonscaler_price_tiebreak,ontario,41,0,97.0,73.33,44.97
optionA_tie_0.20,carbonscaler_price_tiebreak,ontario,42,0,90.0,94.93,84.375
optionA_tie_0.20,carbonscaler_price_tiebreak,ontario,43,0,92.0,88.25,275.5933333333333
optionA_tie_0.20,carbonscaler_price_tiebreak,ontario,44,0,105.0,72.52,122.33749999999999
optionA_tie_0.20,carbonscaler_price_tiebreak,ontario,45,0,130.0,54.94,47.469166666666666
optionA_tie_0.20,carbonscaler_price_tiebreak,ontario,46,0,136.0,43.61,39.211666666666666
optionA_tie_0.20,carbonscaler_price_tiebreak,ontario,47,0,141.0,39.09,35.43083333333333
optionA_tie_0.20,carbonscaler_price_tiebreak,ontario,48,0,148.0,49.12,37.15083333333333
optionA_tie_0.20,carbonscaler_price_tiebreak,ontario,49,0,145.0,52.86,37.26083333333333
optionA_tie_0.20,carbonscaler_price_tiebreak,ontario,50,0,140.0,50.51,38.05416666666667
optionA_tie_0.20,carbonscaler_price_tiebreak,ontario,51,0,124.0,50.34,39.40333333333333
optionA_tie_0.20,carbonscaler_price_tiebreak,ontario,52,0,122.0,46.79,47.62833333333333
optionA_tie_0.20,carbonscaler_price_tiebreak,ontario,53,0,126.0,59.53,58.229166666666664
optionA_tie_0.20,carbonscaler_price_tiebreak,ontario,54,0,129.0,105.91,50.64666666666667
optionA_tie_0.20,carbonscaler_price_tiebreak,ontario,55,0,137.0,106.12,47.72416666666667
optionA_tie_0.20,carbonscaler_price_tiebreak,ontario,56,0,143.0,61.53,48.03333333333333
optionA_tie_0.20,carbonscaler_price_tiebreak,ontario,57,0,149.0,44.42,32.4175
optionA_tie_0.20,carbonscaler_price_tiebreak,ontario,58,0,154.0,36.14,30.493333333333336
optionA_tie_0.20,carbonscaler_price_tiebreak,ontario,59,0,154.0,35.47,30.366666666666664
optionA_tie_0.20,carbonscaler_price_tiebreak,ontario,60,0,150.0,35.46,36.156666666666666
optionA_tie_0.20,carbonscaler_price_tiebreak,ontario,61,0,147.0,27.61,37.915
optionA_tie_0.20,carbonscaler_price_tiebreak,ontario,62,0,125.0,27.64,47.52583333333333
optionA_tie_0.20,carbonscaler_price_tiebreak,ontario,63,0,112.0,35.58,49.13999999999999
optionA_tie_0.20,carbonscaler_price_tiebreak,ontario,64,0,112.0,40.06,55.703333333333326
optionA_tie_0.20,carbonscaler_price_tiebreak,ontario,65,0,118.0,54.54,59.62166666666667
optionA_tie_0.20,carbonscaler_price_tiebreak,ontario,66,0,121.0,78.35,56.038333333333334
optionA_tie_0.20,carbonscaler_price_tiebreak,ontario,67,0,125.0,63.47,70.19416666666667
optionA_tie_0.20,carbonscaler_price_tiebreak,ontario,68,0,127.0,50.36,41.55166666666667
optionA_tie_0.20,carbonscaler_price_tiebreak,ontario,69,0,135.0,37.17,37.35
optionA_tie_0.20,carbonscaler_price_tiebreak,ontario,70,0,140.0,36.52,33.28666666666667
optionA_tie_0.20,carbonscaler_price_tiebreak,ontario,71,0,141.0,36.17,34.604166666666664
optionA_tie_0.20,carbonscaler_price_tiebreak,ontario,72,0,140.0,44.59,37.5325
optionA_tie_0.20,carbonscaler_price_tiebreak,ontario,73,0,135.0,43.38,37.89083333333333
optionA_tie_0.20,carbonscaler_price_tiebreak,ontario,74,0,131.0,37.79,36.09
optionA_tie_0.20,carbonscaler_price_tiebreak,ontario,75,0,109.0,39.96,37.805
optionA_tie_0.20,carbonscaler_price_tiebreak,ontario,76,0,112.0,39.81,38.26416666666667
optionA_tie_0.20,carbonscaler_price_tiebreak,ontario,77,0,122.0,46.47,64.16166666666668
optionA_tie_0.20,carbonscaler_price_tiebreak,ontario,78,0,120.0,65.6,129.94
optionA_tie_0.20,carbonscaler_price_tiebreak,ontario,79,0,113.0,75.85,113.37166666666667
optionA_tie_0.20,carbonscaler_price_tiebreak,ontario,80,0,119.0,63.62,202.23
optionA_tie_0.20,carbonscaler_price_tiebreak,ontario,81,0,124.0,49.56,84.56916666666667
optionA_tie_0.20,carbonscaler_price_tiebreak,ontario,82,0,139.0,43.01,43.4725
optionA_tie_0.20,carbonscaler_price_tiebreak,ontario,83,0,144.0,41.35,36.63666666666666
optionA_tie_0.20,carbonscaler_price_tiebreak,ontario,84,0,145.0,41.77,36.18333333333333
optionA_tie_0.20,carbonscaler_price_tiebreak,ontario,85,0,144.0,38.31,41.73416666666667
optionA_tie_0.20,carbonscaler_price_tiebreak,ontario,86,0,145.0,37.44,47.08166666666667
optionA_tie_0.20,carbonscaler_price_tiebreak,ontario,87,0,138.0,38.3,38.05
optionA_tie_0.20,carbonscaler_price_tiebreak,ontario,88,0,133.0,48.02,38.589999999999996
optionA_tie_0.20,carbonscaler_price_tiebreak,ontario,89,0,124.0,60.28,38.622499999999995
optionA_tie_0.20,carbonscaler_price_tiebreak,ontario,90,0,130.0,77.26,43.689166666666665
optionA_tie_0.20,carbonscaler_price_tiebreak,ontario,91,0,132.0,71.28,42.440000000000005
optionA_tie_0.20,carbonscaler_price_tiebreak,ontario,92,0,131.0,58.28,40.15083333333333
optionA_tie_0.20,carbonscaler_price_tiebreak,ontario,93,0,130.0,43.69,43.84
optionA_tie_0.20,carbonscaler_price_tiebreak,ontario,94,0,134.0,41.22,37.800000000000004
optionA_tie_0.20,carbonscaler_price_tiebreak,ontario,95,0,135.0,39.86,35.3275
optionA_tie_0.20,carbonscaler_price_tiebreak,ontario,96,0,137.0,44.42,25.348333333333333
optionA_tie_0.20,carbonscaler_price_tiebreak,ontario,97,0,135.0,38.25,23.953333333333333
optionA_tie_0.20,carbonscaler_price_tiebreak,ontario,98,0,138.0,36.09,14.425833333333332
optionA_tie_0.20,carbonscaler_price_tiebreak,ontario,99,0,134.0,36.48,33.902499999999996
optionA_tie_0.20,carbonscaler_price_tiebreak,ontario,100,0,123.0,33.49,20.290833333333335
optionA_tie_0.20,carbonscaler_price_tiebreak,ontario,101,0,98.0,36.58,35.770833333333336
optionA_tie_0.20,carbonscaler_price_tiebreak,ontario,102,0,86.0,43.16,39.869166666666665
optionA_tie_0.20,carbonscaler_price_tiebreak,ontario,103,0,80.0,56.13,52.47416666666666
optionA_tie_0.20,carbonscaler_price_tiebreak,ontario,104,0,86.0,47.7,234.91166666666666
optionA_tie_0.20,carbonscaler_price_tiebreak,ontario,105,0,85.0,38.56,300.13166666666666
optionA_tie_0.20,carbonscaler_price_tiebreak,ontario,106,0,100.0,38.34,65.23166666666667
optionA_tie_0.20,carbonscaler_price_tiebreak,ontario,107,0,98.0,44.24,37.69166666666667
optionA_tie_0.20,carbonscaler_price_tiebreak,ontario,108,0,107.0,40.02,37.711666666666666
optionA_tie_0.20,carbonscaler_price_tiebreak,ontario,109,0,117.0,39.73,31.875
optionA_tie_0.20,carbonscaler_price_tiebreak,ontario,110,0,121.0,45.08,31.05
optionA_tie_0.20,carbonscaler_price_tiebreak,ontario,111,0,120.0,43.22,29.790833333333335
optionA_tie_0.20,carbonscaler_price_tiebreak,ontario,112,0,113.0,50.91,36.05416666666667
optionA_tie_0.20,carbonscaler_price_tiebreak,ontario,113,0,111.0,59.6,27.55
optionA_tie_0.20,carbonscaler_price_tiebreak,ontario,114,0,109.0,68.96,35.61
optionA_tie_0.20,carbonscaler_price_tiebreak,ontario,115,0,110.0,64.28,38.329166666666666
optionA_tie_0.20,carbonscaler_price_tiebreak,ontario,116,0,102.0,54.21,36.972500000000004
optionA_tie_0.20,carbonscaler_price_tiebreak,ontario,117,0,111.0,46.3,37.40333333333333
optionA_tie_0.20,carbonscaler_price_tiebreak,ontario,118,0,99.0,43.91,30.51
optionA_tie_0.20,carbonscaler_price_tiebreak,ontario,119,0,100.0,38.92,27.84
optionA_tie_0.20,carbonscaler_price_tiebreak,ontario,120,0,107.0,44.41,38.76
optionA_tie_0.20,carbonscaler_price_tiebreak,ontario,121,0,101.0,39.33,36.759166666666665
optionA_tie_0.20,carbonscaler_price_tiebreak,ontario,122,0,101.0,37.31,34.015
optionA_tie_0.20,carbonscaler_price_tiebreak,ontario,123,0,97.0,39.4,38.65083333333333
optionA_tie_0.20,carbonscaler_price_tiebreak,ontario,124,0,93.0,40.41,38.821666666666665
optionA_tie_0.20,carbonscaler_price_tiebreak,ontario,125,0,91.0,51.01,54.589999999999996
optionA_tie_0.20,carbonscaler_price_tiebreak,ontario,126,0,89.0,51.96,41.85
optionA_tie_0.20,carbonscaler_price_tiebreak,ontario,127,0,90.0,53.48,35.2025
optionA_tie_0.20,carbonscaler_price_tiebreak,ontario,128,0,96.0,49.83,48.94583333333333
optionA_tie_0.20,carbonscaler_price_tiebreak,ontario,129,0,98.0,40.82,48.16583333333333
optionA_tie_0.20,carbonscaler_price_tiebreak,ontario,130,0,111.0,38.54,36.41416666666667
optionA_tie_0.20,carbonscaler_price_tiebreak,ontario,131,0,106.0,36.65,38.08583333333333
optionA_tie_0.20,carbonscaler_price_tiebreak,ontario,132,0,97.0,35.44,32.35166666666667
optionA_tie_0.20,carbonscaler_price_tiebreak,ontario,133,0,109.0,35.23,26.764166666666668
optionA_tie_0.20,carbonscaler_price_tiebreak,ontario,134,0,112.0,32.72,28.69333333333333
optionA_tie_0.20,carbonscaler_price_tiebreak,ontario,135,0,107.0,37.23,34.07666666666667
optionA_tie_0.20,carbonscaler_price_tiebreak,ontario,136,0,102.0,41.69,43.39333333333334
optionA_tie_0.20,carbonscaler_price_tiebreak,ontario,137,0,97.0,49.09,36.2775
optionA_tie_0.20,carbonscaler_price_tiebreak,ontario,138,0,89.0,57.12,26.605833333333333
optionA_tie_0.20,carbonscaler_price_tiebreak,ontario,139,0,89.0,51.5,26.763333333333335
optionA_tie_0.20,carbonscaler_price_tiebreak,ontario,140,0,89.0,43.25,35.38666666666667
optionA_tie_0.20,carbonscaler_price_tiebreak,ontario,141,0,93.0,40.56,36.7025
optionA_tie_0.20,carbonscaler_price_tiebreak,ontario,142,0,86.0,39.39,37.56166666666667
optionA_tie_0.20,carbonscaler_price_tiebreak,ontario,143,0,78.0,36.15,37.413333333333334
optionA_tie_0.20,carbonscaler_price_tiebreak,ontario,144,0,74.0,34.73,34.03416666666667
optionA_tie_0.20,carbonscaler_price_tiebreak,ontario,145,0,75.0,35.29,28.84
optionA_tie_0.20,carbonscaler_price_tiebreak,ontario,146,0,81.0,34.14,25.500833333333333
optionA_tie_0.20,carbonscaler_price_tiebreak,ontario,147,0,88.0,34.63,17.543333333333333
optionA_tie_0.20,carbonscaler_price_tiebreak,ontario,148,0,85.0,34.86,32.51083333333333
optionA_tie_0.20,carbonscaler_price_tiebreak,ontario,149,0,75.0,36.64,32.517500000000005
optionA_tie_0.20,carbonscaler_price_tiebreak,ontario,150,0,62.0,37.94,37.737500000000004
optionA_tie_0.20,carbonscaler_price_tiebreak,ontario,151,0,61.0,45.46,45.17249999999999
optionA_tie_0.20,carbonscaler_price_tiebreak,ontario,152,0,63.0,45.88,32.65416666666667
optionA_tie_0.20,carbonscaler_price_tiebreak,ontario,153,0,68.0,49.25,32.468333333333334
optionA_tie_0.20,carbonscaler_price_tiebreak,ontario,154,0,70.0,49.13,59.362500000000004
optionA_tie_0.20,carbonscaler_price_tiebreak,ontario,155,0,74.0,41.47,47.10333333333333
optionA_tie_0.20,carbonscaler_price_tiebreak,ontario,156,0,84.0,38.62,33.2075
optionA_tie_0.20,carbonscaler_price_tiebreak,ontario,157,0,77.0,37.08,20.526666666666667
optionA_tie_0.20,carbonscaler_price_tiebreak,ontario,158,0,71.0,36.15,22.862499999999997
optionA_tie_0.20,carbonscaler_price_tiebreak,ontario,159,0,79.0,35.85,27.621666666666666
optionA_tie_0.20,carbonscaler_price_tiebreak,ontario,160,0,86.0,36.64,37.75083333333333
optionA_tie_0.20,carbonscaler_price_tiebreak,ontario,161,0,77.0,45.69,38.839999999999996
optionA_tie_0.20,carbonscaler_price_tiebreak,ontario,162,0,71.0,53.03,36.770833333333336
optionA_tie_0.20,carbonscaler_price_tiebreak,ontario,163,0,72.0,50.95,38.96
optionA_tie_0.20,carbonscaler_price_tiebreak,ontario,164,0,78.0,46.81,33.8875
optionA_tie_0.20,carbonscaler_price_tiebreak,ontario,165,0,86.0,39.8,31.951666666666668
optionA_tie_0.20,carbonscaler_price_tiebreak,ontario,166,0,93.0,38.09,30.215000000000003
optionA_tie_0.20,carbonscaler_price_tiebreak,ontario,167,0,93.0,38.22,23.973333333333333
optionB_budget0.80_beta0.01_gamma0.50,carbonscaler_budget,ontario,0,1,50.0,14.46,37.281666666666666
optionB_budget0.80_beta0.01_gamma0.50,carbonscaler_budget,ontario,1,1,49.0,14.91,33.41166666666667
optionB_budget0.80_beta0.01_gamma0.50,carbonscaler_budget,ontario,2,1,45.0,14.65,31.3
optionB_budget0.80_beta0.01_gamma0.50,carbonscaler_budget,ontario,3,1,44.0,14.93,34.589166666666664
optionB_budget0.80_beta0.01_gamma0.50,carbonscaler_budget,ontario,4,2,38.0,19.54,38.32666666666667
optionB_budget0.80_beta0.01_gamma0.50,carbonscaler_budget,ontario,5,2,39.0,26.39,31.050833333333333
optionB_budget0.80_beta0.01_gamma0.50,carbonscaler_budget,ontario,6,2,39.0,28.77,29.55333333333333
optionB_budget0.80_beta0.01_gamma0.50,carbonscaler_budget,ontario,7,2,39.0,43.28,33.685833333333335
optionB_budget0.80_beta0.01_gamma0.50,carbonscaler_budget,ontario,8,1,44.0,39.76,29.5
optionB_budget0.80_beta0.01_gamma0.50,carbonscaler_budget,ontario,9,1,49.0,35.49,40.14
optionB_budget0.80_beta0.01_gamma0.50,carbonscaler_budget,ontario,10,1,52.0,32.62,48.08416666666667
optionB_budget0.80_beta0.01_gamma0.50,carbonscaler_budget,ontario,11,1,52.0,35.96,50.5425
optionB_budget0.80_beta0.01_gamma0.50,carbonscaler_budget,ontario,12,0,54.0,36.16,41.22666666666667
optionB_budget0.80_beta0.01_gamma0.50,carbonscaler_budget,ontario,13,1,50.0,35.78,31.642500000000002
optionB_budget0.80_beta0.01_gamma0.50,carbonscaler_budget,ontario,14,0,56.0,35.83,33.13916666666666
optionB_budget0.80_beta0.01_gamma0.50,carbonscaler_budget,ontario,15,0,61.0,37.72,40.01583333333333
optionB_budget0.80_beta0.01_gamma0.50,carbonscaler_budget,ontario,16,0,64.0,37.85,50.650000000000006
optionB_budget0.80_beta0.01_gamma0.50,carbonscaler_budget,ontario,17,0,62.0,51.72,37.6775
optionB_budget0.80_beta0.01_gamma0.50,carbonscaler_budget,ontario,18,0,54.0,55.55,37.67250000000001
optionB_budget0.80_beta0.01_gamma0.50,carbonscaler_budget,ontario,19,0,55.0,53.78,37.278333333333336
optionB_budget0.80_beta0.01_gamma0.50,carbonscaler_budget,ontario,20,0,59.0,41.04,41.968333333333334
optionB_budget0.80_beta0.01_gamma0.50,carbonscaler_budget,ontario,21,0,74.0,32.67,26.171666666666667
optionB_budget0.80_beta0.01_gamma0.50,carbonscaler_budget,ontario,22,0,72.0,35.35,25.061666666666667
optionB_budget0.80_beta0.01_gamma0.50,carbonscaler_budget,ontario,23,0,71.0,26.53,23.230833333333333
optionB_budget0.80_beta0.01_gamma0.50,carbonscaler_budget,ontario,24,0,70.0,29.7,14.858333333333334
optionB_budget0.80_beta0.01_gamma0.50,carbonscaler_budget,ontario,25,0,69.0,25.77,17.010833333333334
optionB_budget0.80_beta0.01_gamma0.50,carbonscaler_budget,ontario,26,0,62.0,27.41,17.040833333333335
optionB_budget0.80_beta0.01_gamma0.50,carbonscaler_budget,ontario,27,0,60.0,30.78,17.525833333333335
optionB_budget0.80_beta0.01_gamma0.50,carbonscaler_budget,ontario,28,1,50.0,28.77,16.649166666666666
optionB_budget0.80_beta0.01_gamma0.50,carbonscaler_budget,ontario,29,1,49.0,35.98,12.450833333333334
optionB_budget0.80_beta0.01_gamma0.50,carbonscaler_budget,ontario,30,1,50.0,50.81,29.266666666666666
optionB_budget0.80_beta0.01_gamma0.50,carbonscaler_budget,ontario,31,0,51.0,59.4,35.785833333333336
optionB_budget0.80_beta0.01_gamma0.50,carbonscaler_budget,ontario,32,0,56.0,51.35,46.8225
optionB_budget0.80_beta0.01_gamma0.50,carbonscaler_budget,ontario,33,0,67.0,43.09,40.39
optionB_budget0.80_beta0.01_gamma0.50,carbonscaler_budget,ontario,34,0,76.0,36.04,36.93
optionB_budget0.80_beta0.01_gamma0.50,carbonscaler_budget,ontario,35,0,82.0,35.69,47.035
optionB_budget0.80_beta0.01_gamma0.50,carbonscaler_budget,ontario,36,0,91.0,36.09,35.24583333333333
optionB_budget0.80_beta0.01_gamma0.50,carbonscaler_budget,ontario,37,0,96.0,35.58,18.120833333333334
optionB_budget0.80_beta0.01_gamma0.50,carbonscaler_budget,ontario,38,0,98.0,35.86,26.633333333333336
optionB_budget0.80_beta0.01_gamma0.50,carbonscaler_budget,ontario,39,0,100.0,40.39,30.180833333333336
optionB_budget0.80_beta0.01_gamma0.50,carbonscaler_budget,ontario,40,0,103.0,50.44,42.2925
optionB_budget0.80_beta0.01_gamma0.50,carbonscaler_budget,ontario,41,0,97.0,73.33,44.97
optionB_budget0.80_beta0.01_gamma0.50,carbonscaler_budget,ontario,42,0,90.0,94.93,84.375
optionB_budget0.80_beta0.01_gamma0.50,carbonscaler_budget,ontario,43,0,92.0,88.25,275.5933333333333
optionB_budget0.80_beta0.01_gamma0.50,carbonscaler_budget,ontario,44,0,105.0,72.52,122.33749999999999
optionB_budget0.80_beta0.01_gamma0.50,carbonscaler_budget,ontario,45,0,130.0,54.94,47.469166666666666
optionB_budget0.80_beta0.01_gamma0.50,carbonscaler_budget,ontario,46,0,136.0,43.61,39.211666666666666
optionB_budget0.80_beta0.01_gamma0.50,carbonscaler_budget,ontario,47,0,141.0,39.09,35.43083333333333
optionB_budget0.80_beta0.01_gamma0.50,carbonscaler_budget,ontario,48,0,148.0,49.12,37.15083333333333
optionB_budget0.80_beta0.01_gamma0.50,carbonscaler_budget,ontario,49,0,145.0,52.86,37.26083333333333
optionB_budget0.80_beta0.01_gamma0.50,carbonscaler_budget,ontario,50,0,140.0,50.51,38.05416666666667
optionB_budget0.80_beta0.01_gamma0.50,carbonscaler_budget,ontario,51,0,124.0,50.34,39.40333333333333
optionB_budget0.80_beta0.01_gamma0.50,carbonscaler_budget,ontario,52,0,122.0,46.79,47.62833333333333
optionB_budget0.80_beta0.01_gamma0.50,carbonscaler_budget,ontario,53,0,126.0,59.53,58.229166666666664
optionB_budget0.80_beta0.01_gamma0.50,carbonscaler_budget,ontario,54,0,129.0,105.91,50.64666666666667
optionB_budget0.80_beta0.01_gamma0.50,carbonscaler_budget,ontario,55,0,137.0,106.12,47.72416666666667
optionB_budget0.80_beta0.01_gamma0.50,carbonscaler_budget,ontario,56,0,143.0,61.53,48.03333333333333
optionB_budget0.80_beta0.01_gamma0.50,carbonscaler_budget,ontario,57,0,149.0,44.42,32.4175
optionB_budget0.80_beta0.01_gamma0.50,carbonscaler_budget,ontario,58,0,154.0,36.14,30.493333333333336
optionB_budget0.80_beta0.01_gamma0.50,carbonscaler_budget,ontario,59,0,154.0,35.47,30.366666666666664
optionB_budget0.80_beta0.01_gamma0.50,carbonscaler_budget,ontario,60,0,150.0,35.46,36.156666666666666
optionB_budget0.80_beta0.01_gamma0.50,carbonscaler_budget,ontario,61,0,147.0,27.61,37.915
optionB_budget0.80_beta0.01_gamma0.50,carbonscaler_budget,ontario,62,0,125.0,27.64,47.52583333333333
optionB_budget0.80_beta0.01_gamma0.50,carbonscaler_budget,ontario,63,0,112.0,35.58,49.13999999999999
optionB_budget0.80_beta0.01_gamma0.50,carbonscaler_budget,ontario,64,0,112.0,40.06,55.703333333333326
optionB_budget0.80_beta0.01_gamma0.50,carbonscaler_budget,ontario,65,0,118.0,54.54,59.62166666666667
optionB_budget0.80_beta0.01_gamma0.50,carbonscaler_budget,ontario,66,0,121.0,78.35,56.038333333333334
optionB_budget0.80_beta0.01_gamma0.50,carbonscaler_budget,ontario,67,0,125.0,63.47,70.19416666666667
optionB_budget0.80_beta0.01_gamma0.50,carbonscaler_budget,ontario,68,0,127.0,50.36,41.55166666666667
optionB_budget0.80_beta0.01_gamma0.50,carbonscaler_budget,ontario,69,0,135.0,37.17,37.35
optionB_budget0.80_beta0.01_gamma0.50,carbonscaler_budget,ontario,70,0,140.0,36.52,33.28666666666667
optionB_budget0.80_beta0.01_gamma0.50,carbonscaler_budget,ontario,71,0,141.0,36.17,34.604166666666664
optionB_budget0.80_beta0.01_gamma0.50,carbonscaler_budget,ontario,72,0,140.0,44.59,37.5325
optionB_budget0.80_beta0.01_gamma0.50,carbonscaler_budget,ontario,73,0,135.0,43.38,37.89083333333333
optionB_budget0.80_beta0.01_gamma0.50,carbonscaler_budget,ontario,74,0,131.0,37.79,36.09
optionB_budget0.80_beta0.01_gamma0.50,carbonscaler_budget,ontario,75,0,109.0,39.96,37.805
optionB_budget0.80_beta0.01_gamma0.50,carbonscaler_budget,ontario,76,0,112.0,39.81,38.26416666666667
optionB_budget0.80_beta0.01_gamma0.50,carbonscaler_budget,ontario,77,0,122.0,46.47,64.16166666666668
optionB_budget0.80_beta0.01_gamma0.50,carbonscaler_budget,ontario,78,0,120.0,65.6,129.94
optionB_budget0.80_beta0.01_gamma0.50,carbonscaler_budget,ontario,79,0,113.0,75.85,113.37166666666667
optionB_budget0.80_beta0.01_gamma0.50,carbonscaler_budget,ontario,80,0,119.0,63.62,202.23
optionB_budget0.80_beta0.01_gamma0.50,carbonscaler_budget,ontario,81,0,124.0,49.56,84.56916666666667
optionB_budget0.80_beta0.01_gamma0.50,carbonscaler_budget,ontario,82,0,139.0,43.01,43.4725
optionB_budget0.80_beta0.01_gamma0.50,carbonscaler_budget,ontario,83,0,144.0,41.35,36.63666666666666
optionB_budget0.80_beta0.01_gamma0.50,carbonscaler_budget,ontario,84,0,145.0,41.77,36.18333333333333
optionB_budget0.80_beta0.01_gamma0.50,carbonscaler_budget,ontario,85,0,144.0,38.31,41.73416666666667
optionB_budget0.80_beta0.01_gamma0.50,carbonscaler_budget,ontario,86,0,145.0,37.44,47.08166666666667
optionB_budget0.80_beta0.01_gamma0.50,carbonscaler_budget,ontario,87,0,138.0,38.3,38.05
optionB_budget0.80_beta0.01_gamma0.50,carbonscaler_budget,ontario,88,0,133.0,48.02,38.589999999999996
optionB_budget0.80_beta0.01_gamma0.50,carbonscaler_budget,ontario,89,0,124.0,60.28,38.622499999999995
optionB_budget0.80_beta0.01_gamma0.50,carbonscaler_budget,ontario,90,0,130.0,77.26,43.689166666666665
optionB_budget0.80_beta0.01_gamma0.50,carbonscaler_budget,ontario,91,0,132.0,71.28,42.440000000000005
optionB_budget0.80_beta0.01_gamma0.50,carbonscaler_budget,ontario,92,0,131.0,58.28,40.15083333333333
optionB_budget0.80_beta0.01_gamma0.50,carbonscaler_budget,ontario,93,0,130.0,43.69,43.84
optionB_budget0.80_beta0.01_gamma0.50,carbonscaler_budget,ontario,94,0,134.0,41.22,37.800000000000004
optionB_budget0.80_beta0.01_gamma0.50,carbonscaler_budget,ontario,95,0,135.0,39.86,35.3275
optionB_budget0.80_beta0.01_gamma0.50,carbonscaler_budget,ontario,96,0,137.0,44.42,25.348333333333333
optionB_budget0.80_beta0.01_gamma0.50,carbonscaler_budget,ontario,97,0,135.0,38.25,23.953333333333333
optionB_budget0.80_beta0.01_gamma0.50,carbonscaler_budget,ontario,98,0,138.0,36.09,14.425833333333332
optionB_budget0.80_beta0.01_gamma0.50,carbonscaler_budget,ontario,99,0,134.0,36.48,33.902499999999996
optionB_budget0.80_beta0.01_gamma0.50,carbonscaler_budget,ontario,100,0,123.0,33.49,20.290833333333335
optionB_budget0.80_beta0.01_gamma0.50,carbonscaler_budget,ontario,101,0,98.0,36.58,35.770833333333336
optionB_budget0.80_beta0.01_gamma0.50,carbonscaler_budget,ontario,102,0,86.0,43.16,39.869166666666665
optionB_budget0.80_beta0.01_gamma0.50,carbonscaler_budget,ontario,103,0,80.0,56.13,52.47416666666666
optionB_budget0.80_beta0.01_gamma0.50,carbonscaler_budget,ontario,104,0,86.0,47.7,234.91166666666666
optionB_budget0.80_beta0.01_gamma0.50,carbonscaler_budget,ontario,105,0,85.0,38.56,300.13166666666666
optionB_budget0.80_beta0.01_gamma0.50,carbonscaler_budget,ontario,106,0,100.0,38.34,65.23166666666667
optionB_budget0.80_beta0.01_gamma0.50,carbonscaler_budget,ontario,107,0,98.0,44.24,37.69166666666667
optionB_budget0.80_beta0.01_gamma0.50,carbonscaler_budget,ontario,108,0,107.0,40.02,37.711666666666666
optionB_budget0.80_beta0.01_gamma0.50,carbonscaler_budget,ontario,109,0,117.0,39.73,31.875
optionB_budget0.80_beta0.01_gamma0.50,carbonscaler_budget,ontario,110,0,121.0,45.08,31.05
optionB_budget0.80_beta0.01_gamma0.50,carbonscaler_budget,ontario,111,0,120.0,43.22,29.790833333333335
optionB_budget0.80_beta0.01_gamma0.50,carbonscaler_budget,ontario,112,0,113.0,50.91,36.05416666666667
optionB_budget0.80_beta0.01_gamma0.50,carbonscaler_budget,ontario,113,0,111.0,59.6,27.55
optionB_budget0.80_beta0.01_gamma0.50,carbonscaler_budget,ontario,114,0,109.0,68.96,35.61
optionB_budget0.80_beta0.01_gamma0.50,carbonscaler_budget,ontario,115,0,110.0,64.28,38.329166666666666
optionB_budget0.80_beta0.01_gamma0.50,carbonscaler_budget,ontario,116,0,102.0,54.21,36.972500000000004
optionB_budget0.80_beta0.01_gamma0.50,carbonscaler_budget,ontario,117,0,111.0,46.3,37.40333333333333
optionB_budget0.80_beta0.01_gamma0.50,carbonscaler_budget,ontario,118,0,99.0,43.91,30.51
optionB_budget0.80_beta0.01_gamma0.50,carbonscaler_budget,ontario,119,0,100.0,38.92,27.84
optionB_budget0.80_beta0.01_gamma0.50,carbonscaler_budget,ontario,120,0,107.0,44.41,38.76
optionB_budget0.80_beta0.01_gamma0.50,carbonscaler_budget,ontario,121,0,101.0,39.33,36.759166666666665
optionB_budget0.80_beta0.01_gamma0.50,carbonscaler_budget,ontario,122,0,101.0,37.31,34.015
optionB_budget0.80_beta0.01_gamma0.50,carbonscaler_budget,ontario,123,0,97.0,39.4,38.65083333333333
optionB_budget0.80_beta0.01_gamma0.50,carbonscaler_budget,ontario,124,0,93.0,40.41,38.821666666666665
optionB_budget0.80_beta0.01_gamma0.50,carbonscaler_budget,ontario,125,0,91.0,51.01,54.589999999999996
optionB_budget0.80_beta0.01_gamma0.50,carbonscaler_budget,ontario,126,0,89.0,51.96,41.85
optionB_budget0.80_beta0.01_gamma0.50,carbonscaler_budget,ontario,127,0,90.0,53.48,35.2025
optionB_budget0.80_beta0.01_gamma0.50,carbonscaler_budget,ontario,128,0,96.0,49.83,48.94583333333333
optionB_budget0.80_beta0.01_gamma0.50,carbonscaler_budget,ontario,129,0,98.0,40.82,48.16583333333333
optionB_budget0.80_beta0.01_gamma0.50,carbonscaler_budget,ontario,130,0,111.0,38.54,36.41416666666667
optionB_budget0.80_beta0.01_gamma0.50,carbonscaler_budget,ontario,131,0,106.0,36.65,38.08583333333333
optionB_budget0.80_beta0.01_gamma0.50,carbonscaler_budget,ontario,132,0,97.0,35.44,32.35166666666667
optionB_budget0.80_beta0.01_gamma0.50,carbonscaler_budget,ontario,133,0,109.0,35.23,26.764166666666668
optionB_budget0.80_beta0.01_gamma0.50,carbonscaler_budget,ontario,134,0,112.0,32.72,28.69333333333333
optionB_budget0.80_beta0.01_gamma0.50,carbonscaler_budget,ontario,135,0,107.0,37.23,34.07666666666667
optionB_budget0.80_beta0.01_gamma0.50,carbonscaler_budget,ontario,136,0,102.0,41.69,43.39333333333334
optionB_budget0.80_beta0.01_gamma0.50,carbonscaler_budget,ontario,137,0,97.0,49.09,36.2775
optionB_budget0.80_beta0.01_gamma0.50,carbonscaler_budget,ontario,138,0,89.0,57.12,26.605833333333333
optionB_budget0.80_beta0.01_gamma0.50,carbonscaler_budget,ontario,139,0,89.0,51.5,26.763333333333335
optionB_budget0.80_beta0.01_gamma0.50,carbonscaler_budget,ontario,140,0,89.0,43.25,35.38666666666667
optionB_budget0.80_beta0.01_gamma0.50,carbonscaler_budget,ontario,141,0,93.0,40.56,36.7025
optionB_budget0.80_beta0.01_gamma0.50,carbonscaler_budget,ontario,142,0,86.0,39.39,37.56166666666667
optionB_budget0.80_beta0.01_gamma0.50,carbonscaler_budget,ontario,143,0,78.0,36.15,37.413333333333334
optionB_budget0.80_beta0.01_gamma0.50,carbonscaler_budget,ontario,144,0,74.0,34.73,34.03416666666667
optionB_budget0.80_beta0.01_gamma0.50,carbonscaler_budget,ontario,145,0,75.0,35.29,28.84
optionB_budget0.80_beta0.01_gamma0.50,carbonscaler_budget,ontario,146,0,81.0,34.14,25.500833333333333
optionB_budget0.80_beta0.01_gamma0.50,carbonscaler_budget,ontario,147,0,88.0,34.63,17.543333333333333
optionB_budget0.80_beta0.01_gamma0.50,carbonscaler_budget,ontario,148,0,85.0,34.86,32.51083333333333
optionB_budget0.80_beta0.01_gamma0.50,carbonscaler_budget,ontario,149,0,75.0,36.64,32.517500000000005
optionB_budget0.80_beta0.01_gamma0.50,carbonscaler_budget,ontario,150,0,62.0,37.94,37.737500000000004
optionB_budget0.80_beta0.01_gamma0.50,carbonscaler_budget,ontario,151,0,61.0,45.46,45.17249999999999
optionB_budget0.80_beta0.01_gamma0.50,carbonscaler_budget,ontario,152,0,63.0,45.88,32.65416666666667
optionB_budget0.80_beta0.01_gamma0.50,carbonscaler_budget,ontario,153,0,68.0,49.25,32.468333333333334
optionB_budget0.80_beta0.01_gamma0.50,carbonscaler_budget,ontario,154,0,70.0,49.13,59.362500000000004
optionB_budget0.80_beta0.01_gamma0.50,carbonscaler_budget,ontario,155,0,74.0,41.47,47.10333333333333
optionB_budget0.80_beta0.01_gamma0.50,carbonscaler_budget,ontario,156,0,84.0,38.62,33.2075
optionB_budget0.80_beta0.01_gamma0.50,carbonscaler_budget,ontario,157,0,77.0,37.08,20.526666666666667
optionB_budget0.80_beta0.01_gamma0.50,carbonscaler_budget,ontario,158,0,71.0,36.15,22.862499999999997
optionB_budget0.80_beta0.01_gamma0.50,carbonscaler_budget,ontario,159,0,79.0,35.85,27.621666666666666
optionB_budget0.80_beta0.01_gamma0.50,carbonscaler_budget,ontario,160,0,86.0,36.64,37.75083333333333
optionB_budget0.80_beta0.01_gamma0.50,carbonscaler_budget,ontario,161,0,77.0,45.69,38.839999999999996
optionB_budget0.80_beta0.01_gamma0.50,carbonscaler_budget,ontario,162,0,71.0,53.03,36.770833333333336
optionB_budget0.80_beta0.01_gamma0.50,carbonscaler_budget,ontario,163,0,72.0,50.95,38.96
optionB_budget0.80_beta0.01_gamma0.50,carbonscaler_budget,ontario,164,0,78.0,46.81,33.8875
optionB_budget0.80_beta0.01_gamma0.50,carbonscaler_budget,ontario,165,0,86.0,39.8,31.951666666666668
optionB_budget0.80_beta0.01_gamma0.50,carbonscaler_budget,ontario,166,0,93.0,38.09,30.215000000000003
optionB_budget0.80_beta0.01_gamma0.50,carbonscaler_budget,ontario,167,0,93.0,38.22,23.973333333333333
optionB_budget0.85_beta0.01_gamma0.50,carbonscaler_budget,ontario,0,1,50.0,14.46,37.281666666666666
optionB_budget0.85_beta0.01_gamma0.50,carbonscaler_budget,ontario,1,2,49.0,14.91,33.41166666666667
optionB_budget0.85_beta0.01_gamma0.50,carbonscaler_budget,ontario,2,2,45.0,14.65,31.3
optionB_budget0.85_beta0.01_gamma0.50,carbonscaler_budget,ontario,3,2,44.0,14.93,34.589166666666664
optionB_budget0.85_beta0.01_gamma0.50,carbonscaler_budget,ontario,4,2,38.0,19.54,38.32666666666667
optionB_budget0.85_beta0.01_gamma0.50,carbonscaler_budget,ontario,5,2,39.0,26.39,31.050833333333333
optionB_budget0.85_beta0.01_gamma0.50,carbonscaler_budget,ontario,6,2,39.0,28.77,29.55333333333333
optionB_budget0.85_beta0.01_gamma0.50,carbonscaler_budget,ontario,7,2,39.0,43.28,33.685833333333335
optionB_budget0.85_beta0.01_gamma0.50,carbonscaler_budget,ontario,8,1,44.0,39.76,29.5
optionB_budget0.85_beta0.01_gamma0.50,carbonscaler_budget,ontario,9,1,49.0,35.49,40.14
optionB_budget0.85_beta0.01_gamma0.50,carbonscaler_budget,ontario,10,1,52.0,32.62,48.08416666666667
optionB_budget0.85_beta0.01_gamma0.50,carbonscaler_budget,ontario,11,1,52.0,35.96,50.5425
optionB_budget0.85_beta0.01_gamma0.50,carbonscaler_budget,ontario,12,0,54.0,36.16,41.22666666666667
optionB_budget0.85_beta0.01_gamma0.50,carbonscaler_budget,ontario,13,1,50.0,35.78,31.642500000000002
optionB_budget0.85_beta0.01_gamma0.50,carbonscaler_budget,ontario,14,0,56.0,35.83,33.13916666666666
optionB_budget0.85_beta0.01_gamma0.50,carbonscaler_budget,ontario,15,0,61.0,37.72,40.01583333333333
optionB_budget0.85_beta0.01_gamma0.50,carbonscaler_budget,ontario,16,0,64.0,37.85,50.650000000000006
optionB_budget0.85_beta0.01_gamma0.50,carbonscaler_budget,ontario,17,0,62.0,51.72,37.6775
optionB_budget0.85_beta0.01_gamma0.50,carbonscaler_budget,ontario,18,0,54.0,55.55,37.67250000000001
optionB_budget0.85_beta0.01_gamma0.50,carbonscaler_budget,ontario,19,0,55.0,53.78,37.278333333333336
optionB_budget0.85_beta0.01_gamma0.50,carbonscaler_budget,ontario,20,0,59.0,41.04,41.968333333333334
optionB_budget0.85_beta0.01_gamma0.50,carbonscaler_budget,ontario,21,0,74.0,32.67,26.171666666666667
optionB_budget0.85_beta0.01_gamma0.50,carbonscaler_budget,ontario,22,0,72.0,35.35,25.061666666666667
optionB_budget0.85_beta0.01_gamma0.50,carbonscaler_budget,ontario,23,0,71.0,26.53,23.230833333333333
optionB_budget0.85_beta0.01_gamma0.50,carbonscaler_budget,ontario,24,0,70.0,29.7,14.858333333333334
optionB_budget0.85_beta0.01_gamma0.50,carbonscaler_budget,ontario,25,0,69.0,25.77,17.010833333333334
optionB_budget0.85_beta0.01_gamma0.50,carbonscaler_budget,ontario,26,0,62.0,27.41,17.040833333333335
optionB_budget0.85_beta0.01_gamma0.50,carbonscaler_budget,ontario,27,0,60.0,30.78,17.525833333333335
optionB_budget0.85_beta0.01_gamma0.50,carbonscaler_budget,ontario,28,1,50.0,28.77,16.649166666666666
optionB_budget0.85_beta0.01_gamma0.50,carbonscaler_budget,ontario,29,1,49.0,35.98,12.450833333333334
optionB_budget0.85_beta0.01_gamma0.50,carbonscaler_budget,ontario,30,1,50.0,50.81,29.266666666666666
optionB_budget0.85_beta0.01_gamma0.50,carbonscaler_budget,ontario,31,0,51.0,59.4,35.785833333333336
optionB_budget0.85_beta0.01_gamma0.50,carbonscaler_budget,ontario,32,0,56.0,51.35,46.8225
optionB_budget0.85_beta0.01_gamma0.50,carbonscaler_budget,ontario,33,0,67.0,43.09,40.39
optionB_budget0.85_beta0.01_gamma0.50,carbonscaler_budget,ontario,34,0,76.0,36.04,36.93
optionB_budget0.85_beta0.01_gamma0.50,carbonscaler_budget,ontario,35,0,82.0,35.69,47.035
optionB_budget0.85_beta0.01_gamma0.50,carbonscaler_budget,ontario,36,0,91.0,36.09,35.24583333333333
optionB_budget0.85_beta0.01_gamma0.50,carbonscaler_budget,ontario,37,0,96.0,35.58,18.120833333333334
optionB_budget0.85_beta0.01_gamma0.50,carbonscaler_budget,ontario,38,0,98.0,35.86,26.633333333333336
optionB_budget0.85_beta0.01_gamma0.50,carbonscaler_budget,ontario,39,0,100.0,40.39,30.180833333333336
optionB_budget0.85_beta0.01_gamma0.50,carbonscaler_budget,ontario,40,0,103.0,50.44,42.2925
optionB_budget0.85_beta0.01_gamma0.50,carbonscaler_budget,ontario,41,0,97.0,73.33,44.97
optionB_budget0.85_beta0.01_gamma0.50,carbonscaler_budget,ontario,42,0,90.0,94.93,84.375
optionB_budget0.85_beta0.01_gamma0.50,carbonscaler_budget,ontario,43,0,92.0,88.25,275.5933333333333
optionB_budget0.85_beta0.01_gamma0.50,carbonscaler_budget,ontario,44,0,105.0,72.52,122.33749999999999
optionB_budget0.85_beta0.01_gamma0.50,carbonscaler_budget,ontario,45,0,130.0,54.94,47.469166666666666
optionB_budget0.85_beta0.01_gamma0.50,carbonscaler_budget,ontario,46,0,136.0,43.61,39.211666666666666
optionB_budget0.85_beta0.01_gamma0.50,carbonscaler_budget,ontario,47,0,141.0,39.09,35.43083333333333
optionB_budget0.85_beta0.01_gamma0.50,carbonscaler_budget,ontario,48,0,148.0,49.12,37.15083333333333
optionB_budget0.85_beta0.01_gamma0.50,carbonscaler_budget,ontario,49,0,145.0,52.86,37.26083333333333
optionB_budget0.85_beta0.01_gamma0.50,carbonscaler_budget,ontario,50,0,140.0,50.51,38.05416666666667
optionB_budget0.85_beta0.01_gamma0.50,carbonscaler_budget,ontario,51,0,124.0,50.34,39.40333333333333
optionB_budget0.85_beta0.01_gamma0.50,carbonscaler_budget,ontario,52,0,122.0,46.79,47.62833333333333
optionB_budget0.85_beta0.01_gamma0.50,carbonscaler_budget,ontario,53,0,126.0,59.53,58.229166666666664
optionB_budget0.85_beta0.01_gamma0.50,carbonscaler_budget,ontario,54,0,129.0,105.91,50.64666666666667
optionB_budget0.85_beta0.01_gamma0.50,carbonscaler_budget,ontario,55,0,137.0,106.12,47.72416666666667
optionB_budget0.85_beta0.01_gamma0.50,carbonscaler_budget,ontario,56,0,143.0,61.53,48.03333333333333
optionB_budget0.85_beta0.01_gamma0.50,carbonscaler_budget,ontario,57,0,149.0,44.42,32.4175
optionB_budget0.85_beta0.01_gamma0.50,carbonscaler_budget,ontario,58,0,154.0,36.14,30.493333333333336
optionB_budget0.85_beta0.01_gamma0.50,carbonscaler_budget,ontario,59,0,154.0,35.47,30.366666666666664
optionB_budget0.85_beta0.01_gamma0.50,carbonscaler_budget,ontario,60,0,150.0,35.46,36.156666666666666
optionB_budget0.85_beta0.01_gamma0.50,carbonscaler_budget,ontario,61,0,147.0,27.61,37.915
optionB_budget0.85_beta0.01_gamma0.50,carbonscaler_budget,ontario,62,0,125.0,27.64,47.52583333333333
optionB_budget0.85_beta0.01_gamma0.50,carbonscaler_budget,ontario,63,0,112.0,35.58,49.13999999999999
optionB_budget0.85_beta0.01_gamma0.50,carbonscaler_budget,ontario,64,0,112.0,40.06,55.703333333333326
optionB_budget0.85_beta0.01_gamma0.50,carbonscaler_budget,ontario,65,0,118.0,54.54,59.62166666666667
optionB_budget0.85_beta0.01_gamma0.50,carbonscaler_budget,ontario,66,0,121.0,78.35,56.038333333333334
optionB_budget0.85_beta0.01_gamma0.50,carbonscaler_budget,ontario,67,0,125.0,63.47,70.19416666666667
optionB_budget0.85_beta0.01_gamma0.50,carbonscaler_budget,ontario,68,0,127.0,50.36,41.55166666666667
optionB_budget0.85_beta0.01_gamma0.50,carbonscaler_budget,ontario,69,0,135.0,37.17,37.35
optionB_budget0.85_beta0.01_gamma0.50,carbonscaler_budget,ontario,70,0,140.0,36.52,33.28666666666667
optionB_budget0.85_beta0.01_gamma0.50,carbonscaler_budget,ontario,71,0,141.0,36.17,34.604166666666664
optionB_budget0.85_beta0.01_gamma0.50,carbonscaler_budget,ontario,72,0,140.0,44.59,37.5325
optionB_budget0.85_beta0.01_gamma0.50,carbonscaler_budget,ontario,73,0,135.0,43.38,37.89083333333333
optionB_budget0.85_beta0.01_gamma0.50,carbonscaler_budget,ontario,74,0,131.0,37.79,36.09
optionB_budget0.85_beta0.01_gamma0.50,carbonscaler_budget,ontario,75,0,109.0,39.96,37.805
optionB_budget0.85_beta0.01_gamma0.50,carbonscaler_budget,ontario,76,0,112.0,39.81,38.26416666666667
optionB_budget0.85_beta0.01_gamma0.50,carbonscaler_budget,ontario,77,0,122.0,46.47,64.16166666666668
optionB_budget0.85_beta0.01_gamma0.50,carbonscaler_budget,ontario,78,0,120.0,65.6,129.94
optionB_budget0.85_beta0.01_gamma0.50,carbonscaler_budget,ontario,79,0,113.0,75.85,113.37166666666667
optionB_budget0.85_beta0.01_gamma0.50,carbonscaler_budget,ontario,80,0,119.0,63.62,202.23
optionB_budget0.85_beta0.01_gamma0.50,carbonscaler_budget,ontario,81,0,124.0,49.56,84.56916666666667
optionB_budget0.85_beta0.01_gamma0.50,carbonscaler_budget,ontario,82,0,139.0,43.01,43.4725
optionB_budget0.85_beta0.01_gamma0.50,carbonscaler_budget,ontario,83,0,144.0,41.35,36.63666666666666
optionB_budget0.85_beta0.01_gamma0.50,carbonscaler_budget,ontario,84,0,145.0,41.77,36.18333333333333
optionB_budget0.85_beta0.01_gamma0.50,carbonscaler_budget,ontario,85,0,144.0,38.31,41.73416666666667
optionB_budget0.85_beta0.01_gamma0.50,carbonscaler_budget,ontario,86,0,145.0,37.44,47.08166666666667
optionB_budget0.85_beta0.01_gamma0.50,carbonscaler_budget,ontario,87,0,138.0,38.3,38.05
optionB_budget0.85_beta0.01_gamma0.50,carbonscaler_budget,ontario,88,0,133.0,48.02,38.589999999999996
optionB_budget0.85_beta0.01_gamma0.50,carbonscaler_budget,ontario,89,0,124.0,60.28,38.622499999999995
optionB_budget0.85_beta0.01_gamma0.50,carbonscaler_budget,ontario,90,0,130.0,77.26,43.689166666666665
optionB_budget0.85_beta0.01_gamma0.50,carbonscaler_budget,ontario,91,0,132.0,71.28,42.440000000000005
optionB_budget0.85_beta0.01_gamma0.50,carbonscaler_budget,ontario,92,0,131.0,58.28,40.15083333333333
optionB_budget0.85_beta0.01_gamma0.50,carbonscaler_budget,ontario,93,0,130.0,43.69,43.84
optionB_budget0.85_beta0.01_gamma0.50,carbonscaler_budget,ontario,94,0,134.0,41.22,37.800000000000004
optionB_budget0.85_beta0.01_gamma0.50,carbonscaler_budget,ontario,95,0,135.0,39.86,35.3275
optionB_budget0.85_beta0.01_gamma0.50,carbonscaler_budget,ontario,96,0,137.0,44.42,25.348333333333333
optionB_budget0.85_beta0.01_gamma0.50,carbonscaler_budget,ontario,97,0,135.0,38.25,23.953333333333333
optionB_budget0.85_beta0.01_gamma0.50,carbonscaler_budget,ontario,98,0,138.0,36.09,14.425833333333332
optionB_budget0.85_beta0.01_gamma0.50,carbonscaler_budget,ontario,99,0,134.0,36.48,33.902499999999996
optionB_budget0.85_beta0.01_gamma0.50,carbonscaler_budget,ontario,100,0,123.0,33.49,20.290833333333335
optionB_budget0.85_beta0.01_gamma0.50,carbonscaler_budget,ontario,101,0,98.0,36.58,35.770833333333336
optionB_budget0.85_beta0.01_gamma0.50,carbonscaler_budget,ontario,102,0,86.0,43.16,39.869166666666665
optionB_budget0.85_beta0.01_gamma0.50,carbonscaler_budget,ontario,103,0,80.0,56.13,52.47416666666666
optionB_budget0.85_beta0.01_gamma0.50,carbonscaler_budget,ontario,104,0,86.0,47.7,234.91166666666666
optionB_budget0.85_beta0.01_gamma0.50,carbonscaler_budget,ontario,105,0,85.0,38.56,300.13166666666666
optionB_budget0.85_beta0.01_gamma0.50,carbonscaler_budget,ontario,106,0,100.0,38.34,65.23166666666667
optionB_budget0.85_beta0.01_gamma0.50,carbonscaler_budget,ontario,107,0,98.0,44.24,37.69166666666667
optionB_budget0.85_beta0.01_gamma0.50,carbonscaler_budget,ontario,108,0,107.0,40.02,37.711666666666666
optionB_budget0.85_beta0.01_gamma0.50,carbonscaler_budget,ontario,109,0,117.0,39.73,31.875
optionB_budget0.85_beta0.01_gamma0.50,carbonscaler_budget,ontario,110,0,121.0,45.08,31.05
optionB_budget0.85_beta0.01_gamma0.50,carbonscaler_budget,ontario,111,0,120.0,43.22,29.790833333333335
optionB_budget0.85_beta0.01_gamma0.50,carbonscaler_budget,ontario,112,0,113.0,50.91,36.05416666666667
optionB_budget0.85_beta0.01_gamma0.50,carbonscaler_budget,ontario,113,0,111.0,59.6,27.55
optionB_budget0.85_beta0.01_gamma0.50,carbonscaler_budget,ontario,114,0,109.0,68.96,35.61
optionB_budget0.85_beta0.01_gamma0.50,carbonscaler_budget,ontario,115,0,110.0,64.28,38.329166666666666
optionB_budget0.85_beta0.01_gamma0.50,carbonscaler_budget,ontario,116,0,102.0,54.21,36.972500000000004
optionB_budget0.85_beta0.01_gamma0.50,carbonscaler_budget,ontario,117,0,111.0,46.3,37.40333333333333
optionB_budget0.85_beta0.01_gamma0.50,carbonscaler_budget,ontario,118,0,99.0,43.91,30.51
optionB_budget0.85_beta0.01_gamma0.50,carbonscaler_budget,ontario,119,0,100.0,38.92,27.84
optionB_budget0.85_beta0.01_gamma0.50,carbonscaler_budget,ontario,120,0,107.0,44.41,38.76
optionB_budget0.85_beta0.01_gamma0.50,carbonscaler_budget,ontario,121,0,101.0,39.33,36.759166666666665
optionB_budget0.85_beta0.01_gamma0.50,carbonscaler_budget,ontario,122,0,101.0,37.31,34.015
optionB_budget0.85_beta0.01_gamma0.50,carbonscaler_budget,ontario,123,0,97.0,39.4,38.65083333333333
optionB_budget0.85_beta0.01_gamma0.50,carbonscaler_budget,ontario,124,0,93.0,40.41,38.821666666666665
optionB_budget0.85_beta0.01_gamma0.50,carbonscaler_budget,ontario,125,0,91.0,51.01,54.589999999999996
optionB_budget0.85_beta0.01_gamma0.50,carbonscaler_budget,ontario,126,0,89.0,51.96,41.85
optionB_budget0.85_beta0.01_gamma0.50,carbonscaler_budget,ontario,127,0,90.0,53.48,35.2025
optionB_budget0.85_beta0.01_gamma0.50,carbonscaler_budget,ontario,128,0,96.0,49.83,48.94583333333333
optionB_budget0.85_beta0.01_gamma0.50,carbonscaler_budget,ontario,129,0,98.0,40.82,48.16583333333333
optionB_budget0.85_beta0.01_gamma0.50,carbonscaler_budget,ontario,130,0,111.0,38.54,36.41416666666667
optionB_budget0.85_beta0.01_gamma0.50,carbonscaler_budget,ontario,131,0,106.0,36.65,38.08583333333333
optionB_budget0.85_beta0.01_gamma0.50,carbonscaler_budget,ontario,132,0,97.0,35.44,32.35166666666667
optionB_budget0.85_beta0.01_gamma0.50,carbonscaler_budget,ontario,133,0,109.0,35.23,26.764166666666668
optionB_budget0.85_beta0.01_gamma0.50,carbonscaler_budget,ontario,134,0,112.0,32.72,28.69333333333333
optionB_budget0.85_beta0.01_gamma0.50,carbonscaler_budget,ontario,135,0,107.0,37.23,34.07666666666667
optionB_budget0.85_beta0.01_gamma0.50,carbonscaler_budget,ontario,136,0,102.0,41.69,43.39333333333334
optionB_budget0.85_beta0.01_gamma0.50,carbonscaler_budget,ontario,137,0,97.0,49.09,36.2775
optionB_budget0.85_beta0.01_gamma0.50,carbonscaler_budget,ontario,138,0,89.0,57.12,26.605833333333333
optionB_budget0.85_beta0.01_gamma0.50,carbonscaler_budget,ontario,139,0,89.0,51.5,26.763333333333335
optionB_budget0.85_beta0.01_gamma0.50,carbonscaler_budget,ontario,140,0,89.0,43.25,35.38666666666667
optionB_budget0.85_beta0.01_gamma0.50,carbonscaler_budget,ontario,141,0,93.0,40.56,36.7025
optionB_budget0.85_beta0.01_gamma0.50,carbonscaler_budget,ontario,142,0,86.0,39.39,37.56166666666667
optionB_budget0.85_beta0.01_gamma0.50,carbonscaler_budget,ontario,143,0,78.0,36.15,37.413333333333334
optionB_budget0.85_beta0.01_gamma0.50,carbonscaler_budget,ontario,144,0,74.0,34.73,34.03416666666667
optionB_budget0.85_beta0.01_gamma0.50,carbonscaler_budget,ontario,145,0,75.0,35.29,28.84
optionB_budget0.85_beta0.01_gamma0.50,carbonscaler_budget,ontario,146,0,81.0,34.14,25.500833333333333
optionB_budget0.85_beta0.01_gamma0.50,carbonscaler_budget,ontario,147,0,88.0,34.63,17.543333333333333
optionB_budget0.85_beta0.01_gamma0.50,carbonscaler_budget,ontario,148,0,85.0,34.86,32.51083333333333
optionB_budget0.85_beta0.01_gamma0.50,carbonscaler_budget,ontario,149,0,75.0,36.64,32.517500000000005
optionB_budget0.85_beta0.01_gamma0.50,carbonscaler_budget,ontario,150,0,62.0,37.94,37.737500000000004
optionB_budget0.85_beta0.01_gamma0.50,carbonscaler_budget,ontario,151,0,61.0,45.46,45.17249999999999
optionB_budget0.85_beta0.01_gamma0.50,carbonscaler_budget,ontario,152,0,63.0,45.88,32.65416666666667
optionB_budget0.85_beta0.01_gamma0.50,carbonscaler_budget,ontario,153,0,68.0,49.25,32.468333333333334
optionB_budget0.85_beta0.01_gamma0.50,carbonscaler_budget,ontario,154,0,70.0,49.13,59.362500000000004
optionB_budget0.85_beta0.01_gamma0.50,carbonscaler_budget,ontario,155,0,74.0,41.47,47.10333333333333
optionB_budget0.85_beta0.01_gamma0.50,carbonscaler_budget,ontario,156,0,84.0,38.62,33.2075
optionB_budget0.85_beta0.01_gamma0.50,carbonscaler_budget,ontario,157,0,77.0,37.08,20.526666666666667
optionB_budget0.85_beta0.01_gamma0.50,carbonscaler_budget,ontario,158,0,71.0,36.15,22.862499999999997
optionB_budget0.85_beta0.01_gamma0.50,carbonscaler_budget,ontario,159,0,79.0,35.85,27.621666666666666
optionB_budget0.85_beta0.01_gamma0.50,carbonscaler_budget,ontario,160,0,86.0,36.64,37.75083333333333
optionB_budget0.85_beta0.01_gamma0.50,carbonscaler_budget,ontario,161,0,77.0,45.69,38.839999999999996
optionB_budget0.85_beta0.01_gamma0.50,carbonscaler_budget,ontario,162,0,71.0,53.03,36.770833333333336
optionB_budget0.85_beta0.01_gamma0.50,carbonscaler_budget,ontario,163,0,72.0,50.95,38.96
optionB_budget0.85_beta0.01_gamma0.50,carbonscaler_budget,ontario,164,0,78.0,46.81,33.8875
optionB_budget0.85_beta0.01_gamma0.50,carbonscaler_budget,ontario,165,0,86.0,39.8,31.951666666666668
optionB_budget0.85_beta0.01_gamma0.50,carbonscaler_budget,ontario,166,0,93.0,38.09,30.215000000000003
optionB_budget0.85_beta0.01_gamma0.50,carbonscaler_budget,ontario,167,0,93.0,38.22,23.973333333333333
optionB_budget0.90_beta0.01_gamma0.50,carbonscaler_budget,ontario,0,2,50.0,14.46,37.281666666666666
optionB_budget0.90_beta0.01_gamma0.50,carbonscaler_budget,ontario,1,1,49.0,14.91,33.41166666666667
optionB_budget0.90_beta0.01_gamma0.50,carbonscaler_budget,ontario,2,1,45.0,14.65,31.3
optionB_budget0.90_beta0.01_gamma0.50,carbonscaler_budget,ontario,3,2,44.0,14.93,34.589166666666664
optionB_budget0.90_beta0.01_gamma0.50,carbonscaler_budget,ontario,4,2,38.0,19.54,38.32666666666667
optionB_budget0.90_beta0.01_gamma0.50,carbonscaler_budget,ontario,5,2,39.0,26.39,31.050833333333333
optionB_budget0.90_beta0.01_gamma0.50,carbonscaler_budget,ontario,6,2,39.0,28.77,29.55333333333333
optionB_budget0.90_beta0.01_gamma0.50,carbonscaler_budget,ontario,7,2,39.0,43.28,33.685833333333335
optionB_budget0.90_beta0.01_gamma0.50,carbonscaler_budget,ontario,8,1,44.0,39.76,29.5
optionB_budget0.90_beta0.01_gamma0.50,carbonscaler_budget,ontario,9,1,49.0,35.49,40.14
optionB_budget0.90_beta0.01_gamma0.50,carbonscaler_budget,ontario,10,1,52.0,32.62,48.08416666666667
optionB_budget0.90_beta0.01_gamma0.50,carbonscaler_budget,ontario,11,1,52.0,35.96,50.5425
optionB_budget0.90_beta0.01_gamma0.50,carbonscaler_budget,ontario,12,0,54.0,36.16,41.22666666666667
optionB_budget0.90_beta0.01_gamma0.50,carbonscaler_budget,ontario,13,1,50.0,35.78,31.642500000000002
optionB_budget0.90_beta0.01_gamma0.50,carbonscaler_budget,ontario,14,0,56.0,35.83,33.13916666666666
optionB_budget0.90_beta0.01_gamma0.50,carbonscaler_budget,ontario,15,0,61.0,37.72,40.01583333333333
optionB_budget0.90_beta0.01_gamma0.50,carbonscaler_budget,ontario,16,0,64.0,37.85,50.650000000000006
optionB_budget0.90_beta0.01_gamma0.50,carbonscaler_budget,ontario,17,0,62.0,51.72,37.6775
optionB_budget0.90_beta0.01_gamma0.50,carbonscaler_budget,ontario,18,0,54.0,55.55,37.67250000000001
optionB_budget0.90_beta0.01_gamma0.50,carbonscaler_budget,ontario,19,0,55.0,53.78,37.278333333333336
optionB_budget0.90_beta0.01_gamma0.50,carbonscaler_budget,ontario,20,0,59.0,41.04,41.968333333333334
optionB_budget0.90_beta0.01_gamma0.50,carbonscaler_budget,ontario,21,0,74.0,32.67,26.171666666666667
optionB_budget0.90_beta0.01_gamma0.50,carbonscaler_budget,ontario,22,0,72.0,35.35,25.061666666666667
optionB_budget0.90_beta0.01_gamma0.50,carbonscaler_budget,ontario,23,0,71.0,26.53,23.230833333333333
optionB_budget0.90_beta0.01_gamma0.50,carbonscaler_budget,ontario,24,0,70.0,29.7,14.858333333333334
optionB_budget0.90_beta0.01_gamma0.50,carbonscaler_budget,ontario,25,0,69.0,25.77,17.010833333333334
optionB_budget0.90_beta0.01_gamma0.50,carbonscaler_budget,ontario,26,0,62.0,27.41,17.040833333333335
optionB_budget0.90_beta0.01_gamma0.50,carbonscaler_budget,ontario,27,0,60.0,30.78,17.525833333333335
optionB_budget0.90_beta0.01_gamma0.50,carbonscaler_budget,ontario,28,1,50.0,28.77,16.649166666666666
optionB_budget0.90_beta0.01_gamma0.50,carbonscaler_budget,ontario,29,1,49.0,35.98,12.450833333333334
optionB_budget0.90_beta0.01_gamma0.50,carbonscaler_budget,ontario,30,1,50.0,50.81,29.266666666666666
optionB_budget0.90_beta0.01_gamma0.50,carbonscaler_budget,ontario,31,1,51.0,59.4,35.785833333333336
optionB_budget0.90_beta0.01_gamma0.50,carbonscaler_budget,ontario,32,0,56.0,51.35,46.8225
optionB_budget0.90_beta0.01_gamma0.50,carbonscaler_budget,ontario,33,0,67.0,43.09,40.39
optionB_budget0.90_beta0.01_gamma0.50,carbonscaler_budget,ontario,34,0,76.0,36.04,36.93
optionB_budget0.90_beta0.01_gamma0.50,carbonscaler_budget,ontario,35,0,82.0,35.69,47.035
optionB_budget0.90_beta0.01_gamma0.50,carbonscaler_budget,ontario,36,0,91.0,36.09,35.24583333333333
optionB_budget0.90_beta0.01_gamma0.50,carbonscaler_budget,ontario,37,0,96.0,35.58,18.120833333333334
optionB_budget0.90_beta0.01_gamma0.50,carbonscaler_budget,ontario,38,0,98.0,35.86,26.633333333333336
optionB_budget0.90_beta0.01_gamma0.50,carbonscaler_budget,ontario,39,0,100.0,40.39,30.180833333333336
optionB_budget0.90_beta0.01_gamma0.50,carbonscaler_budget,ontario,40,0,103.0,50.44,42.2925
optionB_budget0.90_beta0.01_gamma0.50,carbonscaler_budget,ontario,41,0,97.0,73.33,44.97
optionB_budget0.90_beta0.01_gamma0.50,carbonscaler_budget,ontario,42,0,90.0,94.93,84.375
optionB_budget0.90_beta0.01_gamma0.50,carbonscaler_budget,ontario,43,0,92.0,88.25,275.5933333333333
optionB_budget0.90_beta0.01_gamma0.50,carbonscaler_budget,ontario,44,0,105.0,72.52,122.33749999999999
optionB_budget0.90_beta0.01_gamma0.50,carbonscaler_budget,ontario,45,0,130.0,54.94,47.469166666666666
optionB_budget0.90_beta0.01_gamma0.50,carbonscaler_budget,ontario,46,0,136.0,43.61,39.211666666666666
optionB_budget0.90_beta0.01_gamma0.50,carbonscaler_budget,ontario,47,0,141.0,39.09,35.43083333333333
optionB_budget0.90_beta0.01_gamma0.50,carbonscaler_budget,ontario,48,0,148.0,49.12,37.15083333333333
optionB_budget0.90_beta0.01_gamma0.50,carbonscaler_budget,ontario,49,0,145.0,52.86,37.26083333333333
optionB_budget0.90_beta0.01_gamma0.50,carbonscaler_budget,ontario,50,0,140.0,50.51,38.05416666666667
optionB_budget0.90_beta0.01_gamma0.50,carbonscaler_budget,ontario,51,0,124.0,50.34,39.40333333333333
optionB_budget0.90_beta0.01_gamma0.50,carbonscaler_budget,ontario,52,0,122.0,46.79,47.62833333333333
optionB_budget0.90_beta0.01_gamma0.50,carbonscaler_budget,ontario,53,0,126.0,59.53,58.229166666666664
optionB_budget0.90_beta0.01_gamma0.50,carbonscaler_budget,ontario,54,0,129.0,105.91,50.64666666666667
optionB_budget0.90_beta0.01_gamma0.50,carbonscaler_budget,ontario,55,0,137.0,106.12,47.72416666666667
optionB_budget0.90_beta0.01_gamma0.50,carbonscaler_budget,ontario,56,0,143.0,61.53,48.03333333333333
optionB_budget0.90_beta0.01_gamma0.50,carbonscaler_budget,ontario,57,0,149.0,44.42,32.4175
optionB_budget0.90_beta0.01_gamma0.50,carbonscaler_budget,ontario,58,0,154.0,36.14,30.493333333333336
optionB_budget0.90_beta0.01_gamma0.50,carbonscaler_budget,ontario,59,0,154.0,35.47,30.366666666666664
optionB_budget0.90_beta0.01_gamma0.50,carbonscaler_budget,ontario,60,0,150.0,35.46,36.156666666666666
optionB_budget0.90_beta0.01_gamma0.50,carbonscaler_budget,ontario,61,0,147.0,27.61,37.915
optionB_budget0.90_beta0.01_gamma0.50,carbonscaler_budget,ontario,62,0,125.0,27.64,47.52583333333333
optionB_budget0.90_beta0.01_gamma0.50,carbonscaler_budget,ontario,63,0,112.0,35.58,49.13999999999999
optionB_budget0.90_beta0.01_gamma0.50,carbonscaler_budget,ontario,64,0,112.0,40.06,55.703333333333326
optionB_budget0.90_beta0.01_gamma0.50,carbonscaler_budget,ontario,65,0,118.0,54.54,59.62166666666667
optionB_budget0.90_beta0.01_gamma0.50,carbonscaler_budget,ontario,66,0,121.0,78.35,56.038333333333334
optionB_budget0.90_beta0.01_gamma0.50,carbonscaler_budget,ontario,67,0,125.0,63.47,70.19416666666667
optionB_budget0.90_beta0.01_gamma0.50,carbonscaler_budget,ontario,68,0,127.0,50.36,41.55166666666667
optionB_budget0.90_beta0.01_gamma0.50,carbonscaler_budget,ontario,69,0,135.0,37.17,37.35
optionB_budget0.90_beta0.01_gamma0.50,carbonscaler_budget,ontario,70,0,140.0,36.52,33.28666666666667
optionB_budget0.90_beta0.01_gamma0.50,carbonscaler_budget,ontario,71,0,141.0,36.17,34.604166666666664
optionB_budget0.90_beta0.01_gamma0.50,carbonscaler_budget,ontario,72,0,140.0,44.59,37.5325
optionB_budget0.90_beta0.01_gamma0.50,carbonscaler_budget,ontario,73,0,135.0,43.38,37.89083333333333
optionB_budget0.90_beta0.01_gamma0.50,carbonscaler_budget,ontario,74,0,131.0,37.79,36.09
optionB_budget0.90_beta0.01_gamma0.50,carbonscaler_budget,ontario,75,0,109.0,39.96,37.805
optionB_budget0.90_beta0.01_gamma0.50,carbonscaler_budget,ontario,76,0,112.0,39.81,38.26416666666667
optionB_budget0.90_beta0.01_gamma0.50,carbonscaler_budget,ontario,77,0,122.0,46.47,64.16166666666668
optionB_budget0.90_beta0.01_gamma0.50,carbonscaler_budget,ontario,78,0,120.0,65.6,129.94
optionB_budget0.90_beta0.01_gamma0.50,carbonscaler_budget,ontario,79,0,113.0,75.85,113.37166666666667
optionB_budget0.90_beta0.01_gamma0.50,carbonscaler_budget,ontario,80,0,119.0,63.62,202.23
optionB_budget0.90_beta0.01_gamma0.50,carbonscaler_budget,ontario,81,0,124.0,49.56,84.56916666666667
optionB_budget0.90_beta0.01_gamma0.50,carbonscaler_budget,ontario,82,0,139.0,43.01,43.4725
optionB_budget0.90_beta0.01_gamma0.50,carbonscaler_budget,ontario,83,0,144.0,41.35,36.63666666666666
optionB_budget0.90_beta0.01_gamma0.50,carbonscaler_budget,ontario,84,0,145.0,41.77,36.18333333333333
optionB_budget0.90_beta0.01_gamma0.50,carbonscaler_budget,ontario,85,0,144.0,38.31,41.73416666666667
optionB_budget0.90_beta0.01_gamma0.50,carbonscaler_budget,ontario,86,0,145.0,37.44,47.08166666666667
optionB_budget0.90_beta0.01_gamma0.50,carbonscaler_budget,ontario,87,0,138.0,38.3,38.05
optionB_budget0.90_beta0.01_gamma0.50,carbonscaler_budget,ontario,88,0,133.0,48.02,38.589999999999996
optionB_budget0.90_beta0.01_gamma0.50,carbonscaler_budget,ontario,89,0,124.0,60.28,38.622499999999995
optionB_budget0.90_beta0.01_gamma0.50,carbonscaler_budget,ontario,90,0,130.0,77.26,43.689166666666665
optionB_budget0.90_beta0.01_gamma0.50,carbonscaler_budget,ontario,91,0,132.0,71.28,42.440000000000005
optionB_budget0.90_beta0.01_gamma0.50,carbonscaler_budget,ontario,92,0,131.0,58.28,40.15083333333333
optionB_budget0.90_beta0.01_gamma0.50,carbonscaler_budget,ontario,93,0,130.0,43.69,43.84
optionB_budget0.90_beta0.01_gamma0.50,carbonscaler_budget,ontario,94,0,134.0,41.22,37.800000000000004
optionB_budget0.90_beta0.01_gamma0.50,carbonscaler_budget,ontario,95,0,135.0,39.86,35.3275
optionB_budget0.90_beta0.01_gamma0.50,carbonscaler_budget,ontario,96,0,137.0,44.42,25.348333333333333
optionB_budget0.90_beta0.01_gamma0.50,carbonscaler_budget,ontario,97,0,135.0,38.25,23.953333333333333
optionB_budget0.90_beta0.01_gamma0.50,carbonscaler_budget,ontario,98,0,138.0,36.09,14.425833333333332
optionB_budget0.90_beta0.01_gamma0.50,carbonscaler_budget,ontario,99,0,134.0,36.48,33.902499999999996
optionB_budget0.90_beta0.01_gamma0.50,carbonscaler_budget,ontario,100,0,123.0,33.49,20.290833333333335
optionB_budget0.90_beta0.01_gamma0.50,carbonscaler_budget,ontario,101,0,98.0,36.58,35.770833333333336
optionB_budget0.90_beta0.01_gamma0.50,carbonscaler_budget,ontario,102,0,86.0,43.16,39.869166666666665
optionB_budget0.90_beta0.01_gamma0.50,carbonscaler_budget,ontario,103,0,80.0,56.13,52.47416666666666
optionB_budget0.90_beta0.01_gamma0.50,carbonscaler_budget,ontario,104,0,86.0,47.7,234.91166666666666
optionB_budget0.90_beta0.01_gamma0.50,carbonscaler_budget,ontario,105,0,85.0,38.56,300.13166666666666
optionB_budget0.90_beta0.01_gamma0.50,carbonscaler_budget,ontario,106,0,100.0,38.34,65.23166666666667
optionB_budget0.90_beta0.01_gamma0.50,carbonscaler_budget,ontario,107,0,98.0,44.24,37.69166666666667
optionB_budget0.90_beta0.01_gamma0.50,carbonscaler_budget,ontario,108,0,107.0,40.02,37.711666666666666
optionB_budget0.90_beta0.01_gamma0.50,carbonscaler_budget,ontario,109,0,117.0,39.73,31.875
optionB_budget0.90_beta0.01_gamma0.50,carbonscaler_budget,ontario,110,0,121.0,45.08,31.05
optionB_budget0.90_beta0.01_gamma0.50,carbonscaler_budget,ontario,111,0,120.0,43.22,29.790833333333335
optionB_budget0.90_beta0.01_gamma0.50,carbonscaler_budget,ontario,112,0,113.0,50.91,36.05416666666667
optionB_budget0.90_beta0.01_gamma0.50,carbonscaler_budget,ontario,113,0,111.0,59.6,27.55
optionB_budget0.90_beta0.01_gamma0.50,carbonscaler_budget,ontario,114,0,109.0,68.96,35.61
optionB_budget0.90_beta0.01_gamma0.50,carbonscaler_budget,ontario,115,0,110.0,64.28,38.329166666666666
optionB_budget0.90_beta0.01_gamma0.50,carbonscaler_budget,ontario,116,0,102.0,54.21,36.972500000000004
optionB_budget0.90_beta0.01_gamma0.50,carbonscaler_budget,ontario,117,0,111.0,46.3,37.40333333333333
optionB_budget0.90_beta0.01_gamma0.50,carbonscaler_budget,ontario,118,0,99.0,43.91,30.51
optionB_budget0.90_beta0.01_gamma0.50,carbonscaler_budget,ontario,119,0,100.0,38.92,27.84
optionB_budget0.90_beta0.01_gamma0.50,carbonscaler_budget,ontario,120,0,107.0,44.41,38.76
optionB_budget0.90_beta0.01_gamma0.50,carbonscaler_budget,ontario,121,0,101.0,39.33,36.759166666666665
optionB_budget0.90_beta0.01_gamma0.50,carbonscaler_budget,ontario,122,0,101.0,37.31,34.015
optionB_budget0.90_beta0.01_gamma0.50,carbonscaler_budget,ontario,123,0,97.0,39.4,38.65083333333333
optionB_budget0.90_beta0.01_gamma0.50,carbonscaler_budget,ontario,124,0,93.0,40.41,38.821666666666665
optionB_budget0.90_beta0.01_gamma0.50,carbonscaler_budget,ontario,125,0,91.0,51.01,54.589999999999996
optionB_budget0.90_beta0.01_gamma0.50,carbonscaler_budget,ontario,126,0,89.0,51.96,41.85
optionB_budget0.90_beta0.01_gamma0.50,carbonscaler_budget,ontario,127,0,90.0,53.48,35.2025
optionB_budget0.90_beta0.01_gamma0.50,carbonscaler_budget,ontario,128,0,96.0,49.83,48.94583333333333
optionB_budget0.90_beta0.01_gamma0.50,carbonscaler_budget,ontario,129,0,98.0,40.82,48.16583333333333
optionB_budget0.90_beta0.01_gamma0.50,carbonscaler_budget,ontario,130,0,111.0,38.54,36.41416666666667
optionB_budget0.90_beta0.01_gamma0.50,carbonscaler_budget,ontario,131,0,106.0,36.65,38.08583333333333
optionB_budget0.90_beta0.01_gamma0.50,carbonscaler_budget,ontario,132,0,97.0,35.44,32.35166666666667
optionB_budget0.90_beta0.01_gamma0.50,carbonscaler_budget,ontario,133,0,109.0,35.23,26.764166666666668
optionB_budget0.90_beta0.01_gamma0.50,carbonscaler_budget,ontario,134,0,112.0,32.72,28.69333333333333
optionB_budget0.90_beta0.01_gamma0.50,carbonscaler_budget,ontario,135,0,107.0,37.23,34.07666666666667
optionB_budget0.90_beta0.01_gamma0.50,carbonscaler_budget,ontario,136,0,102.0,41.69,43.39333333333334
optionB_budget0.90_beta0.01_gamma0.50,carbonscaler_budget,ontario,137,0,97.0,49.09,36.2775
optionB_budget0.90_beta0.01_gamma0.50,carbonscaler_budget,ontario,138,0,89.0,57.12,26.605833333333333
optionB_budget0.90_beta0.01_gamma0.50,carbonscaler_budget,ontario,139,0,89.0,51.5,26.763333333333335
optionB_budget0.90_beta0.01_gamma0.50,carbonscaler_budget,ontario,140,0,89.0,43.25,35.38666666666667
optionB_budget0.90_beta0.01_gamma0.50,carbonscaler_budget,ontario,141,0,93.0,40.56,36.7025
optionB_budget0.90_beta0.01_gamma0.50,carbonscaler_budget,ontario,142,0,86.0,39.39,37.56166666666667
optionB_budget0.90_beta0.01_gamma0.50,carbonscaler_budget,ontario,143,0,78.0,36.15,37.413333333333334
optionB_budget0.90_beta0.01_gamma0.50,carbonscaler_budget,ontario,144,0,74.0,34.73,34.03416666666667
optionB_budget0.90_beta0.01_gamma0.50,carbonscaler_budget,ontario,145,0,75.0,35.29,28.84
optionB_budget0.90_beta0.01_gamma0.50,carbonscaler_budget,ontario,146,0,81.0,34.14,25.500833333333333
optionB_budget0.90_beta0.01_gamma0.50,carbonscaler_budget,ontario,147,0,88.0,34.63,17.543333333333333
optionB_budget0.90_beta0.01_gamma0.50,carbonscaler_budget,ontario,148,0,85.0,34.86,32.51083333333333
optionB_budget0.90_beta0.01_gamma0.50,carbonscaler_budget,ontario,149,0,75.0,36.64,32.517500000000005
optionB_budget0.90_beta0.01_gamma0.50,carbonscaler_budget,ontario,150,0,62.0,37.94,37.737500000000004
optionB_budget0.90_beta0.01_gamma0.50,carbonscaler_budget,ontario,151,0,61.0,45.46,45.17249999999999
optionB_budget0.90_beta0.01_gamma0.50,carbonscaler_budget,ontario,152,0,63.0,45.88,32.65416666666667
optionB_budget0.90_beta0.01_gamma0.50,carbonscaler_budget,ontario,153,0,68.0,49.25,32.468333333333334
optionB_budget0.90_beta0.01_gamma0.50,carbonscaler_budget,ontario,154,0,70.0,49.13,59.362500000000004
optionB_budget0.90_beta0.01_gamma0.50,carbonscaler_budget,ontario,155,0,74.0,41.47,47.10333333333333
optionB_budget0.90_beta0.01_gamma0.50,carbonscaler_budget,ontario,156,0,84.0,38.62,33.2075
optionB_budget0.90_beta0.01_gamma0.50,carbonscaler_budget,ontario,157,0,77.0,37.08,20.526666666666667
optionB_budget0.90_beta0.01_gamma0.50,carbonscaler_budget,ontario,158,0,71.0,36.15,22.862499999999997
optionB_budget0.90_beta0.01_gamma0.50,carbonscaler_budget,ontario,159,0,79.0,35.85,27.621666666666666
optionB_budget0.90_beta0.01_gamma0.50,carbonscaler_budget,ontario,160,0,86.0,36.64,37.75083333333333
optionB_budget0.90_beta0.01_gamma0.50,carbonscaler_budget,ontario,161,0,77.0,45.69,38.839999999999996
optionB_budget0.90_beta0.01_gamma0.50,carbonscaler_budget,ontario,162,0,71.0,53.03,36.770833333333336
optionB_budget0.90_beta0.01_gamma0.50,carbonscaler_budget,ontario,163,0,72.0,50.95,38.96
optionB_budget0.90_beta0.01_gamma0.50,carbonscaler_budget,ontario,164,0,78.0,46.81,33.8875
optionB_budget0.90_beta0.01_gamma0.50,carbonscaler_budget,ontario,165,0,86.0,39.8,31.951666666666668
optionB_budget0.90_beta0.01_gamma0.50,carbonscaler_budget,ontario,166,0,93.0,38.09,30.215000000000003
optionB_budget0.90_beta0.01_gamma0.50,carbonscaler_budget,ontario,167,0,93.0,38.22,23.973333333333333
optionB_budget1.00_beta0.01_gamma0.50,carbonscaler_budget,ontario,0,1,50.0,14.46,37.281666666666666
optionB_budget1.00_beta0.01_gamma0.50,carbonscaler_budget,ontario,1,1,49.0,14.91,33.41166666666667
optionB_budget1.00_beta0.01_gamma0.50,carbonscaler_budget,ontario,2,2,45.0,14.65,31.3
optionB_budget1.00_beta0.01_gamma0.50,carbonscaler_budget,ontario,3,2,44.0,14.93,34.589166666666664
optionB_budget1.00_beta0.01_gamma0.50,carbonscaler_budget,ontario,4,2,38.0,19.54,38.32666666666667
optionB_budget1.00_beta0.01_gamma0.50,carbonscaler_budget,ontario,5,2,39.0,26.39,31.050833333333333
optionB_budget1.00_beta0.01_gamma0.50,carbonscaler_budget,ontario,6,2,39.0,28.77,29.55333333333333
optionB_budget1.00_beta0.01_gamma0.50,carbonscaler_budget,ontario,7,2,39.0,43.28,33.685833333333335
optionB_budget1.00_beta0.01_gamma0.50,carbonscaler_budget,ontario,8,1,44.0,39.76,29.5
optionB_budget1.00_beta0.01_gamma0.50,carbonscaler_budget,ontario,9,1,49.0,35.49,40.14
optionB_budget1.00_beta0.01_gamma0.50,carbonscaler_budget,ontario,10,1,52.0,32.62,48.08416666666667
optionB_budget1.00_beta0.01_gamma0.50,carbonscaler_budget,ontario,11,1,52.0,35.96,50.5425
optionB_budget1.00_beta0.01_gamma0.50,carbonscaler_budget,ontario,12,1,54.0,36.16,41.22666666666667
optionB_budget1.00_beta0.01_gamma0.50,carbonscaler_budget,ontario,13,1,50.0,35.78,31.642500000000002
optionB_budget1.00_beta0.01_gamma0.50,carbonscaler_budget,ontario,14,1,56.0,35.83,33.13916666666666
optionB_budget1.00_beta0.01_gamma0.50,carbonscaler_budget,ontario,15,0,61.0,37.72,40.01583333333333
optionB_budget1.00_beta0.01_gamma0.50,carbonscaler_budget,ontario,16,0,64.0,37.85,50.650000000000006
optionB_budget1.00_beta0.01_gamma0.50,carbonscaler_budget,ontario,17,0,62.0,51.72,37.6775
optionB_budget1.00_beta0.01_gamma0.50,carbonscaler_budget,ontario,18,0,54.0,55.55,37.67250000000001
optionB_budget1.00_beta0.01_gamma0.50,carbonscaler_budget,ontario,19,0,55.0,53.78,37.278333333333336
optionB_budget1.00_beta0.01_gamma0.50,carbonscaler_budget,ontario,20,0,59.0,41.04,41.968333333333334
optionB_budget1.00_beta0.01_gamma0.50,carbonscaler_budget,ontario,21,0,74.0,32.67,26.171666666666667
optionB_budget1.00_beta0.01_gamma0.50,carbonscaler_budget,ontario,22,0,72.0,35.35,25.061666666666667
optionB_budget1.00_beta0.01_gamma0.50,carbonscaler_budget,ontario,23,0,71.0,26.53,23.230833333333333
optionB_budget1.00_beta0.01_gamma0.50,carbonscaler_budget,ontario,24,0,70.0,29.7,14.858333333333334
optionB_budget1.00_beta0.01_gamma0.50,carbonscaler_budget,ontario,25,0,69.0,25.77,17.010833333333334
optionB_budget1.00_beta0.01_gamma0.50,carbonscaler_budget,ontario,26,0,62.0,27.41,17.040833333333335
optionB_budget1.00_beta0.01_gamma0.50,carbonscaler_budget,ontario,27,0,60.0,30.78,17.525833333333335
optionB_budget1.00_beta0.01_gamma0.50,carbonscaler_budget,ontario,28,1,50.0,28.77,16.649166666666666
optionB_budget1.00_beta0.01_gamma0.50,carbonscaler_budget,ontario,29,1,49.0,35.98,12.450833333333334
optionB_budget1.00_beta0.01_gamma0.50,carbonscaler_budget,ontario,30,1,50.0,50.81,29.266666666666666
optionB_budget1.00_beta0.01_gamma0.50,carbonscaler_budget,ontario,31,1,51.0,59.4,35.785833333333336
optionB_budget1.00_beta0.01_gamma0.50,carbonscaler_budget,ontario,32,0,56.0,51.35,46.8225
optionB_budget1.00_beta0.01_gamma0.50,carbonscaler_budget,ontario,33,0,67.0,43.09,40.39
optionB_budget1.00_beta0.01_gamma0.50,carbonscaler_budget,ontario,34,0,76.0,36.04,36.93
optionB_budget1.00_beta0.01_gamma0.50,carbonscaler_budget,ontario,35,0,82.0,35.69,47.035
optionB_budget1.00_beta0.01_gamma0.50,carbonscaler_budget,ontario,36,0,91.0,36.09,35.24583333333333
optionB_budget1.00_beta0.01_gamma0.50,carbonscaler_budget,ontario,37,0,96.0,35.58,18.120833333333334
optionB_budget1.00_beta0.01_gamma0.50,carbonscaler_budget,ontario,38,0,98.0,35.86,26.633333333333336
optionB_budget1.00_beta0.01_gamma0.50,carbonscaler_budget,ontario,39,0,100.0,40.39,30.180833333333336
optionB_budget1.00_beta0.01_gamma0.50,carbonscaler_budget,ontario,40,0,103.0,50.44,42.2925
optionB_budget1.00_beta0.01_gamma0.50,carbonscaler_budget,ontario,41,0,97.0,73.33,44.97
optionB_budget1.00_beta0.01_gamma0.50,carbonscaler_budget,ontario,42,0,90.0,94.93,84.375
optionB_budget1.00_beta0.01_gamma0.50,carbonscaler_budget,ontario,43,0,92.0,88.25,275.5933333333333
optionB_budget1.00_beta0.01_gamma0.50,carbonscaler_budget,ontario,44,0,105.0,72.52,122.33749999999999
optionB_budget1.00_beta0.01_gamma0.50,carbonscaler_budget,ontario,45,0,130.0,54.94,47.469166666666666
optionB_budget1.00_beta0.01_gamma0.50,carbonscaler_budget,ontario,46,0,136.0,43.61,39.211666666666666
optionB_budget1.00_beta0.01_gamma0.50,carbonscaler_budget,ontario,47,0,141.0,39.09,35.43083333333333
optionB_budget1.00_beta0.01_gamma0.50,carbonscaler_budget,ontario,48,0,148.0,49.12,37.15083333333333
optionB_budget1.00_beta0.01_gamma0.50,carbonscaler_budget,ontario,49,0,145.0,52.86,37.26083333333333
optionB_budget1.00_beta0.01_gamma0.50,carbonscaler_budget,ontario,50,0,140.0,50.51,38.05416666666667
optionB_budget1.00_beta0.01_gamma0.50,carbonscaler_budget,ontario,51,0,124.0,50.34,39.40333333333333
optionB_budget1.00_beta0.01_gamma0.50,carbonscaler_budget,ontario,52,0,122.0,46.79,47.62833333333333
optionB_budget1.00_beta0.01_gamma0.50,carbonscaler_budget,ontario,53,0,126.0,59.53,58.229166666666664
optionB_budget1.00_beta0.01_gamma0.50,carbonscaler_budget,ontario,54,0,129.0,105.91,50.64666666666667
optionB_budget1.00_beta0.01_gamma0.50,carbonscaler_budget,ontario,55,0,137.0,106.12,47.72416666666667
optionB_budget1.00_beta0.01_gamma0.50,carbonscaler_budget,ontario,56,0,143.0,61.53,48.03333333333333
optionB_budget1.00_beta0.01_gamma0.50,carbonscaler_budget,ontario,57,0,149.0,44.42,32.4175
optionB_budget1.00_beta0.01_gamma0.50,carbonscaler_budget,ontario,58,0,154.0,36.14,30.493333333333336
optionB_budget1.00_beta0.01_gamma0.50,carbonscaler_budget,ontario,59,0,154.0,35.47,30.366666666666664
optionB_budget1.00_beta0.01_gamma0.50,carbonscaler_budget,ontario,60,0,150.0,35.46,36.156666666666666
optionB_budget1.00_beta0.01_gamma0.50,carbonscaler_budget,ontario,61,0,147.0,27.61,37.915
optionB_budget1.00_beta0.01_gamma0.50,carbonscaler_budget,ontario,62,0,125.0,27.64,47.52583333333333
optionB_budget1.00_beta0.01_gamma0.50,carbonscaler_budget,ontario,63,0,112.0,35.58,49.13999999999999
optionB_budget1.00_beta0.01_gamma0.50,carbonscaler_budget,ontario,64,0,112.0,40.06,55.703333333333326
optionB_budget1.00_beta0.01_gamma0.50,carbonscaler_budget,ontario,65,0,118.0,54.54,59.62166666666667
optionB_budget1.00_beta0.01_gamma0.50,carbonscaler_budget,ontario,66,0,121.0,78.35,56.038333333333334
optionB_budget1.00_beta0.01_gamma0.50,carbonscaler_budget,ontario,67,0,125.0,63.47,70.19416666666667
optionB_budget1.00_beta0.01_gamma0.50,carbonscaler_budget,ontario,68,0,127.0,50.36,41.55166666666667
optionB_budget1.00_beta0.01_gamma0.50,carbonscaler_budget,ontario,69,0,135.0,37.17,37.35
optionB_budget1.00_beta0.01_gamma0.50,carbonscaler_budget,ontario,70,0,140.0,36.52,33.28666666666667
optionB_budget1.00_beta0.01_gamma0.50,carbonscaler_budget,ontario,71,0,141.0,36.17,34.604166666666664
optionB_budget1.00_beta0.01_gamma0.50,carbonscaler_budget,ontario,72,0,140.0,44.59,37.5325
optionB_budget1.00_beta0.01_gamma0.50,carbonscaler_budget,ontario,73,0,135.0,43.38,37.89083333333333
optionB_budget1.00_beta0.01_gamma0.50,carbonscaler_budget,ontario,74,0,131.0,37.79,36.09
optionB_budget1.00_beta0.01_gamma0.50,carbonscaler_budget,ontario,75,0,109.0,39.96,37.805
optionB_budget1.00_beta0.01_gamma0.50,carbonscaler_budget,ontario,76,0,112.0,39.81,38.26416666666667
optionB_budget1.00_beta0.01_gamma0.50,carbonscaler_budget,ontario,77,0,122.0,46.47,64.16166666666668
optionB_budget1.00_beta0.01_gamma0.50,carbonscaler_budget,ontario,78,0,120.0,65.6,129.94
optionB_budget1.00_beta0.01_gamma0.50,carbonscaler_budget,ontario,79,0,113.0,75.85,113.37166666666667
optionB_budget1.00_beta0.01_gamma0.50,carbonscaler_budget,ontario,80,0,119.0,63.62,202.23
optionB_budget1.00_beta0.01_gamma0.50,carbonscaler_budget,ontario,81,0,124.0,49.56,84.56916666666667
optionB_budget1.00_beta0.01_gamma0.50,carbonscaler_budget,ontario,82,0,139.0,43.01,43.4725
optionB_budget1.00_beta0.01_gamma0.50,carbonscaler_budget,ontario,83,0,144.0,41.35,36.63666666666666
optionB_budget1.00_beta0.01_gamma0.50,carbonscaler_budget,ontario,84,0,145.0,41.77,36.18333333333333
optionB_budget1.00_beta0.01_gamma0.50,carbonscaler_budget,ontario,85,0,144.0,38.31,41.73416666666667
optionB_budget1.00_beta0.01_gamma0.50,carbonscaler_budget,ontario,86,0,145.0,37.44,47.08166666666667
optionB_budget1.00_beta0.01_gamma0.50,carbonscaler_budget,ontario,87,0,138.0,38.3,38.05
optionB_budget1.00_beta0.01_gamma0.50,carbonscaler_budget,ontario,88,0,133.0,48.02,38.589999999999996
optionB_budget1.00_beta0.01_gamma0.50,carbonscaler_budget,ontario,89,0,124.0,60.28,38.622499999999995
optionB_budget1.00_beta0.01_gamma0.50,carbonscaler_budget,ontario,90,0,130.0,77.26,43.689166666666665
optionB_budget1.00_beta0.01_gamma0.50,carbonscaler_budget,ontario,91,0,132.0,71.28,42.440000000000005
optionB_budget1.00_beta0.01_gamma0.50,carbonscaler_budget,ontario,92,0,131.0,58.28,40.15083333333333
optionB_budget1.00_beta0.01_gamma0.50,carbonscaler_budget,ontario,93,0,130.0,43.69,43.84
optionB_budget1.00_beta0.01_gamma0.50,carbonscaler_budget,ontario,94,0,134.0,41.22,37.800000000000004
optionB_budget1.00_beta0.01_gamma0.50,carbonscaler_budget,ontario,95,0,135.0,39.86,35.3275
optionB_budget1.00_beta0.01_gamma0.50,carbonscaler_budget,ontario,96,0,137.0,44.42,25.348333333333333
optionB_budget1.00_beta0.01_gamma0.50,carbonscaler_budget,ontario,97,0,135.0,38.25,23.953333333333333
optionB_budget1.00_beta0.01_gamma0.50,carbonscaler_budget,ontario,98,0,138.0,36.09,14.425833333333332
optionB_budget1.00_beta0.01_gamma0.50,carbonscaler_budget,ontario,99,0,134.0,36.48,33.902499999999996
optionB_budget1.00_beta0.01_gamma0.50,carbonscaler_budget,ontario,100,0,123.0,33.49,20.290833333333335
optionB_budget1.00_beta0.01_gamma0.50,carbonscaler_budget,ontario,101,0,98.0,36.58,35.770833333333336
optionB_budget1.00_beta0.01_gamma0.50,carbonscaler_budget,ontario,102,0,86.0,43.16,39.869166666666665
optionB_budget1.00_beta0.01_gamma0.50,carbonscaler_budget,ontario,103,0,80.0,56.13,52.47416666666666
optionB_budget1.00_beta0.01_gamma0.50,carbonscaler_budget,ontario,104,0,86.0,47.7,234.91166666666666
optionB_budget1.00_beta0.01_gamma0.50,carbonscaler_budget,ontario,105,0,85.0,38.56,300.13166666666666
optionB_budget1.00_beta0.01_gamma0.50,carbonscaler_budget,ontario,106,0,100.0,38.34,65.23166666666667
optionB_budget1.00_beta0.01_gamma0.50,carbonscaler_budget,ontario,107,0,98.0,44.24,37.69166666666667
optionB_budget1.00_beta0.01_gamma0.50,carbonscaler_budget,ontario,108,0,107.0,40.02,37.711666666666666
optionB_budget1.00_beta0.01_gamma0.50,carbonscaler_budget,ontario,109,0,117.0,39.73,31.875
optionB_budget1.00_beta0.01_gamma0.50,carbonscaler_budget,ontario,110,0,121.0,45.08,31.05
optionB_budget1.00_beta0.01_gamma0.50,carbonscaler_budget,ontario,111,0,120.0,43.22,29.790833333333335
optionB_budget1.00_beta0.01_gamma0.50,carbonscaler_budget,ontario,112,0,113.0,50.91,36.05416666666667
optionB_budget1.00_beta0.01_gamma0.50,carbonscaler_budget,ontario,113,0,111.0,59.6,27.55
optionB_budget1.00_beta0.01_gamma0.50,carbonscaler_budget,ontario,114,0,109.0,68.96,35.61
optionB_budget1.00_beta0.01_gamma0.50,carbonscaler_budget,ontario,115,0,110.0,64.28,38.329166666666666
optionB_budget1.00_beta0.01_gamma0.50,carbonscaler_budget,ontario,116,0,102.0,54.21,36.972500000000004
optionB_budget1.00_beta0.01_gamma0.50,carbonscaler_budget,ontario,117,0,111.0,46.3,37.40333333333333
optionB_budget1.00_beta0.01_gamma0.50,carbonscaler_budget,ontario,118,0,99.0,43.91,30.51
optionB_budget1.00_beta0.01_gamma0.50,carbonscaler_budget,ontario,119,0,100.0,38.92,27.84
optionB_budget1.00_beta0.01_gamma0.50,carbonscaler_budget,ontario,120,0,107.0,44.41,38.76
optionB_budget1.00_beta0.01_gamma0.50,carbonscaler_budget,ontario,121,0,101.0,39.33,36.759166666666665
optionB_budget1.00_beta0.01_gamma0.50,carbonscaler_budget,ontario,122,0,101.0,37.31,34.015
optionB_budget1.00_beta0.01_gamma0.50,carbonscaler_budget,ontario,123,0,97.0,39.4,38.65083333333333
optionB_budget1.00_beta0.01_gamma0.50,carbonscaler_budget,ontario,124,0,93.0,40.41,38.821666666666665
optionB_budget1.00_beta0.01_gamma0.50,carbonscaler_budget,ontario,125,0,91.0,51.01,54.589999999999996
optionB_budget1.00_beta0.01_gamma0.50,carbonscaler_budget,ontario,126,0,89.0,51.96,41.85
optionB_budget1.00_beta0.01_gamma0.50,carbonscaler_budget,ontario,127,0,90.0,53.48,35.2025
optionB_budget1.00_beta0.01_gamma0.50,carbonscaler_budget,ontario,128,0,96.0,49.83,48.94583333333333
optionB_budget1.00_beta0.01_gamma0.50,carbonscaler_budget,ontario,129,0,98.0,40.82,48.16583333333333
optionB_budget1.00_beta0.01_gamma0.50,carbonscaler_budget,ontario,130,0,111.0,38.54,36.41416666666667
optionB_budget1.00_beta0.01_gamma0.50,carbonscaler_budget,ontario,131,0,106.0,36.65,38.08583333333333
optionB_budget1.00_beta0.01_gamma0.50,carbonscaler_budget,ontario,132,0,97.0,35.44,32.35166666666667
optionB_budget1.00_beta0.01_gamma0.50,carbonscaler_budget,ontario,133,0,109.0,35.23,26.764166666666668
optionB_budget1.00_beta0.01_gamma0.50,carbonscaler_budget,ontario,134,0,112.0,32.72,28.69333333333333
optionB_budget1.00_beta0.01_gamma0.50,carbonscaler_budget,ontario,135,0,107.0,37.23,34.07666666666667
optionB_budget1.00_beta0.01_gamma0.50,carbonscaler_budget,ontario,136,0,102.0,41.69,43.39333333333334
optionB_budget1.00_beta0.01_gamma0.50,carbonscaler_budget,ontario,137,0,97.0,49.09,36.2775
optionB_budget1.00_beta0.01_gamma0.50,carbonscaler_budget,ontario,138,0,89.0,57.12,26.605833333333333
optionB_budget1.00_beta0.01_gamma0.50,carbonscaler_budget,ontario,139,0,89.0,51.5,26.763333333333335
optionB_budget1.00_beta0.01_gamma0.50,carbonscaler_budget,ontario,140,0,89.0,43.25,35.38666666666667
optionB_budget1.00_beta0.01_gamma0.50,carbonscaler_budget,ontario,141,0,93.0,40.56,36.7025
optionB_budget1.00_beta0.01_gamma0.50,carbonscaler_budget,ontario,142,0,86.0,39.39,37.56166666666667
optionB_budget1.00_beta0.01_gamma0.50,carbonscaler_budget,ontario,143,0,78.0,36.15,37.413333333333334
optionB_budget1.00_beta0.01_gamma0.50,carbonscaler_budget,ontario,144,0,74.0,34.73,34.03416666666667
optionB_budget1.00_beta0.01_gamma0.50,carbonscaler_budget,ontario,145,0,75.0,35.29,28.84
optionB_budget1.00_beta0.01_gamma0.50,carbonscaler_budget,ontario,146,0,81.0,34.14,25.500833333333333
optionB_budget1.00_beta0.01_gamma0.50,carbonscaler_budget,ontario,147,0,88.0,34.63,17.543333333333333
optionB_budget1.00_beta0.01_gamma0.50,carbonscaler_budget,ontario,148,0,85.0,34.86,32.51083333333333
optionB_budget1.00_beta0.01_gamma0.50,carbonscaler_budget,ontario,149,0,75.0,36.64,32.517500000000005
optionB_budget1.00_beta0.01_gamma0.50,carbonscaler_budget,ontario,150,0,62.0,37.94,37.737500000000004
optionB_budget1.00_beta0.01_gamma0.50,carbonscaler_budget,ontario,151,0,61.0,45.46,45.17249999999999
optionB_budget1.00_beta0.01_gamma0.50,carbonscaler_budget,ontario,152,0,63.0,45.88,32.65416666666667
optionB_budget1.00_beta0.01_gamma0.50,carbonscaler_budget,ontario,153,0,68.0,49.25,32.468333333333334
optionB_budget1.00_beta0.01_gamma0.50,carbonscaler_budget,ontario,154,0,70.0,49.13,59.362500000000004
optionB_budget1.00_beta0.01_gamma0.50,carbonscaler_budget,ontario,155,0,74.0,41.47,47.10333333333333
optionB_budget1.00_beta0.01_gamma0.50,carbonscaler_budget,ontario,156,0,84.0,38.62,33.2075
optionB_budget1.00_beta0.01_gamma0.50,carbonscaler_budget,ontario,157,0,77.0,37.08,20.526666666666667
optionB_budget1.00_beta0.01_gamma0.50,carbonscaler_budget,ontario,158,0,71.0,36.15,22.862499999999997
optionB_budget1.00_beta0.01_gamma0.50,carbonscaler_budget,ontario,159,0,79.0,35.85,27.621666666666666
optionB_budget1.00_beta0.01_gamma0.50,carbonscaler_budget,ontario,160,0,86.0,36.64,37.75083333333333
optionB_budget1.00_beta0.01_gamma0.50,carbonscaler_budget,ontario,161,0,77.0,45.69,38.839999999999996
optionB_budget1.00_beta0.01_gamma0.50,carbonscaler_budget,ontario,162,0,71.0,53.03,36.770833333333336
optionB_budget1.00_beta0.01_gamma0.50,carbonscaler_budget,ontario,163,0,72.0,50.95,38.96
optionB_budget1.00_beta0.01_gamma0.50,carbonscaler_budget,ontario,164,0,78.0,46.81,33.8875
optionB_budget1.00_beta0.01_gamma0.50,carbonscaler_budget,ontario,165,0,86.0,39.8,31.951666666666668
optionB_budget1.00_beta0.01_gamma0.50,carbonscaler_budget,ontario,166,0,93.0,38.09,30.215000000000003
optionB_budget1.00_beta0.01_gamma0.50,carbonscaler_budget,ontario,167,0,93.0,38.22,23.973333333333333
optionB_budget1.10_beta0.01_gamma0.50,carbonscaler_budget,ontario,0,1,50.0,14.46,37.281666666666666
optionB_budget1.10_beta0.01_gamma0.50,carbonscaler_budget,ontario,1,1,49.0,14.91,33.41166666666667
optionB_budget1.10_beta0.01_gamma0.50,carbonscaler_budget,ontario,2,2,45.0,14.65,31.3
optionB_budget1.10_beta0.01_gamma0.50,carbonscaler_budget,ontario,3,2,44.0,14.93,34.589166666666664
optionB_budget1.10_beta0.01_gamma0.50,carbonscaler_budget,ontario,4,2,38.0,19.54,38.32666666666667
optionB_budget1.10_beta0.01_gamma0.50,carbonscaler_budget,ontario,5,2,39.0,26.39,31.050833333333333
optionB_budget1.10_beta0.01_gamma0.50,carbonscaler_budget,ontario,6,2,39.0,28.77,29.55333333333333
optionB_budget1.10_beta0.01_gamma0.50,carbonscaler_budget,ontario,7,2,39.0,43.28,33.685833333333335
optionB_budget1.10_beta0.01_gamma0.50,carbonscaler_budget,ontario,8,1,44.0,39.76,29.5
optionB_budget1.10_beta0.01_gamma0.50,carbonscaler_budget,ontario,9,1,49.0,35.49,40.14
optionB_budget1.10_beta0.01_gamma0.50,carbonscaler_budget,ontario,10,1,52.0,32.62,48.08416666666667
optionB_budget1.10_beta0.01_gamma0.50,carbonscaler_budget,ontario,11,1,52.0,35.96,50.5425
optionB_budget1.10_beta0.01_gamma0.50,carbonscaler_budget,ontario,12,1,54.0,36.16,41.22666666666667
optionB_budget1.10_beta0.01_gamma0.50,carbonscaler_budget,ontario,13,1,50.0,35.78,31.642500000000002
optionB_budget1.10_beta0.01_gamma0.50,carbonscaler_budget,ontario,14,1,56.0,35.83,33.13916666666666
optionB_budget1.10_beta0.01_gamma0.50,carbonscaler_budget,ontario,15,0,61.0,37.72,40.01583333333333
optionB_budget1.10_beta0.01_gamma0.50,carbonscaler_budget,ontario,16,0,64.0,37.85,50.650000000000006
optionB_budget1.10_beta0.01_gamma0.50,carbonscaler_budget,ontario,17,0,62.0,51.72,37.6775
optionB_budget1.10_beta0.01_gamma0.50,carbonscaler_budget,ontario,18,0,54.0,55.55,37.67250000000001
optionB_budget1.10_beta0.01_gamma0.50,carbonscaler_budget,ontario,19,0,55.0,53.78,37.278333333333336
optionB_budget1.10_beta0.01_gamma0.50,carbonscaler_budget,ontario,20,0,59.0,41.04,41.968333333333334
optionB_budget1.10_beta0.01_gamma0.50,carbonscaler_budget,ontario,21,0,74.0,32.67,26.171666666666667
optionB_budget1.10_beta0.01_gamma0.50,carbonscaler_budget,ontario,22,0,72.0,35.35,25.061666666666667
optionB_budget1.10_beta0.01_gamma0.50,carbonscaler_budget,ontario,23,0,71.0,26.53,23.230833333333333
optionB_budget1.10_beta0.01_gamma0.50,carbonscaler_budget,ontario,24,0,70.0,29.7,14.858333333333334
optionB_budget1.10_beta0.01_gamma0.50,carbonscaler_budget,ontario,25,0,69.0,25.77,17.010833333333334
optionB_budget1.10_beta0.01_gamma0.50,carbonscaler_budget,ontario,26,0,62.0,27.41,17.040833333333335
optionB_budget1.10_beta0.01_gamma0.50,carbonscaler_budget,ontario,27,0,60.0,30.78,17.525833333333335
optionB_budget1.10_beta0.01_gamma0.50,carbonscaler_budget,ontario,28,1,50.0,28.77,16.649166666666666
optionB_budget1.10_beta0.01_gamma0.50,carbonscaler_budget,ontario,29,1,49.0,35.98,12.450833333333334
optionB_budget1.10_beta0.01_gamma0.50,carbonscaler_budget,ontario,30,1,50.0,50.81,29.266666666666666
optionB_budget1.10_beta0.01_gamma0.50,carbonscaler_budget,ontario,31,1,51.0,59.4,35.785833333333336
optionB_budget1.10_beta0.01_gamma0.50,carbonscaler_budget,ontario,32,0,56.0,51.35,46.8225
optionB_budget1.10_beta0.01_gamma0.50,carbonscaler_budget,ontario,33,0,67.0,43.09,40.39
optionB_budget1.10_beta0.01_gamma0.50,carbonscaler_budget,ontario,34,0,76.0,36.04,36.93
optionB_budget1.10_beta0.01_gamma0.50,carbonscaler_budget,ontario,35,0,82.0,35.69,47.035
optionB_budget1.10_beta0.01_gamma0.50,carbonscaler_budget,ontario,36,0,91.0,36.09,35.24583333333333
optionB_budget1.10_beta0.01_gamma0.50,carbonscaler_budget,ontario,37,0,96.0,35.58,18.120833333333334
optionB_budget1.10_beta0.01_gamma0.50,carbonscaler_budget,ontario,38,0,98.0,35.86,26.633333333333336
optionB_budget1.10_beta0.01_gamma0.50,carbonscaler_budget,ontario,39,0,100.0,40.39,30.180833333333336
optionB_budget1.10_beta0.01_gamma0.50,carbonscaler_budget,ontario,40,0,103.0,50.44,42.2925
optionB_budget1.10_beta0.01_gamma0.50,carbonscaler_budget,ontario,41,0,97.0,73.33,44.97
optionB_budget1.10_beta0.01_gamma0.50,carbonscaler_budget,ontario,42,0,90.0,94.93,84.375
optionB_budget1.10_beta0.01_gamma0.50,carbonscaler_budget,ontario,43,0,92.0,88.25,275.5933333333333
optionB_budget1.10_beta0.01_gamma0.50,carbonscaler_budget,ontario,44,0,105.0,72.52,122.33749999999999
optionB_budget1.10_beta0.01_gamma0.50,carbonscaler_budget,ontario,45,0,130.0,54.94,47.469166666666666
optionB_budget1.10_beta0.01_gamma0.50,carbonscaler_budget,ontario,46,0,136.0,43.61,39.211666666666666
optionB_budget1.10_beta0.01_gamma0.50,carbonscaler_budget,ontario,47,0,141.0,39.09,35.43083333333333
optionB_budget1.10_beta0.01_gamma0.50,carbonscaler_budget,ontario,48,0,148.0,49.12,37.15083333333333
optionB_budget1.10_beta0.01_gamma0.50,carbonscaler_budget,ontario,49,0,145.0,52.86,37.26083333333333
optionB_budget1.10_beta0.01_gamma0.50,carbonscaler_budget,ontario,50,0,140.0,50.51,38.05416666666667
optionB_budget1.10_beta0.01_gamma0.50,carbonscaler_budget,ontario,51,0,124.0,50.34,39.40333333333333
optionB_budget1.10_beta0.01_gamma0.50,carbonscaler_budget,ontario,52,0,122.0,46.79,47.62833333333333
optionB_budget1.10_beta0.01_gamma0.50,carbonscaler_budget,ontario,53,0,126.0,59.53,58.229166666666664
optionB_budget1.10_beta0.01_gamma0.50,carbonscaler_budget,ontario,54,0,129.0,105.91,50.64666666666667
optionB_budget1.10_beta0.01_gamma0.50,carbonscaler_budget,ontario,55,0,137.0,106.12,47.72416666666667
optionB_budget1.10_beta0.01_gamma0.50,carbonscaler_budget,ontario,56,0,143.0,61.53,48.03333333333333
optionB_budget1.10_beta0.01_gamma0.50,carbonscaler_budget,ontario,57,0,149.0,44.42,32.4175
optionB_budget1.10_beta0.01_gamma0.50,carbonscaler_budget,ontario,58,0,154.0,36.14,30.493333333333336
optionB_budget1.10_beta0.01_gamma0.50,carbonscaler_budget,ontario,59,0,154.0,35.47,30.366666666666664
optionB_budget1.10_beta0.01_gamma0.50,carbonscaler_budget,ontario,60,0,150.0,35.46,36.156666666666666
optionB_budget1.10_beta0.01_gamma0.50,carbonscaler_budget,ontario,61,0,147.0,27.61,37.915
optionB_budget1.10_beta0.01_gamma0.50,carbonscaler_budget,ontario,62,0,125.0,27.64,47.52583333333333
optionB_budget1.10_beta0.01_gamma0.50,carbonscaler_budget,ontario,63,0,112.0,35.58,49.13999999999999
optionB_budget1.10_beta0.01_gamma0.50,carbonscaler_budget,ontario,64,0,112.0,40.06,55.703333333333326
optionB_budget1.10_beta0.01_gamma0.50,carbonscaler_budget,ontario,65,0,118.0,54.54,59.62166666666667
optionB_budget1.10_beta0.01_gamma0.50,carbonscaler_budget,ontario,66,0,121.0,78.35,56.038333333333334
optionB_budget1.10_beta0.01_gamma0.50,carbonscaler_budget,ontario,67,0,125.0,63.47,70.19416666666667
optionB_budget1.10_beta0.01_gamma0.50,carbonscaler_budget,ontario,68,0,127.0,50.36,41.55166666666667
optionB_budget1.10_beta0.01_gamma0.50,carbonscaler_budget,ontario,69,0,135.0,37.17,37.35
optionB_budget1.10_beta0.01_gamma0.50,carbonscaler_budget,ontario,70,0,140.0,36.52,33.28666666666667
optionB_budget1.10_beta0.01_gamma0.50,carbonscaler_budget,ontario,71,0,141.0,36.17,34.604166666666664
optionB_budget1.10_beta0.01_gamma0.50,carbonscaler_budget,ontario,72,0,140.0,44.59,37.5325
optionB_budget1.10_beta0.01_gamma0.50,carbonscaler_budget,ontario,73,0,135.0,43.38,37.89083333333333
optionB_budget1.10_beta0.01_gamma0.50,carbonscaler_budget,ontario,74,0,131.0,37.79,36.09
optionB_budget1.10_beta0.01_gamma0.50,carbonscaler_budget,ontario,75,0,109.0,39.96,37.805
optionB_budget1.10_beta0.01_gamma0.50,carbonscaler_budget,ontario,76,0,112.0,39.81,38.26416666666667
optionB_budget1.10_beta0.01_gamma0.50,carbonscaler_budget,ontario,77,0,122.0,46.47,64.16166666666668
optionB_budget1.10_beta0.01_gamma0.50,carbonscaler_budget,ontario,78,0,120.0,65.6,129.94
optionB_budget1.10_beta0.01_gamma0.50,carbonscaler_budget,ontario,79,0,113.0,75.85,113.37166666666667
optionB_budget1.10_beta0.01_gamma0.50,carbonscaler_budget,ontario,80,0,119.0,63.62,202.23
optionB_budget1.10_beta0.01_gamma0.50,carbonscaler_budget,ontario,81,0,124.0,49.56,84.56916666666667
optionB_budget1.10_beta0.01_gamma0.50,carbonscaler_budget,ontario,82,0,139.0,43.01,43.4725
optionB_budget1.10_beta0.01_gamma0.50,carbonscaler_budget,ontario,83,0,144.0,41.35,36.63666666666666
optionB_budget1.10_beta0.01_gamma0.50,carbonscaler_budget,ontario,84,0,145.0,41.77,36.18333333333333
optionB_budget1.10_beta0.01_gamma0.50,carbonscaler_budget,ontario,85,0,144.0,38.31,41.73416666666667
optionB_budget1.10_beta0.01_gamma0.50,carbonscaler_budget,ontario,86,0,145.0,37.44,47.08166666666667
optionB_budget1.10_beta0.01_gamma0.50,carbonscaler_budget,ontario,87,0,138.0,38.3,38.05
optionB_budget1.10_beta0.01_gamma0.50,carbonscaler_budget,ontario,88,0,133.0,48.02,38.589999999999996
optionB_budget1.10_beta0.01_gamma0.50,carbonscaler_budget,ontario,89,0,124.0,60.28,38.622499999999995
optionB_budget1.10_beta0.01_gamma0.50,carbonscaler_budget,ontario,90,0,130.0,77.26,43.689166666666665
optionB_budget1.10_beta0.01_gamma0.50,carbonscaler_budget,ontario,91,0,132.0,71.28,42.440000000000005
optionB_budget1.10_beta0.01_gamma0.50,carbonscaler_budget,ontario,92,0,131.0,58.28,40.15083333333333
optionB_budget1.10_beta0.01_gamma0.50,carbonscaler_budget,ontario,93,0,130.0,43.69,43.84
optionB_budget1.10_beta0.01_gamma0.50,carbonscaler_budget,ontario,94,0,134.0,41.22,37.800000000000004
optionB_budget1.10_beta0.01_gamma0.50,carbonscaler_budget,ontario,95,0,135.0,39.86,35.3275
optionB_budget1.10_beta0.01_gamma0.50,carbonscaler_budget,ontario,96,0,137.0,44.42,25.348333333333333
optionB_budget1.10_beta0.01_gamma0.50,carbonscaler_budget,ontario,97,0,135.0,38.25,23.953333333333333
optionB_budget1.10_beta0.01_gamma0.50,carbonscaler_budget,ontario,98,0,138.0,36.09,14.425833333333332
optionB_budget1.10_beta0.01_gamma0.50,carbonscaler_budget,ontario,99,0,134.0,36.48,33.902499999999996
optionB_budget1.10_beta0.01_gamma0.50,carbonscaler_budget,ontario,100,0,123.0,33.49,20.290833333333335
optionB_budget1.10_beta0.01_gamma0.50,carbonscaler_budget,ontario,101,0,98.0,36.58,35.770833333333336
optionB_budget1.10_beta0.01_gamma0.50,carbonscaler_budget,ontario,102,0,86.0,43.16,39.869166666666665
optionB_budget1.10_beta0.01_gamma0.50,carbonscaler_budget,ontario,103,0,80.0,56.13,52.47416666666666
optionB_budget1.10_beta0.01_gamma0.50,carbonscaler_budget,ontario,104,0,86.0,47.7,234.91166666666666
optionB_budget1.10_beta0.01_gamma0.50,carbonscaler_budget,ontario,105,0,85.0,38.56,300.13166666666666
optionB_budget1.10_beta0.01_gamma0.50,carbonscaler_budget,ontario,106,0,100.0,38.34,65.23166666666667
optionB_budget1.10_beta0.01_gamma0.50,carbonscaler_budget,ontario,107,0,98.0,44.24,37.69166666666667
optionB_budget1.10_beta0.01_gamma0.50,carbonscaler_budget,ontario,108,0,107.0,40.02,37.711666666666666
optionB_budget1.10_beta0.01_gamma0.50,carbonscaler_budget,ontario,109,0,117.0,39.73,31.875
optionB_budget1.10_beta0.01_gamma0.50,carbonscaler_budget,ontario,110,0,121.0,45.08,31.05
optionB_budget1.10_beta0.01_gamma0.50,carbonscaler_budget,ontario,111,0,120.0,43.22,29.790833333333335
optionB_budget1.10_beta0.01_gamma0.50,carbonscaler_budget,ontario,112,0,113.0,50.91,36.05416666666667
optionB_budget1.10_beta0.01_gamma0.50,carbonscaler_budget,ontario,113,0,111.0,59.6,27.55
optionB_budget1.10_beta0.01_gamma0.50,carbonscaler_budget,ontario,114,0,109.0,68.96,35.61
optionB_budget1.10_beta0.01_gamma0.50,carbonscaler_budget,ontario,115,0,110.0,64.28,38.329166666666666
optionB_budget1.10_beta0.01_gamma0.50,carbonscaler_budget,ontario,116,0,102.0,54.21,36.972500000000004
optionB_budget1.10_beta0.01_gamma0.50,carbonscaler_budget,ontario,117,0,111.0,46.3,37.40333333333333
optionB_budget1.10_beta0.01_gamma0.50,carbonscaler_budget,ontario,118,0,99.0,43.91,30.51
optionB_budget1.10_beta0.01_gamma0.50,carbonscaler_budget,ontario,119,0,100.0,38.92,27.84
optionB_budget1.10_beta0.01_gamma0.50,carbonscaler_budget,ontario,120,0,107.0,44.41,38.76
optionB_budget1.10_beta0.01_gamma0.50,carbonscaler_budget,ontario,121,0,101.0,39.33,36.759166666666665
optionB_budget1.10_beta0.01_gamma0.50,carbonscaler_budget,ontario,122,0,101.0,37.31,34.015
optionB_budget1.10_beta0.01_gamma0.50,carbonscaler_budget,ontario,123,0,97.0,39.4,38.65083333333333
optionB_budget1.10_beta0.01_gamma0.50,carbonscaler_budget,ontario,124,0,93.0,40.41,38.821666666666665
optionB_budget1.10_beta0.01_gamma0.50,carbonscaler_budget,ontario,125,0,91.0,51.01,54.589999999999996
optionB_budget1.10_beta0.01_gamma0.50,carbonscaler_budget,ontario,126,0,89.0,51.96,41.85
optionB_budget1.10_beta0.01_gamma0.50,carbonscaler_budget,ontario,127,0,90.0,53.48,35.2025
optionB_budget1.10_beta0.01_gamma0.50,carbonscaler_budget,ontario,128,0,96.0,49.83,48.94583333333333
optionB_budget1.10_beta0.01_gamma0.50,carbonscaler_budget,ontario,129,0,98.0,40.82,48.16583333333333
optionB_budget1.10_beta0.01_gamma0.50,carbonscaler_budget,ontario,130,0,111.0,38.54,36.41416666666667
optionB_budget1.10_beta0.01_gamma0.50,carbonscaler_budget,ontario,131,0,106.0,36.65,38.08583333333333
optionB_budget1.10_beta0.01_gamma0.50,carbonscaler_budget,ontario,132,0,97.0,35.44,32.35166666666667
optionB_budget1.10_beta0.01_gamma0.50,carbonscaler_budget,ontario,133,0,109.0,35.23,26.764166666666668
optionB_budget1.10_beta0.01_gamma0.50,carbonscaler_budget,ontario,134,0,112.0,32.72,28.69333333333333
optionB_budget1.10_beta0.01_gamma0.50,carbonscaler_budget,ontario,135,0,107.0,37.23,34.07666666666667
optionB_budget1.10_beta0.01_gamma0.50,carbonscaler_budget,ontario,136,0,102.0,41.69,43.39333333333334
optionB_budget1.10_beta0.01_gamma0.50,carbonscaler_budget,ontario,137,0,97.0,49.09,36.2775
optionB_budget1.10_beta0.01_gamma0.50,carbonscaler_budget,ontario,138,0,89.0,57.12,26.605833333333333
optionB_budget1.10_beta0.01_gamma0.50,carbonscaler_budget,ontario,139,0,89.0,51.5,26.763333333333335
optionB_budget1.10_beta0.01_gamma0.50,carbonscaler_budget,ontario,140,0,89.0,43.25,35.38666666666667
optionB_budget1.10_beta0.01_gamma0.50,carbonscaler_budget,ontario,141,0,93.0,40.56,36.7025
optionB_budget1.10_beta0.01_gamma0.50,carbonscaler_budget,ontario,142,0,86.0,39.39,37.56166666666667
optionB_budget1.10_beta0.01_gamma0.50,carbonscaler_budget,ontario,143,0,78.0,36.15,37.413333333333334
optionB_budget1.10_beta0.01_gamma0.50,carbonscaler_budget,ontario,144,0,74.0,34.73,34.03416666666667
optionB_budget1.10_beta0.01_gamma0.50,carbonscaler_budget,ontario,145,0,75.0,35.29,28.84
optionB_budget1.10_beta0.01_gamma0.50,carbonscaler_budget,ontario,146,0,81.0,34.14,25.500833333333333
optionB_budget1.10_beta0.01_gamma0.50,carbonscaler_budget,ontario,147,0,88.0,34.63,17.543333333333333
optionB_budget1.10_beta0.01_gamma0.50,carbonscaler_budget,ontario,148,0,85.0,34.86,32.51083333333333
optionB_budget1.10_beta0.01_gamma0.50,carbonscaler_budget,ontario,149,0,75.0,36.64,32.517500000000005
optionB_budget1.10_beta0.01_gamma0.50,carbonscaler_budget,ontario,150,0,62.0,37.94,37.737500000000004
optionB_budget1.10_beta0.01_gamma0.50,carbonscaler_budget,ontario,151,0,61.0,45.46,45.17249999999999
optionB_budget1.10_beta0.01_gamma0.50,carbonscaler_budget,ontario,152,0,63.0,45.88,32.65416666666667
optionB_budget1.10_beta0.01_gamma0.50,carbonscaler_budget,ontario,153,0,68.0,49.25,32.468333333333334
optionB_budget1.10_beta0.01_gamma0.50,carbonscaler_budget,ontario,154,0,70.0,49.13,59.362500000000004
optionB_budget1.10_beta0.01_gamma0.50,carbonscaler_budget,ontario,155,0,74.0,41.47,47.10333333333333
optionB_budget1.10_beta0.01_gamma0.50,carbonscaler_budget,ontario,156,0,84.0,38.62,33.2075
optionB_budget1.10_beta0.01_gamma0.50,carbonscaler_budget,ontario,157,0,77.0,37.08,20.526666666666667
optionB_budget1.10_beta0.01_gamma0.50,carbonscaler_budget,ontario,158,0,71.0,36.15,22.862499999999997
optionB_budget1.10_beta0.01_gamma0.50,carbonscaler_budget,ontario,159,0,79.0,35.85,27.621666666666666
optionB_budget1.10_beta0.01_gamma0.50,carbonscaler_budget,ontario,160,0,86.0,36.64,37.75083333333333
optionB_budget1.10_beta0.01_gamma0.50,carbonscaler_budget,ontario,161,0,77.0,45.69,38.839999999999996
optionB_budget1.10_beta0.01_gamma0.50,carbonscaler_budget,ontario,162,0,71.0,53.03,36.770833333333336
optionB_budget1.10_beta0.01_gamma0.50,carbonscaler_budget,ontario,163,0,72.0,50.95,38.96
optionB_budget1.10_beta0.01_gamma0.50,carbonscaler_budget,ontario,164,0,78.0,46.81,33.8875
optionB_budget1.10_beta0.01_gamma0.50,carbonscaler_budget,ontario,165,0,86.0,39.8,31.951666666666668
optionB_budget1.10_beta0.01_gamma0.50,carbonscaler_budget,ontario,166,0,93.0,38.09,30.215000000000003
optionB_budget1.10_beta0.01_gamma0.50,carbonscaler_budget,ontario,167,0,93.0,38.22,23.973333333333333
optionB_budget1.20_beta0.01_gamma0.50,carbonscaler_budget,ontario,0,1,50.0,14.46,37.281666666666666
optionB_budget1.20_beta0.01_gamma0.50,carbonscaler_budget,ontario,1,1,49.0,14.91,33.41166666666667
optionB_budget1.20_beta0.01_gamma0.50,carbonscaler_budget,ontario,2,2,45.0,14.65,31.3
optionB_budget1.20_beta0.01_gamma0.50,carbonscaler_budget,ontario,3,2,44.0,14.93,34.589166666666664
optionB_budget1.20_beta0.01_gamma0.50,carbonscaler_budget,ontario,4,2,38.0,19.54,38.32666666666667
optionB_budget1.20_beta0.01_gamma0.50,carbonscaler_budget,ontario,5,2,39.0,26.39,31.050833333333333
optionB_budget1.20_beta0.01_gamma0.50,carbonscaler_budget,ontario,6,2,39.0,28.77,29.55333333333333
optionB_budget1.20_beta0.01_gamma0.50,carbonscaler_budget,ontario,7,2,39.0,43.28,33.685833333333335
optionB_budget1.20_beta0.01_gamma0.50,carbonscaler_budget,ontario,8,1,44.0,39.76,29.5
optionB_budget1.20_beta0.01_gamma0.50,carbonscaler_budget,ontario,9,1,49.0,35.49,40.14
optionB_budget1.20_beta0.01_gamma0.50,carbonscaler_budget,ontario,10,1,52.0,32.62,48.08416666666667
optionB_budget1.20_beta0.01_gamma0.50,carbonscaler_budget,ontario,11,1,52.0,35.96,50.5425
optionB_budget1.20_beta0.01_gamma0.50,carbonscaler_budget,ontario,12,1,54.0,36.16,41.22666666666667
optionB_budget1.20_beta0.01_gamma0.50,carbonscaler_budget,ontario,13,1,50.0,35.78,31.642500000000002
optionB_budget1.20_beta0.01_gamma0.50,carbonscaler_budget,ontario,14,1,56.0,35.83,33.13916666666666
optionB_budget1.20_beta0.01_gamma0.50,carbonscaler_budget,ontario,15,0,61.0,37.72,40.01583333333333
optionB_budget1.20_beta0.01_gamma0.50,carbonscaler_budget,ontario,16,0,64.0,37.85,50.650000000000006
optionB_budget1.20_beta0.01_gamma0.50,carbonscaler_budget,ontario,17,0,62.0,51.72,37.6775
optionB_budget1.20_beta0.01_gamma0.50,carbonscaler_budget,ontario,18,0,54.0,55.55,37.67250000000001
optionB_budget1.20_beta0.01_gamma0.50,carbonscaler_budget,ontario,19,0,55.0,53.78,37.278333333333336
optionB_budget1.20_beta0.01_gamma0.50,carbonscaler_budget,ontario,20,0,59.0,41.04,41.968333333333334
optionB_budget1.20_beta0.01_gamma0.50,carbonscaler_budget,ontario,21,0,74.0,32.67,26.171666666666667
optionB_budget1.20_beta0.01_gamma0.50,carbonscaler_budget,ontario,22,0,72.0,35.35,25.061666666666667
optionB_budget1.20_beta0.01_gamma0.50,carbonscaler_budget,ontario,23,0,71.0,26.53,23.230833333333333
optionB_budget1.20_beta0.01_gamma0.50,carbonscaler_budget,ontario,24,0,70.0,29.7,14.858333333333334
optionB_budget1.20_beta0.01_gamma0.50,carbonscaler_budget,ontario,25,0,69.0,25.77,17.010833333333334
optionB_budget1.20_beta0.01_gamma0.50,carbonscaler_budget,ontario,26,0,62.0,27.41,17.040833333333335
optionB_budget1.20_beta0.01_gamma0.50,carbonscaler_budget,ontario,27,0,60.0,30.78,17.525833333333335
optionB_budget1.20_beta0.01_gamma0.50,carbonscaler_budget,ontario,28,1,50.0,28.77,16.649166666666666
optionB_budget1.20_beta0.01_gamma0.50,carbonscaler_budget,ontario,29,1,49.0,35.98,12.450833333333334
optionB_budget1.20_beta0.01_gamma0.50,carbonscaler_budget,ontario,30,1,50.0,50.81,29.266666666666666
optionB_budget1.20_beta0.01_gamma0.50,carbonscaler_budget,ontario,31,1,51.0,59.4,35.785833333333336
optionB_budget1.20_beta0.01_gamma0.50,carbonscaler_budget,ontario,32,0,56.0,51.35,46.8225
optionB_budget1.20_beta0.01_gamma0.50,carbonscaler_budget,ontario,33,0,67.0,43.09,40.39
optionB_budget1.20_beta0.01_gamma0.50,carbonscaler_budget,ontario,34,0,76.0,36.04,36.93
optionB_budget1.20_beta0.01_gamma0.50,carbonscaler_budget,ontario,35,0,82.0,35.69,47.035
optionB_budget1.20_beta0.01_gamma0.50,carbonscaler_budget,ontario,36,0,91.0,36.09,35.24583333333333
optionB_budget1.20_beta0.01_gamma0.50,carbonscaler_budget,ontario,37,0,96.0,35.58,18.120833333333334
optionB_budget1.20_beta0.01_gamma0.50,carbonscaler_budget,ontario,38,0,98.0,35.86,26.633333333333336
optionB_budget1.20_beta0.01_gamma0.50,carbonscaler_budget,ontario,39,0,100.0,40.39,30.180833333333336
optionB_budget1.20_beta0.01_gamma0.50,carbonscaler_budget,ontario,40,0,103.0,50.44,42.2925
optionB_budget1.20_beta0.01_gamma0.50,carbonscaler_budget,ontario,41,0,97.0,73.33,44.97
optionB_budget1.20_beta0.01_gamma0.50,carbonscaler_budget,ontario,42,0,90.0,94.93,84.375
optionB_budget1.20_beta0.01_gamma0.50,carbonscaler_budget,ontario,43,0,92.0,88.25,275.5933333333333
optionB_budget1.20_beta0.01_gamma0.50,carbonscaler_budget,ontario,44,0,105.0,72.52,122.33749999999999
optionB_budget1.20_beta0.01_gamma0.50,carbonscaler_budget,ontario,45,0,130.0,54.94,47.469166666666666
optionB_budget1.20_beta0.01_gamma0.50,carbonscaler_budget,ontario,46,0,136.0,43.61,39.211666666666666
optionB_budget1.20_beta0.01_gamma0.50,carbonscaler_budget,ontario,47,0,141.0,39.09,35.43083333333333
optionB_budget1.20_beta0.01_gamma0.50,carbonscaler_budget,ontario,48,0,148.0,49.12,37.15083333333333
optionB_budget1.20_beta0.01_gamma0.50,carbonscaler_budget,ontario,49,0,145.0,52.86,37.26083333333333
optionB_budget1.20_beta0.01_gamma0.50,carbonscaler_budget,ontario,50,0,140.0,50.51,38.05416666666667
optionB_budget1.20_beta0.01_gamma0.50,carbonscaler_budget,ontario,51,0,124.0,50.34,39.40333333333333
optionB_budget1.20_beta0.01_gamma0.50,carbonscaler_budget,ontario,52,0,122.0,46.79,47.62833333333333
optionB_budget1.20_beta0.01_gamma0.50,carbonscaler_budget,ontario,53,0,126.0,59.53,58.229166666666664
optionB_budget1.20_beta0.01_gamma0.50,carbonscaler_budget,ontario,54,0,129.0,105.91,50.64666666666667
optionB_budget1.20_beta0.01_gamma0.50,carbonscaler_budget,ontario,55,0,137.0,106.12,47.72416666666667
optionB_budget1.20_beta0.01_gamma0.50,carbonscaler_budget,ontario,56,0,143.0,61.53,48.03333333333333
optionB_budget1.20_beta0.01_gamma0.50,carbonscaler_budget,ontario,57,0,149.0,44.42,32.4175
optionB_budget1.20_beta0.01_gamma0.50,carbonscaler_budget,ontario,58,0,154.0,36.14,30.493333333333336
optionB_budget1.20_beta0.01_gamma0.50,carbonscaler_budget,ontario,59,0,154.0,35.47,30.366666666666664
optionB_budget1.20_beta0.01_gamma0.50,carbonscaler_budget,ontario,60,0,150.0,35.46,36.156666666666666
optionB_budget1.20_beta0.01_gamma0.50,carbonscaler_budget,ontario,61,0,147.0,27.61,37.915
optionB_budget1.20_beta0.01_gamma0.50,carbonscaler_budget,ontario,62,0,125.0,27.64,47.52583333333333
optionB_budget1.20_beta0.01_gamma0.50,carbonscaler_budget,ontario,63,0,112.0,35.58,49.13999999999999
optionB_budget1.20_beta0.01_gamma0.50,carbonscaler_budget,ontario,64,0,112.0,40.06,55.703333333333326
optionB_budget1.20_beta0.01_gamma0.50,carbonscaler_budget,ontario,65,0,118.0,54.54,59.62166666666667
optionB_budget1.20_beta0.01_gamma0.50,carbonscaler_budget,ontario,66,0,121.0,78.35,56.038333333333334
optionB_budget1.20_beta0.01_gamma0.50,carbonscaler_budget,ontario,67,0,125.0,63.47,70.19416666666667
optionB_budget1.20_beta0.01_gamma0.50,carbonscaler_budget,ontario,68,0,127.0,50.36,41.55166666666667
optionB_budget1.20_beta0.01_gamma0.50,carbonscaler_budget,ontario,69,0,135.0,37.17,37.35
optionB_budget1.20_beta0.01_gamma0.50,carbonscaler_budget,ontario,70,0,140.0,36.52,33.28666666666667
optionB_budget1.20_beta0.01_gamma0.50,carbonscaler_budget,ontario,71,0,141.0,36.17,34.604166666666664
optionB_budget1.20_beta0.01_gamma0.50,carbonscaler_budget,ontario,72,0,140.0,44.59,37.5325
optionB_budget1.20_beta0.01_gamma0.50,carbonscaler_budget,ontario,73,0,135.0,43.38,37.89083333333333
optionB_budget1.20_beta0.01_gamma0.50,carbonscaler_budget,ontario,74,0,131.0,37.79,36.09
optionB_budget1.20_beta0.01_gamma0.50,carbonscaler_budget,ontario,75,0,109.0,39.96,37.805
optionB_budget1.20_beta0.01_gamma0.50,carbonscaler_budget,ontario,76,0,112.0,39.81,38.26416666666667
optionB_budget1.20_beta0.01_gamma0.50,carbonscaler_budget,ontario,77,0,122.0,46.47,64.16166666666668
optionB_budget1.20_beta0.01_gamma0.50,carbonscaler_budget,ontario,78,0,120.0,65.6,129.94
optionB_budget1.20_beta0.01_gamma0.50,carbonscaler_budget,ontario,79,0,113.0,75.85,113.37166666666667
optionB_budget1.20_beta0.01_gamma0.50,carbonscaler_budget,ontario,80,0,119.0,63.62,202.23
optionB_budget1.20_beta0.01_gamma0.50,carbonscaler_budget,ontario,81,0,124.0,49.56,84.56916666666667
optionB_budget1.20_beta0.01_gamma0.50,carbonscaler_budget,ontario,82,0,139.0,43.01,43.4725
optionB_budget1.20_beta0.01_gamma0.50,carbonscaler_budget,ontario,83,0,144.0,41.35,36.63666666666666
optionB_budget1.20_beta0.01_gamma0.50,carbonscaler_budget,ontario,84,0,145.0,41.77,36.18333333333333
optionB_budget1.20_beta0.01_gamma0.50,carbonscaler_budget,ontario,85,0,144.0,38.31,41.73416666666667
optionB_budget1.20_beta0.01_gamma0.50,carbonscaler_budget,ontario,86,0,145.0,37.44,47.08166666666667
optionB_budget1.20_beta0.01_gamma0.50,carbonscaler_budget,ontario,87,0,138.0,38.3,38.05
optionB_budget1.20_beta0.01_gamma0.50,carbonscaler_budget,ontario,88,0,133.0,48.02,38.589999999999996
optionB_budget1.20_beta0.01_gamma0.50,carbonscaler_budget,ontario,89,0,124.0,60.28,38.622499999999995
optionB_budget1.20_beta0.01_gamma0.50,carbonscaler_budget,ontario,90,0,130.0,77.26,43.689166666666665
optionB_budget1.20_beta0.01_gamma0.50,carbonscaler_budget,ontario,91,0,132.0,71.28,42.440000000000005
optionB_budget1.20_beta0.01_gamma0.50,carbonscaler_budget,ontario,92,0,131.0,58.28,40.15083333333333
optionB_budget1.20_beta0.01_gamma0.50,carbonscaler_budget,ontario,93,0,130.0,43.69,43.84
optionB_budget1.20_beta0.01_gamma0.50,carbonscaler_budget,ontario,94,0,134.0,41.22,37.800000000000004
optionB_budget1.20_beta0.01_gamma0.50,carbonscaler_budget,ontario,95,0,135.0,39.86,35.3275
optionB_budget1.20_beta0.01_gamma0.50,carbonscaler_budget,ontario,96,0,137.0,44.42,25.348333333333333
optionB_budget1.20_beta0.01_gamma0.50,carbonscaler_budget,ontario,97,0,135.0,38.25,23.953333333333333
optionB_budget1.20_beta0.01_gamma0.50,carbonscaler_budget,ontario,98,0,138.0,36.09,14.425833333333332
optionB_budget1.20_beta0.01_gamma0.50,carbonscaler_budget,ontario,99,0,134.0,36.48,33.902499999999996
optionB_budget1.20_beta0.01_gamma0.50,carbonscaler_budget,ontario,100,0,123.0,33.49,20.290833333333335
optionB_budget1.20_beta0.01_gamma0.50,carbonscaler_budget,ontario,101,0,98.0,36.58,35.770833333333336
optionB_budget1.20_beta0.01_gamma0.50,carbonscaler_budget,ontario,102,0,86.0,43.16,39.869166666666665
optionB_budget1.20_beta0.01_gamma0.50,carbonscaler_budget,ontario,103,0,80.0,56.13,52.47416666666666
optionB_budget1.20_beta0.01_gamma0.50,carbonscaler_budget,ontario,104,0,86.0,47.7,234.91166666666666
optionB_budget1.20_beta0.01_gamma0.50,carbonscaler_budget,ontario,105,0,85.0,38.56,300.13166666666666
optionB_budget1.20_beta0.01_gamma0.50,carbonscaler_budget,ontario,106,0,100.0,38.34,65.23166666666667
optionB_budget1.20_beta0.01_gamma0.50,carbonscaler_budget,ontario,107,0,98.0,44.24,37.69166666666667
optionB_budget1.20_beta0.01_gamma0.50,carbonscaler_budget,ontario,108,0,107.0,40.02,37.711666666666666
optionB_budget1.20_beta0.01_gamma0.50,carbonscaler_budget,ontario,109,0,117.0,39.73,31.875
optionB_budget1.20_beta0.01_gamma0.50,carbonscaler_budget,ontario,110,0,121.0,45.08,31.05
optionB_budget1.20_beta0.01_gamma0.50,carbonscaler_budget,ontario,111,0,120.0,43.22,29.790833333333335
optionB_budget1.20_beta0.01_gamma0.50,carbonscaler_budget,ontario,112,0,113.0,50.91,36.05416666666667
optionB_budget1.20_beta0.01_gamma0.50,carbonscaler_budget,ontario,113,0,111.0,59.6,27.55
optionB_budget1.20_beta0.01_gamma0.50,carbonscaler_budget,ontario,114,0,109.0,68.96,35.61
optionB_budget1.20_beta0.01_gamma0.50,carbonscaler_budget,ontario,115,0,110.0,64.28,38.329166666666666
optionB_budget1.20_beta0.01_gamma0.50,carbonscaler_budget,ontario,116,0,102.0,54.21,36.972500000000004
optionB_budget1.20_beta0.01_gamma0.50,carbonscaler_budget,ontario,117,0,111.0,46.3,37.40333333333333
optionB_budget1.20_beta0.01_gamma0.50,carbonscaler_budget,ontario,118,0,99.0,43.91,30.51
optionB_budget1.20_beta0.01_gamma0.50,carbonscaler_budget,ontario,119,0,100.0,38.92,27.84
optionB_budget1.20_beta0.01_gamma0.50,carbonscaler_budget,ontario,120,0,107.0,44.41,38.76
optionB_budget1.20_beta0.01_gamma0.50,carbonscaler_budget,ontario,121,0,101.0,39.33,36.759166666666665
optionB_budget1.20_beta0.01_gamma0.50,carbonscaler_budget,ontario,122,0,101.0,37.31,34.015
optionB_budget1.20_beta0.01_gamma0.50,carbonscaler_budget,ontario,123,0,97.0,39.4,38.65083333333333
optionB_budget1.20_beta0.01_gamma0.50,carbonscaler_budget,ontario,124,0,93.0,40.41,38.821666666666665
optionB_budget1.20_beta0.01_gamma0.50,carbonscaler_budget,ontario,125,0,91.0,51.01,54.589999999999996
optionB_budget1.20_beta0.01_gamma0.50,carbonscaler_budget,ontario,126,0,89.0,51.96,41.85
optionB_budget1.20_beta0.01_gamma0.50,carbonscaler_budget,ontario,127,0,90.0,53.48,35.2025
optionB_budget1.20_beta0.01_gamma0.50,carbonscaler_budget,ontario,128,0,96.0,49.83,48.94583333333333
optionB_budget1.20_beta0.01_gamma0.50,carbonscaler_budget,ontario,129,0,98.0,40.82,48.16583333333333
optionB_budget1.20_beta0.01_gamma0.50,carbonscaler_budget,ontario,130,0,111.0,38.54,36.41416666666667
optionB_budget1.20_beta0.01_gamma0.50,carbonscaler_budget,ontario,131,0,106.0,36.65,38.08583333333333
optionB_budget1.20_beta0.01_gamma0.50,carbonscaler_budget,ontario,132,0,97.0,35.44,32.35166666666667
optionB_budget1.20_beta0.01_gamma0.50,carbonscaler_budget,ontario,133,0,109.0,35.23,26.764166666666668
optionB_budget1.20_beta0.01_gamma0.50,carbonscaler_budget,ontario,134,0,112.0,32.72,28.69333333333333
optionB_budget1.20_beta0.01_gamma0.50,carbonscaler_budget,ontario,135,0,107.0,37.23,34.07666666666667
optionB_budget1.20_beta0.01_gamma0.50,carbonscaler_budget,ontario,136,0,102.0,41.69,43.39333333333334
optionB_budget1.20_beta0.01_gamma0.50,carbonscaler_budget,ontario,137,0,97.0,49.09,36.2775
optionB_budget1.20_beta0.01_gamma0.50,carbonscaler_budget,ontario,138,0,89.0,57.12,26.605833333333333
optionB_budget1.20_beta0.01_gamma0.50,carbonscaler_budget,ontario,139,0,89.0,51.5,26.763333333333335
optionB_budget1.20_beta0.01_gamma0.50,carbonscaler_budget,ontario,140,0,89.0,43.25,35.38666666666667
optionB_budget1.20_beta0.01_gamma0.50,carbonscaler_budget,ontario,141,0,93.0,40.56,36.7025
optionB_budget1.20_beta0.01_gamma0.50,carbonscaler_budget,ontario,142,0,86.0,39.39,37.56166666666667
optionB_budget1.20_beta0.01_gamma0.50,carbonscaler_budget,ontario,143,0,78.0,36.15,37.413333333333334
optionB_budget1.20_beta0.01_gamma0.50,carbonscaler_budget,ontario,144,0,74.0,34.73,34.03416666666667
optionB_budget1.20_beta0.01_gamma0.50,carbonscaler_budget,ontario,145,0,75.0,35.29,28.84
optionB_budget1.20_beta0.01_gamma0.50,carbonscaler_budget,ontario,146,0,81.0,34.14,25.500833333333333
optionB_budget1.20_beta0.01_gamma0.50,carbonscaler_budget,ontario,147,0,88.0,34.63,17.543333333333333
optionB_budget1.20_beta0.01_gamma0.50,carbonscaler_budget,ontario,148,0,85.0,34.86,32.51083333333333
optionB_budget1.20_beta0.01_gamma0.50,carbonscaler_budget,ontario,149,0,75.0,36.64,32.517500000000005
optionB_budget1.20_beta0.01_gamma0.50,carbonscaler_budget,ontario,150,0,62.0,37.94,37.737500000000004
optionB_budget1.20_beta0.01_gamma0.50,carbonscaler_budget,ontario,151,0,61.0,45.46,45.17249999999999
optionB_budget1.20_beta0.01_gamma0.50,carbonscaler_budget,ontario,152,0,63.0,45.88,32.65416666666667
optionB_budget1.20_beta0.01_gamma0.50,carbonscaler_budget,ontario,153,0,68.0,49.25,32.468333333333334
optionB_budget1.20_beta0.01_gamma0.50,carbonscaler_budget,ontario,154,0,70.0,49.13,59.362500000000004
optionB_budget1.20_beta0.01_gamma0.50,carbonscaler_budget,ontario,155,0,74.0,41.47,47.10333333333333
optionB_budget1.20_beta0.01_gamma0.50,carbonscaler_budget,ontario,156,0,84.0,38.62,33.2075
optionB_budget1.20_beta0.01_gamma0.50,carbonscaler_budget,ontario,157,0,77.0,37.08,20.526666666666667
optionB_budget1.20_beta0.01_gamma0.50,carbonscaler_budget,ontario,158,0,71.0,36.15,22.862499999999997
optionB_budget1.20_beta0.01_gamma0.50,carbonscaler_budget,ontario,159,0,79.0,35.85,27.621666666666666
optionB_budget1.20_beta0.01_gamma0.50,carbonscaler_budget,ontario,160,0,86.0,36.64,37.75083333333333
optionB_budget1.20_beta0.01_gamma0.50,carbonscaler_budget,ontario,161,0,77.0,45.69,38.839999999999996
optionB_budget1.20_beta0.01_gamma0.50,carbonscaler_budget,ontario,162,0,71.0,53.03,36.770833333333336
optionB_budget1.20_beta0.01_gamma0.50,carbonscaler_budget,ontario,163,0,72.0,50.95,38.96
optionB_budget1.20_beta0.01_gamma0.50,carbonscaler_budget,ontario,164,0,78.0,46.81,33.8875
optionB_budget1.20_beta0.01_gamma0.50,carbonscaler_budget,ontario,165,0,86.0,39.8,31.951666666666668
optionB_budget1.20_beta0.01_gamma0.50,carbonscaler_budget,ontario,166,0,93.0,38.09,30.215000000000003
optionB_budget1.20_beta0.01_gamma0.50,carbonscaler_budget,ontario,167,0,93.0,38.22,23.973333333333333
optionB_budget0.90_beta0.0025_gamma0.50,carbonscaler_budget,ontario,0,2,50.0,14.46,37.281666666666666
optionB_budget0.90_beta0.0025_gamma0.50,carbonscaler_budget,ontario,1,1,49.0,14.91,33.41166666666667
optionB_budget0.90_beta0.0025_gamma0.50,carbonscaler_budget,ontario,2,1,45.0,14.65,31.3
optionB_budget0.90_beta0.0025_gamma0.50,carbonscaler_budget,ontario,3,2,44.0,14.93,34.589166666666664
optionB_budget0.90_beta0.0025_gamma0.50,carbonscaler_budget,ontario,4,2,38.0,19.54,38.32666666666667
optionB_budget0.90_beta0.0025_gamma0.50,carbonscaler_budget,ontario,5,2,39.0,26.39,31.050833333333333
optionB_budget0.90_beta0.0025_gamma0.50,carbonscaler_budget,ontario,6,2,39.0,28.77,29.55333333333333
optionB_budget0.90_beta0.0025_gamma0.50,carbonscaler_budget,ontario,7,2,39.0,43.28,33.685833333333335
optionB_budget0.90_beta0.0025_gamma0.50,carbonscaler_budget,ontario,8,1,44.0,39.76,29.5
optionB_budget0.90_beta0.0025_gamma0.50,carbonscaler_budget,ontario,9,1,49.0,35.49,40.14
optionB_budget0.90_beta0.0025_gamma0.50,carbonscaler_budget,ontario,10,1,52.0,32.62,48.08416666666667
optionB_budget0.90_beta0.0025_gamma0.50,carbonscaler_budget,ontario,11,1,52.0,35.96,50.5425
optionB_budget0.90_beta0.0025_gamma0.50,carbonscaler_budget,ontario,12,0,54.0,36.16,41.22666666666667
optionB_budget0.90_beta0.0025_gamma0.50,carbonscaler_budget,ontario,13,1,50.0,35.78,31.642500000000002
optionB_budget0.90_beta0.0025_gamma0.50,carbonscaler_budget,ontario,14,0,56.0,35.83,33.13916666666666
optionB_budget0.90_beta0.0025_gamma0.50,carbonscaler_budget,ontario,15,0,61.0,37.72,40.01583333333333
optionB_budget0.90_beta0.0025_gamma0.50,carbonscaler_budget,ontario,16,0,64.0,37.85,50.650000000000006
optionB_budget0.90_beta0.0025_gamma0.50,carbonscaler_budget,ontario,17,0,62.0,51.72,37.6775
optionB_budget0.90_beta0.0025_gamma0.50,carbonscaler_budget,ontario,18,0,54.0,55.55,37.67250000000001
optionB_budget0.90_beta0.0025_gamma0.50,carbonscaler_budget,ontario,19,0,55.0,53.78,37.278333333333336
optionB_budget0.90_beta0.0025_gamma0.50,carbonscaler_budget,ontario,20,0,59.0,41.04,41.968333333333334
optionB_budget0.90_beta0.0025_gamma0.50,carbonscaler_budget,ontario,21,0,74.0,32.67,26.171666666666667
optionB_budget0.90_beta0.0025_gamma0.50,carbonscaler_budget,ontario,22,0,72.0,35.35,25.061666666666667
optionB_budget0.90_beta0.0025_gamma0.50,carbonscaler_budget,ontario,23,0,71.0,26.53,23.230833333333333
optionB_budget0.90_beta0.0025_gamma0.50,carbonscaler_budget,ontario,24,0,70.0,29.7,14.858333333333334
optionB_budget0.90_beta0.0025_gamma0.50,carbonscaler_budget,ontario,25,0,69.0,25.77,17.010833333333334
optionB_budget0.90_beta0.0025_gamma0.50,carbonscaler_budget,ontario,26,0,62.0,27.41,17.040833333333335
optionB_budget0.90_beta0.0025_gamma0.50,carbonscaler_budget,ontario,27,0,60.0,30.78,17.525833333333335
optionB_budget0.90_beta0.0025_gamma0.50,carbonscaler_budget,ontario,28,1,50.0,28.77,16.649166666666666
optionB_budget0.90_beta0.0025_gamma0.50,carbonscaler_budget,ontario,29,1,49.0,35.98,12.450833333333334
optionB_budget0.90_beta0.0025_gamma0.50,carbonscaler_budget,ontario,30,1,50.0,50.81,29.266666666666666
optionB_budget0.90_beta0.0025_gamma0.50,carbonscaler_budget,ontario,31,1,51.0,59.4,35.785833333333336
optionB_budget0.90_beta0.0025_gamma0.50,carbonscaler_budget,ontario,32,0,56.0,51.35,46.8225
optionB_budget0.90_beta0.0025_gamma0.50,carbonscaler_budget,ontario,33,0,67.0,43.09,40.39
optionB_budget0.90_beta0.0025_gamma0.50,carbonscaler_budget,ontario,34,0,76.0,36.04,36.93
optionB_budget0.90_beta0.0025_gamma0.50,carbonscaler_budget,ontario,35,0,82.0,35.69,47.035
optionB_budget0.90_beta0.0025_gamma0.50,carbonscaler_budget,ontario,36,0,91.0,36.09,35.24583333333333
optionB_budget0.90_beta0.0025_gamma0.50,carbonscaler_budget,ontario,37,0,96.0,35.58,18.120833333333334
optionB_budget0.90_beta0.0025_gamma0.50,carbonscaler_budget,ontario,38,0,98.0,35.86,26.633333333333336
optionB_budget0.90_beta0.0025_gamma0.50,carbonscaler_budget,ontario,39,0,100.0,40.39,30.180833333333336
optionB_budget0.90_beta0.0025_gamma0.50,carbonscaler_budget,ontario,40,0,103.0,50.44,42.2925
optionB_budget0.90_beta0.0025_gamma0.50,carbonscaler_budget,ontario,41,0,97.0,73.33,44.97
optionB_budget0.90_beta0.0025_gamma0.50,carbonscaler_budget,ontario,42,0,90.0,94.93,84.375
optionB_budget0.90_beta0.0025_gamma0.50,carbonscaler_budget,ontario,43,0,92.0,88.25,275.5933333333333
optionB_budget0.90_beta0.0025_gamma0.50,carbonscaler_budget,ontario,44,0,105.0,72.52,122.33749999999999
optionB_budget0.90_beta0.0025_gamma0.50,carbonscaler_budget,ontario,45,0,130.0,54.94,47.469166666666666
optionB_budget0.90_beta0.0025_gamma0.50,carbonscaler_budget,ontario,46,0,136.0,43.61,39.211666666666666
optionB_budget0.90_beta0.0025_gamma0.50,carbonscaler_budget,ontario,47,0,141.0,39.09,35.43083333333333
optionB_budget0.90_beta0.0025_gamma0.50,carbonscaler_budget,ontario,48,0,148.0,49.12,37.15083333333333
optionB_budget0.90_beta0.0025_gamma0.50,carbonscaler_budget,ontario,49,0,145.0,52.86,37.26083333333333
optionB_budget0.90_beta0.0025_gamma0.50,carbonscaler_budget,ontario,50,0,140.0,50.51,38.05416666666667
optionB_budget0.90_beta0.0025_gamma0.50,carbonscaler_budget,ontario,51,0,124.0,50.34,39.40333333333333
optionB_budget0.90_beta0.0025_gamma0.50,carbonscaler_budget,ontario,52,0,122.0,46.79,47.62833333333333
optionB_budget0.90_beta0.0025_gamma0.50,carbonscaler_budget,ontario,53,0,126.0,59.53,58.229166666666664
optionB_budget0.90_beta0.0025_gamma0.50,carbonscaler_budget,ontario,54,0,129.0,105.91,50.64666666666667
optionB_budget0.90_beta0.0025_gamma0.50,carbonscaler_budget,ontario,55,0,137.0,106.12,47.72416666666667
optionB_budget0.90_beta0.0025_gamma0.50,carbonscaler_budget,ontario,56,0,143.0,61.53,48.03333333333333
optionB_budget0.90_beta0.0025_gamma0.50,carbonscaler_budget,ontario,57,0,149.0,44.42,32.4175
optionB_budget0.90_beta0.0025_gamma0.50,carbonscaler_budget,ontario,58,0,154.0,36.14,30.493333333333336
optionB_budget0.90_beta0.0025_gamma0.50,carbonscaler_budget,ontario,59,0,154.0,35.47,30.366666666666664
optionB_budget0.90_beta0.0025_gamma0.50,carbonscaler_budget,ontario,60,0,150.0,35.46,36.156666666666666
optionB_budget0.90_beta0.0025_gamma0.50,carbonscaler_budget,ontario,61,0,147.0,27.61,37.915
optionB_budget0.90_beta0.0025_gamma0.50,carbonscaler_budget,ontario,62,0,125.0,27.64,47.52583333333333
optionB_budget0.90_beta0.0025_gamma0.50,carbonscaler_budget,ontario,63,0,112.0,35.58,49.13999999999999
optionB_budget0.90_beta0.0025_gamma0.50,carbonscaler_budget,ontario,64,0,112.0,40.06,55.703333333333326
optionB_budget0.90_beta0.0025_gamma0.50,carbonscaler_budget,ontario,65,0,118.0,54.54,59.62166666666667
optionB_budget0.90_beta0.0025_gamma0.50,carbonscaler_budget,ontario,66,0,121.0,78.35,56.038333333333334
optionB_budget0.90_beta0.0025_gamma0.50,carbonscaler_budget,ontario,67,0,125.0,63.47,70.19416666666667
optionB_budget0.90_beta0.0025_gamma0.50,carbonscaler_budget,ontario,68,0,127.0,50.36,41.55166666666667
optionB_budget0.90_beta0.0025_gamma0.50,carbonscaler_budget,ontario,69,0,135.0,37.17,37.35
optionB_budget0.90_beta0.0025_gamma0.50,carbonscaler_budget,ontario,70,0,140.0,36.52,33.28666666666667
optionB_budget0.90_beta0.0025_gamma0.50,carbonscaler_budget,ontario,71,0,141.0,36.17,34.604166666666664
optionB_budget0.90_beta0.0025_gamma0.50,carbonscaler_budget,ontario,72,0,140.0,44.59,37.5325
optionB_budget0.90_beta0.0025_gamma0.50,carbonscaler_budget,ontario,73,0,135.0,43.38,37.89083333333333
optionB_budget0.90_beta0.0025_gamma0.50,carbonscaler_budget,ontario,74,0,131.0,37.79,36.09
optionB_budget0.90_beta0.0025_gamma0.50,carbonscaler_budget,ontario,75,0,109.0,39.96,37.805
optionB_budget0.90_beta0.0025_gamma0.50,carbonscaler_budget,ontario,76,0,112.0,39.81,38.26416666666667
optionB_budget0.90_beta0.0025_gamma0.50,carbonscaler_budget,ontario,77,0,122.0,46.47,64.16166666666668
optionB_budget0.90_beta0.0025_gamma0.50,carbonscaler_budget,ontario,78,0,120.0,65.6,129.94
optionB_budget0.90_beta0.0025_gamma0.50,carbonscaler_budget,ontario,79,0,113.0,75.85,113.37166666666667
optionB_budget0.90_beta0.0025_gamma0.50,carbonscaler_budget,ontario,80,0,119.0,63.62,202.23
optionB_budget0.90_beta0.0025_gamma0.50,carbonscaler_budget,ontario,81,0,124.0,49.56,84.56916666666667
optionB_budget0.90_beta0.0025_gamma0.50,carbonscaler_budget,ontario,82,0,139.0,43.01,43.4725
optionB_budget0.90_beta0.0025_gamma0.50,carbonscaler_budget,ontario,83,0,144.0,41.35,36.63666666666666
optionB_budget0.90_beta0.0025_gamma0.50,carbonscaler_budget,ontario,84,0,145.0,41.77,36.18333333333333
optionB_budget0.90_beta0.0025_gamma0.50,carbonscaler_budget,ontario,85,0,144.0,38.31,41.73416666666667
optionB_budget0.90_beta0.0025_gamma0.50,carbonscaler_budget,ontario,86,0,145.0,37.44,47.08166666666667
optionB_budget0.90_beta0.0025_gamma0.50,carbonscaler_budget,ontario,87,0,138.0,38.3,38.05
optionB_budget0.90_beta0.0025_gamma0.50,carbonscaler_budget,ontario,88,0,133.0,48.02,38.589999999999996
optionB_budget0.90_beta0.0025_gamma0.50,carbonscaler_budget,ontario,89,0,124.0,60.28,38.622499999999995
optionB_budget0.90_beta0.0025_gamma0.50,carbonscaler_budget,ontario,90,0,130.0,77.26,43.689166666666665
optionB_budget0.90_beta0.0025_gamma0.50,carbonscaler_budget,ontario,91,0,132.0,71.28,42.440000000000005
optionB_budget0.90_beta0.0025_gamma0.50,carbonscaler_budget,ontario,92,0,131.0,58.28,40.15083333333333
optionB_budget0.90_beta0.0025_gamma0.50,carbonscaler_budget,ontario,93,0,130.0,43.69,43.84
optionB_budget0.90_beta0.0025_gamma0.50,carbonscaler_budget,ontario,94,0,134.0,41.22,37.800000000000004
optionB_budget0.90_beta0.0025_gamma0.50,carbonscaler_budget,ontario,95,0,135.0,39.86,35.3275
optionB_budget0.90_beta0.0025_gamma0.50,carbonscaler_budget,ontario,96,0,137.0,44.42,25.348333333333333
optionB_budget0.90_beta0.0025_gamma0.50,carbonscaler_budget,ontario,97,0,135.0,38.25,23.953333333333333
optionB_budget0.90_beta0.0025_gamma0.50,carbonscaler_budget,ontario,98,0,138.0,36.09,14.425833333333332
optionB_budget0.90_beta0.0025_gamma0.50,carbonscaler_budget,ontario,99,0,134.0,36.48,33.902499999999996
optionB_budget0.90_beta0.0025_gamma0.50,carbonscaler_budget,ontario,100,0,123.0,33.49,20.290833333333335
optionB_budget0.90_beta0.0025_gamma0.50,carbonscaler_budget,ontario,101,0,98.0,36.58,35.770833333333336
optionB_budget0.90_beta0.0025_gamma0.50,carbonscaler_budget,ontario,102,0,86.0,43.16,39.869166666666665
optionB_budget0.90_beta0.0025_gamma0.50,carbonscaler_budget,ontario,103,0,80.0,56.13,52.47416666666666
optionB_budget0.90_beta0.0025_gamma0.50,carbonscaler_budget,ontario,104,0,86.0,47.7,234.91166666666666
optionB_budget0.90_beta0.0025_gamma0.50,carbonscaler_budget,ontario,105,0,85.0,38.56,300.13166666666666
optionB_budget0.90_beta0.0025_gamma0.50,carbonscaler_budget,ontario,106,0,100.0,38.34,65.23166666666667
optionB_budget0.90_beta0.0025_gamma0.50,carbonscaler_budget,ontario,107,0,98.0,44.24,37.69166666666667
optionB_budget0.90_beta0.0025_gamma0.50,carbonscaler_budget,ontario,108,0,107.0,40.02,37.711666666666666
optionB_budget0.90_beta0.0025_gamma0.50,carbonscaler_budget,ontario,109,0,117.0,39.73,31.875
optionB_budget0.90_beta0.0025_gamma0.50,carbonscaler_budget,ontario,110,0,121.0,45.08,31.05
optionB_budget0.90_beta0.0025_gamma0.50,carbonscaler_budget,ontario,111,0,120.0,43.22,29.790833333333335
optionB_budget0.90_beta0.0025_gamma0.50,carbonscaler_budget,ontario,112,0,113.0,50.91,36.05416666666667
optionB_budget0.90_beta0.0025_gamma0.50,carbonscaler_budget,ontario,113,0,111.0,59.6,27.55
optionB_budget0.90_beta0.0025_gamma0.50,carbonscaler_budget,ontario,114,0,109.0,68.96,35.61
optionB_budget0.90_beta0.0025_gamma0.50,carbonscaler_budget,ontario,115,0,110.0,64.28,38.329166666666666
optionB_budget0.90_beta0.0025_gamma0.50,carbonscaler_budget,ontario,116,0,102.0,54.21,36.972500000000004
optionB_budget0.90_beta0.0025_gamma0.50,carbonscaler_budget,ontario,117,0,111.0,46.3,37.40333333333333
optionB_budget0.90_beta0.0025_gamma0.50,carbonscaler_budget,ontario,118,0,99.0,43.91,30.51
optionB_budget0.90_beta0.0025_gamma0.50,carbonscaler_budget,ontario,119,0,100.0,38.92,27.84
optionB_budget0.90_beta0.0025_gamma0.50,carbonscaler_budget,ontario,120,0,107.0,44.41,38.76
optionB_budget0.90_beta0.0025_gamma0.50,carbonscaler_budget,ontario,121,0,101.0,39.33,36.759166666666665
optionB_budget0.90_beta0.0025_gamma0.50,carbonscaler_budget,ontario,122,0,101.0,37.31,34.015
optionB_budget0.90_beta0.0025_gamma0.50,carbonscaler_budget,ontario,123,0,97.0,39.4,38.65083333333333
optionB_budget0.90_beta0.0025_gamma0.50,carbonscaler_budget,ontario,124,0,93.0,40.41,38.821666666666665
optionB_budget0.90_beta0.0025_gamma0.50,carbonscaler_budget,ontario,125,0,91.0,51.01,54.589999999999996
optionB_budget0.90_beta0.0025_gamma0.50,carbonscaler_budget,ontario,126,0,89.0,51.96,41.85
optionB_budget0.90_beta0.0025_gamma0.50,carbonscaler_budget,ontario,127,0,90.0,53.48,35.2025
optionB_budget0.90_beta0.0025_gamma0.50,carbonscaler_budget,ontario,128,0,96.0,49.83,48.94583333333333
optionB_budget0.90_beta0.0025_gamma0.50,carbonscaler_budget,ontario,129,0,98.0,40.82,48.16583333333333
optionB_budget0.90_beta0.0025_gamma0.50,carbonscaler_budget,ontario,130,0,111.0,38.54,36.41416666666667
optionB_budget0.90_beta0.0025_gamma0.50,carbonscaler_budget,ontario,131,0,106.0,36.65,38.08583333333333
optionB_budget0.90_beta0.0025_gamma0.50,carbonscaler_budget,ontario,132,0,97.0,35.44,32.35166666666667
optionB_budget0.90_beta0.0025_gamma0.50,carbonscaler_budget,ontario,133,0,109.0,35.23,26.764166666666668
optionB_budget0.90_beta0.0025_gamma0.50,carbonscaler_budget,ontario,134,0,112.0,32.72,28.69333333333333
optionB_budget0.90_beta0.0025_gamma0.50,carbonscaler_budget,ontario,135,0,107.0,37.23,34.07666666666667
optionB_budget0.90_beta0.0025_gamma0.50,carbonscaler_budget,ontario,136,0,102.0,41.69,43.39333333333334
optionB_budget0.90_beta0.0025_gamma0.50,carbonscaler_budget,ontario,137,0,97.0,49.09,36.2775
optionB_budget0.90_beta0.0025_gamma0.50,carbonscaler_budget,ontario,138,0,89.0,57.12,26.605833333333333
optionB_budget0.90_beta0.0025_gamma0.50,carbonscaler_budget,ontario,139,0,89.0,51.5,26.763333333333335
optionB_budget0.90_beta0.0025_gamma0.50,carbonscaler_budget,ontario,140,0,89.0,43.25,35.38666666666667
optionB_budget0.90_beta0.0025_gamma0.50,carbonscaler_budget,ontario,141,0,93.0,40.56,36.7025
optionB_budget0.90_beta0.0025_gamma0.50,carbonscaler_budget,ontario,142,0,86.0,39.39,37.56166666666667
optionB_budget0.90_beta0.0025_gamma0.50,carbonscaler_budget,ontario,143,0,78.0,36.15,37.413333333333334
optionB_budget0.90_beta0.0025_gamma0.50,carbonscaler_budget,ontario,144,0,74.0,34.73,34.03416666666667
optionB_budget0.90_beta0.0025_gamma0.50,carbonscaler_budget,ontario,145,0,75.0,35.29,28.84
optionB_budget0.90_beta0.0025_gamma0.50,carbonscaler_budget,ontario,146,0,81.0,34.14,25.500833333333333
optionB_budget0.90_beta0.0025_gamma0.50,carbonscaler_budget,ontario,147,0,88.0,34.63,17.543333333333333
optionB_budget0.90_beta0.0025_gamma0.50,carbonscaler_budget,ontario,148,0,85.0,34.86,32.51083333333333
optionB_budget0.90_beta0.0025_gamma0.50,carbonscaler_budget,ontario,149,0,75.0,36.64,32.517500000000005
optionB_budget0.90_beta0.0025_gamma0.50,carbonscaler_budget,ontario,150,0,62.0,37.94,37.737500000000004
optionB_budget0.90_beta0.0025_gamma0.50,carbonscaler_budget,ontario,151,0,61.0,45.46,45.17249999999999
optionB_budget0.90_beta0.0025_gamma0.50,carbonscaler_budget,ontario,152,0,63.0,45.88,32.65416666666667
optionB_budget0.90_beta0.0025_gamma0.50,carbonscaler_budget,ontario,153,0,68.0,49.25,32.468333333333334
optionB_budget0.90_beta0.0025_gamma0.50,carbonscaler_budget,ontario,154,0,70.0,49.13,59.362500000000004
optionB_budget0.90_beta0.0025_gamma0.50,carbonscaler_budget,ontario,155,0,74.0,41.47,47.10333333333333
optionB_budget0.90_beta0.0025_gamma0.50,carbonscaler_budget,ontario,156,0,84.0,38.62,33.2075
optionB_budget0.90_beta0.0025_gamma0.50,carbonscaler_budget,ontario,157,0,77.0,37.08,20.526666666666667
optionB_budget0.90_beta0.0025_gamma0.50,carbonscaler_budget,ontario,158,0,71.0,36.15,22.862499999999997
optionB_budget0.90_beta0.0025_gamma0.50,carbonscaler_budget,ontario,159,0,79.0,35.85,27.621666666666666
optionB_budget0.90_beta0.0025_gamma0.50,carbonscaler_budget,ontario,160,0,86.0,36.64,37.75083333333333
optionB_budget0.90_beta0.0025_gamma0.50,carbonscaler_budget,ontario,161,0,77.0,45.69,38.839999999999996
optionB_budget0.90_beta0.0025_gamma0.50,carbonscaler_budget,ontario,162,0,71.0,53.03,36.770833333333336
optionB_budget0.90_beta0.0025_gamma0.50,carbonscaler_budget,ontario,163,0,72.0,50.95,38.96
optionB_budget0.90_beta0.0025_gamma0.50,carbonscaler_budget,ontario,164,0,78.0,46.81,33.8875
optionB_budget0.90_beta0.0025_gamma0.50,carbonscaler_budget,ontario,165,0,86.0,39.8,31.951666666666668
optionB_budget0.90_beta0.0025_gamma0.50,carbonscaler_budget,ontario,166,0,93.0,38.09,30.215000000000003
optionB_budget0.90_beta0.0025_gamma0.50,carbonscaler_budget,ontario,167,0,93.0,38.22,23.973333333333333
optionB_budget0.90_beta0.0050_gamma0.50,carbonscaler_budget,ontario,0,2,50.0,14.46,37.281666666666666
optionB_budget0.90_beta0.0050_gamma0.50,carbonscaler_budget,ontario,1,1,49.0,14.91,33.41166666666667
optionB_budget0.90_beta0.0050_gamma0.50,carbonscaler_budget,ontario,2,1,45.0,14.65,31.3
optionB_budget0.90_beta0.0050_gamma0.50,carbonscaler_budget,ontario,3,2,44.0,14.93,34.589166666666664
optionB_budget0.90_beta0.0050_gamma0.50,carbonscaler_budget,ontario,4,2,38.0,19.54,38.32666666666667
optionB_budget0.90_beta0.0050_gamma0.50,carbonscaler_budget,ontario,5,2,39.0,26.39,31.050833333333333
optionB_budget0.90_beta0.0050_gamma0.50,carbonscaler_budget,ontario,6,2,39.0,28.77,29.55333333333333
optionB_budget0.90_beta0.0050_gamma0.50,carbonscaler_budget,ontario,7,2,39.0,43.28,33.685833333333335
optionB_budget0.90_beta0.0050_gamma0.50,carbonscaler_budget,ontario,8,1,44.0,39.76,29.5
optionB_budget0.90_beta0.0050_gamma0.50,carbonscaler_budget,ontario,9,1,49.0,35.49,40.14
optionB_budget0.90_beta0.0050_gamma0.50,carbonscaler_budget,ontario,10,1,52.0,32.62,48.08416666666667
optionB_budget0.90_beta0.0050_gamma0.50,carbonscaler_budget,ontario,11,1,52.0,35.96,50.5425
optionB_budget0.90_beta0.0050_gamma0.50,carbonscaler_budget,ontario,12,0,54.0,36.16,41.22666666666667
optionB_budget0.90_beta0.0050_gamma0.50,carbonscaler_budget,ontario,13,1,50.0,35.78,31.642500000000002
optionB_budget0.90_beta0.0050_gamma0.50,carbonscaler_budget,ontario,14,0,56.0,35.83,33.13916666666666
optionB_budget0.90_beta0.0050_gamma0.50,carbonscaler_budget,ontario,15,0,61.0,37.72,40.01583333333333
optionB_budget0.90_beta0.0050_gamma0.50,carbonscaler_budget,ontario,16,0,64.0,37.85,50.650000000000006
optionB_budget0.90_beta0.0050_gamma0.50,carbonscaler_budget,ontario,17,0,62.0,51.72,37.6775
optionB_budget0.90_beta0.0050_gamma0.50,carbonscaler_budget,ontario,18,0,54.0,55.55,37.67250000000001
optionB_budget0.90_beta0.0050_gamma0.50,carbonscaler_budget,ontario,19,0,55.0,53.78,37.278333333333336
optionB_budget0.90_beta0.0050_gamma0.50,carbonscaler_budget,ontario,20,0,59.0,41.04,41.968333333333334
optionB_budget0.90_beta0.0050_gamma0.50,carbonscaler_budget,ontario,21,0,74.0,32.67,26.171666666666667
optionB_budget0.90_beta0.0050_gamma0.50,carbonscaler_budget,ontario,22,0,72.0,35.35,25.061666666666667
optionB_budget0.90_beta0.0050_gamma0.50,carbonscaler_budget,ontario,23,0,71.0,26.53,23.230833333333333
optionB_budget0.90_beta0.0050_gamma0.50,carbonscaler_budget,ontario,24,0,70.0,29.7,14.858333333333334
optionB_budget0.90_beta0.0050_gamma0.50,carbonscaler_budget,ontario,25,0,69.0,25.77,17.010833333333334
optionB_budget0.90_beta0.0050_gamma0.50,carbonscaler_budget,ontario,26,0,62.0,27.41,17.040833333333335
optionB_budget0.90_beta0.0050_gamma0.50,carbonscaler_budget,ontario,27,0,60.0,30.78,17.525833333333335
optionB_budget0.90_beta0.0050_gamma0.50,carbonscaler_budget,ontario,28,1,50.0,28.77,16.649166666666666
optionB_budget0.90_beta0.0050_gamma0.50,carbonscaler_budget,ontario,29,1,49.0,35.98,12.450833333333334
optionB_budget0.90_beta0.0050_gamma0.50,carbonscaler_budget,ontario,30,1,50.0,50.81,29.266666666666666
optionB_budget0.90_beta0.0050_gamma0.50,carbonscaler_budget,ontario,31,1,51.0,59.4,35.785833333333336
optionB_budget0.90_beta0.0050_gamma0.50,carbonscaler_budget,ontario,32,0,56.0,51.35,46.8225
optionB_budget0.90_beta0.0050_gamma0.50,carbonscaler_budget,ontario,33,0,67.0,43.09,40.39
optionB_budget0.90_beta0.0050_gamma0.50,carbonscaler_budget,ontario,34,0,76.0,36.04,36.93
optionB_budget0.90_beta0.0050_gamma0.50,carbonscaler_budget,ontario,35,0,82.0,35.69,47.035
optionB_budget0.90_beta0.0050_gamma0.50,carbonscaler_budget,ontario,36,0,91.0,36.09,35.24583333333333
optionB_budget0.90_beta0.0050_gamma0.50,carbonscaler_budget,ontario,37,0,96.0,35.58,18.120833333333334
optionB_budget0.90_beta0.0050_gamma0.50,carbonscaler_budget,ontario,38,0,98.0,35.86,26.633333333333336
optionB_budget0.90_beta0.0050_gamma0.50,carbonscaler_budget,ontario,39,0,100.0,40.39,30.180833333333336
optionB_budget0.90_beta0.0050_gamma0.50,carbonscaler_budget,ontario,40,0,103.0,50.44,42.2925
optionB_budget0.90_beta0.0050_gamma0.50,carbonscaler_budget,ontario,41,0,97.0,73.33,44.97
optionB_budget0.90_beta0.0050_gamma0.50,carbonscaler_budget,ontario,42,0,90.0,94.93,84.375
optionB_budget0.90_beta0.0050_gamma0.50,carbonscaler_budget,ontario,43,0,92.0,88.25,275.5933333333333
optionB_budget0.90_beta0.0050_gamma0.50,carbonscaler_budget,ontario,44,0,105.0,72.52,122.33749999999999
optionB_budget0.90_beta0.0050_gamma0.50,carbonscaler_budget,ontario,45,0,130.0,54.94,47.469166666666666
optionB_budget0.90_beta0.0050_gamma0.50,carbonscaler_budget,ontario,46,0,136.0,43.61,39.211666666666666
optionB_budget0.90_beta0.0050_gamma0.50,carbonscaler_budget,ontario,47,0,141.0,39.09,35.43083333333333
optionB_budget0.90_beta0.0050_gamma0.50,carbonscaler_budget,ontario,48,0,148.0,49.12,37.15083333333333
optionB_budget0.90_beta0.0050_gamma0.50,carbonscaler_budget,ontario,49,0,145.0,52.86,37.26083333333333
optionB_budget0.90_beta0.0050_gamma0.50,carbonscaler_budget,ontario,50,0,140.0,50.51,38.05416666666667
optionB_budget0.90_beta0.0050_gamma0.50,carbonscaler_budget,ontario,51,0,124.0,50.34,39.40333333333333
optionB_budget0.90_beta0.0050_gamma0.50,carbonscaler_budget,ontario,52,0,122.0,46.79,47.62833333333333
optionB_budget0.90_beta0.0050_gamma0.50,carbonscaler_budget,ontario,53,0,126.0,59.53,58.229166666666664
optionB_budget0.90_beta0.0050_gamma0.50,carbonscaler_budget,ontario,54,0,129.0,105.91,50.64666666666667
optionB_budget0.90_beta0.0050_gamma0.50,carbonscaler_budget,ontario,55,0,137.0,106.12,47.72416666666667
optionB_budget0.90_beta0.0050_gamma0.50,carbonscaler_budget,ontario,56,0,143.0,61.53,48.03333333333333
optionB_budget0.90_beta0.0050_gamma0.50,carbonscaler_budget,ontario,57,0,149.0,44.42,32.4175
optionB_budget0.90_beta0.0050_gamma0.50,carbonscaler_budget,ontario,58,0,154.0,36.14,30.493333333333336
optionB_budget0.90_beta0.0050_gamma0.50,carbonscaler_budget,ontario,59,0,154.0,35.47,30.366666666666664
optionB_budget0.90_beta0.0050_gamma0.50,carbonscaler_budget,ontario,60,0,150.0,35.46,36.156666666666666
optionB_budget0.90_beta0.0050_gamma0.50,carbonscaler_budget,ontario,61,0,147.0,27.61,37.915
optionB_budget0.90_beta0.0050_gamma0.50,carbonscaler_budget,ontario,62,0,125.0,27.64,47.52583333333333
optionB_budget0.90_beta0.0050_gamma0.50,carbonscaler_budget,ontario,63,0,112.0,35.58,49.13999999999999
optionB_budget0.90_beta0.0050_gamma0.50,carbonscaler_budget,ontario,64,0,112.0,40.06,55.703333333333326
optionB_budget0.90_beta0.0050_gamma0.50,carbonscaler_budget,ontario,65,0,118.0,54.54,59.62166666666667
optionB_budget0.90_beta0.0050_gamma0.50,carbonscaler_budget,ontario,66,0,121.0,78.35,56.038333333333334
optionB_budget0.90_beta0.0050_gamma0.50,carbonscaler_budget,ontario,67,0,125.0,63.47,70.19416666666667
optionB_budget0.90_beta0.0050_gamma0.50,carbonscaler_budget,ontario,68,0,127.0,50.36,41.55166666666667
optionB_budget0.90_beta0.0050_gamma0.50,carbonscaler_budget,ontario,69,0,135.0,37.17,37.35
optionB_budget0.90_beta0.0050_gamma0.50,carbonscaler_budget,ontario,70,0,140.0,36.52,33.28666666666667
optionB_budget0.90_beta0.0050_gamma0.50,carbonscaler_budget,ontario,71,0,141.0,36.17,34.604166666666664
optionB_budget0.90_beta0.0050_gamma0.50,carbonscaler_budget,ontario,72,0,140.0,44.59,37.5325
optionB_budget0.90_beta0.0050_gamma0.50,carbonscaler_budget,ontario,73,0,135.0,43.38,37.89083333333333
optionB_budget0.90_beta0.0050_gamma0.50,carbonscaler_budget,ontario,74,0,131.0,37.79,36.09
optionB_budget0.90_beta0.0050_gamma0.50,carbonscaler_budget,ontario,75,0,109.0,39.96,37.805
optionB_budget0.90_beta0.0050_gamma0.50,carbonscaler_budget,ontario,76,0,112.0,39.81,38.26416666666667
optionB_budget0.90_beta0.0050_gamma0.50,carbonscaler_budget,ontario,77,0,122.0,46.47,64.16166666666668
optionB_budget0.90_beta0.0050_gamma0.50,carbonscaler_budget,ontario,78,0,120.0,65.6,129.94
optionB_budget0.90_beta0.0050_gamma0.50,carbonscaler_budget,ontario,79,0,113.0,75.85,113.37166666666667
optionB_budget0.90_beta0.0050_gamma0.50,carbonscaler_budget,ontario,80,0,119.0,63.62,202.23
optionB_budget0.90_beta0.0050_gamma0.50,carbonscaler_budget,ontario,81,0,124.0,49.56,84.56916666666667
optionB_budget0.90_beta0.0050_gamma0.50,carbonscaler_budget,ontario,82,0,139.0,43.01,43.4725
optionB_budget0.90_beta0.0050_gamma0.50,carbonscaler_budget,ontario,83,0,144.0,41.35,36.63666666666666
optionB_budget0.90_beta0.0050_gamma0.50,carbonscaler_budget,ontario,84,0,145.0,41.77,36.18333333333333
optionB_budget0.90_beta0.0050_gamma0.50,carbonscaler_budget,ontario,85,0,144.0,38.31,41.73416666666667
optionB_budget0.90_beta0.0050_gamma0.50,carbonscaler_budget,ontario,86,0,145.0,37.44,47.08166666666667
optionB_budget0.90_beta0.0050_gamma0.50,carbonscaler_budget,ontario,87,0,138.0,38.3,38.05
optionB_budget0.90_beta0.0050_gamma0.50,carbonscaler_budget,ontario,88,0,133.0,48.02,38.589999999999996
optionB_budget0.90_beta0.0050_gamma0.50,carbonscaler_budget,ontario,89,0,124.0,60.28,38.622499999999995
optionB_budget0.90_beta0.0050_gamma0.50,carbonscaler_budget,ontario,90,0,130.0,77.26,43.689166666666665
optionB_budget0.90_beta0.0050_gamma0.50,carbonscaler_budget,ontario,91,0,132.0,71.28,42.440000000000005
optionB_budget0.90_beta0.0050_gamma0.50,carbonscaler_budget,ontario,92,0,131.0,58.28,40.15083333333333
optionB_budget0.90_beta0.0050_gamma0.50,carbonscaler_budget,ontario,93,0,130.0,43.69,43.84
optionB_budget0.90_beta0.0050_gamma0.50,carbonscaler_budget,ontario,94,0,134.0,41.22,37.800000000000004
optionB_budget0.90_beta0.0050_gamma0.50,carbonscaler_budget,ontario,95,0,135.0,39.86,35.3275
optionB_budget0.90_beta0.0050_gamma0.50,carbonscaler_budget,ontario,96,0,137.0,44.42,25.348333333333333
optionB_budget0.90_beta0.0050_gamma0.50,carbonscaler_budget,ontario,97,0,135.0,38.25,23.953333333333333
optionB_budget0.90_beta0.0050_gamma0.50,carbonscaler_budget,ontario,98,0,138.0,36.09,14.425833333333332
optionB_budget0.90_beta0.0050_gamma0.50,carbonscaler_budget,ontario,99,0,134.0,36.48,33.902499999999996
optionB_budget0.90_beta0.0050_gamma0.50,carbonscaler_budget,ontario,100,0,123.0,33.49,20.290833333333335
optionB_budget0.90_beta0.0050_gamma0.50,carbonscaler_budget,ontario,101,0,98.0,36.58,35.770833333333336
optionB_budget0.90_beta0.0050_gamma0.50,carbonscaler_budget,ontario,102,0,86.0,43.16,39.869166666666665
optionB_budget0.90_beta0.0050_gamma0.50,carbonscaler_budget,ontario,103,0,80.0,56.13,52.47416666666666
optionB_budget0.90_beta0.0050_gamma0.50,carbonscaler_budget,ontario,104,0,86.0,47.7,234.91166666666666
optionB_budget0.90_beta0.0050_gamma0.50,carbonscaler_budget,ontario,105,0,85.0,38.56,300.13166666666666
optionB_budget0.90_beta0.0050_gamma0.50,carbonscaler_budget,ontario,106,0,100.0,38.34,65.23166666666667
optionB_budget0.90_beta0.0050_gamma0.50,carbonscaler_budget,ontario,107,0,98.0,44.24,37.69166666666667
optionB_budget0.90_beta0.0050_gamma0.50,carbonscaler_budget,ontario,108,0,107.0,40.02,37.711666666666666
optionB_budget0.90_beta0.0050_gamma0.50,carbonscaler_budget,ontario,109,0,117.0,39.73,31.875
optionB_budget0.90_beta0.0050_gamma0.50,carbonscaler_budget,ontario,110,0,121.0,45.08,31.05
optionB_budget0.90_beta0.0050_gamma0.50,carbonscaler_budget,ontario,111,0,120.0,43.22,29.790833333333335
optionB_budget0.90_beta0.0050_gamma0.50,carbonscaler_budget,ontario,112,0,113.0,50.91,36.05416666666667
optionB_budget0.90_beta0.0050_gamma0.50,carbonscaler_budget,ontario,113,0,111.0,59.6,27.55
optionB_budget0.90_beta0.0050_gamma0.50,carbonscaler_budget,ontario,114,0,109.0,68.96,35.61
optionB_budget0.90_beta0.0050_gamma0.50,carbonscaler_budget,ontario,115,0,110.0,64.28,38.329166666666666
optionB_budget0.90_beta0.0050_gamma0.50,carbonscaler_budget,ontario,116,0,102.0,54.21,36.972500000000004
optionB_budget0.90_beta0.0050_gamma0.50,carbonscaler_budget,ontario,117,0,111.0,46.3,37.40333333333333
optionB_budget0.90_beta0.0050_gamma0.50,carbonscaler_budget,ontario,118,0,99.0,43.91,30.51
optionB_budget0.90_beta0.0050_gamma0.50,carbonscaler_budget,ontario,119,0,100.0,38.92,27.84
optionB_budget0.90_beta0.0050_gamma0.50,carbonscaler_budget,ontario,120,0,107.0,44.41,38.76
optionB_budget0.90_beta0.0050_gamma0.50,carbonscaler_budget,ontario,121,0,101.0,39.33,36.759166666666665
optionB_budget0.90_beta0.0050_gamma0.50,carbonscaler_budget,ontario,122,0,101.0,37.31,34.015
optionB_budget0.90_beta0.0050_gamma0.50,carbonscaler_budget,ontario,123,0,97.0,39.4,38.65083333333333
optionB_budget0.90_beta0.0050_gamma0.50,carbonscaler_budget,ontario,124,0,93.0,40.41,38.821666666666665
optionB_budget0.90_beta0.0050_gamma0.50,carbonscaler_budget,ontario,125,0,91.0,51.01,54.589999999999996
optionB_budget0.90_beta0.0050_gamma0.50,carbonscaler_budget,ontario,126,0,89.0,51.96,41.85
optionB_budget0.90_beta0.0050_gamma0.50,carbonscaler_budget,ontario,127,0,90.0,53.48,35.2025
optionB_budget0.90_beta0.0050_gamma0.50,carbonscaler_budget,ontario,128,0,96.0,49.83,48.94583333333333
optionB_budget0.90_beta0.0050_gamma0.50,carbonscaler_budget,ontario,129,0,98.0,40.82,48.16583333333333
optionB_budget0.90_beta0.0050_gamma0.50,carbonscaler_budget,ontario,130,0,111.0,38.54,36.41416666666667
optionB_budget0.90_beta0.0050_gamma0.50,carbonscaler_budget,ontario,131,0,106.0,36.65,38.08583333333333
optionB_budget0.90_beta0.0050_gamma0.50,carbonscaler_budget,ontario,132,0,97.0,35.44,32.35166666666667
optionB_budget0.90_beta0.0050_gamma0.50,carbonscaler_budget,ontario,133,0,109.0,35.23,26.764166666666668
optionB_budget0.90_beta0.0050_gamma0.50,carbonscaler_budget,ontario,134,0,112.0,32.72,28.69333333333333
optionB_budget0.90_beta0.0050_gamma0.50,carbonscaler_budget,ontario,135,0,107.0,37.23,34.07666666666667
optionB_budget0.90_beta0.0050_gamma0.50,carbonscaler_budget,ontario,136,0,102.0,41.69,43.39333333333334
optionB_budget0.90_beta0.0050_gamma0.50,carbonscaler_budget,ontario,137,0,97.0,49.09,36.2775
optionB_budget0.90_beta0.0050_gamma0.50,carbonscaler_budget,ontario,138,0,89.0,57.12,26.605833333333333
optionB_budget0.90_beta0.0050_gamma0.50,carbonscaler_budget,ontario,139,0,89.0,51.5,26.763333333333335
optionB_budget0.90_beta0.0050_gamma0.50,carbonscaler_budget,ontario,140,0,89.0,43.25,35.38666666666667
optionB_budget0.90_beta0.0050_gamma0.50,carbonscaler_budget,ontario,141,0,93.0,40.56,36.7025
optionB_budget0.90_beta0.0050_gamma0.50,carbonscaler_budget,ontario,142,0,86.0,39.39,37.56166666666667
optionB_budget0.90_beta0.0050_gamma0.50,carbonscaler_budget,ontario,143,0,78.0,36.15,37.413333333333334
optionB_budget0.90_beta0.0050_gamma0.50,carbonscaler_budget,ontario,144,0,74.0,34.73,34.03416666666667
optionB_budget0.90_beta0.0050_gamma0.50,carbonscaler_budget,ontario,145,0,75.0,35.29,28.84
optionB_budget0.90_beta0.0050_gamma0.50,carbonscaler_budget,ontario,146,0,81.0,34.14,25.500833333333333
optionB_budget0.90_beta0.0050_gamma0.50,carbonscaler_budget,ontario,147,0,88.0,34.63,17.543333333333333
optionB_budget0.90_beta0.0050_gamma0.50,carbonscaler_budget,ontario,148,0,85.0,34.86,32.51083333333333
optionB_budget0.90_beta0.0050_gamma0.50,carbonscaler_budget,ontario,149,0,75.0,36.64,32.517500000000005
optionB_budget0.90_beta0.0050_gamma0.50,carbonscaler_budget,ontario,150,0,62.0,37.94,37.737500000000004
optionB_budget0.90_beta0.0050_gamma0.50,carbonscaler_budget,ontario,151,0,61.0,45.46,45.17249999999999
optionB_budget0.90_beta0.0050_gamma0.50,carbonscaler_budget,ontario,152,0,63.0,45.88,32.65416666666667
optionB_budget0.90_beta0.0050_gamma0.50,carbonscaler_budget,ontario,153,0,68.0,49.25,32.468333333333334
optionB_budget0.90_beta0.0050_gamma0.50,carbonscaler_budget,ontario,154,0,70.0,49.13,59.362500000000004
optionB_budget0.90_beta0.0050_gamma0.50,carbonscaler_budget,ontario,155,0,74.0,41.47,47.10333333333333
optionB_budget0.90_beta0.0050_gamma0.50,carbonscaler_budget,ontario,156,0,84.0,38.62,33.2075
optionB_budget0.90_beta0.0050_gamma0.50,carbonscaler_budget,ontario,157,0,77.0,37.08,20.526666666666667
optionB_budget0.90_beta0.0050_gamma0.50,carbonscaler_budget,ontario,158,0,71.0,36.15,22.862499999999997
optionB_budget0.90_beta0.0050_gamma0.50,carbonscaler_budget,ontario,159,0,79.0,35.85,27.621666666666666
optionB_budget0.90_beta0.0050_gamma0.50,carbonscaler_budget,ontario,160,0,86.0,36.64,37.75083333333333
optionB_budget0.90_beta0.0050_gamma0.50,carbonscaler_budget,ontario,161,0,77.0,45.69,38.839999999999996
optionB_budget0.90_beta0.0050_gamma0.50,carbonscaler_budget,ontario,162,0,71.0,53.03,36.770833333333336
optionB_budget0.90_beta0.0050_gamma0.50,carbonscaler_budget,ontario,163,0,72.0,50.95,38.96
optionB_budget0.90_beta0.0050_gamma0.50,carbonscaler_budget,ontario,164,0,78.0,46.81,33.8875
optionB_budget0.90_beta0.0050_gamma0.50,carbonscaler_budget,ontario,165,0,86.0,39.8,31.951666666666668
optionB_budget0.90_beta0.0050_gamma0.50,carbonscaler_budget,ontario,166,0,93.0,38.09,30.215000000000003
optionB_budget0.90_beta0.0050_gamma0.50,carbonscaler_budget,ontario,167,0,93.0,38.22,23.973333333333333
optionB_budget0.90_beta0.0100_gamma0.50,carbonscaler_budget,ontario,0,2,50.0,14.46,37.281666666666666
optionB_budget0.90_beta0.0100_gamma0.50,carbonscaler_budget,ontario,1,1,49.0,14.91,33.41166666666667
optionB_budget0.90_beta0.0100_gamma0.50,carbonscaler_budget,ontario,2,1,45.0,14.65,31.3
optionB_budget0.90_beta0.0100_gamma0.50,carbonscaler_budget,ontario,3,2,44.0,14.93,34.589166666666664
optionB_budget0.90_beta0.0100_gamma0.50,carbonscaler_budget,ontario,4,2,38.0,19.54,38.32666666666667
optionB_budget0.90_beta0.0100_gamma0.50,carbonscaler_budget,ontario,5,2,39.0,26.39,31.050833333333333
optionB_budget0.90_beta0.0100_gamma0.50,carbonscaler_budget,ontario,6,2,39.0,28.77,29.55333333333333
optionB_budget0.90_beta0.0100_gamma0.50,carbonscaler_budget,ontario,7,2,39.0,43.28,33.685833333333335
optionB_budget0.90_beta0.0100_gamma0.50,carbonscaler_budget,ontario,8,1,44.0,39.76,29.5
optionB_budget0.90_beta0.0100_gamma0.50,carbonscaler_budget,ontario,9,1,49.0,35.49,40.14
optionB_budget0.90_beta0.0100_gamma0.50,carbonscaler_budget,ontario,10,1,52.0,32.62,48.08416666666667
optionB_budget0.90_beta0.0100_gamma0.50,carbonscaler_budget,ontario,11,1,52.0,35.96,50.5425
optionB_budget0.90_beta0.0100_gamma0.50,carbonscaler_budget,ontario,12,0,54.0,36.16,41.22666666666667
optionB_budget0.90_beta0.0100_gamma0.50,carbonscaler_budget,ontario,13,1,50.0,35.78,31.642500000000002
optionB_budget0.90_beta0.0100_gamma0.50,carbonscaler_budget,ontario,14,0,56.0,35.83,33.13916666666666
optionB_budget0.90_beta0.0100_gamma0.50,carbonscaler_budget,ontario,15,0,61.0,37.72,40.01583333333333
optionB_budget0.90_beta0.0100_gamma0.50,carbonscaler_budget,ontario,16,0,64.0,37.85,50.650000000000006
optionB_budget0.90_beta0.0100_gamma0.50,carbonscaler_budget,ontario,17,0,62.0,51.72,37.6775
optionB_budget0.90_beta0.0100_gamma0.50,carbonscaler_budget,ontario,18,0,54.0,55.55,37.67250000000001
optionB_budget0.90_beta0.0100_gamma0.50,carbonscaler_budget,ontario,19,0,55.0,53.78,37.278333333333336
optionB_budget0.90_beta0.0100_gamma0.50,carbonscaler_budget,ontario,20,0,59.0,41.04,41.968333333333334
optionB_budget0.90_beta0.0100_gamma0.50,carbonscaler_budget,ontario,21,0,74.0,32.67,26.171666666666667
optionB_budget0.90_beta0.0100_gamma0.50,carbonscaler_budget,ontario,22,0,72.0,35.35,25.061666666666667
optionB_budget0.90_beta0.0100_gamma0.50,carbonscaler_budget,ontario,23,0,71.0,26.53,23.230833333333333
optionB_budget0.90_beta0.0100_gamma0.50,carbonscaler_budget,ontario,24,0,70.0,29.7,14.858333333333334
optionB_budget0.90_beta0.0100_gamma0.50,carbonscaler_budget,ontario,25,0,69.0,25.77,17.010833333333334
optionB_budget0.90_beta0.0100_gamma0.50,carbonscaler_budget,ontario,26,0,62.0,27.41,17.040833333333335
optionB_budget0.90_beta0.0100_gamma0.50,carbonscaler_budget,ontario,27,0,60.0,30.78,17.525833333333335
optionB_budget0.90_beta0.0100_gamma0.50,carbonscaler_budget,ontario,28,1,50.0,28.77,16.649166666666666
optionB_budget0.90_beta0.0100_gamma0.50,carbonscaler_budget,ontario,29,1,49.0,35.98,12.450833333333334
optionB_budget0.90_beta0.0100_gamma0.50,carbonscaler_budget,ontario,30,1,50.0,50.81,29.266666666666666
optionB_budget0.90_beta0.0100_gamma0.50,carbonscaler_budget,ontario,31,1,51.0,59.4,35.785833333333336
optionB_budget0.90_beta0.0100_gamma0.50,carbonscaler_budget,ontario,32,0,56.0,51.35,46.8225
optionB_budget0.90_beta0.0100_gamma0.50,carbonscaler_budget,ontario,33,0,67.0,43.09,40.39
optionB_budget0.90_beta0.0100_gamma0.50,carbonscaler_budget,ontario,34,0,76.0,36.04,36.93
optionB_budget0.90_beta0.0100_gamma0.50,carbonscaler_budget,ontario,35,0,82.0,35.69,47.035
optionB_budget0.90_beta0.0100_gamma0.50,carbonscaler_budget,ontario,36,0,91.0,36.09,35.24583333333333
optionB_budget0.90_beta0.0100_gamma0.50,carbonscaler_budget,ontario,37,0,96.0,35.58,18.120833333333334
optionB_budget0.90_beta0.0100_gamma0.50,carbonscaler_budget,ontario,38,0,98.0,35.86,26.633333333333336
optionB_budget0.90_beta0.0100_gamma0.50,carbonscaler_budget,ontario,39,0,100.0,40.39,30.180833333333336
optionB_budget0.90_beta0.0100_gamma0.50,carbonscaler_budget,ontario,40,0,103.0,50.44,42.2925
optionB_budget0.90_beta0.0100_gamma0.50,carbonscaler_budget,ontario,41,0,97.0,73.33,44.97
optionB_budget0.90_beta0.0100_gamma0.50,carbonscaler_budget,ontario,42,0,90.0,94.93,84.375
optionB_budget0.90_beta0.0100_gamma0.50,carbonscaler_budget,ontario,43,0,92.0,88.25,275.5933333333333
optionB_budget0.90_beta0.0100_gamma0.50,carbonscaler_budget,ontario,44,0,105.0,72.52,122.33749999999999
optionB_budget0.90_beta0.0100_gamma0.50,carbonscaler_budget,ontario,45,0,130.0,54.94,47.469166666666666
optionB_budget0.90_beta0.0100_gamma0.50,carbonscaler_budget,ontario,46,0,136.0,43.61,39.211666666666666
optionB_budget0.90_beta0.0100_gamma0.50,carbonscaler_budget,ontario,47,0,141.0,39.09,35.43083333333333
optionB_budget0.90_beta0.0100_gamma0.50,carbonscaler_budget,ontario,48,0,148.0,49.12,37.15083333333333
optionB_budget0.90_beta0.0100_gamma0.50,carbonscaler_budget,ontario,49,0,145.0,52.86,37.26083333333333
optionB_budget0.90_beta0.0100_gamma0.50,carbonscaler_budget,ontario,50,0,140.0,50.51,38.05416666666667
optionB_budget0.90_beta0.0100_gamma0.50,carbonscaler_budget,ontario,51,0,124.0,50.34,39.40333333333333
optionB_budget0.90_beta0.0100_gamma0.50,carbonscaler_budget,ontario,52,0,122.0,46.79,47.62833333333333
optionB_budget0.90_beta0.0100_gamma0.50,carbonscaler_budget,ontario,53,0,126.0,59.53,58.229166666666664
optionB_budget0.90_beta0.0100_gamma0.50,carbonscaler_budget,ontario,54,0,129.0,105.91,50.64666666666667
optionB_budget0.90_beta0.0100_gamma0.50,carbonscaler_budget,ontario,55,0,137.0,106.12,47.72416666666667
optionB_budget0.90_beta0.0100_gamma0.50,carbonscaler_budget,ontario,56,0,143.0,61.53,48.03333333333333
optionB_budget0.90_beta0.0100_gamma0.50,carbonscaler_budget,ontario,57,0,149.0,44.42,32.4175
optionB_budget0.90_beta0.0100_gamma0.50,carbonscaler_budget,ontario,58,0,154.0,36.14,30.493333333333336
optionB_budget0.90_beta0.0100_gamma0.50,carbonscaler_budget,ontario,59,0,154.0,35.47,30.366666666666664
optionB_budget0.90_beta0.0100_gamma0.50,carbonscaler_budget,ontario,60,0,150.0,35.46,36.156666666666666
optionB_budget0.90_beta0.0100_gamma0.50,carbonscaler_budget,ontario,61,0,147.0,27.61,37.915
optionB_budget0.90_beta0.0100_gamma0.50,carbonscaler_budget,ontario,62,0,125.0,27.64,47.52583333333333
optionB_budget0.90_beta0.0100_gamma0.50,carbonscaler_budget,ontario,63,0,112.0,35.58,49.13999999999999
optionB_budget0.90_beta0.0100_gamma0.50,carbonscaler_budget,ontario,64,0,112.0,40.06,55.703333333333326
optionB_budget0.90_beta0.0100_gamma0.50,carbonscaler_budget,ontario,65,0,118.0,54.54,59.62166666666667
optionB_budget0.90_beta0.0100_gamma0.50,carbonscaler_budget,ontario,66,0,121.0,78.35,56.038333333333334
optionB_budget0.90_beta0.0100_gamma0.50,carbonscaler_budget,ontario,67,0,125.0,63.47,70.19416666666667
optionB_budget0.90_beta0.0100_gamma0.50,carbonscaler_budget,ontario,68,0,127.0,50.36,41.55166666666667
optionB_budget0.90_beta0.0100_gamma0.50,carbonscaler_budget,ontario,69,0,135.0,37.17,37.35
optionB_budget0.90_beta0.0100_gamma0.50,carbonscaler_budget,ontario,70,0,140.0,36.52,33.28666666666667
optionB_budget0.90_beta0.0100_gamma0.50,carbonscaler_budget,ontario,71,0,141.0,36.17,34.604166666666664
optionB_budget0.90_beta0.0100_gamma0.50,carbonscaler_budget,ontario,72,0,140.0,44.59,37.5325
optionB_budget0.90_beta0.0100_gamma0.50,carbonscaler_budget,ontario,73,0,135.0,43.38,37.89083333333333
optionB_budget0.90_beta0.0100_gamma0.50,carbonscaler_budget,ontario,74,0,131.0,37.79,36.09
optionB_budget0.90_beta0.0100_gamma0.50,carbonscaler_budget,ontario,75,0,109.0,39.96,37.805
optionB_budget0.90_beta0.0100_gamma0.50,carbonscaler_budget,ontario,76,0,112.0,39.81,38.26416666666667
optionB_budget0.90_beta0.0100_gamma0.50,carbonscaler_budget,ontario,77,0,122.0,46.47,64.16166666666668
optionB_budget0.90_beta0.0100_gamma0.50,carbonscaler_budget,ontario,78,0,120.0,65.6,129.94
optionB_budget0.90_beta0.0100_gamma0.50,carbonscaler_budget,ontario,79,0,113.0,75.85,113.37166666666667
optionB_budget0.90_beta0.0100_gamma0.50,carbonscaler_budget,ontario,80,0,119.0,63.62,202.23
optionB_budget0.90_beta0.0100_gamma0.50,carbonscaler_budget,ontario,81,0,124.0,49.56,84.56916666666667
optionB_budget0.90_beta0.0100_gamma0.50,carbonscaler_budget,ontario,82,0,139.0,43.01,43.4725
optionB_budget0.90_beta0.0100_gamma0.50,carbonscaler_budget,ontario,83,0,144.0,41.35,36.63666666666666
optionB_budget0.90_beta0.0100_gamma0.50,carbonscaler_budget,ontario,84,0,145.0,41.77,36.18333333333333
optionB_budget0.90_beta0.0100_gamma0.50,carbonscaler_budget,ontario,85,0,144.0,38.31,41.73416666666667
optionB_budget0.90_beta0.0100_gamma0.50,carbonscaler_budget,ontario,86,0,145.0,37.44,47.08166666666667
optionB_budget0.90_beta0.0100_gamma0.50,carbonscaler_budget,ontario,87,0,138.0,38.3,38.05
optionB_budget0.90_beta0.0100_gamma0.50,carbonscaler_budget,ontario,88,0,133.0,48.02,38.589999999999996
optionB_budget0.90_beta0.0100_gamma0.50,carbonscaler_budget,ontario,89,0,124.0,60.28,38.622499999999995
optionB_budget0.90_beta0.0100_gamma0.50,carbonscaler_budget,ontario,90,0,130.0,77.26,43.689166666666665
optionB_budget0.90_beta0.0100_gamma0.50,carbonscaler_budget,ontario,91,0,132.0,71.28,42.440000000000005
optionB_budget0.90_beta0.0100_gamma0.50,carbonscaler_budget,ontario,92,0,131.0,58.28,40.15083333333333
optionB_budget0.90_beta0.0100_gamma0.50,carbonscaler_budget,ontario,93,0,130.0,43.69,43.84
optionB_budget0.90_beta0.0100_gamma0.50,carbonscaler_budget,ontario,94,0,134.0,41.22,37.800000000000004
optionB_budget0.90_beta0.0100_gamma0.50,carbonscaler_budget,ontario,95,0,135.0,39.86,35.3275
optionB_budget0.90_beta0.0100_gamma0.50,carbonscaler_budget,ontario,96,0,137.0,44.42,25.348333333333333
optionB_budget0.90_beta0.0100_gamma0.50,carbonscaler_budget,ontario,97,0,135.0,38.25,23.953333333333333
optionB_budget0.90_beta0.0100_gamma0.50,carbonscaler_budget,ontario,98,0,138.0,36.09,14.425833333333332
optionB_budget0.90_beta0.0100_gamma0.50,carbonscaler_budget,ontario,99,0,134.0,36.48,33.902499999999996
optionB_budget0.90_beta0.0100_gamma0.50,carbonscaler_budget,ontario,100,0,123.0,33.49,20.290833333333335
optionB_budget0.90_beta0.0100_gamma0.50,carbonscaler_budget,ontario,101,0,98.0,36.58,35.770833333333336
optionB_budget0.90_beta0.0100_gamma0.50,carbonscaler_budget,ontario,102,0,86.0,43.16,39.869166666666665
optionB_budget0.90_beta0.0100_gamma0.50,carbonscaler_budget,ontario,103,0,80.0,56.13,52.47416666666666
optionB_budget0.90_beta0.0100_gamma0.50,carbonscaler_budget,ontario,104,0,86.0,47.7,234.91166666666666
optionB_budget0.90_beta0.0100_gamma0.50,carbonscaler_budget,ontario,105,0,85.0,38.56,300.13166666666666
optionB_budget0.90_beta0.0100_gamma0.50,carbonscaler_budget,ontario,106,0,100.0,38.34,65.23166666666667
optionB_budget0.90_beta0.0100_gamma0.50,carbonscaler_budget,ontario,107,0,98.0,44.24,37.69166666666667
optionB_budget0.90_beta0.0100_gamma0.50,carbonscaler_budget,ontario,108,0,107.0,40.02,37.711666666666666
optionB_budget0.90_beta0.0100_gamma0.50,carbonscaler_budget,ontario,109,0,117.0,39.73,31.875
optionB_budget0.90_beta0.0100_gamma0.50,carbonscaler_budget,ontario,110,0,121.0,45.08,31.05
optionB_budget0.90_beta0.0100_gamma0.50,carbonscaler_budget,ontario,111,0,120.0,43.22,29.790833333333335
optionB_budget0.90_beta0.0100_gamma0.50,carbonscaler_budget,ontario,112,0,113.0,50.91,36.05416666666667
optionB_budget0.90_beta0.0100_gamma0.50,carbonscaler_budget,ontario,113,0,111.0,59.6,27.55
optionB_budget0.90_beta0.0100_gamma0.50,carbonscaler_budget,ontario,114,0,109.0,68.96,35.61
optionB_budget0.90_beta0.0100_gamma0.50,carbonscaler_budget,ontario,115,0,110.0,64.28,38.329166666666666
optionB_budget0.90_beta0.0100_gamma0.50,carbonscaler_budget,ontario,116,0,102.0,54.21,36.972500000000004
optionB_budget0.90_beta0.0100_gamma0.50,carbonscaler_budget,ontario,117,0,111.0,46.3,37.40333333333333
optionB_budget0.90_beta0.0100_gamma0.50,carbonscaler_budget,ontario,118,0,99.0,43.91,30.51
optionB_budget0.90_beta0.0100_gamma0.50,carbonscaler_budget,ontario,119,0,100.0,38.92,27.84
optionB_budget0.90_beta0.0100_gamma0.50,carbonscaler_budget,ontario,120,0,107.0,44.41,38.76
optionB_budget0.90_beta0.0100_gamma0.50,carbonscaler_budget,ontario,121,0,101.0,39.33,36.759166666666665
optionB_budget0.90_beta0.0100_gamma0.50,carbonscaler_budget,ontario,122,0,101.0,37.31,34.015
optionB_budget0.90_beta0.0100_gamma0.50,carbonscaler_budget,ontario,123,0,97.0,39.4,38.65083333333333
optionB_budget0.90_beta0.0100_gamma0.50,carbonscaler_budget,ontario,124,0,93.0,40.41,38.821666666666665
optionB_budget0.90_beta0.0100_gamma0.50,carbonscaler_budget,ontario,125,0,91.0,51.01,54.589999999999996
optionB_budget0.90_beta0.0100_gamma0.50,carbonscaler_budget,ontario,126,0,89.0,51.96,41.85
optionB_budget0.90_beta0.0100_gamma0.50,carbonscaler_budget,ontario,127,0,90.0,53.48,35.2025
optionB_budget0.90_beta0.0100_gamma0.50,carbonscaler_budget,ontario,128,0,96.0,49.83,48.94583333333333
optionB_budget0.90_beta0.0100_gamma0.50,carbonscaler_budget,ontario,129,0,98.0,40.82,48.16583333333333
optionB_budget0.90_beta0.0100_gamma0.50,carbonscaler_budget,ontario,130,0,111.0,38.54,36.41416666666667
optionB_budget0.90_beta0.0100_gamma0.50,carbonscaler_budget,ontario,131,0,106.0,36.65,38.08583333333333
optionB_budget0.90_beta0.0100_gamma0.50,carbonscaler_budget,ontario,132,0,97.0,35.44,32.35166666666667
optionB_budget0.90_beta0.0100_gamma0.50,carbonscaler_budget,ontario,133,0,109.0,35.23,26.764166666666668
optionB_budget0.90_beta0.0100_gamma0.50,carbonscaler_budget,ontario,134,0,112.0,32.72,28.69333333333333
optionB_budget0.90_beta0.0100_gamma0.50,carbonscaler_budget,ontario,135,0,107.0,37.23,34.07666666666667
optionB_budget0.90_beta0.0100_gamma0.50,carbonscaler_budget,ontario,136,0,102.0,41.69,43.39333333333334
optionB_budget0.90_beta0.0100_gamma0.50,carbonscaler_budget,ontario,137,0,97.0,49.09,36.2775
optionB_budget0.90_beta0.0100_gamma0.50,carbonscaler_budget,ontario,138,0,89.0,57.12,26.605833333333333
optionB_budget0.90_beta0.0100_gamma0.50,carbonscaler_budget,ontario,139,0,89.0,51.5,26.763333333333335
optionB_budget0.90_beta0.0100_gamma0.50,carbonscaler_budget,ontario,140,0,89.0,43.25,35.38666666666667
optionB_budget0.90_beta0.0100_gamma0.50,carbonscaler_budget,ontario,141,0,93.0,40.56,36.7025
optionB_budget0.90_beta0.0100_gamma0.50,carbonscaler_budget,ontario,142,0,86.0,39.39,37.56166666666667
optionB_budget0.90_beta0.0100_gamma0.50,carbonscaler_budget,ontario,143,0,78.0,36.15,37.413333333333334
optionB_budget0.90_beta0.0100_gamma0.50,carbonscaler_budget,ontario,144,0,74.0,34.73,34.03416666666667
optionB_budget0.90_beta0.0100_gamma0.50,carbonscaler_budget,ontario,145,0,75.0,35.29,28.84
optionB_budget0.90_beta0.0100_gamma0.50,carbonscaler_budget,ontario,146,0,81.0,34.14,25.500833333333333
optionB_budget0.90_beta0.0100_gamma0.50,carbonscaler_budget,ontario,147,0,88.0,34.63,17.543333333333333
optionB_budget0.90_beta0.0100_gamma0.50,carbonscaler_budget,ontario,148,0,85.0,34.86,32.51083333333333
optionB_budget0.90_beta0.0100_gamma0.50,carbonscaler_budget,ontario,149,0,75.0,36.64,32.517500000000005
optionB_budget0.90_beta0.0100_gamma0.50,carbonscaler_budget,ontario,150,0,62.0,37.94,37.737500000000004
optionB_budget0.90_beta0.0100_gamma0.50,carbonscaler_budget,ontario,151,0,61.0,45.46,45.17249999999999
optionB_budget0.90_beta0.0100_gamma0.50,carbonscaler_budget,ontario,152,0,63.0,45.88,32.65416666666667
optionB_budget0.90_beta0.0100_gamma0.50,carbonscaler_budget,ontario,153,0,68.0,49.25,32.468333333333334
optionB_budget0.90_beta0.0100_gamma0.50,carbonscaler_budget,ontario,154,0,70.0,49.13,59.362500000000004
optionB_budget0.90_beta0.0100_gamma0.50,carbonscaler_budget,ontario,155,0,74.0,41.47,47.10333333333333
optionB_budget0.90_beta0.0100_gamma0.50,carbonscaler_budget,ontario,156,0,84.0,38.62,33.2075
optionB_budget0.90_beta0.0100_gamma0.50,carbonscaler_budget,ontario,157,0,77.0,37.08,20.526666666666667
optionB_budget0.90_beta0.0100_gamma0.50,carbonscaler_budget,ontario,158,0,71.0,36.15,22.862499999999997
optionB_budget0.90_beta0.0100_gamma0.50,carbonscaler_budget,ontario,159,0,79.0,35.85,27.621666666666666
optionB_budget0.90_beta0.0100_gamma0.50,carbonscaler_budget,ontario,160,0,86.0,36.64,37.75083333333333
optionB_budget0.90_beta0.0100_gamma0.50,carbonscaler_budget,ontario,161,0,77.0,45.69,38.839999999999996
optionB_budget0.90_beta0.0100_gamma0.50,carbonscaler_budget,ontario,162,0,71.0,53.03,36.770833333333336
optionB_budget0.90_beta0.0100_gamma0.50,carbonscaler_budget,ontario,163,0,72.0,50.95,38.96
optionB_budget0.90_beta0.0100_gamma0.50,carbonscaler_budget,ontario,164,0,78.0,46.81,33.8875
optionB_budget0.90_beta0.0100_gamma0.50,carbonscaler_budget,ontario,165,0,86.0,39.8,31.951666666666668
optionB_budget0.90_beta0.0100_gamma0.50,carbonscaler_budget,ontario,166,0,93.0,38.09,30.215000000000003
optionB_budget0.90_beta0.0100_gamma0.50,carbonscaler_budget,ontario,167,0,93.0,38.22,23.973333333333333
optionB_budget0.90_beta0.0200_gamma0.50,carbonscaler_budget,ontario,0,1,50.0,14.46,37.281666666666666
optionB_budget0.90_beta0.0200_gamma0.50,carbonscaler_budget,ontario,1,2,49.0,14.91,33.41166666666667
optionB_budget0.90_beta0.0200_gamma0.50,carbonscaler_budget,ontario,2,2,45.0,14.65,31.3
optionB_budget0.90_beta0.0200_gamma0.50,carbonscaler_budget,ontario,3,2,44.0,14.93,34.589166666666664
optionB_budget0.90_beta0.0200_gamma0.50,carbonscaler_budget,ontario,4,2,38.0,19.54,38.32666666666667
optionB_budget0.90_beta0.0200_gamma0.50,carbonscaler_budget,ontario,5,2,39.0,26.39,31.050833333333333
optionB_budget0.90_beta0.0200_gamma0.50,carbonscaler_budget,ontario,6,2,39.0,28.77,29.55333333333333
optionB_budget0.90_beta0.0200_gamma0.50,carbonscaler_budget,ontario,7,2,39.0,43.28,33.685833333333335
optionB_budget0.90_beta0.0200_gamma0.50,carbonscaler_budget,ontario,8,1,44.0,39.76,29.5
optionB_budget0.90_beta0.0200_gamma0.50,carbonscaler_budget,ontario,9,1,49.0,35.49,40.14
optionB_budget0.90_beta0.0200_gamma0.50,carbonscaler_budget,ontario,10,1,52.0,32.62,48.08416666666667
optionB_budget0.90_beta0.0200_gamma0.50,carbonscaler_budget,ontario,11,1,52.0,35.96,50.5425
optionB_budget0.90_beta0.0200_gamma0.50,carbonscaler_budget,ontario,12,1,54.0,36.16,41.22666666666667
optionB_budget0.90_beta0.0200_gamma0.50,carbonscaler_budget,ontario,13,1,50.0,35.78,31.642500000000002
optionB_budget0.90_beta0.0200_gamma0.50,carbonscaler_budget,ontario,14,0,56.0,35.83,33.13916666666666
optionB_budget0.90_beta0.0200_gamma0.50,carbonscaler_budget,ontario,15,0,61.0,37.72,40.01583333333333
optionB_budget0.90_beta0.0200_gamma0.50,carbonscaler_budget,ontario,16,0,64.0,37.85,50.650000000000006
optionB_budget0.90_beta0.0200_gamma0.50,carbonscaler_budget,ontario,17,0,62.0,51.72,37.6775
optionB_budget0.90_beta0.0200_gamma0.50,carbonscaler_budget,ontario,18,0,54.0,55.55,37.67250000000001
optionB_budget0.90_beta0.0200_gamma0.50,carbonscaler_budget,ontario,19,0,55.0,53.78,37.278333333333336
optionB_budget0.90_beta0.0200_gamma0.50,carbonscaler_budget,ontario,20,0,59.0,41.04,41.968333333333334
optionB_budget0.90_beta0.0200_gamma0.50,carbonscaler_budget,ontario,21,0,74.0,32.67,26.171666666666667
optionB_budget0.90_beta0.0200_gamma0.50,carbonscaler_budget,ontario,22,0,72.0,35.35,25.061666666666667
optionB_budget0.90_beta0.0200_gamma0.50,carbonscaler_budget,ontario,23,0,71.0,26.53,23.230833333333333
optionB_budget0.90_beta0.0200_gamma0.50,carbonscaler_budget,ontario,24,0,70.0,29.7,14.858333333333334
optionB_budget0.90_beta0.0200_gamma0.50,carbonscaler_budget,ontario,25,0,69.0,25.77,17.010833333333334
optionB_budget0.90_beta0.0200_gamma0.50,carbonscaler_budget,ontario,26,0,62.0,27.41,17.040833333333335
optionB_budget0.90_beta0.0200_gamma0.50,carbonscaler_budget,ontario,27,0,60.0,30.78,17.525833333333335
optionB_budget0.90_beta0.0200_gamma0.50,carbonscaler_budget,ontario,28,1,50.0,28.77,16.649166666666666
optionB_budget0.90_beta0.0200_gamma0.50,carbonscaler_budget,ontario,29,1,49.0,35.98,12.450833333333334
optionB_budget0.90_beta0.0200_gamma0.50,carbonscaler_budget,ontario,30,1,50.0,50.81,29.266666666666666
optionB_budget0.90_beta0.0200_gamma0.50,carbonscaler_budget,ontario,31,0,51.0,59.4,35.785833333333336
optionB_budget0.90_beta0.0200_gamma0.50,carbonscaler_budget,ontario,32,0,56.0,51.35,46.8225
optionB_budget0.90_beta0.0200_gamma0.50,carbonscaler_budget,ontario,33,0,67.0,43.09,40.39
optionB_budget0.90_beta0.0200_gamma0.50,carbonscaler_budget,ontario,34,0,76.0,36.04,36.93
optionB_budget0.90_beta0.0200_gamma0.50,carbonscaler_budget,ontario,35,0,82.0,35.69,47.035
optionB_budget0.90_beta0.0200_gamma0.50,carbonscaler_budget,ontario,36,0,91.0,36.09,35.24583333333333
optionB_budget0.90_beta0.0200_gamma0.50,carbonscaler_budget,ontario,37,0,96.0,35.58,18.120833333333334
optionB_budget0.90_beta0.0200_gamma0.50,carbonscaler_budget,ontario,38,0,98.0,35.86,26.633333333333336
optionB_budget0.90_beta0.0200_gamma0.50,carbonscaler_budget,ontario,39,0,100.0,40.39,30.180833333333336
optionB_budget0.90_beta0.0200_gamma0.50,carbonscaler_budget,ontario,40,0,103.0,50.44,42.2925
optionB_budget0.90_beta0.0200_gamma0.50,carbonscaler_budget,ontario,41,0,97.0,73.33,44.97
optionB_budget0.90_beta0.0200_gamma0.50,carbonscaler_budget,ontario,42,0,90.0,94.93,84.375
optionB_budget0.90_beta0.0200_gamma0.50,carbonscaler_budget,ontario,43,0,92.0,88.25,275.5933333333333
optionB_budget0.90_beta0.0200_gamma0.50,carbonscaler_budget,ontario,44,0,105.0,72.52,122.33749999999999
optionB_budget0.90_beta0.0200_gamma0.50,carbonscaler_budget,ontario,45,0,130.0,54.94,47.469166666666666
optionB_budget0.90_beta0.0200_gamma0.50,carbonscaler_budget,ontario,46,0,136.0,43.61,39.211666666666666
optionB_budget0.90_beta0.0200_gamma0.50,carbonscaler_budget,ontario,47,0,141.0,39.09,35.43083333333333
optionB_budget0.90_beta0.0200_gamma0.50,carbonscaler_budget,ontario,48,0,148.0,49.12,37.15083333333333
optionB_budget0.90_beta0.0200_gamma0.50,carbonscaler_budget,ontario,49,0,145.0,52.86,37.26083333333333
optionB_budget0.90_beta0.0200_gamma0.50,carbonscaler_budget,ontario,50,0,140.0,50.51,38.05416666666667
optionB_budget0.90_beta0.0200_gamma0.50,carbonscaler_budget,ontario,51,0,124.0,50.34,39.40333333333333
optionB_budget0.90_beta0.0200_gamma0.50,carbonscaler_budget,ontario,52,0,122.0,46.79,47.62833333333333
optionB_budget0.90_beta0.0200_gamma0.50,carbonscaler_budget,ontario,53,0,126.0,59.53,58.229166666666664
optionB_budget0.90_beta0.0200_gamma0.50,carbonscaler_budget,ontario,54,0,129.0,105.91,50.64666666666667
optionB_budget0.90_beta0.0200_gamma0.50,carbonscaler_budget,ontario,55,0,137.0,106.12,47.72416666666667
optionB_budget0.90_beta0.0200_gamma0.50,carbonscaler_budget,ontario,56,0,143.0,61.53,48.03333333333333
optionB_budget0.90_beta0.0200_gamma0.50,carbonscaler_budget,ontario,57,0,149.0,44.42,32.4175
optionB_budget0.90_beta0.0200_gamma0.50,carbonscaler_budget,ontario,58,0,154.0,36.14,30.493333333333336
optionB_budget0.90_beta0.0200_gamma0.50,carbonscaler_budget,ontario,59,0,154.0,35.47,30.366666666666664
optionB_budget0.90_beta0.0200_gamma0.50,carbonscaler_budget,ontario,60,0,150.0,35.46,36.156666666666666
optionB_budget0.90_beta0.0200_gamma0.50,carbonscaler_budget,ontario,61,0,147.0,27.61,37.915
optionB_budget0.90_beta0.0200_gamma0.50,carbonscaler_budget,ontario,62,0,125.0,27.64,47.52583333333333
optionB_budget0.90_beta0.0200_gamma0.50,carbonscaler_budget,ontario,63,0,112.0,35.58,49.13999999999999
optionB_budget0.90_beta0.0200_gamma0.50,carbonscaler_budget,ontario,64,0,112.0,40.06,55.703333333333326
optionB_budget0.90_beta0.0200_gamma0.50,carbonscaler_budget,ontario,65,0,118.0,54.54,59.62166666666667
optionB_budget0.90_beta0.0200_gamma0.50,carbonscaler_budget,ontario,66,0,121.0,78.35,56.038333333333334
optionB_budget0.90_beta0.0200_gamma0.50,carbonscaler_budget,ontario,67,0,125.0,63.47,70.19416666666667
optionB_budget0.90_beta0.0200_gamma0.50,carbonscaler_budget,ontario,68,0,127.0,50.36,41.55166666666667
optionB_budget0.90_beta0.0200_gamma0.50,carbonscaler_budget,ontario,69,0,135.0,37.17,37.35
optionB_budget0.90_beta0.0200_gamma0.50,carbonscaler_budget,ontario,70,0,140.0,36.52,33.28666666666667
optionB_budget0.90_beta0.0200_gamma0.50,carbonscaler_budget,ontario,71,0,141.0,36.17,34.604166666666664
optionB_budget0.90_beta0.0200_gamma0.50,carbonscaler_budget,ontario,72,0,140.0,44.59,37.5325
optionB_budget0.90_beta0.0200_gamma0.50,carbonscaler_budget,ontario,73,0,135.0,43.38,37.89083333333333
optionB_budget0.90_beta0.0200_gamma0.50,carbonscaler_budget,ontario,74,0,131.0,37.79,36.09
optionB_budget0.90_beta0.0200_gamma0.50,carbonscaler_budget,ontario,75,0,109.0,39.96,37.805
optionB_budget0.90_beta0.0200_gamma0.50,carbonscaler_budget,ontario,76,0,112.0,39.81,38.26416666666667
optionB_budget0.90_beta0.0200_gamma0.50,carbonscaler_budget,ontario,77,0,122.0,46.47,64.16166666666668
optionB_budget0.90_beta0.0200_gamma0.50,carbonscaler_budget,ontario,78,0,120.0,65.6,129.94
optionB_budget0.90_beta0.0200_gamma0.50,carbonscaler_budget,ontario,79,0,113.0,75.85,113.37166666666667
optionB_budget0.90_beta0.0200_gamma0.50,carbonscaler_budget,ontario,80,0,119.0,63.62,202.23
optionB_budget0.90_beta0.0200_gamma0.50,carbonscaler_budget,ontario,81,0,124.0,49.56,84.56916666666667
optionB_budget0.90_beta0.0200_gamma0.50,carbonscaler_budget,ontario,82,0,139.0,43.01,43.4725
optionB_budget0.90_beta0.0200_gamma0.50,carbonscaler_budget,ontario,83,0,144.0,41.35,36.63666666666666
optionB_budget0.90_beta0.0200_gamma0.50,carbonscaler_budget,ontario,84,0,145.0,41.77,36.18333333333333
optionB_budget0.90_beta0.0200_gamma0.50,carbonscaler_budget,ontario,85,0,144.0,38.31,41.73416666666667
optionB_budget0.90_beta0.0200_gamma0.50,carbonscaler_budget,ontario,86,0,145.0,37.44,47.08166666666667
optionB_budget0.90_beta0.0200_gamma0.50,carbonscaler_budget,ontario,87,0,138.0,38.3,38.05
optionB_budget0.90_beta0.0200_gamma0.50,carbonscaler_budget,ontario,88,0,133.0,48.02,38.589999999999996
optionB_budget0.90_beta0.0200_gamma0.50,carbonscaler_budget,ontario,89,0,124.0,60.28,38.622499999999995
optionB_budget0.90_beta0.0200_gamma0.50,carbonscaler_budget,ontario,90,0,130.0,77.26,43.689166666666665
optionB_budget0.90_beta0.0200_gamma0.50,carbonscaler_budget,ontario,91,0,132.0,71.28,42.440000000000005
optionB_budget0.90_beta0.0200_gamma0.50,carbonscaler_budget,ontario,92,0,131.0,58.28,40.15083333333333
optionB_budget0.90_beta0.0200_gamma0.50,carbonscaler_budget,ontario,93,0,130.0,43.69,43.84
optionB_budget0.90_beta0.0200_gamma0.50,carbonscaler_budget,ontario,94,0,134.0,41.22,37.800000000000004
optionB_budget0.90_beta0.0200_gamma0.50,carbonscaler_budget,ontario,95,0,135.0,39.86,35.3275
optionB_budget0.90_beta0.0200_gamma0.50,carbonscaler_budget,ontario,96,0,137.0,44.42,25.348333333333333
optionB_budget0.90_beta0.0200_gamma0.50,carbonscaler_budget,ontario,97,0,135.0,38.25,23.953333333333333
optionB_budget0.90_beta0.0200_gamma0.50,carbonscaler_budget,ontario,98,0,138.0,36.09,14.425833333333332
optionB_budget0.90_beta0.0200_gamma0.50,carbonscaler_budget,ontario,99,0,134.0,36.48,33.902499999999996
optionB_budget0.90_beta0.0200_gamma0.50,carbonscaler_budget,ontario,100,0,123.0,33.49,20.290833333333335
optionB_budget0.90_beta0.0200_gamma0.50,carbonscaler_budget,ontario,101,0,98.0,36.58,35.770833333333336
optionB_budget0.90_beta0.0200_gamma0.50,carbonscaler_budget,ontario,102,0,86.0,43.16,39.869166666666665
optionB_budget0.90_beta0.0200_gamma0.50,carbonscaler_budget,ontario,103,0,80.0,56.13,52.47416666666666
optionB_budget0.90_beta0.0200_gamma0.50,carbonscaler_budget,ontario,104,0,86.0,47.7,234.91166666666666
optionB_budget0.90_beta0.0200_gamma0.50,carbonscaler_budget,ontario,105,0,85.0,38.56,300.13166666666666
optionB_budget0.90_beta0.0200_gamma0.50,carbonscaler_budget,ontario,106,0,100.0,38.34,65.23166666666667
optionB_budget0.90_beta0.0200_gamma0.50,carbonscaler_budget,ontario,107,0,98.0,44.24,37.69166666666667
optionB_budget0.90_beta0.0200_gamma0.50,carbonscaler_budget,ontario,108,0,107.0,40.02,37.711666666666666
optionB_budget0.90_beta0.0200_gamma0.50,carbonscaler_budget,ontario,109,0,117.0,39.73,31.875
optionB_budget0.90_beta0.0200_gamma0.50,carbonscaler_budget,ontario,110,0,121.0,45.08,31.05
optionB_budget0.90_beta0.0200_gamma0.50,carbonscaler_budget,ontario,111,0,120.0,43.22,29.790833333333335
optionB_budget0.90_beta0.0200_gamma0.50,carbonscaler_budget,ontario,112,0,113.0,50.91,36.05416666666667
optionB_budget0.90_beta0.0200_gamma0.50,carbonscaler_budget,ontario,113,0,111.0,59.6,27.55
optionB_budget0.90_beta0.0200_gamma0.50,carbonscaler_budget,ontario,114,0,109.0,68.96,35.61
optionB_budget0.90_beta0.0200_gamma0.50,carbonscaler_budget,ontario,115,0,110.0,64.28,38.329166666666666
optionB_budget0.90_beta0.0200_gamma0.50,carbonscaler_budget,ontario,116,0,102.0,54.21,36.972500000000004
optionB_budget0.90_beta0.0200_gamma0.50,carbonscaler_budget,ontario,117,0,111.0,46.3,37.40333333333333
optionB_budget0.90_beta0.0200_gamma0.50,carbonscaler_budget,ontario,118,0,99.0,43.91,30.51
optionB_budget0.90_beta0.0200_gamma0.50,carbonscaler_budget,ontario,119,0,100.0,38.92,27.84
optionB_budget0.90_beta0.0200_gamma0.50,carbonscaler_budget,ontario,120,0,107.0,44.41,38.76
optionB_budget0.90_beta0.0200_gamma0.50,carbonscaler_budget,ontario,121,0,101.0,39.33,36.759166666666665
optionB_budget0.90_beta0.0200_gamma0.50,carbonscaler_budget,ontario,122,0,101.0,37.31,34.015
optionB_budget0.90_beta0.0200_gamma0.50,carbonscaler_budget,ontario,123,0,97.0,39.4,38.65083333333333
optionB_budget0.90_beta0.0200_gamma0.50,carbonscaler_budget,ontario,124,0,93.0,40.41,38.821666666666665
optionB_budget0.90_beta0.0200_gamma0.50,carbonscaler_budget,ontario,125,0,91.0,51.01,54.589999999999996
optionB_budget0.90_beta0.0200_gamma0.50,carbonscaler_budget,ontario,126,0,89.0,51.96,41.85
optionB_budget0.90_beta0.0200_gamma0.50,carbonscaler_budget,ontario,127,0,90.0,53.48,35.2025
optionB_budget0.90_beta0.0200_gamma0.50,carbonscaler_budget,ontario,128,0,96.0,49.83,48.94583333333333
optionB_budget0.90_beta0.0200_gamma0.50,carbonscaler_budget,ontario,129,0,98.0,40.82,48.16583333333333
optionB_budget0.90_beta0.0200_gamma0.50,carbonscaler_budget,ontario,130,0,111.0,38.54,36.41416666666667
optionB_budget0.90_beta0.0200_gamma0.50,carbonscaler_budget,ontario,131,0,106.0,36.65,38.08583333333333
optionB_budget0.90_beta0.0200_gamma0.50,carbonscaler_budget,ontario,132,0,97.0,35.44,32.35166666666667
optionB_budget0.90_beta0.0200_gamma0.50,carbonscaler_budget,ontario,133,0,109.0,35.23,26.764166666666668
optionB_budget0.90_beta0.0200_gamma0.50,carbonscaler_budget,ontario,134,0,112.0,32.72,28.69333333333333
optionB_budget0.90_beta0.0200_gamma0.50,carbonscaler_budget,ontario,135,0,107.0,37.23,34.07666666666667
optionB_budget0.90_beta0.0200_gamma0.50,carbonscaler_budget,ontario,136,0,102.0,41.69,43.39333333333334
optionB_budget0.90_beta0.0200_gamma0.50,carbonscaler_budget,ontario,137,0,97.0,49.09,36.2775
optionB_budget0.90_beta0.0200_gamma0.50,carbonscaler_budget,ontario,138,0,89.0,57.12,26.605833333333333
optionB_budget0.90_beta0.0200_gamma0.50,carbonscaler_budget,ontario,139,0,89.0,51.5,26.763333333333335
optionB_budget0.90_beta0.0200_gamma0.50,carbonscaler_budget,ontario,140,0,89.0,43.25,35.38666666666667
optionB_budget0.90_beta0.0200_gamma0.50,carbonscaler_budget,ontario,141,0,93.0,40.56,36.7025
optionB_budget0.90_beta0.0200_gamma0.50,carbonscaler_budget,ontario,142,0,86.0,39.39,37.56166666666667
optionB_budget0.90_beta0.0200_gamma0.50,carbonscaler_budget,ontario,143,0,78.0,36.15,37.413333333333334
optionB_budget0.90_beta0.0200_gamma0.50,carbonscaler_budget,ontario,144,0,74.0,34.73,34.03416666666667
optionB_budget0.90_beta0.0200_gamma0.50,carbonscaler_budget,ontario,145,0,75.0,35.29,28.84
optionB_budget0.90_beta0.0200_gamma0.50,carbonscaler_budget,ontario,146,0,81.0,34.14,25.500833333333333
optionB_budget0.90_beta0.0200_gamma0.50,carbonscaler_budget,ontario,147,0,88.0,34.63,17.543333333333333
optionB_budget0.90_beta0.0200_gamma0.50,carbonscaler_budget,ontario,148,0,85.0,34.86,32.51083333333333
optionB_budget0.90_beta0.0200_gamma0.50,carbonscaler_budget,ontario,149,0,75.0,36.64,32.517500000000005
optionB_budget0.90_beta0.0200_gamma0.50,carbonscaler_budget,ontario,150,0,62.0,37.94,37.737500000000004
optionB_budget0.90_beta0.0200_gamma0.50,carbonscaler_budget,ontario,151,0,61.0,45.46,45.17249999999999
optionB_budget0.90_beta0.0200_gamma0.50,carbonscaler_budget,ontario,152,0,63.0,45.88,32.65416666666667
optionB_budget0.90_beta0.0200_gamma0.50,carbonscaler_budget,ontario,153,0,68.0,49.25,32.468333333333334
optionB_budget0.90_beta0.0200_gamma0.50,carbonscaler_budget,ontario,154,0,70.0,49.13,59.362500000000004
optionB_budget0.90_beta0.0200_gamma0.50,carbonscaler_budget,ontario,155,0,74.0,41.47,47.10333333333333
optionB_budget0.90_beta0.0200_gamma0.50,carbonscaler_budget,ontario,156,0,84.0,38.62,33.2075
optionB_budget0.90_beta0.0200_gamma0.50,carbonscaler_budget,ontario,157,0,77.0,37.08,20.526666666666667
optionB_budget0.90_beta0.0200_gamma0.50,carbonscaler_budget,ontario,158,0,71.0,36.15,22.862499999999997
optionB_budget0.90_beta0.0200_gamma0.50,carbonscaler_budget,ontario,159,0,79.0,35.85,27.621666666666666
optionB_budget0.90_beta0.0200_gamma0.50,carbonscaler_budget,ontario,160,0,86.0,36.64,37.75083333333333
optionB_budget0.90_beta0.0200_gamma0.50,carbonscaler_budget,ontario,161,0,77.0,45.69,38.839999999999996
optionB_budget0.90_beta0.0200_gamma0.50,carbonscaler_budget,ontario,162,0,71.0,53.03,36.770833333333336
optionB_budget0.90_beta0.0200_gamma0.50,carbonscaler_budget,ontario,163,0,72.0,50.95,38.96
optionB_budget0.90_beta0.0200_gamma0.50,carbonscaler_budget,ontario,164,0,78.0,46.81,33.8875
optionB_budget0.90_beta0.0200_gamma0.50,carbonscaler_budget,ontario,165,0,86.0,39.8,31.951666666666668
optionB_budget0.90_beta0.0200_gamma0.50,carbonscaler_budget,ontario,166,0,93.0,38.09,30.215000000000003
optionB_budget0.90_beta0.0200_gamma0.50,carbonscaler_budget,ontario,167,0,93.0,38.22,23.973333333333333
optionB_budget0.90_beta0.0400_gamma0.50,carbonscaler_budget,ontario,0,2,50.0,14.46,37.281666666666666
optionB_budget0.90_beta0.0400_gamma0.50,carbonscaler_budget,ontario,1,2,49.0,14.91,33.41166666666667
optionB_budget0.90_beta0.0400_gamma0.50,carbonscaler_budget,ontario,2,2,45.0,14.65,31.3
optionB_budget0.90_beta0.0400_gamma0.50,carbonscaler_budget,ontario,3,2,44.0,14.93,34.589166666666664
optionB_budget0.90_beta0.0400_gamma0.50,carbonscaler_budget,ontario,4,2,38.0,19.54,38.32666666666667
optionB_budget0.90_beta0.0400_gamma0.50,carbonscaler_budget,ontario,5,2,39.0,26.39,31.050833333333333
optionB_budget0.90_beta0.0400_gamma0.50,carbonscaler_budget,ontario,6,2,39.0,28.77,29.55333333333333
optionB_budget0.90_beta0.0400_gamma0.50,carbonscaler_budget,ontario,7,2,39.0,43.28,33.685833333333335
optionB_budget0.90_beta0.0400_gamma0.50,carbonscaler_budget,ontario,8,1,44.0,39.76,29.5
optionB_budget0.90_beta0.0400_gamma0.50,carbonscaler_budget,ontario,9,1,49.0,35.49,40.14
optionB_budget0.90_beta0.0400_gamma0.50,carbonscaler_budget,ontario,10,1,52.0,32.62,48.08416666666667
optionB_budget0.90_beta0.0400_gamma0.50,carbonscaler_budget,ontario,11,1,52.0,35.96,50.5425
optionB_budget0.90_beta0.0400_gamma0.50,carbonscaler_budget,ontario,12,1,54.0,36.16,41.22666666666667
optionB_budget0.90_beta0.0400_gamma0.50,carbonscaler_budget,ontario,13,1,50.0,35.78,31.642500000000002
optionB_budget0.90_beta0.0400_gamma0.50,carbonscaler_budget,ontario,14,1,56.0,35.83,33.13916666666666
optionB_budget0.90_beta0.0400_gamma0.50,carbonscaler_budget,ontario,15,0,61.0,37.72,40.01583333333333
optionB_budget0.90_beta0.0400_gamma0.50,carbonscaler_budget,ontario,16,0,64.0,37.85,50.650000000000006
optionB_budget0.90_beta0.0400_gamma0.50,carbonscaler_budget,ontario,17,0,62.0,51.72,37.6775
optionB_budget0.90_beta0.0400_gamma0.50,carbonscaler_budget,ontario,18,0,54.0,55.55,37.67250000000001
optionB_budget0.90_beta0.0400_gamma0.50,carbonscaler_budget,ontario,19,0,55.0,53.78,37.278333333333336
optionB_budget0.90_beta0.0400_gamma0.50,carbonscaler_budget,ontario,20,0,59.0,41.04,41.968333333333334
optionB_budget0.90_beta0.0400_gamma0.50,carbonscaler_budget,ontario,21,0,74.0,32.67,26.171666666666667
optionB_budget0.90_beta0.0400_gamma0.50,carbonscaler_budget,ontario,22,0,72.0,35.35,25.061666666666667
optionB_budget0.90_beta0.0400_gamma0.50,carbonscaler_budget,ontario,23,0,71.0,26.53,23.230833333333333
optionB_budget0.90_beta0.0400_gamma0.50,carbonscaler_budget,ontario,24,0,70.0,29.7,14.858333333333334
optionB_budget0.90_beta0.0400_gamma0.50,carbonscaler_budget,ontario,25,0,69.0,25.77,17.010833333333334
optionB_budget0.90_beta0.0400_gamma0.50,carbonscaler_budget,ontario,26,0,62.0,27.41,17.040833333333335
optionB_budget0.90_beta0.0400_gamma0.50,carbonscaler_budget,ontario,27,0,60.0,30.78,17.525833333333335
optionB_budget0.90_beta0.0400_gamma0.50,carbonscaler_budget,ontario,28,1,50.0,28.77,16.649166666666666
optionB_budget0.90_beta0.0400_gamma0.50,carbonscaler_budget,ontario,29,1,49.0,35.98,12.450833333333334
optionB_budget0.90_beta0.0400_gamma0.50,carbonscaler_budget,ontario,30,0,50.0,50.81,29.266666666666666
optionB_budget0.90_beta0.0400_gamma0.50,carbonscaler_budget,ontario,31,0,51.0,59.4,35.785833333333336
optionB_budget0.90_beta0.0400_gamma0.50,carbonscaler_budget,ontario,32,0,56.0,51.35,46.8225
optionB_budget0.90_beta0.0400_gamma0.50,carbonscaler_budget,ontario,33,0,67.0,43.09,40.39
optionB_budget0.90_beta0.0400_gamma0.50,carbonscaler_budget,ontario,34,0,76.0,36.04,36.93
optionB_budget0.90_beta0.0400_gamma0.50,carbonscaler_budget,ontario,35,0,82.0,35.69,47.035
optionB_budget0.90_beta0.0400_gamma0.50,carbonscaler_budget,ontario,36,0,91.0,36.09,35.24583333333333
optionB_budget0.90_beta0.0400_gamma0.50,carbonscaler_budget,ontario,37,0,96.0,35.58,18.120833333333334
optionB_budget0.90_beta0.0400_gamma0.50,carbonscaler_budget,ontario,38,0,98.0,35.86,26.633333333333336
optionB_budget0.90_beta0.0400_gamma0.50,carbonscaler_budget,ontario,39,0,100.0,40.39,30.180833333333336
optionB_budget0.90_beta0.0400_gamma0.50,carbonscaler_budget,ontario,40,0,103.0,50.44,42.2925
optionB_budget0.90_beta0.0400_gamma0.50,carbonscaler_budget,ontario,41,0,97.0,73.33,44.97
optionB_budget0.90_beta0.0400_gamma0.50,carbonscaler_budget,ontario,42,0,90.0,94.93,84.375
optionB_budget0.90_beta0.0400_gamma0.50,carbonscaler_budget,ontario,43,0,92.0,88.25,275.5933333333333
optionB_budget0.90_beta0.0400_gamma0.50,carbonscaler_budget,ontario,44,0,105.0,72.52,122.33749999999999
optionB_budget0.90_beta0.0400_gamma0.50,carbonscaler_budget,ontario,45,0,130.0,54.94,47.469166666666666
optionB_budget0.90_beta0.0400_gamma0.50,carbonscaler_budget,ontario,46,0,136.0,43.61,39.211666666666666
optionB_budget0.90_beta0.0400_gamma0.50,carbonscaler_budget,ontario,47,0,141.0,39.09,35.43083333333333
optionB_budget0.90_beta0.0400_gamma0.50,carbonscaler_budget,ontario,48,0,148.0,49.12,37.15083333333333
optionB_budget0.90_beta0.0400_gamma0.50,carbonscaler_budget,ontario,49,0,145.0,52.86,37.26083333333333
optionB_budget0.90_beta0.0400_gamma0.50,carbonscaler_budget,ontario,50,0,140.0,50.51,38.05416666666667
optionB_budget0.90_beta0.0400_gamma0.50,carbonscaler_budget,ontario,51,0,124.0,50.34,39.40333333333333
optionB_budget0.90_beta0.0400_gamma0.50,carbonscaler_budget,ontario,52,0,122.0,46.79,47.62833333333333
optionB_budget0.90_beta0.0400_gamma0.50,carbonscaler_budget,ontario,53,0,126.0,59.53,58.229166666666664
optionB_budget0.90_beta0.0400_gamma0.50,carbonscaler_budget,ontario,54,0,129.0,105.91,50.64666666666667
optionB_budget0.90_beta0.0400_gamma0.50,carbonscaler_budget,ontario,55,0,137.0,106.12,47.72416666666667
optionB_budget0.90_beta0.0400_gamma0.50,carbonscaler_budget,ontario,56,0,143.0,61.53,48.03333333333333
optionB_budget0.90_beta0.0400_gamma0.50,carbonscaler_budget,ontario,57,0,149.0,44.42,32.4175
optionB_budget0.90_beta0.0400_gamma0.50,carbonscaler_budget,ontario,58,0,154.0,36.14,30.493333333333336
optionB_budget0.90_beta0.0400_gamma0.50,carbonscaler_budget,ontario,59,0,154.0,35.47,30.366666666666664
optionB_budget0.90_beta0.0400_gamma0.50,carbonscaler_budget,ontario,60,0,150.0,35.46,36.156666666666666
optionB_budget0.90_beta0.0400_gamma0.50,carbonscaler_budget,ontario,61,0,147.0,27.61,37.915
optionB_budget0.90_beta0.0400_gamma0.50,carbonscaler_budget,ontario,62,0,125.0,27.64,47.52583333333333
optionB_budget0.90_beta0.0400_gamma0.50,carbonscaler_budget,ontario,63,0,112.0,35.58,49.13999999999999
optionB_budget0.90_beta0.0400_gamma0.50,carbonscaler_budget,ontario,64,0,112.0,40.06,55.703333333333326
optionB_budget0.90_beta0.0400_gamma0.50,carbonscaler_budget,ontario,65,0,118.0,54.54,59.62166666666667
optionB_budget0.90_beta0.0400_gamma0.50,carbonscaler_budget,ontario,66,0,121.0,78.35,56.038333333333334
optionB_budget0.90_beta0.0400_gamma0.50,carbonscaler_budget,ontario,67,0,125.0,63.47,70.19416666666667
optionB_budget0.90_beta0.0400_gamma0.50,carbonscaler_budget,ontario,68,0,127.0,50.36,41.55166666666667
optionB_budget0.90_beta0.0400_gamma0.50,carbonscaler_budget,ontario,69,0,135.0,37.17,37.35
optionB_budget0.90_beta0.0400_gamma0.50,carbonscaler_budget,ontario,70,0,140.0,36.52,33.28666666666667
optionB_budget0.90_beta0.0400_gamma0.50,carbonscaler_budget,ontario,71,0,141.0,36.17,34.604166666666664
optionB_budget0.90_beta0.0400_gamma0.50,carbonscaler_budget,ontario,72,0,140.0,44.59,37.5325
optionB_budget0.90_beta0.0400_gamma0.50,carbonscaler_budget,ontario,73,0,135.0,43.38,37.89083333333333
optionB_budget0.90_beta0.0400_gamma0.50,carbonscaler_budget,ontario,74,0,131.0,37.79,36.09
optionB_budget0.90_beta0.0400_gamma0.50,carbonscaler_budget,ontario,75,0,109.0,39.96,37.805
optionB_budget0.90_beta0.0400_gamma0.50,carbonscaler_budget,ontario,76,0,112.0,39.81,38.26416666666667
optionB_budget0.90_beta0.0400_gamma0.50,carbonscaler_budget,ontario,77,0,122.0,46.47,64.16166666666668
optionB_budget0.90_beta0.0400_gamma0.50,carbonscaler_budget,ontario,78,0,120.0,65.6,129.94
optionB_budget0.90_beta0.0400_gamma0.50,carbonscaler_budget,ontario,79,0,113.0,75.85,113.37166666666667
optionB_budget0.90_beta0.0400_gamma0.50,carbonscaler_budget,ontario,80,0,119.0,63.62,202.23
optionB_budget0.90_beta0.0400_gamma0.50,carbonscaler_budget,ontario,81,0,124.0,49.56,84.56916666666667
optionB_budget0.90_beta0.0400_gamma0.50,carbonscaler_budget,ontario,82,0,139.0,43.01,43.4725
optionB_budget0.90_beta0.0400_gamma0.50,carbonscaler_budget,ontario,83,0,144.0,41.35,36.63666666666666
optionB_budget0.90_beta0.0400_gamma0.50,carbonscaler_budget,ontario,84,0,145.0,41.77,36.18333333333333
optionB_budget0.90_beta0.0400_gamma0.50,carbonscaler_budget,ontario,85,0,144.0,38.31,41.73416666666667
optionB_budget0.90_beta0.0400_gamma0.50,carbonscaler_budget,ontario,86,0,145.0,37.44,47.08166666666667
optionB_budget0.90_beta0.0400_gamma0.50,carbonscaler_budget,ontario,87,0,138.0,38.3,38.05
optionB_budget0.90_beta0.0400_gamma0.50,carbonscaler_budget,ontario,88,0,133.0,48.02,38.589999999999996
optionB_budget0.90_beta0.0400_gamma0.50,carbonscaler_budget,ontario,89,0,124.0,60.28,38.622499999999995
optionB_budget0.90_beta0.0400_gamma0.50,carbonscaler_budget,ontario,90,0,130.0,77.26,43.689166666666665
optionB_budget0.90_beta0.0400_gamma0.50,carbonscaler_budget,ontario,91,0,132.0,71.28,42.440000000000005
optionB_budget0.90_beta0.0400_gamma0.50,carbonscaler_budget,ontario,92,0,131.0,58.28,40.15083333333333
optionB_budget0.90_beta0.0400_gamma0.50,carbonscaler_budget,ontario,93,0,130.0,43.69,43.84
optionB_budget0.90_beta0.0400_gamma0.50,carbonscaler_budget,ontario,94,0,134.0,41.22,37.800000000000004
optionB_budget0.90_beta0.0400_gamma0.50,carbonscaler_budget,ontario,95,0,135.0,39.86,35.3275
optionB_budget0.90_beta0.0400_gamma0.50,carbonscaler_budget,ontario,96,0,137.0,44.42,25.348333333333333
optionB_budget0.90_beta0.0400_gamma0.50,carbonscaler_budget,ontario,97,0,135.0,38.25,23.953333333333333
optionB_budget0.90_beta0.0400_gamma0.50,carbonscaler_budget,ontario,98,0,138.0,36.09,14.425833333333332
optionB_budget0.90_beta0.0400_gamma0.50,carbonscaler_budget,ontario,99,0,134.0,36.48,33.902499999999996
optionB_budget0.90_beta0.0400_gamma0.50,carbonscaler_budget,ontario,100,0,123.0,33.49,20.290833333333335
optionB_budget0.90_beta0.0400_gamma0.50,carbonscaler_budget,ontario,101,0,98.0,36.58,35.770833333333336
optionB_budget0.90_beta0.0400_gamma0.50,carbonscaler_budget,ontario,102,0,86.0,43.16,39.869166666666665
optionB_budget0.90_beta0.0400_gamma0.50,carbonscaler_budget,ontario,103,0,80.0,56.13,52.47416666666666
optionB_budget0.90_beta0.0400_gamma0.50,carbonscaler_budget,ontario,104,0,86.0,47.7,234.91166666666666
optionB_budget0.90_beta0.0400_gamma0.50,carbonscaler_budget,ontario,105,0,85.0,38.56,300.13166666666666
optionB_budget0.90_beta0.0400_gamma0.50,carbonscaler_budget,ontario,106,0,100.0,38.34,65.23166666666667
optionB_budget0.90_beta0.0400_gamma0.50,carbonscaler_budget,ontario,107,0,98.0,44.24,37.69166666666667
optionB_budget0.90_beta0.0400_gamma0.50,carbonscaler_budget,ontario,108,0,107.0,40.02,37.711666666666666
optionB_budget0.90_beta0.0400_gamma0.50,carbonscaler_budget,ontario,109,0,117.0,39.73,31.875
optionB_budget0.90_beta0.0400_gamma0.50,carbonscaler_budget,ontario,110,0,121.0,45.08,31.05
optionB_budget0.90_beta0.0400_gamma0.50,carbonscaler_budget,ontario,111,0,120.0,43.22,29.790833333333335
optionB_budget0.90_beta0.0400_gamma0.50,carbonscaler_budget,ontario,112,0,113.0,50.91,36.05416666666667
optionB_budget0.90_beta0.0400_gamma0.50,carbonscaler_budget,ontario,113,0,111.0,59.6,27.55
optionB_budget0.90_beta0.0400_gamma0.50,carbonscaler_budget,ontario,114,0,109.0,68.96,35.61
optionB_budget0.90_beta0.0400_gamma0.50,carbonscaler_budget,ontario,115,0,110.0,64.28,38.329166666666666
optionB_budget0.90_beta0.0400_gamma0.50,carbonscaler_budget,ontario,116,0,102.0,54.21,36.972500000000004
optionB_budget0.90_beta0.0400_gamma0.50,carbonscaler_budget,ontario,117,0,111.0,46.3,37.40333333333333
optionB_budget0.90_beta0.0400_gamma0.50,carbonscaler_budget,ontario,118,0,99.0,43.91,30.51
optionB_budget0.90_beta0.0400_gamma0.50,carbonscaler_budget,ontario,119,0,100.0,38.92,27.84
optionB_budget0.90_beta0.0400_gamma0.50,carbonscaler_budget,ontario,120,0,107.0,44.41,38.76
optionB_budget0.90_beta0.0400_gamma0.50,carbonscaler_budget,ontario,121,0,101.0,39.33,36.759166666666665
optionB_budget0.90_beta0.0400_gamma0.50,carbonscaler_budget,ontario,122,0,101.0,37.31,34.015
optionB_budget0.90_beta0.0400_gamma0.50,carbonscaler_budget,ontario,123,0,97.0,39.4,38.65083333333333
optionB_budget0.90_beta0.0400_gamma0.50,carbonscaler_budget,ontario,124,0,93.0,40.41,38.821666666666665
optionB_budget0.90_beta0.0400_gamma0.50,carbonscaler_budget,ontario,125,0,91.0,51.01,54.589999999999996
optionB_budget0.90_beta0.0400_gamma0.50,carbonscaler_budget,ontario,126,0,89.0,51.96,41.85
optionB_budget0.90_beta0.0400_gamma0.50,carbonscaler_budget,ontario,127,0,90.0,53.48,35.2025
optionB_budget0.90_beta0.0400_gamma0.50,carbonscaler_budget,ontario,128,0,96.0,49.83,48.94583333333333
optionB_budget0.90_beta0.0400_gamma0.50,carbonscaler_budget,ontario,129,0,98.0,40.82,48.16583333333333
optionB_budget0.90_beta0.0400_gamma0.50,carbonscaler_budget,ontario,130,0,111.0,38.54,36.41416666666667
optionB_budget0.90_beta0.0400_gamma0.50,carbonscaler_budget,ontario,131,0,106.0,36.65,38.08583333333333
optionB_budget0.90_beta0.0400_gamma0.50,carbonscaler_budget,ontario,132,0,97.0,35.44,32.35166666666667
optionB_budget0.90_beta0.0400_gamma0.50,carbonscaler_budget,ontario,133,0,109.0,35.23,26.764166666666668
optionB_budget0.90_beta0.0400_gamma0.50,carbonscaler_budget,ontario,134,0,112.0,32.72,28.69333333333333
optionB_budget0.90_beta0.0400_gamma0.50,carbonscaler_budget,ontario,135,0,107.0,37.23,34.07666666666667
optionB_budget0.90_beta0.0400_gamma0.50,carbonscaler_budget,ontario,136,0,102.0,41.69,43.39333333333334
optionB_budget0.90_beta0.0400_gamma0.50,carbonscaler_budget,ontario,137,0,97.0,49.09,36.2775
optionB_budget0.90_beta0.0400_gamma0.50,carbonscaler_budget,ontario,138,0,89.0,57.12,26.605833333333333
optionB_budget0.90_beta0.0400_gamma0.50,carbonscaler_budget,ontario,139,0,89.0,51.5,26.763333333333335
optionB_budget0.90_beta0.0400_gamma0.50,carbonscaler_budget,ontario,140,0,89.0,43.25,35.38666666666667
optionB_budget0.90_beta0.0400_gamma0.50,carbonscaler_budget,ontario,141,0,93.0,40.56,36.7025
optionB_budget0.90_beta0.0400_gamma0.50,carbonscaler_budget,ontario,142,0,86.0,39.39,37.56166666666667
optionB_budget0.90_beta0.0400_gamma0.50,carbonscaler_budget,ontario,143,0,78.0,36.15,37.413333333333334
optionB_budget0.90_beta0.0400_gamma0.50,carbonscaler_budget,ontario,144,0,74.0,34.73,34.03416666666667
optionB_budget0.90_beta0.0400_gamma0.50,carbonscaler_budget,ontario,145,0,75.0,35.29,28.84
optionB_budget0.90_beta0.0400_gamma0.50,carbonscaler_budget,ontario,146,0,81.0,34.14,25.500833333333333
optionB_budget0.90_beta0.0400_gamma0.50,carbonscaler_budget,ontario,147,0,88.0,34.63,17.543333333333333
optionB_budget0.90_beta0.0400_gamma0.50,carbonscaler_budget,ontario,148,0,85.0,34.86,32.51083333333333
optionB_budget0.90_beta0.0400_gamma0.50,carbonscaler_budget,ontario,149,0,75.0,36.64,32.517500000000005
optionB_budget0.90_beta0.0400_gamma0.50,carbonscaler_budget,ontario,150,0,62.0,37.94,37.737500000000004
optionB_budget0.90_beta0.0400_gamma0.50,carbonscaler_budget,ontario,151,0,61.0,45.46,45.17249999999999
optionB_budget0.90_beta0.0400_gamma0.50,carbonscaler_budget,ontario,152,0,63.0,45.88,32.65416666666667
optionB_budget0.90_beta0.0400_gamma0.50,carbonscaler_budget,ontario,153,0,68.0,49.25,32.468333333333334
optionB_budget0.90_beta0.0400_gamma0.50,carbonscaler_budget,ontario,154,0,70.0,49.13,59.362500000000004
optionB_budget0.90_beta0.0400_gamma0.50,carbonscaler_budget,ontario,155,0,74.0,41.47,47.10333333333333
optionB_budget0.90_beta0.0400_gamma0.50,carbonscaler_budget,ontario,156,0,84.0,38.62,33.2075
optionB_budget0.90_beta0.0400_gamma0.50,carbonscaler_budget,ontario,157,0,77.0,37.08,20.526666666666667
optionB_budget0.90_beta0.0400_gamma0.50,carbonscaler_budget,ontario,158,0,71.0,36.15,22.862499999999997
optionB_budget0.90_beta0.0400_gamma0.50,carbonscaler_budget,ontario,159,0,79.0,35.85,27.621666666666666
optionB_budget0.90_beta0.0400_gamma0.50,carbonscaler_budget,ontario,160,0,86.0,36.64,37.75083333333333
optionB_budget0.90_beta0.0400_gamma0.50,carbonscaler_budget,ontario,161,0,77.0,45.69,38.839999999999996
optionB_budget0.90_beta0.0400_gamma0.50,carbonscaler_budget,ontario,162,0,71.0,53.03,36.770833333333336
optionB_budget0.90_beta0.0400_gamma0.50,carbonscaler_budget,ontario,163,0,72.0,50.95,38.96
optionB_budget0.90_beta0.0400_gamma0.50,carbonscaler_budget,ontario,164,0,78.0,46.81,33.8875
optionB_budget0.90_beta0.0400_gamma0.50,carbonscaler_budget,ontario,165,0,86.0,39.8,31.951666666666668
optionB_budget0.90_beta0.0400_gamma0.50,carbonscaler_budget,ontario,166,0,93.0,38.09,30.215000000000003
optionB_budget0.90_beta0.0400_gamma0.50,carbonscaler_budget,ontario,167,0,93.0,38.22,23.973333333333333
optionB_budget0.90_beta0.01_gamma0.10,carbonscaler_budget,ontario,0,2,50.0,14.46,37.281666666666666
optionB_budget0.90_beta0.01_gamma0.10,carbonscaler_budget,ontario,1,1,49.0,14.91,33.41166666666667
optionB_budget0.90_beta0.01_gamma0.10,carbonscaler_budget,ontario,2,1,45.0,14.65,31.3
optionB_budget0.90_beta0.01_gamma0.10,carbonscaler_budget,ontario,3,2,44.0,14.93,34.589166666666664
optionB_budget0.90_beta0.01_gamma0.10,carbonscaler_budget,ontario,4,2,38.0,19.54,38.32666666666667
optionB_budget0.90_beta0.01_gamma0.10,carbonscaler_budget,ontario,5,2,39.0,26.39,31.050833333333333
optionB_budget0.90_beta0.01_gamma0.10,carbonscaler_budget,ontario,6,2,39.0,28.77,29.55333333333333
optionB_budget0.90_beta0.01_gamma0.10,carbonscaler_budget,ontario,7,2,39.0,43.28,33.685833333333335
optionB_budget0.90_beta0.01_gamma0.10,carbonscaler_budget,ontario,8,1,44.0,39.76,29.5
optionB_budget0.90_beta0.01_gamma0.10,carbonscaler_budget,ontario,9,1,49.0,35.49,40.14
optionB_budget0.90_beta0.01_gamma0.10,carbonscaler_budget,ontario,10,1,52.0,32.62,48.08416666666667
optionB_budget0.90_beta0.01_gamma0.10,carbonscaler_budget,ontario,11,1,52.0,35.96,50.5425
optionB_budget0.90_beta0.01_gamma0.10,carbonscaler_budget,ontario,12,0,54.0,36.16,41.22666666666667
optionB_budget0.90_beta0.01_gamma0.10,carbonscaler_budget,ontario,13,1,50.0,35.78,31.642500000000002
optionB_budget0.90_beta0.01_gamma0.10,carbonscaler_budget,ontario,14,0,56.0,35.83,33.13916666666666
optionB_budget0.90_beta0.01_gamma0.10,carbonscaler_budget,ontario,15,0,61.0,37.72,40.01583333333333
optionB_budget0.90_beta0.01_gamma0.10,carbonscaler_budget,ontario,16,0,64.0,37.85,50.650000000000006
optionB_budget0.90_beta0.01_gamma0.10,carbonscaler_budget,ontario,17,0,62.0,51.72,37.6775
optionB_budget0.90_beta0.01_gamma0.10,carbonscaler_budget,ontario,18,0,54.0,55.55,37.67250000000001
optionB_budget0.90_beta0.01_gamma0.10,carbonscaler_budget,ontario,19,0,55.0,53.78,37.278333333333336
optionB_budget0.90_beta0.01_gamma0.10,carbonscaler_budget,ontario,20,0,59.0,41.04,41.968333333333334
optionB_budget0.90_beta0.01_gamma0.10,carbonscaler_budget,ontario,21,0,74.0,32.67,26.171666666666667
optionB_budget0.90_beta0.01_gamma0.10,carbonscaler_budget,ontario,22,0,72.0,35.35,25.061666666666667
optionB_budget0.90_beta0.01_gamma0.10,carbonscaler_budget,ontario,23,0,71.0,26.53,23.230833333333333
optionB_budget0.90_beta0.01_gamma0.10,carbonscaler_budget,ontario,24,0,70.0,29.7,14.858333333333334
optionB_budget0.90_beta0.01_gamma0.10,carbonscaler_budget,ontario,25,0,69.0,25.77,17.010833333333334
optionB_budget0.90_beta0.01_gamma0.10,carbonscaler_budget,ontario,26,0,62.0,27.41,17.040833333333335
optionB_budget0.90_beta0.01_gamma0.10,carbonscaler_budget,ontario,27,0,60.0,30.78,17.525833333333335
optionB_budget0.90_beta0.01_gamma0.10,carbonscaler_budget,ontario,28,1,50.0,28.77,16.649166666666666
optionB_budget0.90_beta0.01_gamma0.10,carbonscaler_budget,ontario,29,1,49.0,35.98,12.450833333333334
optionB_budget0.90_beta0.01_gamma0.10,carbonscaler_budget,ontario,30,1,50.0,50.81,29.266666666666666
optionB_budget0.90_beta0.01_gamma0.10,carbonscaler_budget,ontario,31,1,51.0,59.4,35.785833333333336
optionB_budget0.90_beta0.01_gamma0.10,carbonscaler_budget,ontario,32,0,56.0,51.35,46.8225
optionB_budget0.90_beta0.01_gamma0.10,carbonscaler_budget,ontario,33,0,67.0,43.09,40.39
optionB_budget0.90_beta0.01_gamma0.10,carbonscaler_budget,ontario,34,0,76.0,36.04,36.93
optionB_budget0.90_beta0.01_gamma0.10,carbonscaler_budget,ontario,35,0,82.0,35.69,47.035
optionB_budget0.90_beta0.01_gamma0.10,carbonscaler_budget,ontario,36,0,91.0,36.09,35.24583333333333
optionB_budget0.90_beta0.01_gamma0.10,carbonscaler_budget,ontario,37,0,96.0,35.58,18.120833333333334
optionB_budget0.90_beta0.01_gamma0.10,carbonscaler_budget,ontario,38,0,98.0,35.86,26.633333333333336
optionB_budget0.90_beta0.01_gamma0.10,carbonscaler_budget,ontario,39,0,100.0,40.39,30.180833333333336
optionB_budget0.90_beta0.01_gamma0.10,carbonscaler_budget,ontario,40,0,103.0,50.44,42.2925
optionB_budget0.90_beta0.01_gamma0.10,carbonscaler_budget,ontario,41,0,97.0,73.33,44.97
optionB_budget0.90_beta0.01_gamma0.10,carbonscaler_budget,ontario,42,0,90.0,94.93,84.375
optionB_budget0.90_beta0.01_gamma0.10,carbonscaler_budget,ontario,43,0,92.0,88.25,275.5933333333333
optionB_budget0.90_beta0.01_gamma0.10,carbonscaler_budget,ontario,44,0,105.0,72.52,122.33749999999999
optionB_budget0.90_beta0.01_gamma0.10,carbonscaler_budget,ontario,45,0,130.0,54.94,47.469166666666666
optionB_budget0.90_beta0.01_gamma0.10,carbonscaler_budget,ontario,46,0,136.0,43.61,39.211666666666666
optionB_budget0.90_beta0.01_gamma0.10,carbonscaler_budget,ontario,47,0,141.0,39.09,35.43083333333333
optionB_budget0.90_beta0.01_gamma0.10,carbonscaler_budget,ontario,48,0,148.0,49.12,37.15083333333333
optionB_budget0.90_beta0.01_gamma0.10,carbonscaler_budget,ontario,49,0,145.0,52.86,37.26083333333333
optionB_budget0.90_beta0.01_gamma0.10,carbonscaler_budget,ontario,50,0,140.0,50.51,38.05416666666667
optionB_budget0.90_beta0.01_gamma0.10,carbonscaler_budget,ontario,51,0,124.0,50.34,39.40333333333333
optionB_budget0.90_beta0.01_gamma0.10,carbonscaler_budget,ontario,52,0,122.0,46.79,47.62833333333333
optionB_budget0.90_beta0.01_gamma0.10,carbonscaler_budget,ontario,53,0,126.0,59.53,58.229166666666664
optionB_budget0.90_beta0.01_gamma0.10,carbonscaler_budget,ontario,54,0,129.0,105.91,50.64666666666667
optionB_budget0.90_beta0.01_gamma0.10,carbonscaler_budget,ontario,55,0,137.0,106.12,47.72416666666667
optionB_budget0.90_beta0.01_gamma0.10,carbonscaler_budget,ontario,56,0,143.0,61.53,48.03333333333333
optionB_budget0.90_beta0.01_gamma0.10,carbonscaler_budget,ontario,57,0,149.0,44.42,32.4175
optionB_budget0.90_beta0.01_gamma0.10,carbonscaler_budget,ontario,58,0,154.0,36.14,30.493333333333336
optionB_budget0.90_beta0.01_gamma0.10,carbonscaler_budget,ontario,59,0,154.0,35.47,30.366666666666664
optionB_budget0.90_beta0.01_gamma0.10,carbonscaler_budget,ontario,60,0,150.0,35.46,36.156666666666666
optionB_budget0.90_beta0.01_gamma0.10,carbonscaler_budget,ontario,61,0,147.0,27.61,37.915
optionB_budget0.90_beta0.01_gamma0.10,carbonscaler_budget,ontario,62,0,125.0,27.64,47.52583333333333
optionB_budget0.90_beta0.01_gamma0.10,carbonscaler_budget,ontario,63,0,112.0,35.58,49.13999999999999
optionB_budget0.90_beta0.01_gamma0.10,carbonscaler_budget,ontario,64,0,112.0,40.06,55.703333333333326
optionB_budget0.90_beta0.01_gamma0.10,carbonscaler_budget,ontario,65,0,118.0,54.54,59.62166666666667
optionB_budget0.90_beta0.01_gamma0.10,carbonscaler_budget,ontario,66,0,121.0,78.35,56.038333333333334
optionB_budget0.90_beta0.01_gamma0.10,carbonscaler_budget,ontario,67,0,125.0,63.47,70.19416666666667
optionB_budget0.90_beta0.01_gamma0.10,carbonscaler_budget,ontario,68,0,127.0,50.36,41.55166666666667
optionB_budget0.90_beta0.01_gamma0.10,carbonscaler_budget,ontario,69,0,135.0,37.17,37.35
optionB_budget0.90_beta0.01_gamma0.10,carbonscaler_budget,ontario,70,0,140.0,36.52,33.28666666666667
optionB_budget0.90_beta0.01_gamma0.10,carbonscaler_budget,ontario,71,0,141.0,36.17,34.604166666666664
optionB_budget0.90_beta0.01_gamma0.10,carbonscaler_budget,ontario,72,0,140.0,44.59,37.5325
optionB_budget0.90_beta0.01_gamma0.10,carbonscaler_budget,ontario,73,0,135.0,43.38,37.89083333333333
optionB_budget0.90_beta0.01_gamma0.10,carbonscaler_budget,ontario,74,0,131.0,37.79,36.09
optionB_budget0.90_beta0.01_gamma0.10,carbonscaler_budget,ontario,75,0,109.0,39.96,37.805
optionB_budget0.90_beta0.01_gamma0.10,carbonscaler_budget,ontario,76,0,112.0,39.81,38.26416666666667
optionB_budget0.90_beta0.01_gamma0.10,carbonscaler_budget,ontario,77,0,122.0,46.47,64.16166666666668
optionB_budget0.90_beta0.01_gamma0.10,carbonscaler_budget,ontario,78,0,120.0,65.6,129.94
optionB_budget0.90_beta0.01_gamma0.10,carbonscaler_budget,ontario,79,0,113.0,75.85,113.37166666666667
optionB_budget0.90_beta0.01_gamma0.10,carbonscaler_budget,ontario,80,0,119.0,63.62,202.23
optionB_budget0.90_beta0.01_gamma0.10,carbonscaler_budget,ontario,81,0,124.0,49.56,84.56916666666667
optionB_budget0.90_beta0.01_gamma0.10,carbonscaler_budget,ontario,82,0,139.0,43.01,43.4725
optionB_budget0.90_beta0.01_gamma0.10,carbonscaler_budget,ontario,83,0,144.0,41.35,36.63666666666666
optionB_budget0.90_beta0.01_gamma0.10,carbonscaler_budget,ontario,84,0,145.0,41.77,36.18333333333333
optionB_budget0.90_beta0.01_gamma0.10,carbonscaler_budget,ontario,85,0,144.0,38.31,41.73416666666667
optionB_budget0.90_beta0.01_gamma0.10,carbonscaler_budget,ontario,86,0,145.0,37.44,47.08166666666667
optionB_budget0.90_beta0.01_gamma0.10,carbonscaler_budget,ontario,87,0,138.0,38.3,38.05
optionB_budget0.90_beta0.01_gamma0.10,carbonscaler_budget,ontario,88,0,133.0,48.02,38.589999999999996
optionB_budget0.90_beta0.01_gamma0.10,carbonscaler_budget,ontario,89,0,124.0,60.28,38.622499999999995
optionB_budget0.90_beta0.01_gamma0.10,carbonscaler_budget,ontario,90,0,130.0,77.26,43.689166666666665
optionB_budget0.90_beta0.01_gamma0.10,carbonscaler_budget,ontario,91,0,132.0,71.28,42.440000000000005
optionB_budget0.90_beta0.01_gamma0.10,carbonscaler_budget,ontario,92,0,131.0,58.28,40.15083333333333
optionB_budget0.90_beta0.01_gamma0.10,carbonscaler_budget,ontario,93,0,130.0,43.69,43.84
optionB_budget0.90_beta0.01_gamma0.10,carbonscaler_budget,ontario,94,0,134.0,41.22,37.800000000000004
optionB_budget0.90_beta0.01_gamma0.10,carbonscaler_budget,ontario,95,0,135.0,39.86,35.3275
optionB_budget0.90_beta0.01_gamma0.10,carbonscaler_budget,ontario,96,0,137.0,44.42,25.348333333333333
optionB_budget0.90_beta0.01_gamma0.10,carbonscaler_budget,ontario,97,0,135.0,38.25,23.953333333333333
optionB_budget0.90_beta0.01_gamma0.10,carbonscaler_budget,ontario,98,0,138.0,36.09,14.425833333333332
optionB_budget0.90_beta0.01_gamma0.10,carbonscaler_budget,ontario,99,0,134.0,36.48,33.902499999999996
optionB_budget0.90_beta0.01_gamma0.10,carbonscaler_budget,ontario,100,0,123.0,33.49,20.290833333333335
optionB_budget0.90_beta0.01_gamma0.10,carbonscaler_budget,ontario,101,0,98.0,36.58,35.770833333333336
optionB_budget0.90_beta0.01_gamma0.10,carbonscaler_budget,ontario,102,0,86.0,43.16,39.869166666666665
optionB_budget0.90_beta0.01_gamma0.10,carbonscaler_budget,ontario,103,0,80.0,56.13,52.47416666666666
optionB_budget0.90_beta0.01_gamma0.10,carbonscaler_budget,ontario,104,0,86.0,47.7,234.91166666666666
optionB_budget0.90_beta0.01_gamma0.10,carbonscaler_budget,ontario,105,0,85.0,38.56,300.13166666666666
optionB_budget0.90_beta0.01_gamma0.10,carbonscaler_budget,ontario,106,0,100.0,38.34,65.23166666666667
optionB_budget0.90_beta0.01_gamma0.10,carbonscaler_budget,ontario,107,0,98.0,44.24,37.69166666666667
optionB_budget0.90_beta0.01_gamma0.10,carbonscaler_budget,ontario,108,0,107.0,40.02,37.711666666666666
optionB_budget0.90_beta0.01_gamma0.10,carbonscaler_budget,ontario,109,0,117.0,39.73,31.875
optionB_budget0.90_beta0.01_gamma0.10,carbonscaler_budget,ontario,110,0,121.0,45.08,31.05
optionB_budget0.90_beta0.01_gamma0.10,carbonscaler_budget,ontario,111,0,120.0,43.22,29.790833333333335
optionB_budget0.90_beta0.01_gamma0.10,carbonscaler_budget,ontario,112,0,113.0,50.91,36.05416666666667
optionB_budget0.90_beta0.01_gamma0.10,carbonscaler_budget,ontario,113,0,111.0,59.6,27.55
optionB_budget0.90_beta0.01_gamma0.10,carbonscaler_budget,ontario,114,0,109.0,68.96,35.61
optionB_budget0.90_beta0.01_gamma0.10,carbonscaler_budget,ontario,115,0,110.0,64.28,38.329166666666666
optionB_budget0.90_beta0.01_gamma0.10,carbonscaler_budget,ontario,116,0,102.0,54.21,36.972500000000004
optionB_budget0.90_beta0.01_gamma0.10,carbonscaler_budget,ontario,117,0,111.0,46.3,37.40333333333333
optionB_budget0.90_beta0.01_gamma0.10,carbonscaler_budget,ontario,118,0,99.0,43.91,30.51
optionB_budget0.90_beta0.01_gamma0.10,carbonscaler_budget,ontario,119,0,100.0,38.92,27.84
optionB_budget0.90_beta0.01_gamma0.10,carbonscaler_budget,ontario,120,0,107.0,44.41,38.76
optionB_budget0.90_beta0.01_gamma0.10,carbonscaler_budget,ontario,121,0,101.0,39.33,36.759166666666665
optionB_budget0.90_beta0.01_gamma0.10,carbonscaler_budget,ontario,122,0,101.0,37.31,34.015
optionB_budget0.90_beta0.01_gamma0.10,carbonscaler_budget,ontario,123,0,97.0,39.4,38.65083333333333
optionB_budget0.90_beta0.01_gamma0.10,carbonscaler_budget,ontario,124,0,93.0,40.41,38.821666666666665
optionB_budget0.90_beta0.01_gamma0.10,carbonscaler_budget,ontario,125,0,91.0,51.01,54.589999999999996
optionB_budget0.90_beta0.01_gamma0.10,carbonscaler_budget,ontario,126,0,89.0,51.96,41.85
optionB_budget0.90_beta0.01_gamma0.10,carbonscaler_budget,ontario,127,0,90.0,53.48,35.2025
optionB_budget0.90_beta0.01_gamma0.10,carbonscaler_budget,ontario,128,0,96.0,49.83,48.94583333333333
optionB_budget0.90_beta0.01_gamma0.10,carbonscaler_budget,ontario,129,0,98.0,40.82,48.16583333333333
optionB_budget0.90_beta0.01_gamma0.10,carbonscaler_budget,ontario,130,0,111.0,38.54,36.41416666666667
optionB_budget0.90_beta0.01_gamma0.10,carbonscaler_budget,ontario,131,0,106.0,36.65,38.08583333333333
optionB_budget0.90_beta0.01_gamma0.10,carbonscaler_budget,ontario,132,0,97.0,35.44,32.35166666666667
optionB_budget0.90_beta0.01_gamma0.10,carbonscaler_budget,ontario,133,0,109.0,35.23,26.764166666666668
optionB_budget0.90_beta0.01_gamma0.10,carbonscaler_budget,ontario,134,0,112.0,32.72,28.69333333333333
optionB_budget0.90_beta0.01_gamma0.10,carbonscaler_budget,ontario,135,0,107.0,37.23,34.07666666666667
optionB_budget0.90_beta0.01_gamma0.10,carbonscaler_budget,ontario,136,0,102.0,41.69,43.39333333333334
optionB_budget0.90_beta0.01_gamma0.10,carbonscaler_budget,ontario,137,0,97.0,49.09,36.2775
optionB_budget0.90_beta0.01_gamma0.10,carbonscaler_budget,ontario,138,0,89.0,57.12,26.605833333333333
optionB_budget0.90_beta0.01_gamma0.10,carbonscaler_budget,ontario,139,0,89.0,51.5,26.763333333333335
optionB_budget0.90_beta0.01_gamma0.10,carbonscaler_budget,ontario,140,0,89.0,43.25,35.38666666666667
optionB_budget0.90_beta0.01_gamma0.10,carbonscaler_budget,ontario,141,0,93.0,40.56,36.7025
optionB_budget0.90_beta0.01_gamma0.10,carbonscaler_budget,ontario,142,0,86.0,39.39,37.56166666666667
optionB_budget0.90_beta0.01_gamma0.10,carbonscaler_budget,ontario,143,0,78.0,36.15,37.413333333333334
optionB_budget0.90_beta0.01_gamma0.10,carbonscaler_budget,ontario,144,0,74.0,34.73,34.03416666666667
optionB_budget0.90_beta0.01_gamma0.10,carbonscaler_budget,ontario,145,0,75.0,35.29,28.84
optionB_budget0.90_beta0.01_gamma0.10,carbonscaler_budget,ontario,146,0,81.0,34.14,25.500833333333333
optionB_budget0.90_beta0.01_gamma0.10,carbonscaler_budget,ontario,147,0,88.0,34.63,17.543333333333333
optionB_budget0.90_beta0.01_gamma0.10,carbonscaler_budget,ontario,148,0,85.0,34.86,32.51083333333333
optionB_budget0.90_beta0.01_gamma0.10,carbonscaler_budget,ontario,149,0,75.0,36.64,32.517500000000005
optionB_budget0.90_beta0.01_gamma0.10,carbonscaler_budget,ontario,150,0,62.0,37.94,37.737500000000004
optionB_budget0.90_beta0.01_gamma0.10,carbonscaler_budget,ontario,151,0,61.0,45.46,45.17249999999999
optionB_budget0.90_beta0.01_gamma0.10,carbonscaler_budget,ontario,152,0,63.0,45.88,32.65416666666667
optionB_budget0.90_beta0.01_gamma0.10,carbonscaler_budget,ontario,153,0,68.0,49.25,32.468333333333334
optionB_budget0.90_beta0.01_gamma0.10,carbonscaler_budget,ontario,154,0,70.0,49.13,59.362500000000004
optionB_budget0.90_beta0.01_gamma0.10,carbonscaler_budget,ontario,155,0,74.0,41.47,47.10333333333333
optionB_budget0.90_beta0.01_gamma0.10,carbonscaler_budget,ontario,156,0,84.0,38.62,33.2075
optionB_budget0.90_beta0.01_gamma0.10,carbonscaler_budget,ontario,157,0,77.0,37.08,20.526666666666667
optionB_budget0.90_beta0.01_gamma0.10,carbonscaler_budget,ontario,158,0,71.0,36.15,22.862499999999997
optionB_budget0.90_beta0.01_gamma0.10,carbonscaler_budget,ontario,159,0,79.0,35.85,27.621666666666666
optionB_budget0.90_beta0.01_gamma0.10,carbonscaler_budget,ontario,160,0,86.0,36.64,37.75083333333333
optionB_budget0.90_beta0.01_gamma0.10,carbonscaler_budget,ontario,161,0,77.0,45.69,38.839999999999996
optionB_budget0.90_beta0.01_gamma0.10,carbonscaler_budget,ontario,162,0,71.0,53.03,36.770833333333336
optionB_budget0.90_beta0.01_gamma0.10,carbonscaler_budget,ontario,163,0,72.0,50.95,38.96
optionB_budget0.90_beta0.01_gamma0.10,carbonscaler_budget,ontario,164,0,78.0,46.81,33.8875
optionB_budget0.90_beta0.01_gamma0.10,carbonscaler_budget,ontario,165,0,86.0,39.8,31.951666666666668
optionB_budget0.90_beta0.01_gamma0.10,carbonscaler_budget,ontario,166,0,93.0,38.09,30.215000000000003
optionB_budget0.90_beta0.01_gamma0.10,carbonscaler_budget,ontario,167,0,93.0,38.22,23.973333333333333
optionB_budget0.90_beta0.01_gamma0.25,carbonscaler_budget,ontario,0,2,50.0,14.46,37.281666666666666
optionB_budget0.90_beta0.01_gamma0.25,carbonscaler_budget,ontario,1,1,49.0,14.91,33.41166666666667
optionB_budget0.90_beta0.01_gamma0.25,carbonscaler_budget,ontario,2,1,45.0,14.65,31.3
optionB_budget0.90_beta0.01_gamma0.25,carbonscaler_budget,ontario,3,2,44.0,14.93,34.589166666666664
optionB_budget0.90_beta0.01_gamma0.25,carbonscaler_budget,ontario,4,2,38.0,19.54,38.32666666666667
optionB_budget0.90_beta0.01_gamma0.25,carbonscaler_budget,ontario,5,2,39.0,26.39,31.050833333333333
optionB_budget0.90_beta0.01_gamma0.25,carbonscaler_budget,ontario,6,2,39.0,28.77,29.55333333333333
optionB_budget0.90_beta0.01_gamma0.25,carbonscaler_budget,ontario,7,2,39.0,43.28,33.685833333333335
optionB_budget0.90_beta0.01_gamma0.25,carbonscaler_budget,ontario,8,1,44.0,39.76,29.5
optionB_budget0.90_beta0.01_gamma0.25,carbonscaler_budget,ontario,9,1,49.0,35.49,40.14
optionB_budget0.90_beta0.01_gamma0.25,carbonscaler_budget,ontario,10,1,52.0,32.62,48.08416666666667
optionB_budget0.90_beta0.01_gamma0.25,carbonscaler_budget,ontario,11,1,52.0,35.96,50.5425
optionB_budget0.90_beta0.01_gamma0.25,carbonscaler_budget,ontario,12,0,54.0,36.16,41.22666666666667
optionB_budget0.90_beta0.01_gamma0.25,carbonscaler_budget,ontario,13,1,50.0,35.78,31.642500000000002
optionB_budget0.90_beta0.01_gamma0.25,carbonscaler_budget,ontario,14,0,56.0,35.83,33.13916666666666
optionB_budget0.90_beta0.01_gamma0.25,carbonscaler_budget,ontario,15,0,61.0,37.72,40.01583333333333
optionB_budget0.90_beta0.01_gamma0.25,carbonscaler_budget,ontario,16,0,64.0,37.85,50.650000000000006
optionB_budget0.90_beta0.01_gamma0.25,carbonscaler_budget,ontario,17,0,62.0,51.72,37.6775
optionB_budget0.90_beta0.01_gamma0.25,carbonscaler_budget,ontario,18,0,54.0,55.55,37.67250000000001
optionB_budget0.90_beta0.01_gamma0.25,carbonscaler_budget,ontario,19,0,55.0,53.78,37.278333333333336
optionB_budget0.90_beta0.01_gamma0.25,carbonscaler_budget,ontario,20,0,59.0,41.04,41.968333333333334
optionB_budget0.90_beta0.01_gamma0.25,carbonscaler_budget,ontario,21,0,74.0,32.67,26.171666666666667
optionB_budget0.90_beta0.01_gamma0.25,carbonscaler_budget,ontario,22,0,72.0,35.35,25.061666666666667
optionB_budget0.90_beta0.01_gamma0.25,carbonscaler_budget,ontario,23,0,71.0,26.53,23.230833333333333
optionB_budget0.90_beta0.01_gamma0.25,carbonscaler_budget,ontario,24,0,70.0,29.7,14.858333333333334
optionB_budget0.90_beta0.01_gamma0.25,carbonscaler_budget,ontario,25,0,69.0,25.77,17.010833333333334
optionB_budget0.90_beta0.01_gamma0.25,carbonscaler_budget,ontario,26,0,62.0,27.41,17.040833333333335
optionB_budget0.90_beta0.01_gamma0.25,carbonscaler_budget,ontario,27,0,60.0,30.78,17.525833333333335
optionB_budget0.90_beta0.01_gamma0.25,carbonscaler_budget,ontario,28,1,50.0,28.77,16.649166666666666
optionB_budget0.90_beta0.01_gamma0.25,carbonscaler_budget,ontario,29,1,49.0,35.98,12.450833333333334
optionB_budget0.90_beta0.01_gamma0.25,carbonscaler_budget,ontario,30,1,50.0,50.81,29.266666666666666
optionB_budget0.90_beta0.01_gamma0.25,carbonscaler_budget,ontario,31,1,51.0,59.4,35.785833333333336
optionB_budget0.90_beta0.01_gamma0.25,carbonscaler_budget,ontario,32,0,56.0,51.35,46.8225
optionB_budget0.90_beta0.01_gamma0.25,carbonscaler_budget,ontario,33,0,67.0,43.09,40.39
optionB_budget0.90_beta0.01_gamma0.25,carbonscaler_budget,ontario,34,0,76.0,36.04,36.93
optionB_budget0.90_beta0.01_gamma0.25,carbonscaler_budget,ontario,35,0,82.0,35.69,47.035
optionB_budget0.90_beta0.01_gamma0.25,carbonscaler_budget,ontario,36,0,91.0,36.09,35.24583333333333
optionB_budget0.90_beta0.01_gamma0.25,carbonscaler_budget,ontario,37,0,96.0,35.58,18.120833333333334
optionB_budget0.90_beta0.01_gamma0.25,carbonscaler_budget,ontario,38,0,98.0,35.86,26.633333333333336
optionB_budget0.90_beta0.01_gamma0.25,carbonscaler_budget,ontario,39,0,100.0,40.39,30.180833333333336
optionB_budget0.90_beta0.01_gamma0.25,carbonscaler_budget,ontario,40,0,103.0,50.44,42.2925
optionB_budget0.90_beta0.01_gamma0.25,carbonscaler_budget,ontario,41,0,97.0,73.33,44.97
optionB_budget0.90_beta0.01_gamma0.25,carbonscaler_budget,ontario,42,0,90.0,94.93,84.375
optionB_budget0.90_beta0.01_gamma0.25,carbonscaler_budget,ontario,43,0,92.0,88.25,275.5933333333333
optionB_budget0.90_beta0.01_gamma0.25,carbonscaler_budget,ontario,44,0,105.0,72.52,122.33749999999999
optionB_budget0.90_beta0.01_gamma0.25,carbonscaler_budget,ontario,45,0,130.0,54.94,47.469166666666666
optionB_budget0.90_beta0.01_gamma0.25,carbonscaler_budget,ontario,46,0,136.0,43.61,39.211666666666666
optionB_budget0.90_beta0.01_gamma0.25,carbonscaler_budget,ontario,47,0,141.0,39.09,35.43083333333333
optionB_budget0.90_beta0.01_gamma0.25,carbonscaler_budget,ontario,48,0,148.0,49.12,37.15083333333333
optionB_budget0.90_beta0.01_gamma0.25,carbonscaler_budget,ontario,49,0,145.0,52.86,37.26083333333333
optionB_budget0.90_beta0.01_gamma0.25,carbonscaler_budget,ontario,50,0,140.0,50.51,38.05416666666667
optionB_budget0.90_beta0.01_gamma0.25,carbonscaler_budget,ontario,51,0,124.0,50.34,39.40333333333333
optionB_budget0.90_beta0.01_gamma0.25,carbonscaler_budget,ontario,52,0,122.0,46.79,47.62833333333333
optionB_budget0.90_beta0.01_gamma0.25,carbonscaler_budget,ontario,53,0,126.0,59.53,58.229166666666664
optionB_budget0.90_beta0.01_gamma0.25,carbonscaler_budget,ontario,54,0,129.0,105.91,50.64666666666667
optionB_budget0.90_beta0.01_gamma0.25,carbonscaler_budget,ontario,55,0,137.0,106.12,47.72416666666667
optionB_budget0.90_beta0.01_gamma0.25,carbonscaler_budget,ontario,56,0,143.0,61.53,48.03333333333333
optionB_budget0.90_beta0.01_gamma0.25,carbonscaler_budget,ontario,57,0,149.0,44.42,32.4175
optionB_budget0.90_beta0.01_gamma0.25,carbonscaler_budget,ontario,58,0,154.0,36.14,30.493333333333336
optionB_budget0.90_beta0.01_gamma0.25,carbonscaler_budget,ontario,59,0,154.0,35.47,30.366666666666664
optionB_budget0.90_beta0.01_gamma0.25,carbonscaler_budget,ontario,60,0,150.0,35.46,36.156666666666666
optionB_budget0.90_beta0.01_gamma0.25,carbonscaler_budget,ontario,61,0,147.0,27.61,37.915
optionB_budget0.90_beta0.01_gamma0.25,carbonscaler_budget,ontario,62,0,125.0,27.64,47.52583333333333
optionB_budget0.90_beta0.01_gamma0.25,carbonscaler_budget,ontario,63,0,112.0,35.58,49.13999999999999
optionB_budget0.90_beta0.01_gamma0.25,carbonscaler_budget,ontario,64,0,112.0,40.06,55.703333333333326
optionB_budget0.90_beta0.01_gamma0.25,carbonscaler_budget,ontario,65,0,118.0,54.54,59.62166666666667
optionB_budget0.90_beta0.01_gamma0.25,carbonscaler_budget,ontario,66,0,121.0,78.35,56.038333333333334
optionB_budget0.90_beta0.01_gamma0.25,carbonscaler_budget,ontario,67,0,125.0,63.47,70.19416666666667
optionB_budget0.90_beta0.01_gamma0.25,carbonscaler_budget,ontario,68,0,127.0,50.36,41.55166666666667
optionB_budget0.90_beta0.01_gamma0.25,carbonscaler_budget,ontario,69,0,135.0,37.17,37.35
optionB_budget0.90_beta0.01_gamma0.25,carbonscaler_budget,ontario,70,0,140.0,36.52,33.28666666666667
optionB_budget0.90_beta0.01_gamma0.25,carbonscaler_budget,ontario,71,0,141.0,36.17,34.604166666666664
optionB_budget0.90_beta0.01_gamma0.25,carbonscaler_budget,ontario,72,0,140.0,44.59,37.5325
optionB_budget0.90_beta0.01_gamma0.25,carbonscaler_budget,ontario,73,0,135.0,43.38,37.89083333333333
optionB_budget0.90_beta0.01_gamma0.25,carbonscaler_budget,ontario,74,0,131.0,37.79,36.09
optionB_budget0.90_beta0.01_gamma0.25,carbonscaler_budget,ontario,75,0,109.0,39.96,37.805
optionB_budget0.90_beta0.01_gamma0.25,carbonscaler_budget,ontario,76,0,112.0,39.81,38.26416666666667
optionB_budget0.90_beta0.01_gamma0.25,carbonscaler_budget,ontario,77,0,122.0,46.47,64.16166666666668
optionB_budget0.90_beta0.01_gamma0.25,carbonscaler_budget,ontario,78,0,120.0,65.6,129.94
optionB_budget0.90_beta0.01_gamma0.25,carbonscaler_budget,ontario,79,0,113.0,75.85,113.37166666666667
optionB_budget0.90_beta0.01_gamma0.25,carbonscaler_budget,ontario,80,0,119.0,63.62,202.23
optionB_budget0.90_beta0.01_gamma0.25,carbonscaler_budget,ontario,81,0,124.0,49.56,84.56916666666667
optionB_budget0.90_beta0.01_gamma0.25,carbonscaler_budget,ontario,82,0,139.0,43.01,43.4725
optionB_budget0.90_beta0.01_gamma0.25,carbonscaler_budget,ontario,83,0,144.0,41.35,36.63666666666666
optionB_budget0.90_beta0.01_gamma0.25,carbonscaler_budget,ontario,84,0,145.0,41.77,36.18333333333333
optionB_budget0.90_beta0.01_gamma0.25,carbonscaler_budget,ontario,85,0,144.0,38.31,41.73416666666667
optionB_budget0.90_beta0.01_gamma0.25,carbonscaler_budget,ontario,86,0,145.0,37.44,47.08166666666667
optionB_budget0.90_beta0.01_gamma0.25,carbonscaler_budget,ontario,87,0,138.0,38.3,38.05
optionB_budget0.90_beta0.01_gamma0.25,carbonscaler_budget,ontario,88,0,133.0,48.02,38.589999999999996
optionB_budget0.90_beta0.01_gamma0.25,carbonscaler_budget,ontario,89,0,124.0,60.28,38.622499999999995
optionB_budget0.90_beta0.01_gamma0.25,carbonscaler_budget,ontario,90,0,130.0,77.26,43.689166666666665
optionB_budget0.90_beta0.01_gamma0.25,carbonscaler_budget,ontario,91,0,132.0,71.28,42.440000000000005
optionB_budget0.90_beta0.01_gamma0.25,carbonscaler_budget,ontario,92,0,131.0,58.28,40.15083333333333
optionB_budget0.90_beta0.01_gamma0.25,carbonscaler_budget,ontario,93,0,130.0,43.69,43.84
optionB_budget0.90_beta0.01_gamma0.25,carbonscaler_budget,ontario,94,0,134.0,41.22,37.800000000000004
optionB_budget0.90_beta0.01_gamma0.25,carbonscaler_budget,ontario,95,0,135.0,39.86,35.3275
optionB_budget0.90_beta0.01_gamma0.25,carbonscaler_budget,ontario,96,0,137.0,44.42,25.348333333333333
optionB_budget0.90_beta0.01_gamma0.25,carbonscaler_budget,ontario,97,0,135.0,38.25,23.953333333333333
optionB_budget0.90_beta0.01_gamma0.25,carbonscaler_budget,ontario,98,0,138.0,36.09,14.425833333333332
optionB_budget0.90_beta0.01_gamma0.25,carbonscaler_budget,ontario,99,0,134.0,36.48,33.902499999999996
optionB_budget0.90_beta0.01_gamma0.25,carbonscaler_budget,ontario,100,0,123.0,33.49,20.290833333333335
optionB_budget0.90_beta0.01_gamma0.25,carbonscaler_budget,ontario,101,0,98.0,36.58,35.770833333333336
optionB_budget0.90_beta0.01_gamma0.25,carbonscaler_budget,ontario,102,0,86.0,43.16,39.869166666666665
optionB_budget0.90_beta0.01_gamma0.25,carbonscaler_budget,ontario,103,0,80.0,56.13,52.47416666666666
optionB_budget0.90_beta0.01_gamma0.25,carbonscaler_budget,ontario,104,0,86.0,47.7,234.91166666666666
optionB_budget0.90_beta0.01_gamma0.25,carbonscaler_budget,ontario,105,0,85.0,38.56,300.13166666666666
optionB_budget0.90_beta0.01_gamma0.25,carbonscaler_budget,ontario,106,0,100.0,38.34,65.23166666666667
optionB_budget0.90_beta0.01_gamma0.25,carbonscaler_budget,ontario,107,0,98.0,44.24,37.69166666666667
optionB_budget0.90_beta0.01_gamma0.25,carbonscaler_budget,ontario,108,0,107.0,40.02,37.711666666666666
optionB_budget0.90_beta0.01_gamma0.25,carbonscaler_budget,ontario,109,0,117.0,39.73,31.875
optionB_budget0.90_beta0.01_gamma0.25,carbonscaler_budget,ontario,110,0,121.0,45.08,31.05
optionB_budget0.90_beta0.01_gamma0.25,carbonscaler_budget,ontario,111,0,120.0,43.22,29.790833333333335
optionB_budget0.90_beta0.01_gamma0.25,carbonscaler_budget,ontario,112,0,113.0,50.91,36.05416666666667
optionB_budget0.90_beta0.01_gamma0.25,carbonscaler_budget,ontario,113,0,111.0,59.6,27.55
optionB_budget0.90_beta0.01_gamma0.25,carbonscaler_budget,ontario,114,0,109.0,68.96,35.61
optionB_budget0.90_beta0.01_gamma0.25,carbonscaler_budget,ontario,115,0,110.0,64.28,38.329166666666666
optionB_budget0.90_beta0.01_gamma0.25,carbonscaler_budget,ontario,116,0,102.0,54.21,36.972500000000004
optionB_budget0.90_beta0.01_gamma0.25,carbonscaler_budget,ontario,117,0,111.0,46.3,37.40333333333333
optionB_budget0.90_beta0.01_gamma0.25,carbonscaler_budget,ontario,118,0,99.0,43.91,30.51
optionB_budget0.90_beta0.01_gamma0.25,carbonscaler_budget,ontario,119,0,100.0,38.92,27.84
optionB_budget0.90_beta0.01_gamma0.25,carbonscaler_budget,ontario,120,0,107.0,44.41,38.76
optionB_budget0.90_beta0.01_gamma0.25,carbonscaler_budget,ontario,121,0,101.0,39.33,36.759166666666665
optionB_budget0.90_beta0.01_gamma0.25,carbonscaler_budget,ontario,122,0,101.0,37.31,34.015
optionB_budget0.90_beta0.01_gamma0.25,carbonscaler_budget,ontario,123,0,97.0,39.4,38.65083333333333
optionB_budget0.90_beta0.01_gamma0.25,carbonscaler_budget,ontario,124,0,93.0,40.41,38.821666666666665
optionB_budget0.90_beta0.01_gamma0.25,carbonscaler_budget,ontario,125,0,91.0,51.01,54.589999999999996
optionB_budget0.90_beta0.01_gamma0.25,carbonscaler_budget,ontario,126,0,89.0,51.96,41.85
optionB_budget0.90_beta0.01_gamma0.25,carbonscaler_budget,ontario,127,0,90.0,53.48,35.2025
optionB_budget0.90_beta0.01_gamma0.25,carbonscaler_budget,ontario,128,0,96.0,49.83,48.94583333333333
optionB_budget0.90_beta0.01_gamma0.25,carbonscaler_budget,ontario,129,0,98.0,40.82,48.16583333333333
optionB_budget0.90_beta0.01_gamma0.25,carbonscaler_budget,ontario,130,0,111.0,38.54,36.41416666666667
optionB_budget0.90_beta0.01_gamma0.25,carbonscaler_budget,ontario,131,0,106.0,36.65,38.08583333333333
optionB_budget0.90_beta0.01_gamma0.25,carbonscaler_budget,ontario,132,0,97.0,35.44,32.35166666666667
optionB_budget0.90_beta0.01_gamma0.25,carbonscaler_budget,ontario,133,0,109.0,35.23,26.764166666666668
optionB_budget0.90_beta0.01_gamma0.25,carbonscaler_budget,ontario,134,0,112.0,32.72,28.69333333333333
optionB_budget0.90_beta0.01_gamma0.25,carbonscaler_budget,ontario,135,0,107.0,37.23,34.07666666666667
optionB_budget0.90_beta0.01_gamma0.25,carbonscaler_budget,ontario,136,0,102.0,41.69,43.39333333333334
optionB_budget0.90_beta0.01_gamma0.25,carbonscaler_budget,ontario,137,0,97.0,49.09,36.2775
optionB_budget0.90_beta0.01_gamma0.25,carbonscaler_budget,ontario,138,0,89.0,57.12,26.605833333333333
optionB_budget0.90_beta0.01_gamma0.25,carbonscaler_budget,ontario,139,0,89.0,51.5,26.763333333333335
optionB_budget0.90_beta0.01_gamma0.25,carbonscaler_budget,ontario,140,0,89.0,43.25,35.38666666666667
optionB_budget0.90_beta0.01_gamma0.25,carbonscaler_budget,ontario,141,0,93.0,40.56,36.7025
optionB_budget0.90_beta0.01_gamma0.25,carbonscaler_budget,ontario,142,0,86.0,39.39,37.56166666666667
optionB_budget0.90_beta0.01_gamma0.25,carbonscaler_budget,ontario,143,0,78.0,36.15,37.413333333333334
optionB_budget0.90_beta0.01_gamma0.25,carbonscaler_budget,ontario,144,0,74.0,34.73,34.03416666666667
optionB_budget0.90_beta0.01_gamma0.25,carbonscaler_budget,ontario,145,0,75.0,35.29,28.84
optionB_budget0.90_beta0.01_gamma0.25,carbonscaler_budget,ontario,146,0,81.0,34.14,25.500833333333333
optionB_budget0.90_beta0.01_gamma0.25,carbonscaler_budget,ontario,147,0,88.0,34.63,17.543333333333333
optionB_budget0.90_beta0.01_gamma0.25,carbonscaler_budget,ontario,148,0,85.0,34.86,32.51083333333333
optionB_budget0.90_beta0.01_gamma0.25,carbonscaler_budget,ontario,149,0,75.0,36.64,32.517500000000005
optionB_budget0.90_beta0.01_gamma0.25,carbonscaler_budget,ontario,150,0,62.0,37.94,37.737500000000004
optionB_budget0.90_beta0.01_gamma0.25,carbonscaler_budget,ontario,151,0,61.0,45.46,45.17249999999999
optionB_budget0.90_beta0.01_gamma0.25,carbonscaler_budget,ontario,152,0,63.0,45.88,32.65416666666667
optionB_budget0.90_beta0.01_gamma0.25,carbonscaler_budget,ontario,153,0,68.0,49.25,32.468333333333334
optionB_budget0.90_beta0.01_gamma0.25,carbonscaler_budget,ontario,154,0,70.0,49.13,59.362500000000004
optionB_budget0.90_beta0.01_gamma0.25,carbonscaler_budget,ontario,155,0,74.0,41.47,47.10333333333333
optionB_budget0.90_beta0.01_gamma0.25,carbonscaler_budget,ontario,156,0,84.0,38.62,33.2075
optionB_budget0.90_beta0.01_gamma0.25,carbonscaler_budget,ontario,157,0,77.0,37.08,20.526666666666667
optionB_budget0.90_beta0.01_gamma0.25,carbonscaler_budget,ontario,158,0,71.0,36.15,22.862499999999997
optionB_budget0.90_beta0.01_gamma0.25,carbonscaler_budget,ontario,159,0,79.0,35.85,27.621666666666666
optionB_budget0.90_beta0.01_gamma0.25,carbonscaler_budget,ontario,160,0,86.0,36.64,37.75083333333333
optionB_budget0.90_beta0.01_gamma0.25,carbonscaler_budget,ontario,161,0,77.0,45.69,38.839999999999996
optionB_budget0.90_beta0.01_gamma0.25,carbonscaler_budget,ontario,162,0,71.0,53.03,36.770833333333336
optionB_budget0.90_beta0.01_gamma0.25,carbonscaler_budget,ontario,163,0,72.0,50.95,38.96
optionB_budget0.90_beta0.01_gamma0.25,carbonscaler_budget,ontario,164,0,78.0,46.81,33.8875
optionB_budget0.90_beta0.01_gamma0.25,carbonscaler_budget,ontario,165,0,86.0,39.8,31.951666666666668
optionB_budget0.90_beta0.01_gamma0.25,carbonscaler_budget,ontario,166,0,93.0,38.09,30.215000000000003
optionB_budget0.90_beta0.01_gamma0.25,carbonscaler_budget,ontario,167,0,93.0,38.22,23.973333333333333
optionB_budget0.90_beta0.01_gamma0.50,carbonscaler_budget,ontario,0,2,50.0,14.46,37.281666666666666
optionB_budget0.90_beta0.01_gamma0.50,carbonscaler_budget,ontario,1,1,49.0,14.91,33.41166666666667
optionB_budget0.90_beta0.01_gamma0.50,carbonscaler_budget,ontario,2,1,45.0,14.65,31.3
optionB_budget0.90_beta0.01_gamma0.50,carbonscaler_budget,ontario,3,2,44.0,14.93,34.589166666666664
optionB_budget0.90_beta0.01_gamma0.50,carbonscaler_budget,ontario,4,2,38.0,19.54,38.32666666666667
optionB_budget0.90_beta0.01_gamma0.50,carbonscaler_budget,ontario,5,2,39.0,26.39,31.050833333333333
optionB_budget0.90_beta0.01_gamma0.50,carbonscaler_budget,ontario,6,2,39.0,28.77,29.55333333333333
optionB_budget0.90_beta0.01_gamma0.50,carbonscaler_budget,ontario,7,2,39.0,43.28,33.685833333333335
optionB_budget0.90_beta0.01_gamma0.50,carbonscaler_budget,ontario,8,1,44.0,39.76,29.5
optionB_budget0.90_beta0.01_gamma0.50,carbonscaler_budget,ontario,9,1,49.0,35.49,40.14
optionB_budget0.90_beta0.01_gamma0.50,carbonscaler_budget,ontario,10,1,52.0,32.62,48.08416666666667
optionB_budget0.90_beta0.01_gamma0.50,carbonscaler_budget,ontario,11,1,52.0,35.96,50.5425
optionB_budget0.90_beta0.01_gamma0.50,carbonscaler_budget,ontario,12,0,54.0,36.16,41.22666666666667
optionB_budget0.90_beta0.01_gamma0.50,carbonscaler_budget,ontario,13,1,50.0,35.78,31.642500000000002
optionB_budget0.90_beta0.01_gamma0.50,carbonscaler_budget,ontario,14,0,56.0,35.83,33.13916666666666
optionB_budget0.90_beta0.01_gamma0.50,carbonscaler_budget,ontario,15,0,61.0,37.72,40.01583333333333
optionB_budget0.90_beta0.01_gamma0.50,carbonscaler_budget,ontario,16,0,64.0,37.85,50.650000000000006
optionB_budget0.90_beta0.01_gamma0.50,carbonscaler_budget,ontario,17,0,62.0,51.72,37.6775
optionB_budget0.90_beta0.01_gamma0.50,carbonscaler_budget,ontario,18,0,54.0,55.55,37.67250000000001
optionB_budget0.90_beta0.01_gamma0.50,carbonscaler_budget,ontario,19,0,55.0,53.78,37.278333333333336
optionB_budget0.90_beta0.01_gamma0.50,carbonscaler_budget,ontario,20,0,59.0,41.04,41.968333333333334
optionB_budget0.90_beta0.01_gamma0.50,carbonscaler_budget,ontario,21,0,74.0,32.67,26.171666666666667
optionB_budget0.90_beta0.01_gamma0.50,carbonscaler_budget,ontario,22,0,72.0,35.35,25.061666666666667
optionB_budget0.90_beta0.01_gamma0.50,carbonscaler_budget,ontario,23,0,71.0,26.53,23.230833333333333
optionB_budget0.90_beta0.01_gamma0.50,carbonscaler_budget,ontario,24,0,70.0,29.7,14.858333333333334
optionB_budget0.90_beta0.01_gamma0.50,carbonscaler_budget,ontario,25,0,69.0,25.77,17.010833333333334
optionB_budget0.90_beta0.01_gamma0.50,carbonscaler_budget,ontario,26,0,62.0,27.41,17.040833333333335
optionB_budget0.90_beta0.01_gamma0.50,carbonscaler_budget,ontario,27,0,60.0,30.78,17.525833333333335
optionB_budget0.90_beta0.01_gamma0.50,carbonscaler_budget,ontario,28,1,50.0,28.77,16.649166666666666
optionB_budget0.90_beta0.01_gamma0.50,carbonscaler_budget,ontario,29,1,49.0,35.98,12.450833333333334
optionB_budget0.90_beta0.01_gamma0.50,carbonscaler_budget,ontario,30,1,50.0,50.81,29.266666666666666
optionB_budget0.90_beta0.01_gamma0.50,carbonscaler_budget,ontario,31,1,51.0,59.4,35.785833333333336
optionB_budget0.90_beta0.01_gamma0.50,carbonscaler_budget,ontario,32,0,56.0,51.35,46.8225
optionB_budget0.90_beta0.01_gamma0.50,carbonscaler_budget,ontario,33,0,67.0,43.09,40.39
optionB_budget0.90_beta0.01_gamma0.50,carbonscaler_budget,ontario,34,0,76.0,36.04,36.93
optionB_budget0.90_beta0.01_gamma0.50,carbonscaler_budget,ontario,35,0,82.0,35.69,47.035
optionB_budget0.90_beta0.01_gamma0.50,carbonscaler_budget,ontario,36,0,91.0,36.09,35.24583333333333
optionB_budget0.90_beta0.01_gamma0.50,carbonscaler_budget,ontario,37,0,96.0,35.58,18.120833333333334
optionB_budget0.90_beta0.01_gamma0.50,carbonscaler_budget,ontario,38,0,98.0,35.86,26.633333333333336
optionB_budget0.90_beta0.01_gamma0.50,carbonscaler_budget,ontario,39,0,100.0,40.39,30.180833333333336
optionB_budget0.90_beta0.01_gamma0.50,carbonscaler_budget,ontario,40,0,103.0,50.44,42.2925
optionB_budget0.90_beta0.01_gamma0.50,carbonscaler_budget,ontario,41,0,97.0,73.33,44.97
optionB_budget0.90_beta0.01_gamma0.50,carbonscaler_budget,ontario,42,0,90.0,94.93,84.375
optionB_budget0.90_beta0.01_gamma0.50,carbonscaler_budget,ontario,43,0,92.0,88.25,275.5933333333333
optionB_budget0.90_beta0.01_gamma0.50,carbonscaler_budget,ontario,44,0,105.0,72.52,122.33749999999999
optionB_budget0.90_beta0.01_gamma0.50,carbonscaler_budget,ontario,45,0,130.0,54.94,47.469166666666666
optionB_budget0.90_beta0.01_gamma0.50,carbonscaler_budget,ontario,46,0,136.0,43.61,39.211666666666666
optionB_budget0.90_beta0.01_gamma0.50,carbonscaler_budget,ontario,47,0,141.0,39.09,35.43083333333333
optionB_budget0.90_beta0.01_gamma0.50,carbonscaler_budget,ontario,48,0,148.0,49.12,37.15083333333333
optionB_budget0.90_beta0.01_gamma0.50,carbonscaler_budget,ontario,49,0,145.0,52.86,37.26083333333333
optionB_budget0.90_beta0.01_gamma0.50,carbonscaler_budget,ontario,50,0,140.0,50.51,38.05416666666667
optionB_budget0.90_beta0.01_gamma0.50,carbonscaler_budget,ontario,51,0,124.0,50.34,39.40333333333333
optionB_budget0.90_beta0.01_gamma0.50,carbonscaler_budget,ontario,52,0,122.0,46.79,47.62833333333333
optionB_budget0.90_beta0.01_gamma0.50,carbonscaler_budget,ontario,53,0,126.0,59.53,58.229166666666664
optionB_budget0.90_beta0.01_gamma0.50,carbonscaler_budget,ontario,54,0,129.0,105.91,50.64666666666667
optionB_budget0.90_beta0.01_gamma0.50,carbonscaler_budget,ontario,55,0,137.0,106.12,47.72416666666667
optionB_budget0.90_beta0.01_gamma0.50,carbonscaler_budget,ontario,56,0,143.0,61.53,48.03333333333333
optionB_budget0.90_beta0.01_gamma0.50,carbonscaler_budget,ontario,57,0,149.0,44.42,32.4175
optionB_budget0.90_beta0.01_gamma0.50,carbonscaler_budget,ontario,58,0,154.0,36.14,30.493333333333336
optionB_budget0.90_beta0.01_gamma0.50,carbonscaler_budget,ontario,59,0,154.0,35.47,30.366666666666664
optionB_budget0.90_beta0.01_gamma0.50,carbonscaler_budget,ontario,60,0,150.0,35.46,36.156666666666666
optionB_budget0.90_beta0.01_gamma0.50,carbonscaler_budget,ontario,61,0,147.0,27.61,37.915
optionB_budget0.90_beta0.01_gamma0.50,carbonscaler_budget,ontario,62,0,125.0,27.64,47.52583333333333
optionB_budget0.90_beta0.01_gamma0.50,carbonscaler_budget,ontario,63,0,112.0,35.58,49.13999999999999
optionB_budget0.90_beta0.01_gamma0.50,carbonscaler_budget,ontario,64,0,112.0,40.06,55.703333333333326
optionB_budget0.90_beta0.01_gamma0.50,carbonscaler_budget,ontario,65,0,118.0,54.54,59.62166666666667
optionB_budget0.90_beta0.01_gamma0.50,carbonscaler_budget,ontario,66,0,121.0,78.35,56.038333333333334
optionB_budget0.90_beta0.01_gamma0.50,carbonscaler_budget,ontario,67,0,125.0,63.47,70.19416666666667
optionB_budget0.90_beta0.01_gamma0.50,carbonscaler_budget,ontario,68,0,127.0,50.36,41.55166666666667
optionB_budget0.90_beta0.01_gamma0.50,carbonscaler_budget,ontario,69,0,135.0,37.17,37.35
optionB_budget0.90_beta0.01_gamma0.50,carbonscaler_budget,ontario,70,0,140.0,36.52,33.28666666666667
optionB_budget0.90_beta0.01_gamma0.50,carbonscaler_budget,ontario,71,0,141.0,36.17,34.604166666666664
optionB_budget0.90_beta0.01_gamma0.50,carbonscaler_budget,ontario,72,0,140.0,44.59,37.5325
optionB_budget0.90_beta0.01_gamma0.50,carbonscaler_budget,ontario,73,0,135.0,43.38,37.89083333333333
optionB_budget0.90_beta0.01_gamma0.50,carbonscaler_budget,ontario,74,0,131.0,37.79,36.09
optionB_budget0.90_beta0.01_gamma0.50,carbonscaler_budget,ontario,75,0,109.0,39.96,37.805
optionB_budget0.90_beta0.01_gamma0.50,carbonscaler_budget,ontario,76,0,112.0,39.81,38.26416666666667
optionB_budget0.90_beta0.01_gamma0.50,carbonscaler_budget,ontario,77,0,122.0,46.47,64.16166666666668
optionB_budget0.90_beta0.01_gamma0.50,carbonscaler_budget,ontario,78,0,120.0,65.6,129.94
optionB_budget0.90_beta0.01_gamma0.50,carbonscaler_budget,ontario,79,0,113.0,75.85,113.37166666666667
optionB_budget0.90_beta0.01_gamma0.50,carbonscaler_budget,ontario,80,0,119.0,63.62,202.23
optionB_budget0.90_beta0.01_gamma0.50,carbonscaler_budget,ontario,81,0,124.0,49.56,84.56916666666667
optionB_budget0.90_beta0.01_gamma0.50,carbonscaler_budget,ontario,82,0,139.0,43.01,43.4725
optionB_budget0.90_beta0.01_gamma0.50,carbonscaler_budget,ontario,83,0,144.0,41.35,36.63666666666666
optionB_budget0.90_beta0.01_gamma0.50,carbonscaler_budget,ontario,84,0,145.0,41.77,36.18333333333333
optionB_budget0.90_beta0.01_gamma0.50,carbonscaler_budget,ontario,85,0,144.0,38.31,41.73416666666667
optionB_budget0.90_beta0.01_gamma0.50,carbonscaler_budget,ontario,86,0,145.0,37.44,47.08166666666667
optionB_budget0.90_beta0.01_gamma0.50,carbonscaler_budget,ontario,87,0,138.0,38.3,38.05
optionB_budget0.90_beta0.01_gamma0.50,carbonscaler_budget,ontario,88,0,133.0,48.02,38.589999999999996
optionB_budget0.90_beta0.01_gamma0.50,carbonscaler_budget,ontario,89,0,124.0,60.28,38.622499999999995
optionB_budget0.90_beta0.01_gamma0.50,carbonscaler_budget,ontario,90,0,130.0,77.26,43.689166666666665
optionB_budget0.90_beta0.01_gamma0.50,carbonscaler_budget,ontario,91,0,132.0,71.28,42.440000000000005
optionB_budget0.90_beta0.01_gamma0.50,carbonscaler_budget,ontario,92,0,131.0,58.28,40.15083333333333
optionB_budget0.90_beta0.01_gamma0.50,carbonscaler_budget,ontario,93,0,130.0,43.69,43.84
optionB_budget0.90_beta0.01_gamma0.50,carbonscaler_budget,ontario,94,0,134.0,41.22,37.800000000000004
optionB_budget0.90_beta0.01_gamma0.50,carbonscaler_budget,ontario,95,0,135.0,39.86,35.3275
optionB_budget0.90_beta0.01_gamma0.50,carbonscaler_budget,ontario,96,0,137.0,44.42,25.348333333333333
optionB_budget0.90_beta0.01_gamma0.50,carbonscaler_budget,ontario,97,0,135.0,38.25,23.953333333333333
optionB_budget0.90_beta0.01_gamma0.50,carbonscaler_budget,ontario,98,0,138.0,36.09,14.425833333333332
optionB_budget0.90_beta0.01_gamma0.50,carbonscaler_budget,ontario,99,0,134.0,36.48,33.902499999999996
optionB_budget0.90_beta0.01_gamma0.50,carbonscaler_budget,ontario,100,0,123.0,33.49,20.290833333333335
optionB_budget0.90_beta0.01_gamma0.50,carbonscaler_budget,ontario,101,0,98.0,36.58,35.770833333333336
optionB_budget0.90_beta0.01_gamma0.50,carbonscaler_budget,ontario,102,0,86.0,43.16,39.869166666666665
optionB_budget0.90_beta0.01_gamma0.50,carbonscaler_budget,ontario,103,0,80.0,56.13,52.47416666666666
optionB_budget0.90_beta0.01_gamma0.50,carbonscaler_budget,ontario,104,0,86.0,47.7,234.91166666666666
optionB_budget0.90_beta0.01_gamma0.50,carbonscaler_budget,ontario,105,0,85.0,38.56,300.13166666666666
optionB_budget0.90_beta0.01_gamma0.50,carbonscaler_budget,ontario,106,0,100.0,38.34,65.23166666666667
optionB_budget0.90_beta0.01_gamma0.50,carbonscaler_budget,ontario,107,0,98.0,44.24,37.69166666666667
optionB_budget0.90_beta0.01_gamma0.50,carbonscaler_budget,ontario,108,0,107.0,40.02,37.711666666666666
optionB_budget0.90_beta0.01_gamma0.50,carbonscaler_budget,ontario,109,0,117.0,39.73,31.875
optionB_budget0.90_beta0.01_gamma0.50,carbonscaler_budget,ontario,110,0,121.0,45.08,31.05
optionB_budget0.90_beta0.01_gamma0.50,carbonscaler_budget,ontario,111,0,120.0,43.22,29.790833333333335
optionB_budget0.90_beta0.01_gamma0.50,carbonscaler_budget,ontario,112,0,113.0,50.91,36.05416666666667
optionB_budget0.90_beta0.01_gamma0.50,carbonscaler_budget,ontario,113,0,111.0,59.6,27.55
optionB_budget0.90_beta0.01_gamma0.50,carbonscaler_budget,ontario,114,0,109.0,68.96,35.61
optionB_budget0.90_beta0.01_gamma0.50,carbonscaler_budget,ontario,115,0,110.0,64.28,38.329166666666666
optionB_budget0.90_beta0.01_gamma0.50,carbonscaler_budget,ontario,116,0,102.0,54.21,36.972500000000004
optionB_budget0.90_beta0.01_gamma0.50,carbonscaler_budget,ontario,117,0,111.0,46.3,37.40333333333333
optionB_budget0.90_beta0.01_gamma0.50,carbonscaler_budget,ontario,118,0,99.0,43.91,30.51
optionB_budget0.90_beta0.01_gamma0.50,carbonscaler_budget,ontario,119,0,100.0,38.92,27.84
optionB_budget0.90_beta0.01_gamma0.50,carbonscaler_budget,ontario,120,0,107.0,44.41,38.76
optionB_budget0.90_beta0.01_gamma0.50,carbonscaler_budget,ontario,121,0,101.0,39.33,36.759166666666665
optionB_budget0.90_beta0.01_gamma0.50,carbonscaler_budget,ontario,122,0,101.0,37.31,34.015
optionB_budget0.90_beta0.01_gamma0.50,carbonscaler_budget,ontario,123,0,97.0,39.4,38.65083333333333
optionB_budget0.90_beta0.01_gamma0.50,carbonscaler_budget,ontario,124,0,93.0,40.41,38.821666666666665
optionB_budget0.90_beta0.01_gamma0.50,carbonscaler_budget,ontario,125,0,91.0,51.01,54.589999999999996
optionB_budget0.90_beta0.01_gamma0.50,carbonscaler_budget,ontario,126,0,89.0,51.96,41.85
optionB_budget0.90_beta0.01_gamma0.50,carbonscaler_budget,ontario,127,0,90.0,53.48,35.2025
optionB_budget0.90_beta0.01_gamma0.50,carbonscaler_budget,ontario,128,0,96.0,49.83,48.94583333333333
optionB_budget0.90_beta0.01_gamma0.50,carbonscaler_budget,ontario,129,0,98.0,40.82,48.16583333333333
optionB_budget0.90_beta0.01_gamma0.50,carbonscaler_budget,ontario,130,0,111.0,38.54,36.41416666666667
optionB_budget0.90_beta0.01_gamma0.50,carbonscaler_budget,ontario,131,0,106.0,36.65,38.08583333333333
optionB_budget0.90_beta0.01_gamma0.50,carbonscaler_budget,ontario,132,0,97.0,35.44,32.35166666666667
optionB_budget0.90_beta0.01_gamma0.50,carbonscaler_budget,ontario,133,0,109.0,35.23,26.764166666666668
optionB_budget0.90_beta0.01_gamma0.50,carbonscaler_budget,ontario,134,0,112.0,32.72,28.69333333333333
optionB_budget0.90_beta0.01_gamma0.50,carbonscaler_budget,ontario,135,0,107.0,37.23,34.07666666666667
optionB_budget0.90_beta0.01_gamma0.50,carbonscaler_budget,ontario,136,0,102.0,41.69,43.39333333333334
optionB_budget0.90_beta0.01_gamma0.50,carbonscaler_budget,ontario,137,0,97.0,49.09,36.2775
optionB_budget0.90_beta0.01_gamma0.50,carbonscaler_budget,ontario,138,0,89.0,57.12,26.605833333333333
optionB_budget0.90_beta0.01_gamma0.50,carbonscaler_budget,ontario,139,0,89.0,51.5,26.763333333333335
optionB_budget0.90_beta0.01_gamma0.50,carbonscaler_budget,ontario,140,0,89.0,43.25,35.38666666666667
optionB_budget0.90_beta0.01_gamma0.50,carbonscaler_budget,ontario,141,0,93.0,40.56,36.7025
optionB_budget0.90_beta0.01_gamma0.50,carbonscaler_budget,ontario,142,0,86.0,39.39,37.56166666666667
optionB_budget0.90_beta0.01_gamma0.50,carbonscaler_budget,ontario,143,0,78.0,36.15,37.413333333333334
optionB_budget0.90_beta0.01_gamma0.50,carbonscaler_budget,ontario,144,0,74.0,34.73,34.03416666666667
optionB_budget0.90_beta0.01_gamma0.50,carbonscaler_budget,ontario,145,0,75.0,35.29,28.84
optionB_budget0.90_beta0.01_gamma0.50,carbonscaler_budget,ontario,146,0,81.0,34.14,25.500833333333333
optionB_budget0.90_beta0.01_gamma0.50,carbonscaler_budget,ontario,147,0,88.0,34.63,17.543333333333333
optionB_budget0.90_beta0.01_gamma0.50,carbonscaler_budget,ontario,148,0,85.0,34.86,32.51083333333333
optionB_budget0.90_beta0.01_gamma0.50,carbonscaler_budget,ontario,149,0,75.0,36.64,32.517500000000005
optionB_budget0.90_beta0.01_gamma0.50,carbonscaler_budget,ontario,150,0,62.0,37.94,37.737500000000004
optionB_budget0.90_beta0.01_gamma0.50,carbonscaler_budget,ontario,151,0,61.0,45.46,45.17249999999999
optionB_budget0.90_beta0.01_gamma0.50,carbonscaler_budget,ontario,152,0,63.0,45.88,32.65416666666667
optionB_budget0.90_beta0.01_gamma0.50,carbonscaler_budget,ontario,153,0,68.0,49.25,32.468333333333334
optionB_budget0.90_beta0.01_gamma0.50,carbonscaler_budget,ontario,154,0,70.0,49.13,59.362500000000004
optionB_budget0.90_beta0.01_gamma0.50,carbonscaler_budget,ontario,155,0,74.0,41.47,47.10333333333333
optionB_budget0.90_beta0.01_gamma0.50,carbonscaler_budget,ontario,156,0,84.0,38.62,33.2075
optionB_budget0.90_beta0.01_gamma0.50,carbonscaler_budget,ontario,157,0,77.0,37.08,20.526666666666667
optionB_budget0.90_beta0.01_gamma0.50,carbonscaler_budget,ontario,158,0,71.0,36.15,22.862499999999997
optionB_budget0.90_beta0.01_gamma0.50,carbonscaler_budget,ontario,159,0,79.0,35.85,27.621666666666666
optionB_budget0.90_beta0.01_gamma0.50,carbonscaler_budget,ontario,160,0,86.0,36.64,37.75083333333333
optionB_budget0.90_beta0.01_gamma0.50,carbonscaler_budget,ontario,161,0,77.0,45.69,38.839999999999996
optionB_budget0.90_beta0.01_gamma0.50,carbonscaler_budget,ontario,162,0,71.0,53.03,36.770833333333336
optionB_budget0.90_beta0.01_gamma0.50,carbonscaler_budget,ontario,163,0,72.0,50.95,38.96
optionB_budget0.90_beta0.01_gamma0.50,carbonscaler_budget,ontario,164,0,78.0,46.81,33.8875
optionB_budget0.90_beta0.01_gamma0.50,carbonscaler_budget,ontario,165,0,86.0,39.8,31.951666666666668
optionB_budget0.90_beta0.01_gamma0.50,carbonscaler_budget,ontario,166,0,93.0,38.09,30.215000000000003
optionB_budget0.90_beta0.01_gamma0.50,carbonscaler_budget,ontario,167,0,93.0,38.22,23.973333333333333
optionB_budget0.90_beta0.01_gamma0.75,carbonscaler_budget,ontario,0,2,50.0,14.46,37.281666666666666
optionB_budget0.90_beta0.01_gamma0.75,carbonscaler_budget,ontario,1,1,49.0,14.91,33.41166666666667
optionB_budget0.90_beta0.01_gamma0.75,carbonscaler_budget,ontario,2,1,45.0,14.65,31.3
optionB_budget0.90_beta0.01_gamma0.75,carbonscaler_budget,ontario,3,2,44.0,14.93,34.589166666666664
optionB_budget0.90_beta0.01_gamma0.75,carbonscaler_budget,ontario,4,2,38.0,19.54,38.32666666666667
optionB_budget0.90_beta0.01_gamma0.75,carbonscaler_budget,ontario,5,2,39.0,26.39,31.050833333333333
optionB_budget0.90_beta0.01_gamma0.75,carbonscaler_budget,ontario,6,2,39.0,28.77,29.55333333333333
optionB_budget0.90_beta0.01_gamma0.75,carbonscaler_budget,ontario,7,2,39.0,43.28,33.685833333333335
optionB_budget0.90_beta0.01_gamma0.75,carbonscaler_budget,ontario,8,1,44.0,39.76,29.5
optionB_budget0.90_beta0.01_gamma0.75,carbonscaler_budget,ontario,9,1,49.0,35.49,40.14
optionB_budget0.90_beta0.01_gamma0.75,carbonscaler_budget,ontario,10,1,52.0,32.62,48.08416666666667
optionB_budget0.90_beta0.01_gamma0.75,carbonscaler_budget,ontario,11,1,52.0,35.96,50.5425
optionB_budget0.90_beta0.01_gamma0.75,carbonscaler_budget,ontario,12,0,54.0,36.16,41.22666666666667
optionB_budget0.90_beta0.01_gamma0.75,carbonscaler_budget,ontario,13,1,50.0,35.78,31.642500000000002
optionB_budget0.90_beta0.01_gamma0.75,carbonscaler_budget,ontario,14,0,56.0,35.83,33.13916666666666
optionB_budget0.90_beta0.01_gamma0.75,carbonscaler_budget,ontario,15,0,61.0,37.72,40.01583333333333
optionB_budget0.90_beta0.01_gamma0.75,carbonscaler_budget,ontario,16,0,64.0,37.85,50.650000000000006
optionB_budget0.90_beta0.01_gamma0.75,carbonscaler_budget,ontario,17,0,62.0,51.72,37.6775
optionB_budget0.90_beta0.01_gamma0.75,carbonscaler_budget,ontario,18,0,54.0,55.55,37.67250000000001
optionB_budget0.90_beta0.01_gamma0.75,carbonscaler_budget,ontario,19,0,55.0,53.78,37.278333333333336
optionB_budget0.90_beta0.01_gamma0.75,carbonscaler_budget,ontario,20,0,59.0,41.04,41.968333333333334
optionB_budget0.90_beta0.01_gamma0.75,carbonscaler_budget,ontario,21,0,74.0,32.67,26.171666666666667
optionB_budget0.90_beta0.01_gamma0.75,carbonscaler_budget,ontario,22,0,72.0,35.35,25.061666666666667
optionB_budget0.90_beta0.01_gamma0.75,carbonscaler_budget,ontario,23,0,71.0,26.53,23.230833333333333
optionB_budget0.90_beta0.01_gamma0.75,carbonscaler_budget,ontario,24,0,70.0,29.7,14.858333333333334
optionB_budget0.90_beta0.01_gamma0.75,carbonscaler_budget,ontario,25,0,69.0,25.77,17.010833333333334
optionB_budget0.90_beta0.01_gamma0.75,carbonscaler_budget,ontario,26,0,62.0,27.41,17.040833333333335
optionB_budget0.90_beta0.01_gamma0.75,carbonscaler_budget,ontario,27,0,60.0,30.78,17.525833333333335
optionB_budget0.90_beta0.01_gamma0.75,carbonscaler_budget,ontario,28,1,50.0,28.77,16.649166666666666
optionB_budget0.90_beta0.01_gamma0.75,carbonscaler_budget,ontario,29,1,49.0,35.98,12.450833333333334
optionB_budget0.90_beta0.01_gamma0.75,carbonscaler_budget,ontario,30,1,50.0,50.81,29.266666666666666
optionB_budget0.90_beta0.01_gamma0.75,carbonscaler_budget,ontario,31,1,51.0,59.4,35.785833333333336
optionB_budget0.90_beta0.01_gamma0.75,carbonscaler_budget,ontario,32,0,56.0,51.35,46.8225
optionB_budget0.90_beta0.01_gamma0.75,carbonscaler_budget,ontario,33,0,67.0,43.09,40.39
optionB_budget0.90_beta0.01_gamma0.75,carbonscaler_budget,ontario,34,0,76.0,36.04,36.93
optionB_budget0.90_beta0.01_gamma0.75,carbonscaler_budget,ontario,35,0,82.0,35.69,47.035
optionB_budget0.90_beta0.01_gamma0.75,carbonscaler_budget,ontario,36,0,91.0,36.09,35.24583333333333
optionB_budget0.90_beta0.01_gamma0.75,carbonscaler_budget,ontario,37,0,96.0,35.58,18.120833333333334
optionB_budget0.90_beta0.01_gamma0.75,carbonscaler_budget,ontario,38,0,98.0,35.86,26.633333333333336
optionB_budget0.90_beta0.01_gamma0.75,carbonscaler_budget,ontario,39,0,100.0,40.39,30.180833333333336
optionB_budget0.90_beta0.01_gamma0.75,carbonscaler_budget,ontario,40,0,103.0,50.44,42.2925
optionB_budget0.90_beta0.01_gamma0.75,carbonscaler_budget,ontario,41,0,97.0,73.33,44.97
optionB_budget0.90_beta0.01_gamma0.75,carbonscaler_budget,ontario,42,0,90.0,94.93,84.375
optionB_budget0.90_beta0.01_gamma0.75,carbonscaler_budget,ontario,43,0,92.0,88.25,275.5933333333333
optionB_budget0.90_beta0.01_gamma0.75,carbonscaler_budget,ontario,44,0,105.0,72.52,122.33749999999999
optionB_budget0.90_beta0.01_gamma0.75,carbonscaler_budget,ontario,45,0,130.0,54.94,47.469166666666666
optionB_budget0.90_beta0.01_gamma0.75,carbonscaler_budget,ontario,46,0,136.0,43.61,39.211666666666666
optionB_budget0.90_beta0.01_gamma0.75,carbonscaler_budget,ontario,47,0,141.0,39.09,35.43083333333333
optionB_budget0.90_beta0.01_gamma0.75,carbonscaler_budget,ontario,48,0,148.0,49.12,37.15083333333333
optionB_budget0.90_beta0.01_gamma0.75,carbonscaler_budget,ontario,49,0,145.0,52.86,37.26083333333333
optionB_budget0.90_beta0.01_gamma0.75,carbonscaler_budget,ontario,50,0,140.0,50.51,38.05416666666667
optionB_budget0.90_beta0.01_gamma0.75,carbonscaler_budget,ontario,51,0,124.0,50.34,39.40333333333333
optionB_budget0.90_beta0.01_gamma0.75,carbonscaler_budget,ontario,52,0,122.0,46.79,47.62833333333333
optionB_budget0.90_beta0.01_gamma0.75,carbonscaler_budget,ontario,53,0,126.0,59.53,58.229166666666664
optionB_budget0.90_beta0.01_gamma0.75,carbonscaler_budget,ontario,54,0,129.0,105.91,50.64666666666667
optionB_budget0.90_beta0.01_gamma0.75,carbonscaler_budget,ontario,55,0,137.0,106.12,47.72416666666667
optionB_budget0.90_beta0.01_gamma0.75,carbonscaler_budget,ontario,56,0,143.0,61.53,48.03333333333333
optionB_budget0.90_beta0.01_gamma0.75,carbonscaler_budget,ontario,57,0,149.0,44.42,32.4175
optionB_budget0.90_beta0.01_gamma0.75,carbonscaler_budget,ontario,58,0,154.0,36.14,30.493333333333336
optionB_budget0.90_beta0.01_gamma0.75,carbonscaler_budget,ontario,59,0,154.0,35.47,30.366666666666664
optionB_budget0.90_beta0.01_gamma0.75,carbonscaler_budget,ontario,60,0,150.0,35.46,36.156666666666666
optionB_budget0.90_beta0.01_gamma0.75,carbonscaler_budget,ontario,61,0,147.0,27.61,37.915
optionB_budget0.90_beta0.01_gamma0.75,carbonscaler_budget,ontario,62,0,125.0,27.64,47.52583333333333
optionB_budget0.90_beta0.01_gamma0.75,carbonscaler_budget,ontario,63,0,112.0,35.58,49.13999999999999
optionB_budget0.90_beta0.01_gamma0.75,carbonscaler_budget,ontario,64,0,112.0,40.06,55.703333333333326
optionB_budget0.90_beta0.01_gamma0.75,carbonscaler_budget,ontario,65,0,118.0,54.54,59.62166666666667
optionB_budget0.90_beta0.01_gamma0.75,carbonscaler_budget,ontario,66,0,121.0,78.35,56.038333333333334
optionB_budget0.90_beta0.01_gamma0.75,carbonscaler_budget,ontario,67,0,125.0,63.47,70.19416666666667
optionB_budget0.90_beta0.01_gamma0.75,carbonscaler_budget,ontario,68,0,127.0,50.36,41.55166666666667
optionB_budget0.90_beta0.01_gamma0.75,carbonscaler_budget,ontario,69,0,135.0,37.17,37.35
optionB_budget0.90_beta0.01_gamma0.75,carbonscaler_budget,ontario,70,0,140.0,36.52,33.28666666666667
optionB_budget0.90_beta0.01_gamma0.75,carbonscaler_budget,ontario,71,0,141.0,36.17,34.604166666666664
optionB_budget0.90_beta0.01_gamma0.75,carbonscaler_budget,ontario,72,0,140.0,44.59,37.5325
optionB_budget0.90_beta0.01_gamma0.75,carbonscaler_budget,ontario,73,0,135.0,43.38,37.89083333333333
optionB_budget0.90_beta0.01_gamma0.75,carbonscaler_budget,ontario,74,0,131.0,37.79,36.09
optionB_budget0.90_beta0.01_gamma0.75,carbonscaler_budget,ontario,75,0,109.0,39.96,37.805
optionB_budget0.90_beta0.01_gamma0.75,carbonscaler_budget,ontario,76,0,112.0,39.81,38.26416666666667
optionB_budget0.90_beta0.01_gamma0.75,carbonscaler_budget,ontario,77,0,122.0,46.47,64.16166666666668
optionB_budget0.90_beta0.01_gamma0.75,carbonscaler_budget,ontario,78,0,120.0,65.6,129.94
optionB_budget0.90_beta0.01_gamma0.75,carbonscaler_budget,ontario,79,0,113.0,75.85,113.37166666666667
optionB_budget0.90_beta0.01_gamma0.75,carbonscaler_budget,ontario,80,0,119.0,63.62,202.23
optionB_budget0.90_beta0.01_gamma0.75,carbonscaler_budget,ontario,81,0,124.0,49.56,84.56916666666667
optionB_budget0.90_beta0.01_gamma0.75,carbonscaler_budget,ontario,82,0,139.0,43.01,43.4725
optionB_budget0.90_beta0.01_gamma0.75,carbonscaler_budget,ontario,83,0,144.0,41.35,36.63666666666666
optionB_budget0.90_beta0.01_gamma0.75,carbonscaler_budget,ontario,84,0,145.0,41.77,36.18333333333333
optionB_budget0.90_beta0.01_gamma0.75,carbonscaler_budget,ontario,85,0,144.0,38.31,41.73416666666667
optionB_budget0.90_beta0.01_gamma0.75,carbonscaler_budget,ontario,86,0,145.0,37.44,47.08166666666667
optionB_budget0.90_beta0.01_gamma0.75,carbonscaler_budget,ontario,87,0,138.0,38.3,38.05
optionB_budget0.90_beta0.01_gamma0.75,carbonscaler_budget,ontario,88,0,133.0,48.02,38.589999999999996
optionB_budget0.90_beta0.01_gamma0.75,carbonscaler_budget,ontario,89,0,124.0,60.28,38.622499999999995
optionB_budget0.90_beta0.01_gamma0.75,carbonscaler_budget,ontario,90,0,130.0,77.26,43.689166666666665
optionB_budget0.90_beta0.01_gamma0.75,carbonscaler_budget,ontario,91,0,132.0,71.28,42.440000000000005
optionB_budget0.90_beta0.01_gamma0.75,carbonscaler_budget,ontario,92,0,131.0,58.28,40.15083333333333
optionB_budget0.90_beta0.01_gamma0.75,carbonscaler_budget,ontario,93,0,130.0,43.69,43.84
optionB_budget0.90_beta0.01_gamma0.75,carbonscaler_budget,ontario,94,0,134.0,41.22,37.800000000000004
optionB_budget0.90_beta0.01_gamma0.75,carbonscaler_budget,ontario,95,0,135.0,39.86,35.3275
optionB_budget0.90_beta0.01_gamma0.75,carbonscaler_budget,ontario,96,0,137.0,44.42,25.348333333333333
optionB_budget0.90_beta0.01_gamma0.75,carbonscaler_budget,ontario,97,0,135.0,38.25,23.953333333333333
optionB_budget0.90_beta0.01_gamma0.75,carbonscaler_budget,ontario,98,0,138.0,36.09,14.425833333333332
optionB_budget0.90_beta0.01_gamma0.75,carbonscaler_budget,ontario,99,0,134.0,36.48,33.902499999999996
optionB_budget0.90_beta0.01_gamma0.75,carbonscaler_budget,ontario,100,0,123.0,33.49,20.290833333333335
optionB_budget0.90_beta0.01_gamma0.75,carbonscaler_budget,ontario,101,0,98.0,36.58,35.770833333333336
optionB_budget0.90_beta0.01_gamma0.75,carbonscaler_budget,ontario,102,0,86.0,43.16,39.869166666666665
optionB_budget0.90_beta0.01_gamma0.75,carbonscaler_budget,ontario,103,0,80.0,56.13,52.47416666666666
optionB_budget0.90_beta0.01_gamma0.75,carbonscaler_budget,ontario,104,0,86.0,47.7,234.91166666666666
optionB_budget0.90_beta0.01_gamma0.75,carbonscaler_budget,ontario,105,0,85.0,38.56,300.13166666666666
optionB_budget0.90_beta0.01_gamma0.75,carbonscaler_budget,ontario,106,0,100.0,38.34,65.23166666666667
optionB_budget0.90_beta0.01_gamma0.75,carbonscaler_budget,ontario,107,0,98.0,44.24,37.69166666666667
optionB_budget0.90_beta0.01_gamma0.75,carbonscaler_budget,ontario,108,0,107.0,40.02,37.711666666666666
optionB_budget0.90_beta0.01_gamma0.75,carbonscaler_budget,ontario,109,0,117.0,39.73,31.875
optionB_budget0.90_beta0.01_gamma0.75,carbonscaler_budget,ontario,110,0,121.0,45.08,31.05
optionB_budget0.90_beta0.01_gamma0.75,carbonscaler_budget,ontario,111,0,120.0,43.22,29.790833333333335
optionB_budget0.90_beta0.01_gamma0.75,carbonscaler_budget,ontario,112,0,113.0,50.91,36.05416666666667
optionB_budget0.90_beta0.01_gamma0.75,carbonscaler_budget,ontario,113,0,111.0,59.6,27.55
optionB_budget0.90_beta0.01_gamma0.75,carbonscaler_budget,ontario,114,0,109.0,68.96,35.61
optionB_budget0.90_beta0.01_gamma0.75,carbonscaler_budget,ontario,115,0,110.0,64.28,38.329166666666666
optionB_budget0.90_beta0.01_gamma0.75,carbonscaler_budget,ontario,116,0,102.0,54.21,36.972500000000004
optionB_budget0.90_beta0.01_gamma0.75,carbonscaler_budget,ontario,117,0,111.0,46.3,37.40333333333333
optionB_budget0.90_beta0.01_gamma0.75,carbonscaler_budget,ontario,118,0,99.0,43.91,30.51
optionB_budget0.90_beta0.01_gamma0.75,carbonscaler_budget,ontario,119,0,100.0,38.92,27.84
optionB_budget0.90_beta0.01_gamma0.75,carbonscaler_budget,ontario,120,0,107.0,44.41,38.76
optionB_budget0.90_beta0.01_gamma0.75,carbonscaler_budget,ontario,121,0,101.0,39.33,36.759166666666665
optionB_budget0.90_beta0.01_gamma0.75,carbonscaler_budget,ontario,122,0,101.0,37.31,34.015
optionB_budget0.90_beta0.01_gamma0.75,carbonscaler_budget,ontario,123,0,97.0,39.4,38.65083333333333
optionB_budget0.90_beta0.01_gamma0.75,carbonscaler_budget,ontario,124,0,93.0,40.41,38.821666666666665
optionB_budget0.90_beta0.01_gamma0.75,carbonscaler_budget,ontario,125,0,91.0,51.01,54.589999999999996
optionB_budget0.90_beta0.01_gamma0.75,carbonscaler_budget,ontario,126,0,89.0,51.96,41.85
optionB_budget0.90_beta0.01_gamma0.75,carbonscaler_budget,ontario,127,0,90.0,53.48,35.2025
optionB_budget0.90_beta0.01_gamma0.75,carbonscaler_budget,ontario,128,0,96.0,49.83,48.94583333333333
optionB_budget0.90_beta0.01_gamma0.75,carbonscaler_budget,ontario,129,0,98.0,40.82,48.16583333333333
optionB_budget0.90_beta0.01_gamma0.75,carbonscaler_budget,ontario,130,0,111.0,38.54,36.41416666666667
optionB_budget0.90_beta0.01_gamma0.75,carbonscaler_budget,ontario,131,0,106.0,36.65,38.08583333333333
optionB_budget0.90_beta0.01_gamma0.75,carbonscaler_budget,ontario,132,0,97.0,35.44,32.35166666666667
optionB_budget0.90_beta0.01_gamma0.75,carbonscaler_budget,ontario,133,0,109.0,35.23,26.764166666666668
optionB_budget0.90_beta0.01_gamma0.75,carbonscaler_budget,ontario,134,0,112.0,32.72,28.69333333333333
optionB_budget0.90_beta0.01_gamma0.75,carbonscaler_budget,ontario,135,0,107.0,37.23,34.07666666666667
optionB_budget0.90_beta0.01_gamma0.75,carbonscaler_budget,ontario,136,0,102.0,41.69,43.39333333333334
optionB_budget0.90_beta0.01_gamma0.75,carbonscaler_budget,ontario,137,0,97.0,49.09,36.2775
optionB_budget0.90_beta0.01_gamma0.75,carbonscaler_budget,ontario,138,0,89.0,57.12,26.605833333333333
optionB_budget0.90_beta0.01_gamma0.75,carbonscaler_budget,ontario,139,0,89.0,51.5,26.763333333333335
optionB_budget0.90_beta0.01_gamma0.75,carbonscaler_budget,ontario,140,0,89.0,43.25,35.38666666666667
optionB_budget0.90_beta0.01_gamma0.75,carbonscaler_budget,ontario,141,0,93.0,40.56,36.7025
optionB_budget0.90_beta0.01_gamma0.75,carbonscaler_budget,ontario,142,0,86.0,39.39,37.56166666666667
optionB_budget0.90_beta0.01_gamma0.75,carbonscaler_budget,ontario,143,0,78.0,36.15,37.413333333333334
optionB_budget0.90_beta0.01_gamma0.75,carbonscaler_budget,ontario,144,0,74.0,34.73,34.03416666666667
optionB_budget0.90_beta0.01_gamma0.75,carbonscaler_budget,ontario,145,0,75.0,35.29,28.84
optionB_budget0.90_beta0.01_gamma0.75,carbonscaler_budget,ontario,146,0,81.0,34.14,25.500833333333333
optionB_budget0.90_beta0.01_gamma0.75,carbonscaler_budget,ontario,147,0,88.0,34.63,17.543333333333333
optionB_budget0.90_beta0.01_gamma0.75,carbonscaler_budget,ontario,148,0,85.0,34.86,32.51083333333333
optionB_budget0.90_beta0.01_gamma0.75,carbonscaler_budget,ontario,149,0,75.0,36.64,32.517500000000005
optionB_budget0.90_beta0.01_gamma0.75,carbonscaler_budget,ontario,150,0,62.0,37.94,37.737500000000004
optionB_budget0.90_beta0.01_gamma0.75,carbonscaler_budget,ontario,151,0,61.0,45.46,45.17249999999999
optionB_budget0.90_beta0.01_gamma0.75,carbonscaler_budget,ontario,152,0,63.0,45.88,32.65416666666667
optionB_budget0.90_beta0.01_gamma0.75,carbonscaler_budget,ontario,153,0,68.0,49.25,32.468333333333334
optionB_budget0.90_beta0.01_gamma0.75,carbonscaler_budget,ontario,154,0,70.0,49.13,59.362500000000004
optionB_budget0.90_beta0.01_gamma0.75,carbonscaler_budget,ontario,155,0,74.0,41.47,47.10333333333333
optionB_budget0.90_beta0.01_gamma0.75,carbonscaler_budget,ontario,156,0,84.0,38.62,33.2075
optionB_budget0.90_beta0.01_gamma0.75,carbonscaler_budget,ontario,157,0,77.0,37.08,20.526666666666667
optionB_budget0.90_beta0.01_gamma0.75,carbonscaler_budget,ontario,158,0,71.0,36.15,22.862499999999997
optionB_budget0.90_beta0.01_gamma0.75,carbonscaler_budget,ontario,159,0,79.0,35.85,27.621666666666666
optionB_budget0.90_beta0.01_gamma0.75,carbonscaler_budget,ontario,160,0,86.0,36.64,37.75083333333333
optionB_budget0.90_beta0.01_gamma0.75,carbonscaler_budget,ontario,161,0,77.0,45.69,38.839999999999996
optionB_budget0.90_beta0.01_gamma0.75,carbonscaler_budget,ontario,162,0,71.0,53.03,36.770833333333336
optionB_budget0.90_beta0.01_gamma0.75,carbonscaler_budget,ontario,163,0,72.0,50.95,38.96
optionB_budget0.90_beta0.01_gamma0.75,carbonscaler_budget,ontario,164,0,78.0,46.81,33.8875
optionB_budget0.90_beta0.01_gamma0.75,carbonscaler_budget,ontario,165,0,86.0,39.8,31.951666666666668
optionB_budget0.90_beta0.01_gamma0.75,carbonscaler_budget,ontario,166,0,93.0,38.09,30.215000000000003
optionB_budget0.90_beta0.01_gamma0.75,carbonscaler_budget,ontario,167,0,93.0,38.22,23.973333333333333
optionB_budget0.90_beta0.01_gamma1.00,carbonscaler_budget,ontario,0,2,50.0,14.46,37.281666666666666
optionB_budget0.90_beta0.01_gamma1.00,carbonscaler_budget,ontario,1,1,49.0,14.91,33.41166666666667
optionB_budget0.90_beta0.01_gamma1.00,carbonscaler_budget,ontario,2,1,45.0,14.65,31.3
optionB_budget0.90_beta0.01_gamma1.00,carbonscaler_budget,ontario,3,2,44.0,14.93,34.589166666666664
optionB_budget0.90_beta0.01_gamma1.00,carbonscaler_budget,ontario,4,2,38.0,19.54,38.32666666666667
optionB_budget0.90_beta0.01_gamma1.00,carbonscaler_budget,ontario,5,2,39.0,26.39,31.050833333333333
optionB_budget0.90_beta0.01_gamma1.00,carbonscaler_budget,ontario,6,2,39.0,28.77,29.55333333333333
optionB_budget0.90_beta0.01_gamma1.00,carbonscaler_budget,ontario,7,2,39.0,43.28,33.685833333333335
optionB_budget0.90_beta0.01_gamma1.00,carbonscaler_budget,ontario,8,1,44.0,39.76,29.5
optionB_budget0.90_beta0.01_gamma1.00,carbonscaler_budget,ontario,9,1,49.0,35.49,40.14
optionB_budget0.90_beta0.01_gamma1.00,carbonscaler_budget,ontario,10,1,52.0,32.62,48.08416666666667
optionB_budget0.90_beta0.01_gamma1.00,carbonscaler_budget,ontario,11,1,52.0,35.96,50.5425
optionB_budget0.90_beta0.01_gamma1.00,carbonscaler_budget,ontario,12,0,54.0,36.16,41.22666666666667
optionB_budget0.90_beta0.01_gamma1.00,carbonscaler_budget,ontario,13,1,50.0,35.78,31.642500000000002
optionB_budget0.90_beta0.01_gamma1.00,carbonscaler_budget,ontario,14,0,56.0,35.83,33.13916666666666
optionB_budget0.90_beta0.01_gamma1.00,carbonscaler_budget,ontario,15,0,61.0,37.72,40.01583333333333
optionB_budget0.90_beta0.01_gamma1.00,carbonscaler_budget,ontario,16,0,64.0,37.85,50.650000000000006
optionB_budget0.90_beta0.01_gamma1.00,carbonscaler_budget,ontario,17,0,62.0,51.72,37.6775
optionB_budget0.90_beta0.01_gamma1.00,carbonscaler_budget,ontario,18,0,54.0,55.55,37.67250000000001
optionB_budget0.90_beta0.01_gamma1.00,carbonscaler_budget,ontario,19,0,55.0,53.78,37.278333333333336
optionB_budget0.90_beta0.01_gamma1.00,carbonscaler_budget,ontario,20,0,59.0,41.04,41.968333333333334
optionB_budget0.90_beta0.01_gamma1.00,carbonscaler_budget,ontario,21,0,74.0,32.67,26.171666666666667
optionB_budget0.90_beta0.01_gamma1.00,carbonscaler_budget,ontario,22,0,72.0,35.35,25.061666666666667
optionB_budget0.90_beta0.01_gamma1.00,carbonscaler_budget,ontario,23,0,71.0,26.53,23.230833333333333
optionB_budget0.90_beta0.01_gamma1.00,carbonscaler_budget,ontario,24,0,70.0,29.7,14.858333333333334
optionB_budget0.90_beta0.01_gamma1.00,carbonscaler_budget,ontario,25,0,69.0,25.77,17.010833333333334
optionB_budget0.90_beta0.01_gamma1.00,carbonscaler_budget,ontario,26,0,62.0,27.41,17.040833333333335
optionB_budget0.90_beta0.01_gamma1.00,carbonscaler_budget,ontario,27,0,60.0,30.78,17.525833333333335
optionB_budget0.90_beta0.01_gamma1.00,carbonscaler_budget,ontario,28,1,50.0,28.77,16.649166666666666
optionB_budget0.90_beta0.01_gamma1.00,carbonscaler_budget,ontario,29,1,49.0,35.98,12.450833333333334
optionB_budget0.90_beta0.01_gamma1.00,carbonscaler_budget,ontario,30,1,50.0,50.81,29.266666666666666
optionB_budget0.90_beta0.01_gamma1.00,carbonscaler_budget,ontario,31,1,51.0,59.4,35.785833333333336
optionB_budget0.90_beta0.01_gamma1.00,carbonscaler_budget,ontario,32,0,56.0,51.35,46.8225
optionB_budget0.90_beta0.01_gamma1.00,carbonscaler_budget,ontario,33,0,67.0,43.09,40.39
optionB_budget0.90_beta0.01_gamma1.00,carbonscaler_budget,ontario,34,0,76.0,36.04,36.93
optionB_budget0.90_beta0.01_gamma1.00,carbonscaler_budget,ontario,35,0,82.0,35.69,47.035
optionB_budget0.90_beta0.01_gamma1.00,carbonscaler_budget,ontario,36,0,91.0,36.09,35.24583333333333
optionB_budget0.90_beta0.01_gamma1.00,carbonscaler_budget,ontario,37,0,96.0,35.58,18.120833333333334
optionB_budget0.90_beta0.01_gamma1.00,carbonscaler_budget,ontario,38,0,98.0,35.86,26.633333333333336
optionB_budget0.90_beta0.01_gamma1.00,carbonscaler_budget,ontario,39,0,100.0,40.39,30.180833333333336
optionB_budget0.90_beta0.01_gamma1.00,carbonscaler_budget,ontario,40,0,103.0,50.44,42.2925
optionB_budget0.90_beta0.01_gamma1.00,carbonscaler_budget,ontario,41,0,97.0,73.33,44.97
optionB_budget0.90_beta0.01_gamma1.00,carbonscaler_budget,ontario,42,0,90.0,94.93,84.375
optionB_budget0.90_beta0.01_gamma1.00,carbonscaler_budget,ontario,43,0,92.0,88.25,275.5933333333333
optionB_budget0.90_beta0.01_gamma1.00,carbonscaler_budget,ontario,44,0,105.0,72.52,122.33749999999999
optionB_budget0.90_beta0.01_gamma1.00,carbonscaler_budget,ontario,45,0,130.0,54.94,47.469166666666666
optionB_budget0.90_beta0.01_gamma1.00,carbonscaler_budget,ontario,46,0,136.0,43.61,39.211666666666666
optionB_budget0.90_beta0.01_gamma1.00,carbonscaler_budget,ontario,47,0,141.0,39.09,35.43083333333333
optionB_budget0.90_beta0.01_gamma1.00,carbonscaler_budget,ontario,48,0,148.0,49.12,37.15083333333333
optionB_budget0.90_beta0.01_gamma1.00,carbonscaler_budget,ontario,49,0,145.0,52.86,37.26083333333333
optionB_budget0.90_beta0.01_gamma1.00,carbonscaler_budget,ontario,50,0,140.0,50.51,38.05416666666667
optionB_budget0.90_beta0.01_gamma1.00,carbonscaler_budget,ontario,51,0,124.0,50.34,39.40333333333333
optionB_budget0.90_beta0.01_gamma1.00,carbonscaler_budget,ontario,52,0,122.0,46.79,47.62833333333333
optionB_budget0.90_beta0.01_gamma1.00,carbonscaler_budget,ontario,53,0,126.0,59.53,58.229166666666664
optionB_budget0.90_beta0.01_gamma1.00,carbonscaler_budget,ontario,54,0,129.0,105.91,50.64666666666667
optionB_budget0.90_beta0.01_gamma1.00,carbonscaler_budget,ontario,55,0,137.0,106.12,47.72416666666667
optionB_budget0.90_beta0.01_gamma1.00,carbonscaler_budget,ontario,56,0,143.0,61.53,48.03333333333333
optionB_budget0.90_beta0.01_gamma1.00,carbonscaler_budget,ontario,57,0,149.0,44.42,32.4175
optionB_budget0.90_beta0.01_gamma1.00,carbonscaler_budget,ontario,58,0,154.0,36.14,30.493333333333336
optionB_budget0.90_beta0.01_gamma1.00,carbonscaler_budget,ontario,59,0,154.0,35.47,30.366666666666664
optionB_budget0.90_beta0.01_gamma1.00,carbonscaler_budget,ontario,60,0,150.0,35.46,36.156666666666666
optionB_budget0.90_beta0.01_gamma1.00,carbonscaler_budget,ontario,61,0,147.0,27.61,37.915
optionB_budget0.90_beta0.01_gamma1.00,carbonscaler_budget,ontario,62,0,125.0,27.64,47.52583333333333
optionB_budget0.90_beta0.01_gamma1.00,carbonscaler_budget,ontario,63,0,112.0,35.58,49.13999999999999
optionB_budget0.90_beta0.01_gamma1.00,carbonscaler_budget,ontario,64,0,112.0,40.06,55.703333333333326
optionB_budget0.90_beta0.01_gamma1.00,carbonscaler_budget,ontario,65,0,118.0,54.54,59.62166666666667
optionB_budget0.90_beta0.01_gamma1.00,carbonscaler_budget,ontario,66,0,121.0,78.35,56.038333333333334
optionB_budget0.90_beta0.01_gamma1.00,carbonscaler_budget,ontario,67,0,125.0,63.47,70.19416666666667
optionB_budget0.90_beta0.01_gamma1.00,carbonscaler_budget,ontario,68,0,127.0,50.36,41.55166666666667
optionB_budget0.90_beta0.01_gamma1.00,carbonscaler_budget,ontario,69,0,135.0,37.17,37.35
optionB_budget0.90_beta0.01_gamma1.00,carbonscaler_budget,ontario,70,0,140.0,36.52,33.28666666666667
optionB_budget0.90_beta0.01_gamma1.00,carbonscaler_budget,ontario,71,0,141.0,36.17,34.604166666666664
optionB_budget0.90_beta0.01_gamma1.00,carbonscaler_budget,ontario,72,0,140.0,44.59,37.5325
optionB_budget0.90_beta0.01_gamma1.00,carbonscaler_budget,ontario,73,0,135.0,43.38,37.89083333333333
optionB_budget0.90_beta0.01_gamma1.00,carbonscaler_budget,ontario,74,0,131.0,37.79,36.09
optionB_budget0.90_beta0.01_gamma1.00,carbonscaler_budget,ontario,75,0,109.0,39.96,37.805
optionB_budget0.90_beta0.01_gamma1.00,carbonscaler_budget,ontario,76,0,112.0,39.81,38.26416666666667
optionB_budget0.90_beta0.01_gamma1.00,carbonscaler_budget,ontario,77,0,122.0,46.47,64.16166666666668
optionB_budget0.90_beta0.01_gamma1.00,carbonscaler_budget,ontario,78,0,120.0,65.6,129.94
optionB_budget0.90_beta0.01_gamma1.00,carbonscaler_budget,ontario,79,0,113.0,75.85,113.37166666666667
optionB_budget0.90_beta0.01_gamma1.00,carbonscaler_budget,ontario,80,0,119.0,63.62,202.23
optionB_budget0.90_beta0.01_gamma1.00,carbonscaler_budget,ontario,81,0,124.0,49.56,84.56916666666667
optionB_budget0.90_beta0.01_gamma1.00,carbonscaler_budget,ontario,82,0,139.0,43.01,43.4725
optionB_budget0.90_beta0.01_gamma1.00,carbonscaler_budget,ontario,83,0,144.0,41.35,36.63666666666666
optionB_budget0.90_beta0.01_gamma1.00,carbonscaler_budget,ontario,84,0,145.0,41.77,36.18333333333333
optionB_budget0.90_beta0.01_gamma1.00,carbonscaler_budget,ontario,85,0,144.0,38.31,41.73416666666667
optionB_budget0.90_beta0.01_gamma1.00,carbonscaler_budget,ontario,86,0,145.0,37.44,47.08166666666667
optionB_budget0.90_beta0.01_gamma1.00,carbonscaler_budget,ontario,87,0,138.0,38.3,38.05
optionB_budget0.90_beta0.01_gamma1.00,carbonscaler_budget,ontario,88,0,133.0,48.02,38.589999999999996
optionB_budget0.90_beta0.01_gamma1.00,carbonscaler_budget,ontario,89,0,124.0,60.28,38.622499999999995
optionB_budget0.90_beta0.01_gamma1.00,carbonscaler_budget,ontario,90,0,130.0,77.26,43.689166666666665
optionB_budget0.90_beta0.01_gamma1.00,carbonscaler_budget,ontario,91,0,132.0,71.28,42.440000000000005
optionB_budget0.90_beta0.01_gamma1.00,carbonscaler_budget,ontario,92,0,131.0,58.28,40.15083333333333
optionB_budget0.90_beta0.01_gamma1.00,carbonscaler_budget,ontario,93,0,130.0,43.69,43.84
optionB_budget0.90_beta0.01_gamma1.00,carbonscaler_budget,ontario,94,0,134.0,41.22,37.800000000000004
optionB_budget0.90_beta0.01_gamma1.00,carbonscaler_budget,ontario,95,0,135.0,39.86,35.3275
optionB_budget0.90_beta0.01_gamma1.00,carbonscaler_budget,ontario,96,0,137.0,44.42,25.348333333333333
optionB_budget0.90_beta0.01_gamma1.00,carbonscaler_budget,ontario,97,0,135.0,38.25,23.953333333333333
optionB_budget0.90_beta0.01_gamma1.00,carbonscaler_budget,ontario,98,0,138.0,36.09,14.425833333333332
optionB_budget0.90_beta0.01_gamma1.00,carbonscaler_budget,ontario,99,0,134.0,36.48,33.902499999999996
optionB_budget0.90_beta0.01_gamma1.00,carbonscaler_budget,ontario,100,0,123.0,33.49,20.290833333333335
optionB_budget0.90_beta0.01_gamma1.00,carbonscaler_budget,ontario,101,0,98.0,36.58,35.770833333333336
optionB_budget0.90_beta0.01_gamma1.00,carbonscaler_budget,ontario,102,0,86.0,43.16,39.869166666666665
optionB_budget0.90_beta0.01_gamma1.00,carbonscaler_budget,ontario,103,0,80.0,56.13,52.47416666666666
optionB_budget0.90_beta0.01_gamma1.00,carbonscaler_budget,ontario,104,0,86.0,47.7,234.91166666666666
optionB_budget0.90_beta0.01_gamma1.00,carbonscaler_budget,ontario,105,0,85.0,38.56,300.13166666666666
optionB_budget0.90_beta0.01_gamma1.00,carbonscaler_budget,ontario,106,0,100.0,38.34,65.23166666666667
optionB_budget0.90_beta0.01_gamma1.00,carbonscaler_budget,ontario,107,0,98.0,44.24,37.69166666666667
optionB_budget0.90_beta0.01_gamma1.00,carbonscaler_budget,ontario,108,0,107.0,40.02,37.711666666666666
optionB_budget0.90_beta0.01_gamma1.00,carbonscaler_budget,ontario,109,0,117.0,39.73,31.875
optionB_budget0.90_beta0.01_gamma1.00,carbonscaler_budget,ontario,110,0,121.0,45.08,31.05
optionB_budget0.90_beta0.01_gamma1.00,carbonscaler_budget,ontario,111,0,120.0,43.22,29.790833333333335
optionB_budget0.90_beta0.01_gamma1.00,carbonscaler_budget,ontario,112,0,113.0,50.91,36.05416666666667
optionB_budget0.90_beta0.01_gamma1.00,carbonscaler_budget,ontario,113,0,111.0,59.6,27.55
optionB_budget0.90_beta0.01_gamma1.00,carbonscaler_budget,ontario,114,0,109.0,68.96,35.61
optionB_budget0.90_beta0.01_gamma1.00,carbonscaler_budget,ontario,115,0,110.0,64.28,38.329166666666666
optionB_budget0.90_beta0.01_gamma1.00,carbonscaler_budget,ontario,116,0,102.0,54.21,36.972500000000004
optionB_budget0.90_beta0.01_gamma1.00,carbonscaler_budget,ontario,117,0,111.0,46.3,37.40333333333333
optionB_budget0.90_beta0.01_gamma1.00,carbonscaler_budget,ontario,118,0,99.0,43.91,30.51
optionB_budget0.90_beta0.01_gamma1.00,carbonscaler_budget,ontario,119,0,100.0,38.92,27.84
optionB_budget0.90_beta0.01_gamma1.00,carbonscaler_budget,ontario,120,0,107.0,44.41,38.76
optionB_budget0.90_beta0.01_gamma1.00,carbonscaler_budget,ontario,121,0,101.0,39.33,36.759166666666665
optionB_budget0.90_beta0.01_gamma1.00,carbonscaler_budget,ontario,122,0,101.0,37.31,34.015
optionB_budget0.90_beta0.01_gamma1.00,carbonscaler_budget,ontario,123,0,97.0,39.4,38.65083333333333
optionB_budget0.90_beta0.01_gamma1.00,carbonscaler_budget,ontario,124,0,93.0,40.41,38.821666666666665
optionB_budget0.90_beta0.01_gamma1.00,carbonscaler_budget,ontario,125,0,91.0,51.01,54.589999999999996
optionB_budget0.90_beta0.01_gamma1.00,carbonscaler_budget,ontario,126,0,89.0,51.96,41.85
optionB_budget0.90_beta0.01_gamma1.00,carbonscaler_budget,ontario,127,0,90.0,53.48,35.2025
optionB_budget0.90_beta0.01_gamma1.00,carbonscaler_budget,ontario,128,0,96.0,49.83,48.94583333333333
optionB_budget0.90_beta0.01_gamma1.00,carbonscaler_budget,ontario,129,0,98.0,40.82,48.16583333333333
optionB_budget0.90_beta0.01_gamma1.00,carbonscaler_budget,ontario,130,0,111.0,38.54,36.41416666666667
optionB_budget0.90_beta0.01_gamma1.00,carbonscaler_budget,ontario,131,0,106.0,36.65,38.08583333333333
optionB_budget0.90_beta0.01_gamma1.00,carbonscaler_budget,ontario,132,0,97.0,35.44,32.35166666666667
optionB_budget0.90_beta0.01_gamma1.00,carbonscaler_budget,ontario,133,0,109.0,35.23,26.764166666666668
optionB_budget0.90_beta0.01_gamma1.00,carbonscaler_budget,ontario,134,0,112.0,32.72,28.69333333333333
optionB_budget0.90_beta0.01_gamma1.00,carbonscaler_budget,ontario,135,0,107.0,37.23,34.07666666666667
optionB_budget0.90_beta0.01_gamma1.00,carbonscaler_budget,ontario,136,0,102.0,41.69,43.39333333333334
optionB_budget0.90_beta0.01_gamma1.00,carbonscaler_budget,ontario,137,0,97.0,49.09,36.2775
optionB_budget0.90_beta0.01_gamma1.00,carbonscaler_budget,ontario,138,0,89.0,57.12,26.605833333333333
optionB_budget0.90_beta0.01_gamma1.00,carbonscaler_budget,ontario,139,0,89.0,51.5,26.763333333333335
optionB_budget0.90_beta0.01_gamma1.00,carbonscaler_budget,ontario,140,0,89.0,43.25,35.38666666666667
optionB_budget0.90_beta0.01_gamma1.00,carbonscaler_budget,ontario,141,0,93.0,40.56,36.7025
optionB_budget0.90_beta0.01_gamma1.00,carbonscaler_budget,ontario,142,0,86.0,39.39,37.56166666666667
optionB_budget0.90_beta0.01_gamma1.00,carbonscaler_budget,ontario,143,0,78.0,36.15,37.413333333333334
optionB_budget0.90_beta0.01_gamma1.00,carbonscaler_budget,ontario,144,0,74.0,34.73,34.03416666666667
optionB_budget0.90_beta0.01_gamma1.00,carbonscaler_budget,ontario,145,0,75.0,35.29,28.84
optionB_budget0.90_beta0.01_gamma1.00,carbonscaler_budget,ontario,146,0,81.0,34.14,25.500833333333333
optionB_budget0.90_beta0.01_gamma1.00,carbonscaler_budget,ontario,147,0,88.0,34.63,17.543333333333333
optionB_budget0.90_beta0.01_gamma1.00,carbonscaler_budget,ontario,148,0,85.0,34.86,32.51083333333333
optionB_budget0.90_beta0.01_gamma1.00,carbonscaler_budget,ontario,149,0,75.0,36.64,32.517500000000005
optionB_budget0.90_beta0.01_gamma1.00,carbonscaler_budget,ontario,150,0,62.0,37.94,37.737500000000004
optionB_budget0.90_beta0.01_gamma1.00,carbonscaler_budget,ontario,151,0,61.0,45.46,45.17249999999999
optionB_budget0.90_beta0.01_gamma1.00,carbonscaler_budget,ontario,152,0,63.0,45.88,32.65416666666667
optionB_budget0.90_beta0.01_gamma1.00,carbonscaler_budget,ontario,153,0,68.0,49.25,32.468333333333334
optionB_budget0.90_beta0.01_gamma1.00,carbonscaler_budget,ontario,154,0,70.0,49.13,59.362500000000004
optionB_budget0.90_beta0.01_gamma1.00,carbonscaler_budget,ontario,155,0,74.0,41.47,47.10333333333333
optionB_budget0.90_beta0.01_gamma1.00,carbonscaler_budget,ontario,156,0,84.0,38.62,33.2075
optionB_budget0.90_beta0.01_gamma1.00,carbonscaler_budget,ontario,157,0,77.0,37.08,20.526666666666667
optionB_budget0.90_beta0.01_gamma1.00,carbonscaler_budget,ontario,158,0,71.0,36.15,22.862499999999997
optionB_budget0.90_beta0.01_gamma1.00,carbonscaler_budget,ontario,159,0,79.0,35.85,27.621666666666666
optionB_budget0.90_beta0.01_gamma1.00,carbonscaler_budget,ontario,160,0,86.0,36.64,37.75083333333333
optionB_budget0.90_beta0.01_gamma1.00,carbonscaler_budget,ontario,161,0,77.0,45.69,38.839999999999996
optionB_budget0.90_beta0.01_gamma1.00,carbonscaler_budget,ontario,162,0,71.0,53.03,36.770833333333336
optionB_budget0.90_beta0.01_gamma1.00,carbonscaler_budget,ontario,163,0,72.0,50.95,38.96
optionB_budget0.90_beta0.01_gamma1.00,carbonscaler_budget,ontario,164,0,78.0,46.81,33.8875
optionB_budget0.90_beta0.01_gamma1.00,carbonscaler_budget,ontario,165,0,86.0,39.8,31.951666666666668
optionB_budget0.90_beta0.01_gamma1.00,carbonscaler_budget,ontario,166,0,93.0,38.09,30.215000000000003
optionB_budget0.90_beta0.01_gamma1.00,carbonscaler_budget,ontario,167,0,93.0,38.22,23.973333333333333
optionC_lambda0.50,carbonscaler_weighted,ontario,0,2,50.0,14.46,37.281666666666666
optionC_lambda0.50,carbonscaler_weighted,ontario,1,2,49.0,14.91,33.41166666666667
optionC_lambda0.50,carbonscaler_weighted,ontario,2,2,45.0,14.65,31.3
optionC_lambda0.50,carbonscaler_weighted,ontario,3,2,44.0,14.93,34.589166666666664
optionC_lambda0.50,carbonscaler_weighted,ontario,4,2,38.0,19.54,38.32666666666667
optionC_lambda0.50,carbonscaler_weighted,ontario,5,2,39.0,26.39,31.050833333333333
optionC_lambda0.50,carbonscaler_weighted,ontario,6,2,39.0,28.77,29.55333333333333
optionC_lambda0.50,carbonscaler_weighted,ontario,7,0,39.0,43.28,33.685833333333335
optionC_lambda0.50,carbonscaler_weighted,ontario,8,0,44.0,39.76,29.5
optionC_lambda0.50,carbonscaler_weighted,ontario,9,1,49.0,35.49,40.14
optionC_lambda0.50,carbonscaler_weighted,ontario,10,2,52.0,32.62,48.08416666666667
optionC_lambda0.50,carbonscaler_weighted,ontario,11,0,52.0,35.96,50.5425
optionC_lambda0.50,carbonscaler_weighted,ontario,12,0,54.0,36.16,41.22666666666667
optionC_lambda0.50,carbonscaler_weighted,ontario,13,1,50.0,35.78,31.642500000000002
optionC_lambda0.50,carbonscaler_weighted,ontario,14,0,56.0,35.83,33.13916666666666
optionC_lambda0.50,carbonscaler_weighted,ontario,15,0,61.0,37.72,40.01583333333333
optionC_lambda0.50,carbonscaler_weighted,ontario,16,0,64.0,37.85,50.650000000000006
optionC_lambda0.50,carbonscaler_weighted,ontario,17,0,62.0,51.72,37.6775
optionC_lambda0.50,carbonscaler_weighted,ontario,18,0,54.0,55.55,37.67250000000001
optionC_lambda0.50,carbonscaler_weighted,ontario,19,0,55.0,53.78,37.278333333333336
optionC_lambda0.50,carbonscaler_weighted,ontario,20,0,59.0,41.04,41.968333333333334
optionC_lambda0.50,carbonscaler_weighted,ontario,21,0,74.0,32.67,26.171666666666667
optionC_lambda0.50,carbonscaler_weighted,ontario,22,0,72.0,35.35,25.061666666666667
optionC_lambda0.50,carbonscaler_weighted,ontario,23,1,71.0,26.53,23.230833333333333
optionC_lambda0.50,carbonscaler_weighted,ontario,24,0,70.0,29.7,14.858333333333334
optionC_lambda0.50,carbonscaler_weighted,ontario,25,1,69.0,25.77,17.010833333333334
optionC_lambda0.50,carbonscaler_weighted,ontario,26,2,62.0,27.41,17.040833333333335
optionC_lambda0.50,carbonscaler_weighted,ontario,27,1,60.0,30.78,17.525833333333335
optionC_lambda0.50,carbonscaler_weighted,ontario,28,2,50.0,28.77,16.649166666666666
optionC_lambda0.50,carbonscaler_weighted,ontario,29,1,49.0,35.98,12.450833333333334
optionC_lambda0.50,carbonscaler_weighted,ontario,30,0,50.0,50.81,29.266666666666666
optionC_lambda0.50,carbonscaler_weighted,ontario,31,0,51.0,59.4,35.785833333333336
optionC_lambda0.50,carbonscaler_weighted,ontario,32,0,56.0,51.35,46.8225
optionC_lambda0.50,carbonscaler_weighted,ontario,33,0,67.0,43.09,40.39
optionC_lambda0.50,carbonscaler_weighted,ontario,34,0,76.0,36.04,36.93
optionC_lambda0.50,carbonscaler_weighted,ontario,35,0,82.0,35.69,47.035
optionC_lambda0.50,carbonscaler_weighted,ontario,36,0,91.0,36.09,35.24583333333333
optionC_lambda0.50,carbonscaler_weighted,ontario,37,0,96.0,35.58,18.120833333333334
optionC_lambda0.50,carbonscaler_weighted,ontario,38,0,98.0,35.86,26.633333333333336
optionC_lambda0.50,carbonscaler_weighted,ontario,39,0,100.0,40.39,30.180833333333336
optionC_lambda0.50,carbonscaler_weighted,ontario,40,0,103.0,50.44,42.2925
optionC_lambda0.50,carbonscaler_weighted,ontario,41,0,97.0,73.33,44.97
optionC_lambda0.50,carbonscaler_weighted,ontario,42,0,90.0,94.93,84.375
optionC_lambda0.50,carbonscaler_weighted,ontario,43,0,92.0,88.25,275.5933333333333
optionC_lambda0.50,carbonscaler_weighted,ontario,44,0,105.0,72.52,122.33749999999999
optionC_lambda0.50,carbonscaler_weighted,ontario,45,0,130.0,54.94,47.469166666666666
optionC_lambda0.50,carbonscaler_weighted,ontario,46,0,136.0,43.61,39.211666666666666
optionC_lambda0.50,carbonscaler_weighted,ontario,47,0,141.0,39.09,35.43083333333333
optionC_lambda0.50,carbonscaler_weighted,ontario,48,0,148.0,49.12,37.15083333333333
optionC_lambda0.50,carbonscaler_weighted,ontario,49,0,145.0,52.86,37.26083333333333
optionC_lambda0.50,carbonscaler_weighted,ontario,50,0,140.0,50.51,38.05416666666667
optionC_lambda0.50,carbonscaler_weighted,ontario,51,0,124.0,50.34,39.40333333333333
optionC_lambda0.50,carbonscaler_weighted,ontario,52,0,122.0,46.79,47.62833333333333
optionC_lambda0.50,carbonscaler_weighted,ontario,53,0,126.0,59.53,58.229166666666664
optionC_lambda0.50,carbonscaler_weighted,ontario,54,0,129.0,105.91,50.64666666666667
optionC_lambda0.50,carbonscaler_weighted,ontario,55,0,137.0,106.12,47.72416666666667
optionC_lambda0.50,carbonscaler_weighted,ontario,56,0,143.0,61.53,48.03333333333333
optionC_lambda0.50,carbonscaler_weighted,ontario,57,0,149.0,44.42,32.4175
optionC_lambda0.50,carbonscaler_weighted,ontario,58,0,154.0,36.14,30.493333333333336
optionC_lambda0.50,carbonscaler_weighted,ontario,59,0,154.0,35.47,30.366666666666664
optionC_lambda0.50,carbonscaler_weighted,ontario,60,0,150.0,35.46,36.156666666666666
optionC_lambda0.50,carbonscaler_weighted,ontario,61,0,147.0,27.61,37.915
optionC_lambda0.50,carbonscaler_weighted,ontario,62,0,125.0,27.64,47.52583333333333
optionC_lambda0.50,carbonscaler_weighted,ontario,63,0,112.0,35.58,49.13999999999999
optionC_lambda0.50,carbonscaler_weighted,ontario,64,0,112.0,40.06,55.703333333333326
optionC_lambda0.50,carbonscaler_weighted,ontario,65,0,118.0,54.54,59.62166666666667
optionC_lambda0.50,carbonscaler_weighted,ontario,66,0,121.0,78.35,56.038333333333334
optionC_lambda0.50,carbonscaler_weighted,ontario,67,0,125.0,63.47,70.19416666666667
optionC_lambda0.50,carbonscaler_weighted,ontario,68,0,127.0,50.36,41.55166666666667
optionC_lambda0.50,carbonscaler_weighted,ontario,69,0,135.0,37.17,37.35
optionC_lambda0.50,carbonscaler_weighted,ontario,70,0,140.0,36.52,33.28666666666667
optionC_lambda0.50,carbonscaler_weighted,ontario,71,0,141.0,36.17,34.604166666666664
optionC_lambda0.50,carbonscaler_weighted,ontario,72,0,140.0,44.59,37.5325
optionC_lambda0.50,carbonscaler_weighted,ontario,73,0,135.0,43.38,37.89083333333333
optionC_lambda0.50,carbonscaler_weighted,ontario,74,0,131.0,37.79,36.09
optionC_lambda0.50,carbonscaler_weighted,ontario,75,0,109.0,39.96,37.805
optionC_lambda0.50,carbonscaler_weighted,ontario,76,0,112.0,39.81,38.26416666666667
optionC_lambda0.50,carbonscaler_weighted,ontario,77,0,122.0,46.47,64.16166666666668
optionC_lambda0.50,carbonscaler_weighted,ontario,78,0,120.0,65.6,129.94
optionC_lambda0.50,carbonscaler_weighted,ontario,79,0,113.0,75.85,113.37166666666667
optionC_lambda0.50,carbonscaler_weighted,ontario,80,0,119.0,63.62,202.23
optionC_lambda0.50,carbonscaler_weighted,ontario,81,0,124.0,49.56,84.56916666666667
optionC_lambda0.50,carbonscaler_weighted,ontario,82,0,139.0,43.01,43.4725
optionC_lambda0.50,carbonscaler_weighted,ontario,83,0,144.0,41.35,36.63666666666666
optionC_lambda0.50,carbonscaler_weighted,ontario,84,0,145.0,41.77,36.18333333333333
optionC_lambda0.50,carbonscaler_weighted,ontario,85,0,144.0,38.31,41.73416666666667
optionC_lambda0.50,carbonscaler_weighted,ontario,86,0,145.0,37.44,47.08166666666667
optionC_lambda0.50,carbonscaler_weighted,ontario,87,0,138.0,38.3,38.05
optionC_lambda0.50,carbonscaler_weighted,ontario,88,0,133.0,48.02,38.589999999999996
optionC_lambda0.50,carbonscaler_weighted,ontario,89,0,124.0,60.28,38.622499999999995
optionC_lambda0.50,carbonscaler_weighted,ontario,90,0,130.0,77.26,43.689166666666665
optionC_lambda0.50,carbonscaler_weighted,ontario,91,0,132.0,71.28,42.440000000000005
optionC_lambda0.50,carbonscaler_weighted,ontario,92,0,131.0,58.28,40.15083333333333
optionC_lambda0.50,carbonscaler_weighted,ontario,93,0,130.0,43.69,43.84
optionC_lambda0.50,carbonscaler_weighted,ontario,94,0,134.0,41.22,37.800000000000004
optionC_lambda0.50,carbonscaler_weighted,ontario,95,0,135.0,39.86,35.3275
optionC_lambda0.50,carbonscaler_weighted,ontario,96,0,137.0,44.42,25.348333333333333
optionC_lambda0.50,carbonscaler_weighted,ontario,97,0,135.0,38.25,23.953333333333333
optionC_lambda0.50,carbonscaler_weighted,ontario,98,0,138.0,36.09,14.425833333333332
optionC_lambda0.50,carbonscaler_weighted,ontario,99,0,134.0,36.48,33.902499999999996
optionC_lambda0.50,carbonscaler_weighted,ontario,100,0,123.0,33.49,20.290833333333335
optionC_lambda0.50,carbonscaler_weighted,ontario,101,0,98.0,36.58,35.770833333333336
optionC_lambda0.50,carbonscaler_weighted,ontario,102,0,86.0,43.16,39.869166666666665
optionC_lambda0.50,carbonscaler_weighted,ontario,103,0,80.0,56.13,52.47416666666666
optionC_lambda0.50,carbonscaler_weighted,ontario,104,0,86.0,47.7,234.91166666666666
optionC_lambda0.50,carbonscaler_weighted,ontario,105,0,85.0,38.56,300.13166666666666
optionC_lambda0.50,carbonscaler_weighted,ontario,106,0,100.0,38.34,65.23166666666667
optionC_lambda0.50,carbonscaler_weighted,ontario,107,0,98.0,44.24,37.69166666666667
optionC_lambda0.50,carbonscaler_weighted,ontario,108,0,107.0,40.02,37.711666666666666
optionC_lambda0.50,carbonscaler_weighted,ontario,109,0,117.0,39.73,31.875
optionC_lambda0.50,carbonscaler_weighted,ontario,110,0,121.0,45.08,31.05
optionC_lambda0.50,carbonscaler_weighted,ontario,111,0,120.0,43.22,29.790833333333335
optionC_lambda0.50,carbonscaler_weighted,ontario,112,0,113.0,50.91,36.05416666666667
optionC_lambda0.50,carbonscaler_weighted,ontario,113,0,111.0,59.6,27.55
optionC_lambda0.50,carbonscaler_weighted,ontario,114,0,109.0,68.96,35.61
optionC_lambda0.50,carbonscaler_weighted,ontario,115,0,110.0,64.28,38.329166666666666
optionC_lambda0.50,carbonscaler_weighted,ontario,116,0,102.0,54.21,36.972500000000004
optionC_lambda0.50,carbonscaler_weighted,ontario,117,0,111.0,46.3,37.40333333333333
optionC_lambda0.50,carbonscaler_weighted,ontario,118,0,99.0,43.91,30.51
optionC_lambda0.50,carbonscaler_weighted,ontario,119,0,100.0,38.92,27.84
optionC_lambda0.50,carbonscaler_weighted,ontario,120,0,107.0,44.41,38.76
optionC_lambda0.50,carbonscaler_weighted,ontario,121,0,101.0,39.33,36.759166666666665
optionC_lambda0.50,carbonscaler_weighted,ontario,122,0,101.0,37.31,34.015
optionC_lambda0.50,carbonscaler_weighted,ontario,123,0,97.0,39.4,38.65083333333333
optionC_lambda0.50,carbonscaler_weighted,ontario,124,0,93.0,40.41,38.821666666666665
optionC_lambda0.50,carbonscaler_weighted,ontario,125,0,91.0,51.01,54.589999999999996
optionC_lambda0.50,carbonscaler_weighted,ontario,126,0,89.0,51.96,41.85
optionC_lambda0.50,carbonscaler_weighted,ontario,127,0,90.0,53.48,35.2025
optionC_lambda0.50,carbonscaler_weighted,ontario,128,0,96.0,49.83,48.94583333333333
optionC_lambda0.50,carbonscaler_weighted,ontario,129,0,98.0,40.82,48.16583333333333
optionC_lambda0.50,carbonscaler_weighted,ontario,130,0,111.0,38.54,36.41416666666667
optionC_lambda0.50,carbonscaler_weighted,ontario,131,0,106.0,36.65,38.08583333333333
optionC_lambda0.50,carbonscaler_weighted,ontario,132,0,97.0,35.44,32.35166666666667
optionC_lambda0.50,carbonscaler_weighted,ontario,133,0,109.0,35.23,26.764166666666668
optionC_lambda0.50,carbonscaler_weighted,ontario,134,0,112.0,32.72,28.69333333333333
optionC_lambda0.50,carbonscaler_weighted,ontario,135,0,107.0,37.23,34.07666666666667
optionC_lambda0.50,carbonscaler_weighted,ontario,136,0,102.0,41.69,43.39333333333334
optionC_lambda0.50,carbonscaler_weighted,ontario,137,0,97.0,49.09,36.2775
optionC_lambda0.50,carbonscaler_weighted,ontario,138,0,89.0,57.12,26.605833333333333
optionC_lambda0.50,carbonscaler_weighted,ontario,139,0,89.0,51.5,26.763333333333335
optionC_lambda0.50,carbonscaler_weighted,ontario,140,0,89.0,43.25,35.38666666666667
optionC_lambda0.50,carbonscaler_weighted,ontario,141,0,93.0,40.56,36.7025
optionC_lambda0.50,carbonscaler_weighted,ontario,142,0,86.0,39.39,37.56166666666667
optionC_lambda0.50,carbonscaler_weighted,ontario,143,0,78.0,36.15,37.413333333333334
optionC_lambda0.50,carbonscaler_weighted,ontario,144,0,74.0,34.73,34.03416666666667
optionC_lambda0.50,carbonscaler_weighted,ontario,145,0,75.0,35.29,28.84
optionC_lambda0.50,carbonscaler_weighted,ontario,146,0,81.0,34.14,25.500833333333333
optionC_lambda0.50,carbonscaler_weighted,ontario,147,0,88.0,34.63,17.543333333333333
optionC_lambda0.50,carbonscaler_weighted,ontario,148,0,85.0,34.86,32.51083333333333
optionC_lambda0.50,carbonscaler_weighted,ontario,149,0,75.0,36.64,32.517500000000005
optionC_lambda0.50,carbonscaler_weighted,ontario,150,0,62.0,37.94,37.737500000000004
optionC_lambda0.50,carbonscaler_weighted,ontario,151,0,61.0,45.46,45.17249999999999
optionC_lambda0.50,carbonscaler_weighted,ontario,152,0,63.0,45.88,32.65416666666667
optionC_lambda0.50,carbonscaler_weighted,ontario,153,0,68.0,49.25,32.468333333333334
optionC_lambda0.50,carbonscaler_weighted,ontario,154,0,70.0,49.13,59.362500000000004
optionC_lambda0.50,carbonscaler_weighted,ontario,155,0,74.0,41.47,47.10333333333333
optionC_lambda0.50,carbonscaler_weighted,ontario,156,0,84.0,38.62,33.2075
optionC_lambda0.50,carbonscaler_weighted,ontario,157,0,77.0,37.08,20.526666666666667
optionC_lambda0.50,carbonscaler_weighted,ontario,158,0,71.0,36.15,22.862499999999997
optionC_lambda0.50,carbonscaler_weighted,ontario,159,0,79.0,35.85,27.621666666666666
optionC_lambda0.50,carbonscaler_weighted,ontario,160,0,86.0,36.64,37.75083333333333
optionC_lambda0.50,carbonscaler_weighted,ontario,161,0,77.0,45.69,38.839999999999996
optionC_lambda0.50,carbonscaler_weighted,ontario,162,0,71.0,53.03,36.770833333333336
optionC_lambda0.50,carbonscaler_weighted,ontario,163,0,72.0,50.95,38.96
optionC_lambda0.50,carbonscaler_weighted,ontario,164,0,78.0,46.81,33.8875
optionC_lambda0.50,carbonscaler_weighted,ontario,165,0,86.0,39.8,31.951666666666668
optionC_lambda0.50,carbonscaler_weighted,ontario,166,0,93.0,38.09,30.215000000000003
optionC_lambda0.50,carbonscaler_weighted,ontario,167,0,93.0,38.22,23.973333333333333
optionC_lambda0.60,carbonscaler_weighted,ontario,0,2,50.0,14.46,37.281666666666666
optionC_lambda0.60,carbonscaler_weighted,ontario,1,2,49.0,14.91,33.41166666666667
optionC_lambda0.60,carbonscaler_weighted,ontario,2,2,45.0,14.65,31.3
optionC_lambda0.60,carbonscaler_weighted,ontario,3,2,44.0,14.93,34.589166666666664
optionC_lambda0.60,carbonscaler_weighted,ontario,4,2,38.0,19.54,38.32666666666667
optionC_lambda0.60,carbonscaler_weighted,ontario,5,2,39.0,26.39,31.050833333333333
optionC_lambda0.60,carbonscaler_weighted,ontario,6,2,39.0,28.77,29.55333333333333
optionC_lambda0.60,carbonscaler_weighted,ontario,7,1,39.0,43.28,33.685833333333335
optionC_lambda0.60,carbonscaler_weighted,ontario,8,1,44.0,39.76,29.5
optionC_lambda0.60,carbonscaler_weighted,ontario,9,1,49.0,35.49,40.14
optionC_lambda0.60,carbonscaler_weighted,ontario,10,2,52.0,32.62,48.08416666666667
optionC_lambda0.60,carbonscaler_weighted,ontario,11,1,52.0,35.96,50.5425
optionC_lambda0.60,carbonscaler_weighted,ontario,12,0,54.0,36.16,41.22666666666667
optionC_lambda0.60,carbonscaler_weighted,ontario,13,1,50.0,35.78,31.642500000000002
optionC_lambda0.60,carbonscaler_weighted,ontario,14,0,56.0,35.83,33.13916666666666
optionC_lambda0.60,carbonscaler_weighted,ontario,15,0,61.0,37.72,40.01583333333333
optionC_lambda0.60,carbonscaler_weighted,ontario,16,0,64.0,37.85,50.650000000000006
optionC_lambda0.60,carbonscaler_weighted,ontario,17,0,62.0,51.72,37.6775
optionC_lambda0.60,carbonscaler_weighted,ontario,18,0,54.0,55.55,37.67250000000001
optionC_lambda0.60,carbonscaler_weighted,ontario,19,0,55.0,53.78,37.278333333333336
optionC_lambda0.60,carbonscaler_weighted,ontario,20,0,59.0,41.04,41.968333333333334
optionC_lambda0.60,carbonscaler_weighted,ontario,21,0,74.0,32.67,26.171666666666667
optionC_lambda0.60,carbonscaler_weighted,ontario,22,0,72.0,35.35,25.061666666666667
optionC_lambda0.60,carbonscaler_weighted,ontario,23,0,71.0,26.53,23.230833333333333
optionC_lambda0.60,carbonscaler_weighted,ontario,24,0,70.0,29.7,14.858333333333334
optionC_lambda0.60,carbonscaler_weighted,ontario,25,0,69.0,25.77,17.010833333333334
optionC_lambda0.60,carbonscaler_weighted,ontario,26,1,62.0,27.41,17.040833333333335
optionC_lambda0.60,carbonscaler_weighted,ontario,27,1,60.0,30.78,17.525833333333335
optionC_lambda0.60,carbonscaler_weighted,ontario,28,2,50.0,28.77,16.649166666666666
optionC_lambda0.60,carbonscaler_weighted,ontario,29,1,49.0,35.98,12.450833333333334
optionC_lambda0.60,carbonscaler_weighted,ontario,30,0,50.0,50.81,29.266666666666666
optionC_lambda0.60,carbonscaler_weighted,ontario,31,0,51.0,59.4,35.785833333333336
optionC_lambda0.60,carbonscaler_weighted,ontario,32,0,56.0,51.35,46.8225
optionC_lambda0.60,carbonscaler_weighted,ontario,33,0,67.0,43.09,40.39
optionC_lambda0.60,carbonscaler_weighted,ontario,34,0,76.0,36.04,36.93
optionC_lambda0.60,carbonscaler_weighted,ontario,35,0,82.0,35.69,47.035
optionC_lambda0.60,carbonscaler_weighted,ontario,36,0,91.0,36.09,35.24583333333333
optionC_lambda0.60,carbonscaler_weighted,ontario,37,0,96.0,35.58,18.120833333333334
optionC_lambda0.60,carbonscaler_weighted,ontario,38,0,98.0,35.86,26.633333333333336
optionC_lambda0.60,carbonscaler_weighted,ontario,39,0,100.0,40.39,30.180833333333336
optionC_lambda0.60,carbonscaler_weighted,ontario,40,0,103.0,50.44,42.2925
optionC_lambda0.60,carbonscaler_weighted,ontario,41,0,97.0,73.33,44.97
optionC_lambda0.60,carbonscaler_weighted,ontario,42,0,90.0,94.93,84.375
optionC_lambda0.60,carbonscaler_weighted,ontario,43,0,92.0,88.25,275.5933333333333
optionC_lambda0.60,carbonscaler_weighted,ontario,44,0,105.0,72.52,122.33749999999999
optionC_lambda0.60,carbonscaler_weighted,ontario,45,0,130.0,54.94,47.469166666666666
optionC_lambda0.60,carbonscaler_weighted,ontario,46,0,136.0,43.61,39.211666666666666
optionC_lambda0.60,carbonscaler_weighted,ontario,47,0,141.0,39.09,35.43083333333333
optionC_lambda0.60,carbonscaler_weighted,ontario,48,0,148.0,49.12,37.15083333333333
optionC_lambda0.60,carbonscaler_weighted,ontario,49,0,145.0,52.86,37.26083333333333
optionC_lambda0.60,carbonscaler_weighted,ontario,50,0,140.0,50.51,38.05416666666667
optionC_lambda0.60,carbonscaler_weighted,ontario,51,0,124.0,50.34,39.40333333333333
optionC_lambda0.60,carbonscaler_weighted,ontario,52,0,122.0,46.79,47.62833333333333
optionC_lambda0.60,carbonscaler_weighted,ontario,53,0,126.0,59.53,58.229166666666664
optionC_lambda0.60,carbonscaler_weighted,ontario,54,0,129.0,105.91,50.64666666666667
optionC_lambda0.60,carbonscaler_weighted,ontario,55,0,137.0,106.12,47.72416666666667
optionC_lambda0.60,carbonscaler_weighted,ontario,56,0,143.0,61.53,48.03333333333333
optionC_lambda0.60,carbonscaler_weighted,ontario,57,0,149.0,44.42,32.4175
optionC_lambda0.60,carbonscaler_weighted,ontario,58,0,154.0,36.14,30.493333333333336
optionC_lambda0.60,carbonscaler_weighted,ontario,59,0,154.0,35.47,30.366666666666664
optionC_lambda0.60,carbonscaler_weighted,ontario,60,0,150.0,35.46,36.156666666666666
optionC_lambda0.60,carbonscaler_weighted,ontario,61,0,147.0,27.61,37.915
optionC_lambda0.60,carbonscaler_weighted,ontario,62,0,125.0,27.64,47.52583333333333
optionC_lambda0.60,carbonscaler_weighted,ontario,63,0,112.0,35.58,49.13999999999999
optionC_lambda0.60,carbonscaler_weighted,ontario,64,0,112.0,40.06,55.703333333333326
optionC_lambda0.60,carbonscaler_weighted,ontario,65,0,118.0,54.54,59.62166666666667
optionC_lambda0.60,carbonscaler_weighted,ontario,66,0,121.0,78.35,56.038333333333334
optionC_lambda0.60,carbonscaler_weighted,ontario,67,0,125.0,63.47,70.19416666666667
optionC_lambda0.60,carbonscaler_weighted,ontario,68,0,127.0,50.36,41.55166666666667
optionC_lambda0.60,carbonscaler_weighted,ontario,69,0,135.0,37.17,37.35
optionC_lambda0.60,carbonscaler_weighted,ontario,70,0,140.0,36.52,33.28666666666667
optionC_lambda0.60,carbonscaler_weighted,ontario,71,0,141.0,36.17,34.604166666666664
optionC_lambda0.60,carbonscaler_weighted,ontario,72,0,140.0,44.59,37.5325
optionC_lambda0.60,carbonscaler_weighted,ontario,73,0,135.0,43.38,37.89083333333333
optionC_lambda0.60,carbonscaler_weighted,ontario,74,0,131.0,37.79,36.09
optionC_lambda0.60,carbonscaler_weighted,ontario,75,0,109.0,39.96,37.805
optionC_lambda0.60,carbonscaler_weighted,ontario,76,0,112.0,39.81,38.26416666666667
optionC_lambda0.60,carbonscaler_weighted,ontario,77,0,122.0,46.47,64.16166666666668
optionC_lambda0.60,carbonscaler_weighted,ontario,78,0,120.0,65.6,129.94
optionC_lambda0.60,carbonscaler_weighted,ontario,79,0,113.0,75.85,113.37166666666667
optionC_lambda0.60,carbonscaler_weighted,ontario,80,0,119.0,63.62,202.23
optionC_lambda0.60,carbonscaler_weighted,ontario,81,0,124.0,49.56,84.56916666666667
optionC_lambda0.60,carbonscaler_weighted,ontario,82,0,139.0,43.01,43.4725
optionC_lambda0.60,carbonscaler_weighted,ontario,83,0,144.0,41.35,36.63666666666666
optionC_lambda0.60,carbonscaler_weighted,ontario,84,0,145.0,41.77,36.18333333333333
optionC_lambda0.60,carbonscaler_weighted,ontario,85,0,144.0,38.31,41.73416666666667
optionC_lambda0.60,carbonscaler_weighted,ontario,86,0,145.0,37.44,47.08166666666667
optionC_lambda0.60,carbonscaler_weighted,ontario,87,0,138.0,38.3,38.05
optionC_lambda0.60,carbonscaler_weighted,ontario,88,0,133.0,48.02,38.589999999999996
optionC_lambda0.60,carbonscaler_weighted,ontario,89,0,124.0,60.28,38.622499999999995
optionC_lambda0.60,carbonscaler_weighted,ontario,90,0,130.0,77.26,43.689166666666665
optionC_lambda0.60,carbonscaler_weighted,ontario,91,0,132.0,71.28,42.440000000000005
optionC_lambda0.60,carbonscaler_weighted,ontario,92,0,131.0,58.28,40.15083333333333
optionC_lambda0.60,carbonscaler_weighted,ontario,93,0,130.0,43.69,43.84
optionC_lambda0.60,carbonscaler_weighted,ontario,94,0,134.0,41.22,37.800000000000004
optionC_lambda0.60,carbonscaler_weighted,ontario,95,0,135.0,39.86,35.3275
optionC_lambda0.60,carbonscaler_weighted,ontario,96,0,137.0,44.42,25.348333333333333
optionC_lambda0.60,carbonscaler_weighted,ontario,97,0,135.0,38.25,23.953333333333333
optionC_lambda0.60,carbonscaler_weighted,ontario,98,0,138.0,36.09,14.425833333333332
optionC_lambda0.60,carbonscaler_weighted,ontario,99,0,134.0,36.48,33.902499999999996
optionC_lambda0.60,carbonscaler_weighted,ontario,100,0,123.0,33.49,20.290833333333335
optionC_lambda0.60,carbonscaler_weighted,ontario,101,0,98.0,36.58,35.770833333333336
optionC_lambda0.60,carbonscaler_weighted,ontario,102,0,86.0,43.16,39.869166666666665
optionC_lambda0.60,carbonscaler_weighted,ontario,103,0,80.0,56.13,52.47416666666666
optionC_lambda0.60,carbonscaler_weighted,ontario,104,0,86.0,47.7,234.91166666666666
optionC_lambda0.60,carbonscaler_weighted,ontario,105,0,85.0,38.56,300.13166666666666
optionC_lambda0.60,carbonscaler_weighted,ontario,106,0,100.0,38.34,65.23166666666667
optionC_lambda0.60,carbonscaler_weighted,ontario,107,0,98.0,44.24,37.69166666666667
optionC_lambda0.60,carbonscaler_weighted,ontario,108,0,107.0,40.02,37.711666666666666
optionC_lambda0.60,carbonscaler_weighted,ontario,109,0,117.0,39.73,31.875
optionC_lambda0.60,carbonscaler_weighted,ontario,110,0,121.0,45.08,31.05
optionC_lambda0.60,carbonscaler_weighted,ontario,111,0,120.0,43.22,29.790833333333335
optionC_lambda0.60,carbonscaler_weighted,ontario,112,0,113.0,50.91,36.05416666666667
optionC_lambda0.60,carbonscaler_weighted,ontario,113,0,111.0,59.6,27.55
optionC_lambda0.60,carbonscaler_weighted,ontario,114,0,109.0,68.96,35.61
optionC_lambda0.60,carbonscaler_weighted,ontario,115,0,110.0,64.28,38.329166666666666
optionC_lambda0.60,carbonscaler_weighted,ontario,116,0,102.0,54.21,36.972500000000004
optionC_lambda0.60,carbonscaler_weighted,ontario,117,0,111.0,46.3,37.40333333333333
optionC_lambda0.60,carbonscaler_weighted,ontario,118,0,99.0,43.91,30.51
optionC_lambda0.60,carbonscaler_weighted,ontario,119,0,100.0,38.92,27.84
optionC_lambda0.60,carbonscaler_weighted,ontario,120,0,107.0,44.41,38.76
optionC_lambda0.60,carbonscaler_weighted,ontario,121,0,101.0,39.33,36.759166666666665
optionC_lambda0.60,carbonscaler_weighted,ontario,122,0,101.0,37.31,34.015
optionC_lambda0.60,carbonscaler_weighted,ontario,123,0,97.0,39.4,38.65083333333333
optionC_lambda0.60,carbonscaler_weighted,ontario,124,0,93.0,40.41,38.821666666666665
optionC_lambda0.60,carbonscaler_weighted,ontario,125,0,91.0,51.01,54.589999999999996
optionC_lambda0.60,carbonscaler_weighted,ontario,126,0,89.0,51.96,41.85
optionC_lambda0.60,carbonscaler_weighted,ontario,127,0,90.0,53.48,35.2025
optionC_lambda0.60,carbonscaler_weighted,ontario,128,0,96.0,49.83,48.94583333333333
optionC_lambda0.60,carbonscaler_weighted,ontario,129,0,98.0,40.82,48.16583333333333
optionC_lambda0.60,carbonscaler_weighted,ontario,130,0,111.0,38.54,36.41416666666667
optionC_lambda0.60,carbonscaler_weighted,ontario,131,0,106.0,36.65,38.08583333333333
optionC_lambda0.60,carbonscaler_weighted,ontario,132,0,97.0,35.44,32.35166666666667
optionC_lambda0.60,carbonscaler_weighted,ontario,133,0,109.0,35.23,26.764166666666668
optionC_lambda0.60,carbonscaler_weighted,ontario,134,0,112.0,32.72,28.69333333333333
optionC_lambda0.60,carbonscaler_weighted,ontario,135,0,107.0,37.23,34.07666666666667
optionC_lambda0.60,carbonscaler_weighted,ontario,136,0,102.0,41.69,43.39333333333334
optionC_lambda0.60,carbonscaler_weighted,ontario,137,0,97.0,49.09,36.2775
optionC_lambda0.60,carbonscaler_weighted,ontario,138,0,89.0,57.12,26.605833333333333
optionC_lambda0.60,carbonscaler_weighted,ontario,139,0,89.0,51.5,26.763333333333335
optionC_lambda0.60,carbonscaler_weighted,ontario,140,0,89.0,43.25,35.38666666666667
optionC_lambda0.60,carbonscaler_weighted,ontario,141,0,93.0,40.56,36.7025
optionC_lambda0.60,carbonscaler_weighted,ontario,142,0,86.0,39.39,37.56166666666667
optionC_lambda0.60,carbonscaler_weighted,ontario,143,0,78.0,36.15,37.413333333333334
optionC_lambda0.60,carbonscaler_weighted,ontario,144,0,74.0,34.73,34.03416666666667
optionC_lambda0.60,carbonscaler_weighted,ontario,145,0,75.0,35.29,28.84
optionC_lambda0.60,carbonscaler_weighted,ontario,146,0,81.0,34.14,25.500833333333333
optionC_lambda0.60,carbonscaler_weighted,ontario,147,0,88.0,34.63,17.543333333333333
optionC_lambda0.60,carbonscaler_weighted,ontario,148,0,85.0,34.86,32.51083333333333
optionC_lambda0.60,carbonscaler_weighted,ontario,149,0,75.0,36.64,32.517500000000005
optionC_lambda0.60,carbonscaler_weighted,ontario,150,0,62.0,37.94,37.737500000000004
optionC_lambda0.60,carbonscaler_weighted,ontario,151,0,61.0,45.46,45.17249999999999
optionC_lambda0.60,carbonscaler_weighted,ontario,152,0,63.0,45.88,32.65416666666667
optionC_lambda0.60,carbonscaler_weighted,ontario,153,0,68.0,49.25,32.468333333333334
optionC_lambda0.60,carbonscaler_weighted,ontario,154,0,70.0,49.13,59.362500000000004
optionC_lambda0.60,carbonscaler_weighted,ontario,155,0,74.0,41.47,47.10333333333333
optionC_lambda0.60,carbonscaler_weighted,ontario,156,0,84.0,38.62,33.2075
optionC_lambda0.60,carbonscaler_weighted,ontario,157,0,77.0,37.08,20.526666666666667
optionC_lambda0.60,carbonscaler_weighted,ontario,158,0,71.0,36.15,22.862499999999997
optionC_lambda0.60,carbonscaler_weighted,ontario,159,0,79.0,35.85,27.621666666666666
optionC_lambda0.60,carbonscaler_weighted,ontario,160,0,86.0,36.64,37.75083333333333
optionC_lambda0.60,carbonscaler_weighted,ontario,161,0,77.0,45.69,38.839999999999996
optionC_lambda0.60,carbonscaler_weighted,ontario,162,0,71.0,53.03,36.770833333333336
optionC_lambda0.60,carbonscaler_weighted,ontario,163,0,72.0,50.95,38.96
optionC_lambda0.60,carbonscaler_weighted,ontario,164,0,78.0,46.81,33.8875
optionC_lambda0.60,carbonscaler_weighted,ontario,165,0,86.0,39.8,31.951666666666668
optionC_lambda0.60,carbonscaler_weighted,ontario,166,0,93.0,38.09,30.215000000000003
optionC_lambda0.60,carbonscaler_weighted,ontario,167,0,93.0,38.22,23.973333333333333
optionC_lambda0.70,carbonscaler_weighted,ontario,0,2,50.0,14.46,37.281666666666666
optionC_lambda0.70,carbonscaler_weighted,ontario,1,2,49.0,14.91,33.41166666666667
optionC_lambda0.70,carbonscaler_weighted,ontario,2,2,45.0,14.65,31.3
optionC_lambda0.70,carbonscaler_weighted,ontario,3,2,44.0,14.93,34.589166666666664
optionC_lambda0.70,carbonscaler_weighted,ontario,4,2,38.0,19.54,38.32666666666667
optionC_lambda0.70,carbonscaler_weighted,ontario,5,2,39.0,26.39,31.050833333333333
optionC_lambda0.70,carbonscaler_weighted,ontario,6,2,39.0,28.77,29.55333333333333
optionC_lambda0.70,carbonscaler_weighted,ontario,7,2,39.0,43.28,33.685833333333335
optionC_lambda0.70,carbonscaler_weighted,ontario,8,2,44.0,39.76,29.5
optionC_lambda0.70,carbonscaler_weighted,ontario,9,1,49.0,35.49,40.14
optionC_lambda0.70,carbonscaler_weighted,ontario,10,1,52.0,32.62,48.08416666666667
optionC_lambda0.70,carbonscaler_weighted,ontario,11,1,52.0,35.96,50.5425
optionC_lambda0.70,carbonscaler_weighted,ontario,12,0,54.0,36.16,41.22666666666667
optionC_lambda0.70,carbonscaler_weighted,ontario,13,1,50.0,35.78,31.642500000000002
optionC_lambda0.70,carbonscaler_weighted,ontario,14,0,56.0,35.83,33.13916666666666
optionC_lambda0.70,carbonscaler_weighted,ontario,15,0,61.0,37.72,40.01583333333333
optionC_lambda0.70,carbonscaler_weighted,ontario,16,0,64.0,37.85,50.650000000000006
optionC_lambda0.70,carbonscaler_weighted,ontario,17,0,62.0,51.72,37.6775
optionC_lambda0.70,carbonscaler_weighted,ontario,18,0,54.0,55.55,37.67250000000001
optionC_lambda0.70,carbonscaler_weighted,ontario,19,0,55.0,53.78,37.278333333333336
optionC_lambda0.70,carbonscaler_weighted,ontario,20,0,59.0,41.04,41.968333333333334
optionC_lambda0.70,carbonscaler_weighted,ontario,21,0,74.0,32.67,26.171666666666667
optionC_lambda0.70,carbonscaler_weighted,ontario,22,0,72.0,35.35,25.061666666666667
optionC_lambda0.70,carbonscaler_weighted,ontario,23,0,71.0,26.53,23.230833333333333
optionC_lambda0.70,carbonscaler_weighted,ontario,24,0,70.0,29.7,14.858333333333334
optionC_lambda0.70,carbonscaler_weighted,ontario,25,0,69.0,25.77,17.010833333333334
optionC_lambda0.70,carbonscaler_weighted,ontario,26,1,62.0,27.41,17.040833333333335
optionC_lambda0.70,carbonscaler_weighted,ontario,27,0,60.0,30.78,17.525833333333335
optionC_lambda0.70,carbonscaler_weighted,ontario,28,2,50.0,28.77,16.649166666666666
optionC_lambda0.70,carbonscaler_weighted,ontario,29,1,49.0,35.98,12.450833333333334
optionC_lambda0.70,carbonscaler_weighted,ontario,30,0,50.0,50.81,29.266666666666666
optionC_lambda0.70,carbonscaler_weighted,ontario,31,0,51.0,59.4,35.785833333333336
optionC_lambda0.70,carbonscaler_weighted,ontario,32,0,56.0,51.35,46.8225
optionC_lambda0.70,carbonscaler_weighted,ontario,33,0,67.0,43.09,40.39
optionC_lambda0.70,carbonscaler_weighted,ontario,34,0,76.0,36.04,36.93
optionC_lambda0.70,carbonscaler_weighted,ontario,35,0,82.0,35.69,47.035
optionC_lambda0.70,carbonscaler_weighted,ontario,36,0,91.0,36.09,35.24583333333333
optionC_lambda0.70,carbonscaler_weighted,ontario,37,0,96.0,35.58,18.120833333333334
optionC_lambda0.70,carbonscaler_weighted,ontario,38,0,98.0,35.86,26.633333333333336
optionC_lambda0.70,carbonscaler_weighted,ontario,39,0,100.0,40.39,30.180833333333336
optionC_lambda0.70,carbonscaler_weighted,ontario,40,0,103.0,50.44,42.2925
optionC_lambda0.70,carbonscaler_weighted,ontario,41,0,97.0,73.33,44.97
optionC_lambda0.70,carbonscaler_weighted,ontario,42,0,90.0,94.93,84.375
optionC_lambda0.70,carbonscaler_weighted,ontario,43,0,92.0,88.25,275.5933333333333
optionC_lambda0.70,carbonscaler_weighted,ontario,44,0,105.0,72.52,122.33749999999999
optionC_lambda0.70,carbonscaler_weighted,ontario,45,0,130.0,54.94,47.469166666666666
optionC_lambda0.70,carbonscaler_weighted,ontario,46,0,136.0,43.61,39.211666666666666
optionC_lambda0.70,carbonscaler_weighted,ontario,47,0,141.0,39.09,35.43083333333333
optionC_lambda0.70,carbonscaler_weighted,ontario,48,0,148.0,49.12,37.15083333333333
optionC_lambda0.70,carbonscaler_weighted,ontario,49,0,145.0,52.86,37.26083333333333
optionC_lambda0.70,carbonscaler_weighted,ontario,50,0,140.0,50.51,38.05416666666667
optionC_lambda0.70,carbonscaler_weighted,ontario,51,0,124.0,50.34,39.40333333333333
optionC_lambda0.70,carbonscaler_weighted,ontario,52,0,122.0,46.79,47.62833333333333
optionC_lambda0.70,carbonscaler_weighted,ontario,53,0,126.0,59.53,58.229166666666664
optionC_lambda0.70,carbonscaler_weighted,ontario,54,0,129.0,105.91,50.64666666666667
optionC_lambda0.70,carbonscaler_weighted,ontario,55,0,137.0,106.12,47.72416666666667
optionC_lambda0.70,carbonscaler_weighted,ontario,56,0,143.0,61.53,48.03333333333333
optionC_lambda0.70,carbonscaler_weighted,ontario,57,0,149.0,44.42,32.4175
optionC_lambda0.70,carbonscaler_weighted,ontario,58,0,154.0,36.14,30.493333333333336
optionC_lambda0.70,carbonscaler_weighted,ontario,59,0,154.0,35.47,30.366666666666664
optionC_lambda0.70,carbonscaler_weighted,ontario,60,0,150.0,35.46,36.156666666666666
optionC_lambda0.70,carbonscaler_weighted,ontario,61,0,147.0,27.61,37.915
optionC_lambda0.70,carbonscaler_weighted,ontario,62,0,125.0,27.64,47.52583333333333
optionC_lambda0.70,carbonscaler_weighted,ontario,63,0,112.0,35.58,49.13999999999999
optionC_lambda0.70,carbonscaler_weighted,ontario,64,0,112.0,40.06,55.703333333333326
optionC_lambda0.70,carbonscaler_weighted,ontario,65,0,118.0,54.54,59.62166666666667
optionC_lambda0.70,carbonscaler_weighted,ontario,66,0,121.0,78.35,56.038333333333334
optionC_lambda0.70,carbonscaler_weighted,ontario,67,0,125.0,63.47,70.19416666666667
optionC_lambda0.70,carbonscaler_weighted,ontario,68,0,127.0,50.36,41.55166666666667
optionC_lambda0.70,carbonscaler_weighted,ontario,69,0,135.0,37.17,37.35
optionC_lambda0.70,carbonscaler_weighted,ontario,70,0,140.0,36.52,33.28666666666667
optionC_lambda0.70,carbonscaler_weighted,ontario,71,0,141.0,36.17,34.604166666666664
optionC_lambda0.70,carbonscaler_weighted,ontario,72,0,140.0,44.59,37.5325
optionC_lambda0.70,carbonscaler_weighted,ontario,73,0,135.0,43.38,37.89083333333333
optionC_lambda0.70,carbonscaler_weighted,ontario,74,0,131.0,37.79,36.09
optionC_lambda0.70,carbonscaler_weighted,ontario,75,0,109.0,39.96,37.805
optionC_lambda0.70,carbonscaler_weighted,ontario,76,0,112.0,39.81,38.26416666666667
optionC_lambda0.70,carbonscaler_weighted,ontario,77,0,122.0,46.47,64.16166666666668
optionC_lambda0.70,carbonscaler_weighted,ontario,78,0,120.0,65.6,129.94
optionC_lambda0.70,carbonscaler_weighted,ontario,79,0,113.0,75.85,113.37166666666667
optionC_lambda0.70,carbonscaler_weighted,ontario,80,0,119.0,63.62,202.23
optionC_lambda0.70,carbonscaler_weighted,ontario,81,0,124.0,49.56,84.56916666666667
optionC_lambda0.70,carbonscaler_weighted,ontario,82,0,139.0,43.01,43.4725
optionC_lambda0.70,carbonscaler_weighted,ontario,83,0,144.0,41.35,36.63666666666666
optionC_lambda0.70,carbonscaler_weighted,ontario,84,0,145.0,41.77,36.18333333333333
optionC_lambda0.70,carbonscaler_weighted,ontario,85,0,144.0,38.31,41.73416666666667
optionC_lambda0.70,carbonscaler_weighted,ontario,86,0,145.0,37.44,47.08166666666667
optionC_lambda0.70,carbonscaler_weighted,ontario,87,0,138.0,38.3,38.05
optionC_lambda0.70,carbonscaler_weighted,ontario,88,0,133.0,48.02,38.589999999999996
optionC_lambda0.70,carbonscaler_weighted,ontario,89,0,124.0,60.28,38.622499999999995
optionC_lambda0.70,carbonscaler_weighted,ontario,90,0,130.0,77.26,43.689166666666665
optionC_lambda0.70,carbonscaler_weighted,ontario,91,0,132.0,71.28,42.440000000000005
optionC_lambda0.70,carbonscaler_weighted,ontario,92,0,131.0,58.28,40.15083333333333
optionC_lambda0.70,carbonscaler_weighted,ontario,93,0,130.0,43.69,43.84
optionC_lambda0.70,carbonscaler_weighted,ontario,94,0,134.0,41.22,37.800000000000004
optionC_lambda0.70,carbonscaler_weighted,ontario,95,0,135.0,39.86,35.3275
optionC_lambda0.70,carbonscaler_weighted,ontario,96,0,137.0,44.42,25.348333333333333
optionC_lambda0.70,carbonscaler_weighted,ontario,97,0,135.0,38.25,23.953333333333333
optionC_lambda0.70,carbonscaler_weighted,ontario,98,0,138.0,36.09,14.425833333333332
optionC_lambda0.70,carbonscaler_weighted,ontario,99,0,134.0,36.48,33.902499999999996
optionC_lambda0.70,carbonscaler_weighted,ontario,100,0,123.0,33.49,20.290833333333335
optionC_lambda0.70,carbonscaler_weighted,ontario,101,0,98.0,36.58,35.770833333333336
optionC_lambda0.70,carbonscaler_weighted,ontario,102,0,86.0,43.16,39.869166666666665
optionC_lambda0.70,carbonscaler_weighted,ontario,103,0,80.0,56.13,52.47416666666666
optionC_lambda0.70,carbonscaler_weighted,ontario,104,0,86.0,47.7,234.91166666666666
optionC_lambda0.70,carbonscaler_weighted,ontario,105,0,85.0,38.56,300.13166666666666
optionC_lambda0.70,carbonscaler_weighted,ontario,106,0,100.0,38.34,65.23166666666667
optionC_lambda0.70,carbonscaler_weighted,ontario,107,0,98.0,44.24,37.69166666666667
optionC_lambda0.70,carbonscaler_weighted,ontario,108,0,107.0,40.02,37.711666666666666
optionC_lambda0.70,carbonscaler_weighted,ontario,109,0,117.0,39.73,31.875
optionC_lambda0.70,carbonscaler_weighted,ontario,110,0,121.0,45.08,31.05
optionC_lambda0.70,carbonscaler_weighted,ontario,111,0,120.0,43.22,29.790833333333335
optionC_lambda0.70,carbonscaler_weighted,ontario,112,0,113.0,50.91,36.05416666666667
optionC_lambda0.70,carbonscaler_weighted,ontario,113,0,111.0,59.6,27.55
optionC_lambda0.70,carbonscaler_weighted,ontario,114,0,109.0,68.96,35.61
optionC_lambda0.70,carbonscaler_weighted,ontario,115,0,110.0,64.28,38.329166666666666
optionC_lambda0.70,carbonscaler_weighted,ontario,116,0,102.0,54.21,36.972500000000004
optionC_lambda0.70,carbonscaler_weighted,ontario,117,0,111.0,46.3,37.40333333333333
optionC_lambda0.70,carbonscaler_weighted,ontario,118,0,99.0,43.91,30.51
optionC_lambda0.70,carbonscaler_weighted,ontario,119,0,100.0,38.92,27.84
optionC_lambda0.70,carbonscaler_weighted,ontario,120,0,107.0,44.41,38.76
optionC_lambda0.70,carbonscaler_weighted,ontario,121,0,101.0,39.33,36.759166666666665
optionC_lambda0.70,carbonscaler_weighted,ontario,122,0,101.0,37.31,34.015
optionC_lambda0.70,carbonscaler_weighted,ontario,123,0,97.0,39.4,38.65083333333333
optionC_lambda0.70,carbonscaler_weighted,ontario,124,0,93.0,40.41,38.821666666666665
optionC_lambda0.70,carbonscaler_weighted,ontario,125,0,91.0,51.01,54.589999999999996
optionC_lambda0.70,carbonscaler_weighted,ontario,126,0,89.0,51.96,41.85
optionC_lambda0.70,carbonscaler_weighted,ontario,127,0,90.0,53.48,35.2025
optionC_lambda0.70,carbonscaler_weighted,ontario,128,0,96.0,49.83,48.94583333333333
optionC_lambda0.70,carbonscaler_weighted,ontario,129,0,98.0,40.82,48.16583333333333
optionC_lambda0.70,carbonscaler_weighted,ontario,130,0,111.0,38.54,36.41416666666667
optionC_lambda0.70,carbonscaler_weighted,ontario,131,0,106.0,36.65,38.08583333333333
optionC_lambda0.70,carbonscaler_weighted,ontario,132,0,97.0,35.44,32.35166666666667
optionC_lambda0.70,carbonscaler_weighted,ontario,133,0,109.0,35.23,26.764166666666668
optionC_lambda0.70,carbonscaler_weighted,ontario,134,0,112.0,32.72,28.69333333333333
optionC_lambda0.70,carbonscaler_weighted,ontario,135,0,107.0,37.23,34.07666666666667
optionC_lambda0.70,carbonscaler_weighted,ontario,136,0,102.0,41.69,43.39333333333334
optionC_lambda0.70,carbonscaler_weighted,ontario,137,0,97.0,49.09,36.2775
optionC_lambda0.70,carbonscaler_weighted,ontario,138,0,89.0,57.12,26.605833333333333
optionC_lambda0.70,carbonscaler_weighted,ontario,139,0,89.0,51.5,26.763333333333335
optionC_lambda0.70,carbonscaler_weighted,ontario,140,0,89.0,43.25,35.38666666666667
optionC_lambda0.70,carbonscaler_weighted,ontario,141,0,93.0,40.56,36.7025
optionC_lambda0.70,carbonscaler_weighted,ontario,142,0,86.0,39.39,37.56166666666667
optionC_lambda0.70,carbonscaler_weighted,ontario,143,0,78.0,36.15,37.413333333333334
optionC_lambda0.70,carbonscaler_weighted,ontario,144,0,74.0,34.73,34.03416666666667
optionC_lambda0.70,carbonscaler_weighted,ontario,145,0,75.0,35.29,28.84
optionC_lambda0.70,carbonscaler_weighted,ontario,146,0,81.0,34.14,25.500833333333333
optionC_lambda0.70,carbonscaler_weighted,ontario,147,0,88.0,34.63,17.543333333333333
optionC_lambda0.70,carbonscaler_weighted,ontario,148,0,85.0,34.86,32.51083333333333
optionC_lambda0.70,carbonscaler_weighted,ontario,149,0,75.0,36.64,32.517500000000005
optionC_lambda0.70,carbonscaler_weighted,ontario,150,0,62.0,37.94,37.737500000000004
optionC_lambda0.70,carbonscaler_weighted,ontario,151,0,61.0,45.46,45.17249999999999
optionC_lambda0.70,carbonscaler_weighted,ontario,152,0,63.0,45.88,32.65416666666667
optionC_lambda0.70,carbonscaler_weighted,ontario,153,0,68.0,49.25,32.468333333333334
optionC_lambda0.70,carbonscaler_weighted,ontario,154,0,70.0,49.13,59.362500000000004
optionC_lambda0.70,carbonscaler_weighted,ontario,155,0,74.0,41.47,47.10333333333333
optionC_lambda0.70,carbonscaler_weighted,ontario,156,0,84.0,38.62,33.2075
optionC_lambda0.70,carbonscaler_weighted,ontario,157,0,77.0,37.08,20.526666666666667
optionC_lambda0.70,carbonscaler_weighted,ontario,158,0,71.0,36.15,22.862499999999997
optionC_lambda0.70,carbonscaler_weighted,ontario,159,0,79.0,35.85,27.621666666666666
optionC_lambda0.70,carbonscaler_weighted,ontario,160,0,86.0,36.64,37.75083333333333
optionC_lambda0.70,carbonscaler_weighted,ontario,161,0,77.0,45.69,38.839999999999996
optionC_lambda0.70,carbonscaler_weighted,ontario,162,0,71.0,53.03,36.770833333333336
optionC_lambda0.70,carbonscaler_weighted,ontario,163,0,72.0,50.95,38.96
optionC_lambda0.70,carbonscaler_weighted,ontario,164,0,78.0,46.81,33.8875
optionC_lambda0.70,carbonscaler_weighted,ontario,165,0,86.0,39.8,31.951666666666668
optionC_lambda0.70,carbonscaler_weighted,ontario,166,0,93.0,38.09,30.215000000000003
optionC_lambda0.70,carbonscaler_weighted,ontario,167,0,93.0,38.22,23.973333333333333
optionC_lambda0.80,carbonscaler_weighted,ontario,0,2,50.0,14.46,37.281666666666666
optionC_lambda0.80,carbonscaler_weighted,ontario,1,2,49.0,14.91,33.41166666666667
optionC_lambda0.80,carbonscaler_weighted,ontario,2,2,45.0,14.65,31.3
optionC_lambda0.80,carbonscaler_weighted,ontario,3,2,44.0,14.93,34.589166666666664
optionC_lambda0.80,carbonscaler_weighted,ontario,4,2,38.0,19.54,38.32666666666667
optionC_lambda0.80,carbonscaler_weighted,ontario,5,2,39.0,26.39,31.050833333333333
optionC_lambda0.80,carbonscaler_weighted,ontario,6,2,39.0,28.77,29.55333333333333
optionC_lambda0.80,carbonscaler_weighted,ontario,7,2,39.0,43.28,33.685833333333335
optionC_lambda0.80,carbonscaler_weighted,ontario,8,2,44.0,39.76,29.5
optionC_lambda0.80,carbonscaler_weighted,ontario,9,2,49.0,35.49,40.14
optionC_lambda0.80,carbonscaler_weighted,ontario,10,1,52.0,32.62,48.08416666666667
optionC_lambda0.80,carbonscaler_weighted,ontario,11,1,52.0,35.96,50.5425
optionC_lambda0.80,carbonscaler_weighted,ontario,12,0,54.0,36.16,41.22666666666667
optionC_lambda0.80,carbonscaler_weighted,ontario,13,1,50.0,35.78,31.642500000000002
optionC_lambda0.80,carbonscaler_weighted,ontario,14,0,56.0,35.83,33.13916666666666
optionC_lambda0.80,carbonscaler_weighted,ontario,15,0,61.0,37.72,40.01583333333333
optionC_lambda0.80,carbonscaler_weighted,ontario,16,0,64.0,37.85,50.650000000000006
optionC_lambda0.80,carbonscaler_weighted,ontario,17,0,62.0,51.72,37.6775
optionC_lambda0.80,carbonscaler_weighted,ontario,18,0,54.0,55.55,37.67250000000001
optionC_lambda0.80,carbonscaler_weighted,ontario,19,0,55.0,53.78,37.278333333333336
optionC_lambda0.80,carbonscaler_weighted,ontario,20,0,59.0,41.04,41.968333333333334
optionC_lambda0.80,carbonscaler_weighted,ontario,21,0,74.0,32.67,26.171666666666667
optionC_lambda0.80,carbonscaler_weighted,ontario,22,0,72.0,35.35,25.061666666666667
optionC_lambda0.80,carbonscaler_weighted,ontario,23,0,71.0,26.53,23.230833333333333
optionC_lambda0.80,carbonscaler_weighted,ontario,24,0,70.0,29.7,14.858333333333334
optionC_lambda0.80,carbonscaler_weighted,ontario,25,0,69.0,25.77,17.010833333333334
optionC_lambda0.80,carbonscaler_weighted,ontario,26,0,62.0,27.41,17.040833333333335
optionC_lambda0.80,carbonscaler_weighted,ontario,27,0,60.0,30.78,17.525833333333335
optionC_lambda0.80,carbonscaler_weighted,ontario,28,2,50.0,28.77,16.649166666666666
optionC_lambda0.80,carbonscaler_weighted,ontario,29,1,49.0,35.98,12.450833333333334
optionC_lambda0.80,carbonscaler_weighted,ontario,30,0,50.0,50.81,29.266666666666666
optionC_lambda0.80,carbonscaler_weighted,ontario,31,0,51.0,59.4,35.785833333333336
optionC_lambda0.80,carbonscaler_weighted,ontario,32,0,56.0,51.35,46.8225
optionC_lambda0.80,carbonscaler_weighted,ontario,33,0,67.0,43.09,40.39
optionC_lambda0.80,carbonscaler_weighted,ontario,34,0,76.0,36.04,36.93
optionC_lambda0.80,carbonscaler_weighted,ontario,35,0,82.0,35.69,47.035
optionC_lambda0.80,carbonscaler_weighted,ontario,36,0,91.0,36.09,35.24583333333333
optionC_lambda0.80,carbonscaler_weighted,ontario,37,0,96.0,35.58,18.120833333333334
optionC_lambda0.80,carbonscaler_weighted,ontario,38,0,98.0,35.86,26.633333333333336
optionC_lambda0.80,carbonscaler_weighted,ontario,39,0,100.0,40.39,30.180833333333336
optionC_lambda0.80,carbonscaler_weighted,ontario,40,0,103.0,50.44,42.2925
optionC_lambda0.80,carbonscaler_weighted,ontario,41,0,97.0,73.33,44.97
optionC_lambda0.80,carbonscaler_weighted,ontario,42,0,90.0,94.93,84.375
optionC_lambda0.80,carbonscaler_weighted,ontario,43,0,92.0,88.25,275.5933333333333
optionC_lambda0.80,carbonscaler_weighted,ontario,44,0,105.0,72.52,122.33749999999999
optionC_lambda0.80,carbonscaler_weighted,ontario,45,0,130.0,54.94,47.469166666666666
optionC_lambda0.80,carbonscaler_weighted,ontario,46,0,136.0,43.61,39.211666666666666
optionC_lambda0.80,carbonscaler_weighted,ontario,47,0,141.0,39.09,35.43083333333333
optionC_lambda0.80,carbonscaler_weighted,ontario,48,0,148.0,49.12,37.15083333333333
optionC_lambda0.80,carbonscaler_weighted,ontario,49,0,145.0,52.86,37.26083333333333
optionC_lambda0.80,carbonscaler_weighted,ontario,50,0,140.0,50.51,38.05416666666667
optionC_lambda0.80,carbonscaler_weighted,ontario,51,0,124.0,50.34,39.40333333333333
optionC_lambda0.80,carbonscaler_weighted,ontario,52,0,122.0,46.79,47.62833333333333
optionC_lambda0.80,carbonscaler_weighted,ontario,53,0,126.0,59.53,58.229166666666664
optionC_lambda0.80,carbonscaler_weighted,ontario,54,0,129.0,105.91,50.64666666666667
optionC_lambda0.80,carbonscaler_weighted,ontario,55,0,137.0,106.12,47.72416666666667
optionC_lambda0.80,carbonscaler_weighted,ontario,56,0,143.0,61.53,48.03333333333333
optionC_lambda0.80,carbonscaler_weighted,ontario,57,0,149.0,44.42,32.4175
optionC_lambda0.80,carbonscaler_weighted,ontario,58,0,154.0,36.14,30.493333333333336
optionC_lambda0.80,carbonscaler_weighted,ontario,59,0,154.0,35.47,30.366666666666664
optionC_lambda0.80,carbonscaler_weighted,ontario,60,0,150.0,35.46,36.156666666666666
optionC_lambda0.80,carbonscaler_weighted,ontario,61,0,147.0,27.61,37.915
optionC_lambda0.80,carbonscaler_weighted,ontario,62,0,125.0,27.64,47.52583333333333
optionC_lambda0.80,carbonscaler_weighted,ontario,63,0,112.0,35.58,49.13999999999999
optionC_lambda0.80,carbonscaler_weighted,ontario,64,0,112.0,40.06,55.703333333333326
optionC_lambda0.80,carbonscaler_weighted,ontario,65,0,118.0,54.54,59.62166666666667
optionC_lambda0.80,carbonscaler_weighted,ontario,66,0,121.0,78.35,56.038333333333334
optionC_lambda0.80,carbonscaler_weighted,ontario,67,0,125.0,63.47,70.19416666666667
optionC_lambda0.80,carbonscaler_weighted,ontario,68,0,127.0,50.36,41.55166666666667
optionC_lambda0.80,carbonscaler_weighted,ontario,69,0,135.0,37.17,37.35
optionC_lambda0.80,carbonscaler_weighted,ontario,70,0,140.0,36.52,33.28666666666667
optionC_lambda0.80,carbonscaler_weighted,ontario,71,0,141.0,36.17,34.604166666666664
optionC_lambda0.80,carbonscaler_weighted,ontario,72,0,140.0,44.59,37.5325
optionC_lambda0.80,carbonscaler_weighted,ontario,73,0,135.0,43.38,37.89083333333333
optionC_lambda0.80,carbonscaler_weighted,ontario,74,0,131.0,37.79,36.09
optionC_lambda0.80,carbonscaler_weighted,ontario,75,0,109.0,39.96,37.805
optionC_lambda0.80,carbonscaler_weighted,ontario,76,0,112.0,39.81,38.26416666666667
optionC_lambda0.80,carbonscaler_weighted,ontario,77,0,122.0,46.47,64.16166666666668
optionC_lambda0.80,carbonscaler_weighted,ontario,78,0,120.0,65.6,129.94
optionC_lambda0.80,carbonscaler_weighted,ontario,79,0,113.0,75.85,113.37166666666667
optionC_lambda0.80,carbonscaler_weighted,ontario,80,0,119.0,63.62,202.23
optionC_lambda0.80,carbonscaler_weighted,ontario,81,0,124.0,49.56,84.56916666666667
optionC_lambda0.80,carbonscaler_weighted,ontario,82,0,139.0,43.01,43.4725
optionC_lambda0.80,carbonscaler_weighted,ontario,83,0,144.0,41.35,36.63666666666666
optionC_lambda0.80,carbonscaler_weighted,ontario,84,0,145.0,41.77,36.18333333333333
optionC_lambda0.80,carbonscaler_weighted,ontario,85,0,144.0,38.31,41.73416666666667
optionC_lambda0.80,carbonscaler_weighted,ontario,86,0,145.0,37.44,47.08166666666667
optionC_lambda0.80,carbonscaler_weighted,ontario,87,0,138.0,38.3,38.05
optionC_lambda0.80,carbonscaler_weighted,ontario,88,0,133.0,48.02,38.589999999999996
optionC_lambda0.80,carbonscaler_weighted,ontario,89,0,124.0,60.28,38.622499999999995
optionC_lambda0.80,carbonscaler_weighted,ontario,90,0,130.0,77.26,43.689166666666665
optionC_lambda0.80,carbonscaler_weighted,ontario,91,0,132.0,71.28,42.440000000000005
optionC_lambda0.80,carbonscaler_weighted,ontario,92,0,131.0,58.28,40.15083333333333
optionC_lambda0.80,carbonscaler_weighted,ontario,93,0,130.0,43.69,43.84
optionC_lambda0.80,carbonscaler_weighted,ontario,94,0,134.0,41.22,37.800000000000004
optionC_lambda0.80,carbonscaler_weighted,ontario,95,0,135.0,39.86,35.3275
optionC_lambda0.80,carbonscaler_weighted,ontario,96,0,137.0,44.42,25.348333333333333
optionC_lambda0.80,carbonscaler_weighted,ontario,97,0,135.0,38.25,23.953333333333333
optionC_lambda0.80,carbonscaler_weighted,ontario,98,0,138.0,36.09,14.425833333333332
optionC_lambda0.80,carbonscaler_weighted,ontario,99,0,134.0,36.48,33.902499999999996
optionC_lambda0.80,carbonscaler_weighted,ontario,100,0,123.0,33.49,20.290833333333335
optionC_lambda0.80,carbonscaler_weighted,ontario,101,0,98.0,36.58,35.770833333333336
optionC_lambda0.80,carbonscaler_weighted,ontario,102,0,86.0,43.16,39.869166666666665
optionC_lambda0.80,carbonscaler_weighted,ontario,103,0,80.0,56.13,52.47416666666666
optionC_lambda0.80,carbonscaler_weighted,ontario,104,0,86.0,47.7,234.91166666666666
optionC_lambda0.80,carbonscaler_weighted,ontario,105,0,85.0,38.56,300.13166666666666
optionC_lambda0.80,carbonscaler_weighted,ontario,106,0,100.0,38.34,65.23166666666667
optionC_lambda0.80,carbonscaler_weighted,ontario,107,0,98.0,44.24,37.69166666666667
optionC_lambda0.80,carbonscaler_weighted,ontario,108,0,107.0,40.02,37.711666666666666
optionC_lambda0.80,carbonscaler_weighted,ontario,109,0,117.0,39.73,31.875
optionC_lambda0.80,carbonscaler_weighted,ontario,110,0,121.0,45.08,31.05
optionC_lambda0.80,carbonscaler_weighted,ontario,111,0,120.0,43.22,29.790833333333335
optionC_lambda0.80,carbonscaler_weighted,ontario,112,0,113.0,50.91,36.05416666666667
optionC_lambda0.80,carbonscaler_weighted,ontario,113,0,111.0,59.6,27.55
optionC_lambda0.80,carbonscaler_weighted,ontario,114,0,109.0,68.96,35.61
optionC_lambda0.80,carbonscaler_weighted,ontario,115,0,110.0,64.28,38.329166666666666
optionC_lambda0.80,carbonscaler_weighted,ontario,116,0,102.0,54.21,36.972500000000004
optionC_lambda0.80,carbonscaler_weighted,ontario,117,0,111.0,46.3,37.40333333333333
optionC_lambda0.80,carbonscaler_weighted,ontario,118,0,99.0,43.91,30.51
optionC_lambda0.80,carbonscaler_weighted,ontario,119,0,100.0,38.92,27.84
optionC_lambda0.80,carbonscaler_weighted,ontario,120,0,107.0,44.41,38.76
optionC_lambda0.80,carbonscaler_weighted,ontario,121,0,101.0,39.33,36.759166666666665
optionC_lambda0.80,carbonscaler_weighted,ontario,122,0,101.0,37.31,34.015
optionC_lambda0.80,carbonscaler_weighted,ontario,123,0,97.0,39.4,38.65083333333333
optionC_lambda0.80,carbonscaler_weighted,ontario,124,0,93.0,40.41,38.821666666666665
optionC_lambda0.80,carbonscaler_weighted,ontario,125,0,91.0,51.01,54.589999999999996
optionC_lambda0.80,carbonscaler_weighted,ontario,126,0,89.0,51.96,41.85
optionC_lambda0.80,carbonscaler_weighted,ontario,127,0,90.0,53.48,35.2025
optionC_lambda0.80,carbonscaler_weighted,ontario,128,0,96.0,49.83,48.94583333333333
optionC_lambda0.80,carbonscaler_weighted,ontario,129,0,98.0,40.82,48.16583333333333
optionC_lambda0.80,carbonscaler_weighted,ontario,130,0,111.0,38.54,36.41416666666667
optionC_lambda0.80,carbonscaler_weighted,ontario,131,0,106.0,36.65,38.08583333333333
optionC_lambda0.80,carbonscaler_weighted,ontario,132,0,97.0,35.44,32.35166666666667
optionC_lambda0.80,carbonscaler_weighted,ontario,133,0,109.0,35.23,26.764166666666668
optionC_lambda0.80,carbonscaler_weighted,ontario,134,0,112.0,32.72,28.69333333333333
optionC_lambda0.80,carbonscaler_weighted,ontario,135,0,107.0,37.23,34.07666666666667
optionC_lambda0.80,carbonscaler_weighted,ontario,136,0,102.0,41.69,43.39333333333334
optionC_lambda0.80,carbonscaler_weighted,ontario,137,0,97.0,49.09,36.2775
optionC_lambda0.80,carbonscaler_weighted,ontario,138,0,89.0,57.12,26.605833333333333
optionC_lambda0.80,carbonscaler_weighted,ontario,139,0,89.0,51.5,26.763333333333335
optionC_lambda0.80,carbonscaler_weighted,ontario,140,0,89.0,43.25,35.38666666666667
optionC_lambda0.80,carbonscaler_weighted,ontario,141,0,93.0,40.56,36.7025
optionC_lambda0.80,carbonscaler_weighted,ontario,142,0,86.0,39.39,37.56166666666667
optionC_lambda0.80,carbonscaler_weighted,ontario,143,0,78.0,36.15,37.413333333333334
optionC_lambda0.80,carbonscaler_weighted,ontario,144,0,74.0,34.73,34.03416666666667
optionC_lambda0.80,carbonscaler_weighted,ontario,145,0,75.0,35.29,28.84
optionC_lambda0.80,carbonscaler_weighted,ontario,146,0,81.0,34.14,25.500833333333333
optionC_lambda0.80,carbonscaler_weighted,ontario,147,0,88.0,34.63,17.543333333333333
optionC_lambda0.80,carbonscaler_weighted,ontario,148,0,85.0,34.86,32.51083333333333
optionC_lambda0.80,carbonscaler_weighted,ontario,149,0,75.0,36.64,32.517500000000005
optionC_lambda0.80,carbonscaler_weighted,ontario,150,0,62.0,37.94,37.737500000000004
optionC_lambda0.80,carbonscaler_weighted,ontario,151,0,61.0,45.46,45.17249999999999
optionC_lambda0.80,carbonscaler_weighted,ontario,152,0,63.0,45.88,32.65416666666667
optionC_lambda0.80,carbonscaler_weighted,ontario,153,0,68.0,49.25,32.468333333333334
optionC_lambda0.80,carbonscaler_weighted,ontario,154,0,70.0,49.13,59.362500000000004
optionC_lambda0.80,carbonscaler_weighted,ontario,155,0,74.0,41.47,47.10333333333333
optionC_lambda0.80,carbonscaler_weighted,ontario,156,0,84.0,38.62,33.2075
optionC_lambda0.80,carbonscaler_weighted,ontario,157,0,77.0,37.08,20.526666666666667
optionC_lambda0.80,carbonscaler_weighted,ontario,158,0,71.0,36.15,22.862499999999997
optionC_lambda0.80,carbonscaler_weighted,ontario,159,0,79.0,35.85,27.621666666666666
optionC_lambda0.80,carbonscaler_weighted,ontario,160,0,86.0,36.64,37.75083333333333
optionC_lambda0.80,carbonscaler_weighted,ontario,161,0,77.0,45.69,38.839999999999996
optionC_lambda0.80,carbonscaler_weighted,ontario,162,0,71.0,53.03,36.770833333333336
optionC_lambda0.80,carbonscaler_weighted,ontario,163,0,72.0,50.95,38.96
optionC_lambda0.80,carbonscaler_weighted,ontario,164,0,78.0,46.81,33.8875
optionC_lambda0.80,carbonscaler_weighted,ontario,165,0,86.0,39.8,31.951666666666668
optionC_lambda0.80,carbonscaler_weighted,ontario,166,0,93.0,38.09,30.215000000000003
optionC_lambda0.80,carbonscaler_weighted,ontario,167,0,93.0,38.22,23.973333333333333
optionC_lambda0.90,carbonscaler_weighted,ontario,0,2,50.0,14.46,37.281666666666666
optionC_lambda0.90,carbonscaler_weighted,ontario,1,2,49.0,14.91,33.41166666666667
optionC_lambda0.90,carbonscaler_weighted,ontario,2,2,45.0,14.65,31.3
optionC_lambda0.90,carbonscaler_weighted,ontario,3,2,44.0,14.93,34.589166666666664
optionC_lambda0.90,carbonscaler_weighted,ontario,4,2,38.0,19.54,38.32666666666667
optionC_lambda0.90,carbonscaler_weighted,ontario,5,2,39.0,26.39,31.050833333333333
optionC_lambda0.90,carbonscaler_weighted,ontario,6,2,39.0,28.77,29.55333333333333
optionC_lambda0.90,carbonscaler_weighted,ontario,7,2,39.0,43.28,33.685833333333335
optionC_lambda0.90,carbonscaler_weighted,ontario,8,2,44.0,39.76,29.5
optionC_lambda0.90,carbonscaler_weighted,ontario,9,2,49.0,35.49,40.14
optionC_lambda0.90,carbonscaler_weighted,ontario,10,1,52.0,32.62,48.08416666666667
optionC_lambda0.90,carbonscaler_weighted,ontario,11,1,52.0,35.96,50.5425
optionC_lambda0.90,carbonscaler_weighted,ontario,12,0,54.0,36.16,41.22666666666667
optionC_lambda0.90,carbonscaler_weighted,ontario,13,1,50.0,35.78,31.642500000000002
optionC_lambda0.90,carbonscaler_weighted,ontario,14,0,56.0,35.83,33.13916666666666
optionC_lambda0.90,carbonscaler_weighted,ontario,15,0,61.0,37.72,40.01583333333333
optionC_lambda0.90,carbonscaler_weighted,ontario,16,0,64.0,37.85,50.650000000000006
optionC_lambda0.90,carbonscaler_weighted,ontario,17,0,62.0,51.72,37.6775
optionC_lambda0.90,carbonscaler_weighted,ontario,18,0,54.0,55.55,37.67250000000001
optionC_lambda0.90,carbonscaler_weighted,ontario,19,0,55.0,53.78,37.278333333333336
optionC_lambda0.90,carbonscaler_weighted,ontario,20,0,59.0,41.04,41.968333333333334
optionC_lambda0.90,carbonscaler_weighted,ontario,21,0,74.0,32.67,26.171666666666667
optionC_lambda0.90,carbonscaler_weighted,ontario,22,0,72.0,35.35,25.061666666666667
optionC_lambda0.90,carbonscaler_weighted,ontario,23,0,71.0,26.53,23.230833333333333
optionC_lambda0.90,carbonscaler_weighted,ontario,24,0,70.0,29.7,14.858333333333334
optionC_lambda0.90,carbonscaler_weighted,ontario,25,0,69.0,25.77,17.010833333333334
optionC_lambda0.90,carbonscaler_weighted,ontario,26,0,62.0,27.41,17.040833333333335
optionC_lambda0.90,carbonscaler_weighted,ontario,27,0,60.0,30.78,17.525833333333335
optionC_lambda0.90,carbonscaler_weighted,ontario,28,2,50.0,28.77,16.649166666666666
optionC_lambda0.90,carbonscaler_weighted,ontario,29,1,49.0,35.98,12.450833333333334
optionC_lambda0.90,carbonscaler_weighted,ontario,30,0,50.0,50.81,29.266666666666666
optionC_lambda0.90,carbonscaler_weighted,ontario,31,0,51.0,59.4,35.785833333333336
optionC_lambda0.90,carbonscaler_weighted,ontario,32,0,56.0,51.35,46.8225
optionC_lambda0.90,carbonscaler_weighted,ontario,33,0,67.0,43.09,40.39
optionC_lambda0.90,carbonscaler_weighted,ontario,34,0,76.0,36.04,36.93
optionC_lambda0.90,carbonscaler_weighted,ontario,35,0,82.0,35.69,47.035
optionC_lambda0.90,carbonscaler_weighted,ontario,36,0,91.0,36.09,35.24583333333333
optionC_lambda0.90,carbonscaler_weighted,ontario,37,0,96.0,35.58,18.120833333333334
optionC_lambda0.90,carbonscaler_weighted,ontario,38,0,98.0,35.86,26.633333333333336
optionC_lambda0.90,carbonscaler_weighted,ontario,39,0,100.0,40.39,30.180833333333336
optionC_lambda0.90,carbonscaler_weighted,ontario,40,0,103.0,50.44,42.2925
optionC_lambda0.90,carbonscaler_weighted,ontario,41,0,97.0,73.33,44.97
optionC_lambda0.90,carbonscaler_weighted,ontario,42,0,90.0,94.93,84.375
optionC_lambda0.90,carbonscaler_weighted,ontario,43,0,92.0,88.25,275.5933333333333
optionC_lambda0.90,carbonscaler_weighted,ontario,44,0,105.0,72.52,122.33749999999999
optionC_lambda0.90,carbonscaler_weighted,ontario,45,0,130.0,54.94,47.469166666666666
optionC_lambda0.90,carbonscaler_weighted,ontario,46,0,136.0,43.61,39.211666666666666
optionC_lambda0.90,carbonscaler_weighted,ontario,47,0,141.0,39.09,35.43083333333333
optionC_lambda0.90,carbonscaler_weighted,ontario,48,0,148.0,49.12,37.15083333333333
optionC_lambda0.90,carbonscaler_weighted,ontario,49,0,145.0,52.86,37.26083333333333
optionC_lambda0.90,carbonscaler_weighted,ontario,50,0,140.0,50.51,38.05416666666667
optionC_lambda0.90,carbonscaler_weighted,ontario,51,0,124.0,50.34,39.40333333333333
optionC_lambda0.90,carbonscaler_weighted,ontario,52,0,122.0,46.79,47.62833333333333
optionC_lambda0.90,carbonscaler_weighted,ontario,53,0,126.0,59.53,58.229166666666664
optionC_lambda0.90,carbonscaler_weighted,ontario,54,0,129.0,105.91,50.64666666666667
optionC_lambda0.90,carbonscaler_weighted,ontario,55,0,137.0,106.12,47.72416666666667
optionC_lambda0.90,carbonscaler_weighted,ontario,56,0,143.0,61.53,48.03333333333333
optionC_lambda0.90,carbonscaler_weighted,ontario,57,0,149.0,44.42,32.4175
optionC_lambda0.90,carbonscaler_weighted,ontario,58,0,154.0,36.14,30.493333333333336
optionC_lambda0.90,carbonscaler_weighted,ontario,59,0,154.0,35.47,30.366666666666664
optionC_lambda0.90,carbonscaler_weighted,ontario,60,0,150.0,35.46,36.156666666666666
optionC_lambda0.90,carbonscaler_weighted,ontario,61,0,147.0,27.61,37.915
optionC_lambda0.90,carbonscaler_weighted,ontario,62,0,125.0,27.64,47.52583333333333
optionC_lambda0.90,carbonscaler_weighted,ontario,63,0,112.0,35.58,49.13999999999999
optionC_lambda0.90,carbonscaler_weighted,ontario,64,0,112.0,40.06,55.703333333333326
optionC_lambda0.90,carbonscaler_weighted,ontario,65,0,118.0,54.54,59.62166666666667
optionC_lambda0.90,carbonscaler_weighted,ontario,66,0,121.0,78.35,56.038333333333334
optionC_lambda0.90,carbonscaler_weighted,ontario,67,0,125.0,63.47,70.19416666666667
optionC_lambda0.90,carbonscaler_weighted,ontario,68,0,127.0,50.36,41.55166666666667
optionC_lambda0.90,carbonscaler_weighted,ontario,69,0,135.0,37.17,37.35
optionC_lambda0.90,carbonscaler_weighted,ontario,70,0,140.0,36.52,33.28666666666667
optionC_lambda0.90,carbonscaler_weighted,ontario,71,0,141.0,36.17,34.604166666666664
optionC_lambda0.90,carbonscaler_weighted,ontario,72,0,140.0,44.59,37.5325
optionC_lambda0.90,carbonscaler_weighted,ontario,73,0,135.0,43.38,37.89083333333333
optionC_lambda0.90,carbonscaler_weighted,ontario,74,0,131.0,37.79,36.09
optionC_lambda0.90,carbonscaler_weighted,ontario,75,0,109.0,39.96,37.805
optionC_lambda0.90,carbonscaler_weighted,ontario,76,0,112.0,39.81,38.26416666666667
optionC_lambda0.90,carbonscaler_weighted,ontario,77,0,122.0,46.47,64.16166666666668
optionC_lambda0.90,carbonscaler_weighted,ontario,78,0,120.0,65.6,129.94
optionC_lambda0.90,carbonscaler_weighted,ontario,79,0,113.0,75.85,113.37166666666667
optionC_lambda0.90,carbonscaler_weighted,ontario,80,0,119.0,63.62,202.23
optionC_lambda0.90,carbonscaler_weighted,ontario,81,0,124.0,49.56,84.56916666666667
optionC_lambda0.90,carbonscaler_weighted,ontario,82,0,139.0,43.01,43.4725
optionC_lambda0.90,carbonscaler_weighted,ontario,83,0,144.0,41.35,36.63666666666666
optionC_lambda0.90,carbonscaler_weighted,ontario,84,0,145.0,41.77,36.18333333333333
optionC_lambda0.90,carbonscaler_weighted,ontario,85,0,144.0,38.31,41.73416666666667
optionC_lambda0.90,carbonscaler_weighted,ontario,86,0,145.0,37.44,47.08166666666667
optionC_lambda0.90,carbonscaler_weighted,ontario,87,0,138.0,38.3,38.05
optionC_lambda0.90,carbonscaler_weighted,ontario,88,0,133.0,48.02,38.589999999999996
optionC_lambda0.90,carbonscaler_weighted,ontario,89,0,124.0,60.28,38.622499999999995
optionC_lambda0.90,carbonscaler_weighted,ontario,90,0,130.0,77.26,43.689166666666665
optionC_lambda0.90,carbonscaler_weighted,ontario,91,0,132.0,71.28,42.440000000000005
optionC_lambda0.90,carbonscaler_weighted,ontario,92,0,131.0,58.28,40.15083333333333
optionC_lambda0.90,carbonscaler_weighted,ontario,93,0,130.0,43.69,43.84
optionC_lambda0.90,carbonscaler_weighted,ontario,94,0,134.0,41.22,37.800000000000004
optionC_lambda0.90,carbonscaler_weighted,ontario,95,0,135.0,39.86,35.3275
optionC_lambda0.90,carbonscaler_weighted,ontario,96,0,137.0,44.42,25.348333333333333
optionC_lambda0.90,carbonscaler_weighted,ontario,97,0,135.0,38.25,23.953333333333333
optionC_lambda0.90,carbonscaler_weighted,ontario,98,0,138.0,36.09,14.425833333333332
optionC_lambda0.90,carbonscaler_weighted,ontario,99,0,134.0,36.48,33.902499999999996
optionC_lambda0.90,carbonscaler_weighted,ontario,100,0,123.0,33.49,20.290833333333335
optionC_lambda0.90,carbonscaler_weighted,ontario,101,0,98.0,36.58,35.770833333333336
optionC_lambda0.90,carbonscaler_weighted,ontario,102,0,86.0,43.16,39.869166666666665
optionC_lambda0.90,carbonscaler_weighted,ontario,103,0,80.0,56.13,52.47416666666666
optionC_lambda0.90,carbonscaler_weighted,ontario,104,0,86.0,47.7,234.91166666666666
optionC_lambda0.90,carbonscaler_weighted,ontario,105,0,85.0,38.56,300.13166666666666
optionC_lambda0.90,carbonscaler_weighted,ontario,106,0,100.0,38.34,65.23166666666667
optionC_lambda0.90,carbonscaler_weighted,ontario,107,0,98.0,44.24,37.69166666666667
optionC_lambda0.90,carbonscaler_weighted,ontario,108,0,107.0,40.02,37.711666666666666
optionC_lambda0.90,carbonscaler_weighted,ontario,109,0,117.0,39.73,31.875
optionC_lambda0.90,carbonscaler_weighted,ontario,110,0,121.0,45.08,31.05
optionC_lambda0.90,carbonscaler_weighted,ontario,111,0,120.0,43.22,29.790833333333335
optionC_lambda0.90,carbonscaler_weighted,ontario,112,0,113.0,50.91,36.05416666666667
optionC_lambda0.90,carbonscaler_weighted,ontario,113,0,111.0,59.6,27.55
optionC_lambda0.90,carbonscaler_weighted,ontario,114,0,109.0,68.96,35.61
optionC_lambda0.90,carbonscaler_weighted,ontario,115,0,110.0,64.28,38.329166666666666
optionC_lambda0.90,carbonscaler_weighted,ontario,116,0,102.0,54.21,36.972500000000004
optionC_lambda0.90,carbonscaler_weighted,ontario,117,0,111.0,46.3,37.40333333333333
optionC_lambda0.90,carbonscaler_weighted,ontario,118,0,99.0,43.91,30.51
optionC_lambda0.90,carbonscaler_weighted,ontario,119,0,100.0,38.92,27.84
optionC_lambda0.90,carbonscaler_weighted,ontario,120,0,107.0,44.41,38.76
optionC_lambda0.90,carbonscaler_weighted,ontario,121,0,101.0,39.33,36.759166666666665
optionC_lambda0.90,carbonscaler_weighted,ontario,122,0,101.0,37.31,34.015
optionC_lambda0.90,carbonscaler_weighted,ontario,123,0,97.0,39.4,38.65083333333333
optionC_lambda0.90,carbonscaler_weighted,ontario,124,0,93.0,40.41,38.821666666666665
optionC_lambda0.90,carbonscaler_weighted,ontario,125,0,91.0,51.01,54.589999999999996
optionC_lambda0.90,carbonscaler_weighted,ontario,126,0,89.0,51.96,41.85
optionC_lambda0.90,carbonscaler_weighted,ontario,127,0,90.0,53.48,35.2025
optionC_lambda0.90,carbonscaler_weighted,ontario,128,0,96.0,49.83,48.94583333333333
optionC_lambda0.90,carbonscaler_weighted,ontario,129,0,98.0,40.82,48.16583333333333
optionC_lambda0.90,carbonscaler_weighted,ontario,130,0,111.0,38.54,36.41416666666667
optionC_lambda0.90,carbonscaler_weighted,ontario,131,0,106.0,36.65,38.08583333333333
optionC_lambda0.90,carbonscaler_weighted,ontario,132,0,97.0,35.44,32.35166666666667
optionC_lambda0.90,carbonscaler_weighted,ontario,133,0,109.0,35.23,26.764166666666668
optionC_lambda0.90,carbonscaler_weighted,ontario,134,0,112.0,32.72,28.69333333333333
optionC_lambda0.90,carbonscaler_weighted,ontario,135,0,107.0,37.23,34.07666666666667
optionC_lambda0.90,carbonscaler_weighted,ontario,136,0,102.0,41.69,43.39333333333334
optionC_lambda0.90,carbonscaler_weighted,ontario,137,0,97.0,49.09,36.2775
optionC_lambda0.90,carbonscaler_weighted,ontario,138,0,89.0,57.12,26.605833333333333
optionC_lambda0.90,carbonscaler_weighted,ontario,139,0,89.0,51.5,26.763333333333335
optionC_lambda0.90,carbonscaler_weighted,ontario,140,0,89.0,43.25,35.38666666666667
optionC_lambda0.90,carbonscaler_weighted,ontario,141,0,93.0,40.56,36.7025
optionC_lambda0.90,carbonscaler_weighted,ontario,142,0,86.0,39.39,37.56166666666667
optionC_lambda0.90,carbonscaler_weighted,ontario,143,0,78.0,36.15,37.413333333333334
optionC_lambda0.90,carbonscaler_weighted,ontario,144,0,74.0,34.73,34.03416666666667
optionC_lambda0.90,carbonscaler_weighted,ontario,145,0,75.0,35.29,28.84
optionC_lambda0.90,carbonscaler_weighted,ontario,146,0,81.0,34.14,25.500833333333333
optionC_lambda0.90,carbonscaler_weighted,ontario,147,0,88.0,34.63,17.543333333333333
optionC_lambda0.90,carbonscaler_weighted,ontario,148,0,85.0,34.86,32.51083333333333
optionC_lambda0.90,carbonscaler_weighted,ontario,149,0,75.0,36.64,32.517500000000005
optionC_lambda0.90,carbonscaler_weighted,ontario,150,0,62.0,37.94,37.737500000000004
optionC_lambda0.90,carbonscaler_weighted,ontario,151,0,61.0,45.46,45.17249999999999
optionC_lambda0.90,carbonscaler_weighted,ontario,152,0,63.0,45.88,32.65416666666667
optionC_lambda0.90,carbonscaler_weighted,ontario,153,0,68.0,49.25,32.468333333333334
optionC_lambda0.90,carbonscaler_weighted,ontario,154,0,70.0,49.13,59.362500000000004
optionC_lambda0.90,carbonscaler_weighted,ontario,155,0,74.0,41.47,47.10333333333333
optionC_lambda0.90,carbonscaler_weighted,ontario,156,0,84.0,38.62,33.2075
optionC_lambda0.90,carbonscaler_weighted,ontario,157,0,77.0,37.08,20.526666666666667
optionC_lambda0.90,carbonscaler_weighted,ontario,158,0,71.0,36.15,22.862499999999997
optionC_lambda0.90,carbonscaler_weighted,ontario,159,0,79.0,35.85,27.621666666666666
optionC_lambda0.90,carbonscaler_weighted,ontario,160,0,86.0,36.64,37.75083333333333
optionC_lambda0.90,carbonscaler_weighted,ontario,161,0,77.0,45.69,38.839999999999996
optionC_lambda0.90,carbonscaler_weighted,ontario,162,0,71.0,53.03,36.770833333333336
optionC_lambda0.90,carbonscaler_weighted,ontario,163,0,72.0,50.95,38.96
optionC_lambda0.90,carbonscaler_weighted,ontario,164,0,78.0,46.81,33.8875
optionC_lambda0.90,carbonscaler_weighted,ontario,165,0,86.0,39.8,31.951666666666668
optionC_lambda0.90,carbonscaler_weighted,ontario,166,0,93.0,38.09,30.215000000000003
optionC_lambda0.90,carbonscaler_weighted,ontario,167,0,93.0,38.22,23.973333333333333
