policy,policy_name,sector_slug,slot_index,scale,carbon_intensity,day_ahead_price,real_time_price
carbonscaler_base,carbonscaler,texas,0,0,340.0,2.7171,19.7835
carbonscaler_base,carbonscaler,texas,1,0,334.0,1.3449,0.0
carbonscaler_base,carbonscaler,texas,2,0,325.0,5.195,2.3688
carbonscaler_base,carbonscaler,texas,3,0,322.0,9.8611,10.1846
carbonscaler_base,carbonscaler,texas,4,0,304.0,11.8125,28.564
carbonscaler_base,carbonscaler,texas,5,0,293.0,19.294,23.3675
carbonscaler_base,carbonscaler,texas,6,0,284.0,36.2998,38.29
carbonscaler_base,carbonscaler,texas,7,0,290.0,27.5667,24.2296
carbonscaler_base,carbonscaler,texas,8,0,303.0,24.4315,29.0522
carbonscaler_base,carbonscaler,texas,9,0,301.0,28.8027,32.8135
carbonscaler_base,carbonscaler,texas,10,0,308.0,24.4636,346.7163
carbonscaler_base,carbonscaler,texas,11,0,336.0,33.6767,42.589
carbonscaler_base,carbonscaler,texas,12,0,335.0,39.1998,51.1686
carbonscaler_base,carbonscaler,texas,13,0,298.0,34.3063,49.4026
carbonscaler_base,carbonscaler,texas,14,0,277.0,39.569,59.8679
carbonscaler_base,carbonscaler,texas,15,0,263.0,42.2112,35.1634
carbonscaler_base,carbonscaler,texas,16,0,254.0,57.9068,60.3454
carbonscaler_base,carbonscaler,texas,17,0,255.0,80.1899,74.5939
carbonscaler_base,carbonscaler,texas,18,0,261.0,106.0488,109.2037
carbonscaler_base,carbonscaler,texas,19,0,268.0,132.8887,128.107
carbonscaler_base,carbonscaler,texas,20,0,271.0,82.9492,67.0797
carbonscaler_base,carbonscaler,texas,21,0,267.0,51.7139,56.594
carbonscaler_base,carbonscaler,texas,22,0,282.0,38.4622,42.51
carbonscaler_base,carbonscaler,texas,23,0,322.0,32.1526,19.0312
carbonscaler_base,carbonscaler,texas,24,0,350.0,27.1545,35.3576
carbonscaler_base,carbonscaler,texas,25,0,357.0,25.651,27.8965
carbonscaler_base,carbonscaler,texas,26,0,353.0,22.6984,32.4946
carbonscaler_base,carbonscaler,texas,27,0,344.0,20.159,14.3143
carbonscaler_base,carbonscaler,texas,28,0,332.0,25.3854,12.5368
carbonscaler_base,carbonscaler,texas,29,0,328.0,18.0291,7.9323
carbonscaler_base,carbonscaler,texas,30,0,321.0,37.5367,38.1242
carbonscaler_base,carbonscaler,texas,31,0,314.0,37.8823,59.8233
carbonscaler_base,carbonscaler,texas,32,0,309.0,39.1592,39.1137
carbonscaler_base,carbonscaler,texas,33,0,315.0,39.3607,23.0984
carbonscaler_base,carbonscaler,texas,34,0,316.0,33.5461,30.0204
carbonscaler_base,carbonscaler,texas,35,0,329.0,38.9839,42.4006
carbonscaler_base,carbonscaler,texas,36,0,338.0,37.4294,24.2808
carbonscaler_base,carbonscaler,texas,37,0,310.0,46.9012,48.6362
carbonscaler_base,carbonscaler,texas,38,0,287.0,47.7789,44.1446
carbonscaler_base,carbonscaler,texas,39,0,262.0,54.3735,57.7048
carbonscaler_base,carbonscaler,texas,40,0,249.0,65.643,68.6683
carbonscaler_base,carbonscaler,texas,41,0,231.0,105.9408,170.0045
carbonscaler_base,carbonscaler,texas,42,0,227.0,114.5104,133.0124
carbonscaler_base,carbonscaler,texas,43,0,230.0,101.7509,117.7481
carbonscaler_base,carbonscaler,texas,44,0,237.0,76.1179,93.6385
carbonscaler_base,carbonscaler,texas,45,0,263.0,51.1903,40.3689
carbonscaler_base,carbonscaler,texas,46,0,291.0,43.5465,51.2038
carbonscaler_base,carbonscaler,texas,47,0,321.0,34.4971,20.1495
carbonscaler_base,carbonscaler,texas,48,0,335.0,14.1867,0.0
carbonscaler_base,carbonscaler,texas,49,0,332.0,12.514,0.0
carbonscaler_base,carbonscaler,texas,50,0,335.0,18.1734,0.3184
carbonscaler_base,carbonscaler,texas,51,0,338.0,13.2219,3.6162
carbonscaler_base,carbonscaler,texas,52,0,335.0,14.8731,0.0
carbonscaler_base,carbonscaler,texas,53,0,329.0,21.9972,17.4564
carbonscaler_base,carbonscaler,texas,54,0,341.0,36.8532,22.2035
carbonscaler_base,carbonscaler,texas,55,0,337.0,39.3156,41.3215
carbonscaler_base,carbonscaler,texas,56,0,341.0,42.147,40.4768
carbonscaler_base,carbonscaler,texas,57,0,353.0,41.8353,44.7207
carbonscaler_base,carbonscaler,texas,58,0,374.0,34.4659,39.4489
carbonscaler_base,carbonscaler,texas,59,0,377.0,42.167,12.681
carbonscaler_base,carbonscaler,texas,60,0,375.0,42.8955,49.4809
carbonscaler_base,carbonscaler,texas,61,0,338.0,46.3812,38.699
carbonscaler_base,carbonscaler,texas,62,0,274.0,59.523,46.6407
carbonscaler_base,carbonscaler,texas,63,0,225.0,65.1294,70.1304
carbonscaler_base,carbonscaler,texas,64,1,212.0,140.0144,360.7781
carbonscaler_base,carbonscaler,texas,65,0,229.0,93.3096,87.9547
carbonscaler_base,carbonscaler,texas,66,0,241.0,129.2569,126.1099
carbonscaler_base,carbonscaler,texas,67,0,254.0,122.9289,109.0783
carbonscaler_base,carbonscaler,texas,68,0,265.0,75.3539,80.136
carbonscaler_base,carbonscaler,texas,69,0,282.0,53.4538,76.4252
carbonscaler_base,carbonscaler,texas,70,0,288.0,42.2364,69.2432
carbonscaler_base,carbonscaler,texas,71,0,303.0,33.4643,51.6772
carbonscaler_base,carbonscaler,texas,72,0,371.0,16.4338,12.6414
carbonscaler_base,carbonscaler,texas,73,0,403.0,17.3869,13.1691
carbonscaler_base,carbonscaler,texas,74,0,399.0,15.7237,12.5321
carbonscaler_base,carbonscaler,texas,75,0,395.0,20.3812,0.0
carbonscaler_base,carbonscaler,texas,76,0,387.0,22.3649,38.2147
carbonscaler_base,carbonscaler,texas,77,0,376.0,19.1267,35.3487
carbonscaler_base,carbonscaler,texas,78,0,363.0,30.7259,32.2717
carbonscaler_base,carbonscaler,texas,79,0,351.0,39.3837,27.5496
carbonscaler_base,carbonscaler,texas,80,0,355.0,46.5555,46.829
carbonscaler_base,carbonscaler,texas,81,0,362.0,35.974,35.4505
carbonscaler_base,carbonscaler,texas,82,0,383.0,34.0064,57.6727
carbonscaler_base,carbonscaler,texas,83,0,390.0,31.9067,26.548
carbonscaler_base,carbonscaler,texas,84,0,368.0,34.962,5.3596
carbonscaler_base,carbonscaler,texas,85,0,280.0,34.0586,35.4138
carbonscaler_base,carbonscaler,texas,86,0,230.0,43.4345,47.6732
carbonscaler_base,carbonscaler,texas,87,0,214.0,51.8063,41.0602
carbonscaler_base,carbonscaler,texas,88,1,206.0,53.9044,54.4479
carbonscaler_base,carbonscaler,texas,89,1,201.0,88.3612,76.3964
carbonscaler_base,carbonscaler,texas,90,1,199.0,136.7502,141.8339
carbonscaler_base,carbonscaler,texas,91,1,200.0,126.6723,117.884
carbonscaler_base,carbonscaler,texas,92,1,209.0,76.3944,69.0769
carbonscaler_base,carbonscaler,texas,93,0,220.0,47.4043,37.6151
carbonscaler_base,carbonscaler,texas,94,0,232.0,39.7365,34.2156
carbonscaler_base,carbonscaler,texas,95,0,266.0,27.425,15.5748
carbonscaler_base,carbonscaler,texas,96,0,322.0,25.0826,47.2503
carbonscaler_base,carbonscaler,texas,97,0,328.0,17.0995,24.4525
carbonscaler_base,carbonscaler,texas,98,0,321.0,25.5646,17.0378
carbonscaler_base,carbonscaler,texas,99,0,314.0,17.8473,12.5728
carbonscaler_base,carbonscaler,texas,100,0,306.0,20.2266,20.265
carbonscaler_base,carbonscaler,texas,101,0,293.0,25.3695,37.6186
carbonscaler_base,carbonscaler,texas,102,0,279.0,46.1218,42.7089
carbonscaler_base,carbonscaler,texas,103,0,269.0,42.5633,62.9481
carbonscaler_base,carbonscaler,texas,104,0,265.0,43.3251,44.635
carbonscaler_base,carbonscaler,texas,105,0,265.0,43.3409,36.1985
carbonscaler_base,carbonscaler,texas,106,0,277.0,39.7885,35.6915
carbonscaler_base,carbonscaler,texas,107,0,290.0,38.4195,54.5078
carbonscaler_base,carbonscaler,texas,108,0,288.0,41.0196,58.5198
carbonscaler_base,carbonscaler,texas,109,0,223.0,40.8977,42.5473
carbonscaler_base,carbonscaler,texas,110,2,190.0,30.6921,267.8003
carbonscaler_base,carbonscaler,texas,111,2,190.0,40.2258,59.8233
carbonscaler_base,carbonscaler,texas,112,1,197.0,62.7982,57.4675
carbonscaler_base,carbonscaler,texas,113,1,207.0,84.2836,92.8026
carbonscaler_base,carbonscaler,texas,114,0,223.0,77.9912,70.2472
carbonscaler_base,carbonscaler,texas,115,0,237.0,60.8673,71.062
carbonscaler_base,carbonscaler,texas,116,0,242.0,52.0251,68.0758
carbonscaler_base,carbonscaler,texas,117,0,243.0,32.9567,15.8549
carbonscaler_base,carbonscaler,texas,118,0,275.0,25.6767,14.3177
carbonscaler_base,carbonscaler,texas,119,0,294.0,18.2446,28.757
carbonscaler_base,carbonscaler,texas,120,0,326.0,5.2222,38.4575
carbonscaler_base,carbonscaler,texas,121,0,327.0,6.3899,0.0
carbonscaler_base,carbonscaler,texas,122,0,323.0,1.2094,0.0
carbonscaler_base,carbonscaler,texas,123,0,317.0,2.5663,19.9849
carbonscaler_base,carbonscaler,texas,124,0,309.0,2.44,5.4982
carbonscaler_base,carbonscaler,texas,125,0,297.0,6.3236,4.4277
carbonscaler_base,carbonscaler,texas,126,0,284.0,0.0723,0.0
carbonscaler_base,carbonscaler,texas,127,0,271.0,2.1025,10.9873
carbonscaler_base,carbonscaler,texas,128,0,260.0,7.2852,2.7008
carbonscaler_base,carbonscaler,texas,129,0,264.0,7.7837,0.0
carbonscaler_base,carbonscaler,texas,130,0,263.0,7.3438,7.0744
carbonscaler_base,carbonscaler,texas,131,0,283.0,68.1531,349.2377
carbonscaler_base,carbonscaler,texas,132,0,290.0,7.7668,7.3921
carbonscaler_base,carbonscaler,texas,133,0,263.0,21.6033,40.6759
carbonscaler_base,carbonscaler,texas,134,0,245.0,27.8341,30.7104
carbonscaler_base,carbonscaler,texas,135,0,227.0,78.3788,290.532
carbonscaler_base,carbonscaler,texas,136,0,216.0,42.505,35.5581
carbonscaler_base,carbonscaler,texas,137,0,217.0,58.3833,39.0562
carbonscaler_base,carbonscaler,texas,138,0,239.0,65.7881,62.0908
carbonscaler_base,carbonscaler,texas,139,0,264.0,58.9557,66.9049
carbonscaler_base,carbonscaler,texas,140,0,268.0,53.3514,39.9203
carbonscaler_base,carbonscaler,texas,141,0,279.0,44.3403,37.2205
carbonscaler_base,carbonscaler,texas,142,0,289.0,29.2887,27.4594
carbonscaler_base,carbonscaler,texas,143,0,298.0,24.2492,20.7722
carbonscaler_base,carbonscaler,texas,144,0,379.0,13.5149,18.6664
carbonscaler_base,carbonscaler,texas,145,0,422.0,14.6108,27.7585
carbonscaler_base,carbonscaler,texas,146,0,427.0,14.7061,16.5099
carbonscaler_base,carbonscaler,texas,147,0,430.0,13.4113,9.6439
carbonscaler_base,carbonscaler,texas,148,0,424.0,17.8445,32.3596
carbonscaler_base,carbonscaler,texas,149,0,403.0,21.4911,23.4308
carbonscaler_base,carbonscaler,texas,150,0,399.0,28.0862,50.3212
carbonscaler_base,carbonscaler,texas,151,0,395.0,32.9188,7.5227
carbonscaler_base,carbonscaler,texas,152,0,398.0,25.434,18.3216
carbonscaler_base,carbonscaler,texas,153,0,407.0,23.9134,22.3007
carbonscaler_base,carbonscaler,texas,154,0,413.0,25.7573,38.1317
carbonscaler_base,carbonscaler,texas,155,0,421.0,20.3674,2.4598
carbonscaler_base,carbonscaler,texas,156,0,395.0,16.8689,0.0
carbonscaler_base,carbonscaler,texas,157,0,245.0,18.549,30.6115
carbonscaler_base,carbonscaler,texas,158,1,192.0,20.2695,21.8638
carbonscaler_base,carbonscaler,texas,159,2,175.0,24.7179,22.8081
carbonscaler_base,carbonscaler,texas,160,2,166.0,32.791,19.9428
carbonscaler_base,carbonscaler,texas,161,2,173.0,57.6742,43.3433
carbonscaler_base,carbonscaler,texas,162,2,174.0,71.8744,74.7083
carbonscaler_base,carbonscaler,texas,163,2,184.0,79.4686,88.9617
carbonscaler_base,carbonscaler,texas,164,1,192.0,62.1385,41.1144
carbonscaler_base,carbonscaler,texas,165,1,206.0,53.9103,45.5056
carbonscaler_base,carbonscaler,texas,166,0,225.0,37.0536,44.8039
carbonscaler_base,carbonscaler,texas,167,0,300.0,23.9403,21.661
price_only,price_only,texas,0,2,340.0,2.7171,19.7835
price_only,price_only,texas,1,2,334.0,1.3449,0.0
price_only,price_only,texas,2,2,325.0,5.195,2.3688
price_only,price_only,texas,3,0,322.0,9.8611,10.1846
price_only,price_only,texas,4,0,304.0,11.8125,28.564
price_only,price_only,texas,5,0,293.0,19.294,23.3675
price_only,price_only,texas,6,0,284.0,36.2998,38.29
price_only,price_only,texas,7,0,290.0,27.5667,24.2296
price_only,price_only,texas,8,0,303.0,24.4315,29.0522
price_only,price_only,texas,9,0,301.0,28.8027,32.8135
price_only,price_only,texas,10,0,308.0,24.4636,346.7163
price_only,price_only,texas,11,0,336.0,33.6767,42.589
price_only,price_only,texas,12,0,335.0,39.1998,51.1686
price_only,price_only,texas,13,0,298.0,34.3063,49.4026
price_only,price_only,texas,14,0,277.0,39.569,59.8679
price_only,price_only,texas,15,0,263.0,42.2112,35.1634
price_only,price_only,texas,16,0,254.0,57.9068,60.3454
price_only,price_only,texas,17,0,255.0,80.1899,74.5939
price_only,price_only,texas,18,0,261.0,106.0488,109.2037
price_only,price_only,texas,19,0,268.0,132.8887,128.107
price_only,price_only,texas,20,0,271.0,82.9492,67.0797
price_only,price_only,texas,21,0,267.0,51.7139,56.594
price_only,price_only,texas,22,0,282.0,38.4622,42.51
price_only,price_only,texas,23,0,322.0,32.1526,19.0312
price_only,price_only,texas,24,0,350.0,27.1545,35.3576
price_only,price_only,texas,25,0,357.0,25.651,27.8965
price_only,price_only,texas,26,0,353.0,22.6984,32.4946
price_only,price_only,texas,27,0,344.0,20.159,14.3143
price_only,price_only,texas,28,0,332.0,25.3854,12.5368
price_only,price_only,texas,29,0,328.0,18.0291,7.9323
price_only,price_only,texas,30,0,321.0,37.5367,38.1242
price_only,price_only,texas,31,0,314.0,37.8823,59.8233
price_only,price_only,texas,32,0,309.0,39.1592,39.1137
price_only,price_only,texas,33,0,315.0,39.3607,23.0984
price_only,price_only,texas,34,0,316.0,33.5461,30.0204
price_only,price_only,texas,35,0,329.0,38.9839,42.4006
price_only,price_only,texas,36,0,338.0,37.4294,24.2808
price_only,price_only,texas,37,0,310.0,46.9012,48.6362
price_only,price_only,texas,38,0,287.0,47.7789,44.1446
price_only,price_only,texas,39,0,262.0,54.3735,57.7048
price_only,price_only,texas,40,0,249.0,65.643,68.6683
price_only,price_only,texas,41,0,231.0,105.9408,170.0045
price_only,price_only,texas,42,0,227.0,114.5104,133.0124
price_only,price_only,texas,43,0,230.0,101.7509,117.7481
price_only,price_only,texas,44,0,237.0,76.1179,93.6385
price_only,price_only,texas,45,0,263.0,51.1903,40.3689
price_only,price_only,texas,46,0,291.0,43.5465,51.2038
price_only,price_only,texas,47,0,321.0,34.4971,20.1495
price_only,price_only,texas,48,0,335.0,14.1867,0.0
price_only,price_only,texas,49,0,332.0,12.514,0.0
price_only,price_only,texas,50,0,335.0,18.1734,0.3184
price_only,price_only,texas,51,0,338.0,13.2219,3.6162
price_only,price_only,texas,52,0,335.0,14.8731,0.0
price_only,price_only,texas,53,0,329.0,21.9972,17.4564
price_only,price_only,texas,54,0,341.0,36.8532,22.2035
price_only,price_only,texas,55,0,337.0,39.3156,41.3215
price_only,price_only,texas,56,0,341.0,42.147,40.4768
price_only,price_only,texas,57,0,353.0,41.8353,44.7207
price_only,price_only,texas,58,0,374.0,34.4659,39.4489
price_only,price_only,texas,59,0,377.0,42.167,12.681
price_only,price_only,texas,60,0,375.0,42.8955,49.4809
price_only,price_only,texas,61,0,338.0,46.3812,38.699
price_only,price_only,texas,62,0,274.0,59.523,46.6407
price_only,price_only,texas,63,0,225.0,65.1294,70.1304
price_only,price_only,texas,64,0,212.0,140.0144,360.7781
price_only,price_only,texas,65,0,229.0,93.3096,87.9547
price_only,price_only,texas,66,0,241.0,129.2569,126.1099
price_only,price_only,texas,67,0,254.0,122.9289,109.0783
price_only,price_only,texas,68,0,265.0,75.3539,80.136
price_only,price_only,texas,69,0,282.0,53.4538,76.4252
price_only,price_only,texas,70,0,288.0,42.2364,69.2432
price_only,price_only,texas,71,0,303.0,33.4643,51.6772
price_only,price_only,texas,72,0,371.0,16.4338,12.6414
price_only,price_only,texas,73,0,403.0,17.3869,13.1691
price_only,price_only,texas,74,0,399.0,15.7237,12.5321
price_only,price_only,texas,75,0,395.0,20.3812,0.0
price_only,price_only,texas,76,0,387.0,22.3649,38.2147
price_only,price_only,texas,77,0,376.0,19.1267,35.3487
price_only,price_only,texas,78,0,363.0,30.7259,32.2717
price_only,price_only,texas,79,0,351.0,39.3837,27.5496
price_only,price_only,texas,80,0,355.0,46.5555,46.829
price_only,price_only,texas,81,0,362.0,35.974,35.4505
price_only,price_only,texas,82,0,383.0,34.0064,57.6727
price_only,price_only,texas,83,0,390.0,31.9067,26.548
price_only,price_only,texas,84,0,368.0,34.962,5.3596
price_only,price_only,texas,85,0,280.0,34.0586,35.4138
price_only,price_only,texas,86,0,230.0,43.4345,47.6732
price_only,price_only,texas,87,0,214.0,51.8063,41.0602
price_only,price_only,texas,88,0,206.0,53.9044,54.4479
price_only,price_only,texas,89,0,201.0,88.3612,76.3964
price_only,price_only,texas,90,0,199.0,136.7502,141.8339
price_only,price_only,texas,91,0,200.0,126.6723,117.884
price_only,price_only,texas,92,0,209.0,76.3944,69.0769
price_only,price_only,texas,93,0,220.0,47.4043,37.6151
price_only,price_only,texas,94,0,232.0,39.7365,34.2156
price_only,price_only,texas,95,0,266.0,27.425,15.5748
price_only,price_only,texas,96,0,322.0,25.0826,47.2503
price_only,price_only,texas,97,0,328.0,17.0995,24.4525
price_only,price_only,texas,98,0,321.0,25.5646,17.0378
price_only,price_only,texas,99,0,314.0,17.8473,12.5728
price_only,price_only,texas,100,0,306.0,20.2266,20.265
price_only,price_only,texas,101,0,293.0,25.3695,37.6186
price_only,price_only,texas,102,0,279.0,46.1218,42.7089
price_only,price_only,texas,103,0,269.0,42.5633,62.9481
price_only,price_only,texas,104,0,265.0,43.3251,44.635
price_only,price_only,texas,105,0,265.0,43.3409,36.1985
price_only,price_only,texas,106,0,277.0,39.7885,35.6915
price_only,price_only,texas,107,0,290.0,38.4195,54.5078
price_only,price_only,texas,108,0,288.0,41.0196,58.5198
price_only,price_only,texas,109,0,223.0,40.8977,42.5473
price_only,price_only,texas,110,0,190.0,30.6921,267.8003
price_only,price_only,texas,111,0,190.0,40.2258,59.8233
price_only,price_only,texas,112,0,197.0,62.7982,57.4675
price_only,price_only,texas,113,0,207.0,84.2836,92.8026
price_only,price_only,texas,114,0,223.0,77.9912,70.2472
price_only,price_only,texas,115,0,237.0,60.8673,71.062
price_only,price_only,texas,116,0,242.0,52.0251,68.0758
price_only,price_only,texas,117,0,243.0,32.9567,15.8549
price_only,price_only,texas,118,0,275.0,25.6767,14.3177
price_only,price_only,texas,119,0,294.0,18.2446,28.757
price_only,price_only,texas,120,2,326.0,5.2222,38.4575
price_only,price_only,texas,121,2,327.0,6.3899,0.0
price_only,price_only,texas,122,2,323.0,1.2094,0.0
price_only,price_only,texas,123,2,317.0,2.5663,19.9849
price_only,price_only,texas,124,2,309.0,2.44,5.4982
price_only,price_only,texas,125,2,297.0,6.3236,4.4277
price_only,price_only,texas,126,2,284.0,0.0723,0.0
price_only,price_only,texas,127,2,271.0,2.1025,10.9873
price_only,price_only,texas,128,2,260.0,7.2852,2.7008
price_only,price_only,texas,129,0,264.0,7.7837,0.0
price_only,price_only,texas,130,2,263.0,7.3438,7.0744
price_only,price_only,texas,131,0,283.0,68.1531,349.2377
price_only,price_only,texas,132,0,290.0,7.7668,7.3921
price_only,price_only,texas,133,0,263.0,21.6033,40.6759
price_only,price_only,texas,134,0,245.0,27.8341,30.7104
price_only,price_only,texas,135,0,227.0,78.3788,290.532
price_only,price_only,texas,136,0,216.0,42.505,35.5581
price_only,price_only,texas,137,0,217.0,58.3833,39.0562
price_only,price_only,texas,138,0,239.0,65.7881,62.0908
price_only,price_only,texas,139,0,264.0,58.9557,66.9049
price_only,price_only,texas,140,0,268.0,53.3514,39.9203
price_only,price_only,texas,141,0,279.0,44.3403,37.2205
price_only,price_only,texas,142,0,289.0,29.2887,27.4594
price_only,price_only,texas,143,0,298.0,24.2492,20.7722
price_only,price_only,texas,144,0,379.0,13.5149,18.6664
price_only,price_only,texas,145,0,422.0,14.6108,27.7585
price_only,price_only,texas,146,0,427.0,14.7061,16.5099
price_only,price_only,texas,147,0,430.0,13.4113,9.6439
price_only,price_only,texas,148,0,424.0,17.8445,32.3596
price_only,price_only,texas,149,0,403.0,21.4911,23.4308
price_only,price_only,texas,150,0,399.0,28.0862,50.3212
price_only,price_only,texas,151,0,395.0,32.9188,7.5227
price_only,price_only,texas,152,0,398.0,25.434,18.3216
price_only,price_only,texas,153,0,407.0,23.9134,22.3007
price_only,price_only,texas,154,0,413.0,25.7573,38.1317
price_only,price_only,texas,155,0,421.0,20.3674,2.4598
price_only,price_only,texas,156,0,395.0,16.8689,0.0
price_only,price_only,texas,157,0,245.0,18.549,30.6115
price_only,price_only,texas,158,0,192.0,20.2695,21.8638
price_only,price_only,texas,159,0,175.0,24.7179,22.8081
price_only,price_only,texas,160,0,166.0,32.791,19.9428
price_only,price_only,texas,161,0,173.0,57.6742,43.3433
price_only,price_only,texas,162,0,174.0,71.8744,74.7083
price_only,price_only,texas,163,0,184.0,79.4686,88.9617
price_only,price_only,texas,164,0,192.0,62.1385,41.1144
price_only,price_only,texas,165,0,206.0,53.9103,45.5056
price_only,price_only,texas,166,0,225.0,37.0536,44.8039
price_only,price_only,texas,167,0,300.0,23.9403,21.661
optionA_tie_0.01,carbonscaler_price_tiebreak,texas,0,0,340.0,2.7171,19.7835
optionA_tie_0.01,carbonscaler_price_tiebreak,texas,1,0,334.0,1.3449,0.0
optionA_tie_0.01,carbonscaler_price_tiebreak,texas,2,0,325.0,5.195,2.3688
optionA_tie_0.01,carbonscaler_price_tiebreak,texas,3,0,322.0,9.8611,10.1846
optionA_tie_0.01,carbonscaler_price_tiebreak,texas,4,0,304.0,11.8125,28.564
optionA_tie_0.01,carbonscaler_price_tiebreak,texas,5,0,293.0,19.294,23.3675
optionA_tie_0.01,carbonscaler_price_tiebreak,texas,6,0,284.0,36.2998,38.29
optionA_tie_0.01,carbonscaler_price_tiebreak,texas,7,0,290.0,27.5667,24.2296
optionA_tie_0.01,carbonscaler_price_tiebreak,texas,8,0,303.0,24.4315,29.0522
optionA_tie_0.01,carbonscaler_price_tiebreak,texas,9,0,301.0,28.8027,32.8135
optionA_tie_0.01,carbonscaler_price_tiebreak,texas,10,0,308.0,24.4636,346.7163
optionA_tie_0.01,carbonscaler_price_tiebreak,texas,11,0,336.0,33.6767,42.589
optionA_tie_0.01,carbonscaler_price_tiebreak,texas,12,0,335.0,39.1998,51.1686
optionA_tie_0.01,carbonscaler_price_tiebreak,texas,13,0,298.0,34.3063,49.4026
optionA_tie_0.01,carbonscaler_price_tiebreak,texas,14,0,277.0,39.569,59.8679
optionA_tie_0.01,carbonscaler_price_tiebreak,texas,15,0,263.0,42.2112,35.1634
optionA_tie_0.01,carbonscaler_price_tiebreak,texas,16,0,254.0,57.9068,60.3454
optionA_tie_0.01,carbonscaler_price_tiebreak,texas,17,0,255.0,80.1899,74.5939
optionA_tie_0.01,carbonscaler_price_tiebreak,texas,18,0,261.0,106.0488,109.2037
optionA_tie_0.01,carbonscaler_price_tiebreak,texas,19,0,268.0,132.8887,128.107
optionA_tie_0.01,carbonscaler_price_tiebreak,texas,20,0,271.0,82.9492,67.0797
optionA_tie_0.01,carbonscaler_price_tiebreak,texas,21,0,267.0,51.7139,56.594
optionA_tie_0.01,carbonscaler_price_tiebreak,texas,22,0,282.0,38.4622,42.51
optionA_tie_0.01,carbonscaler_price_tiebreak,texas,23,0,322.0,32.1526,19.0312
optionA_tie_0.01,carbonscaler_price_tiebreak,texas,24,0,350.0,27.1545,35.3576
optionA_tie_0.01,carbonscaler_price_tiebreak,texas,25,0,357.0,25.651,27.8965
optionA_tie_0.01,carbonscaler_price_tiebreak,texas,26,0,353.0,22.6984,32.4946
optionA_tie_0.01,carbonscaler_price_tiebreak,texas,27,0,344.0,20.159,14.3143
optionA_tie_0.01,carbonscaler_price_tiebreak,texas,28,0,332.0,25.3854,12.5368
optionA_tie_0.01,carbonscaler_price_tiebreak,texas,29,0,328.0,18.0291,7.9323
optionA_tie_0.01,carbonscaler_price_tiebreak,texas,30,0,321.0,37.5367,38.1242
optionA_tie_0.01,carbonscaler_price_tiebreak,texas,31,0,314.0,37.8823,59.8233
optionA_tie_0.01,carbonscaler_price_tiebreak,texas,32,0,309.0,39.1592,39.1137
optionA_tie_0.01,carbonscaler_price_tiebreak,texas,33,0,315.0,39.3607,23.0984
optionA_tie_0.01,carbonscaler_price_tiebreak,texas,34,0,316.0,33.5461,30.0204
optionA_tie_0.01,carbonscaler_price_tiebreak,texas,35,0,329.0,38.9839,42.4006
optionA_tie_0.01,carbonscaler_price_tiebreak,texas,36,0,338.0,37.4294,24.2808
optionA_tie_0.01,carbonscaler_price_tiebreak,texas,37,0,310.0,46.9012,48.6362
optionA_tie_0.01,carbonscaler_price_tiebreak,texas,38,0,287.0,47.7789,44.1446
optionA_tie_0.01,carbonscaler_price_tiebreak,texas,39,0,262.0,54.3735,57.7048
optionA_tie_0.01,carbonscaler_price_tiebreak,texas,40,0,249.0,65.643,68.6683
optionA_tie_0.01,carbonscaler_price_tiebreak,texas,41,0,231.0,105.9408,170.0045
optionA_tie_0.01,carbonscaler_price_tiebreak,texas,42,0,227.0,114.5104,133.0124
optionA_tie_0.01,carbonscaler_price_tiebreak,texas,43,0,230.0,101.7509,117.7481
optionA_tie_0.01,carbonscaler_price_tiebreak,texas,44,0,237.0,76.1179,93.6385
optionA_tie_0.01,carbonscaler_price_tiebreak,texas,45,0,263.0,51.1903,40.3689
optionA_tie_0.01,carbonscaler_price_tiebreak,texas,46,0,291.0,43.5465,51.2038
optionA_tie_0.01,carbonscaler_price_tiebreak,texas,47,0,321.0,34.4971,20.1495
optionA_tie_0.01,carbonscaler_price_tiebreak,texas,48,0,335.0,14.1867,0.0
optionA_tie_0.01,carbonscaler_price_tiebreak,texas,49,0,332.0,12.514,0.0
optionA_tie_0.01,carbonscaler_price_tiebreak,texas,50,0,335.0,18.1734,0.3184
optionA_tie_0.01,carbonscaler_price_tiebreak,texas,51,0,338.0,13.2219,3.6162
optionA_tie_0.01,carbonscaler_price_tiebreak,texas,52,0,335.0,14.8731,0.0
optionA_tie_0.01,carbonscaler_price_tiebreak,texas,53,0,329.0,21.9972,17.4564
optionA_tie_0.01,carbonscaler_price_tiebreak,texas,54,0,341.0,36.8532,22.2035
optionA_tie_0.01,carbonscaler_price_tiebreak,texas,55,0,337.0,39.3156,41.3215
optionA_tie_0.01,carbonscaler_price_tiebreak,texas,56,0,341.0,42.147,40.4768
optionA_tie_0.01,carbonscaler_price_tiebreak,texas,57,0,353.0,41.8353,44.7207
optionA_tie_0.01,carbonscaler_price_tiebreak,texas,58,0,374.0,34.4659,39.4489
optionA_tie_0.01,carbonscaler_price_tiebreak,texas,59,0,377.0,42.167,12.681
optionA_tie_0.01,carbonscaler_price_tiebreak,texas,60,0,375.0,42.8955,49.4809
optionA_tie_0.01,carbonscaler_price_tiebreak,texas,61,0,338.0,46.3812,38.699
optionA_tie_0.01,carbonscaler_price_tiebreak,texas,62,0,274.0,59.523,46.6407
optionA_tie_0.01,carbonscaler_price_tiebreak,texas,63,0,225.0,65.1294,70.1304
optionA_tie_0.01,carbonscaler_price_tiebreak,texas,64,0,212.0,140.0144,360.7781
optionA_tie_0.01,carbonscaler_price_tiebreak,texas,65,0,229.0,93.3096,87.9547
optionA_tie_0.01,carbonscaler_price_tiebreak,texas,66,0,241.0,129.2569,126.1099
optionA_tie_0.01,carbonscaler_price_tiebreak,texas,67,0,254.0,122.9289,109.0783
optionA_tie_0.01,carbonscaler_price_tiebreak,texas,68,0,265.0,75.3539,80.136
optionA_tie_0.01,carbonscaler_price_tiebreak,texas,69,0,282.0,53.4538,76.4252
optionA_tie_0.01,carbonscaler_price_tiebreak,texas,70,0,288.0,42.2364,69.2432
optionA_tie_0.01,carbonscaler_price_tiebreak,texas,71,0,303.0,33.4643,51.6772
optionA_tie_0.01,carbonscaler_price_tiebreak,texas,72,0,371.0,16.4338,12.6414
optionA_tie_0.01,carbonscaler_price_tiebreak,texas,73,0,403.0,17.3869,13.1691
optionA_tie_0.01,carbonscaler_price_tiebreak,texas,74,0,399.0,15.7237,12.5321
optionA_tie_0.01,carbonscaler_price_tiebreak,texas,75,0,395.0,20.3812,0.0
optionA_tie_0.01,carbonscaler_price_tiebreak,texas,76,0,387.0,22.3649,38.2147
optionA_tie_0.01,carbonscaler_price_tiebreak,texas,77,0,376.0,19.1267,35.3487
optionA_tie_0.01,carbonscaler_price_tiebreak,texas,78,0,363.0,30.7259,32.2717
optionA_tie_0.01,carbonscaler_price_tiebreak,texas,79,0,351.0,39.3837,27.5496
optionA_tie_0.01,carbonscaler_price_tiebreak,texas,80,0,355.0,46.5555,46.829
optionA_tie_0.01,carbonscaler_price_tiebreak,texas,81,0,362.0,35.974,35.4505
optionA_tie_0.01,carbonscaler_price_tiebreak,texas,82,0,383.0,34.0064,57.6727
optionA_tie_0.01,carbonscaler_price_tiebreak,texas,83,0,390.0,31.9067,26.548
optionA_tie_0.01,carbonscaler_price_tiebreak,texas,84,0,368.0,34.962,5.3596
optionA_tie_0.01,carbonscaler_price_tiebreak,texas,85,0,280.0,34.0586,35.4138
optionA_tie_0.01,carbonscaler_price_tiebreak,texas,86,0,230.0,43.4345,47.6732
optionA_tie_0.01,carbonscaler_price_tiebreak,texas,87,1,214.0,51.8063,41.0602
optionA_tie_0.01,carbonscaler_price_tiebreak,texas,88,1,206.0,53.9044,54.4479
optionA_tie_0.01,carbonscaler_price_tiebreak,texas,89,1,201.0,88.3612,76.3964
optionA_tie_0.01,carbonscaler_price_tiebreak,texas,90,1,199.0,136.7502,141.8339
optionA_tie_0.01,carbonscaler_price_tiebreak,texas,91,1,200.0,126.6723,117.884
optionA_tie_0.01,carbonscaler_price_tiebreak,texas,92,1,209.0,76.3944,69.0769
optionA_tie_0.01,carbonscaler_price_tiebreak,texas,93,0,220.0,47.4043,37.6151
optionA_tie_0.01,carbonscaler_price_tiebreak,texas,94,0,232.0,39.7365,34.2156
optionA_tie_0.01,carbonscaler_price_tiebreak,texas,95,0,266.0,27.425,15.5748
optionA_tie_0.01,carbonscaler_price_tiebreak,texas,96,0,322.0,25.0826,47.2503
optionA_tie_0.01,carbonscaler_price_tiebreak,texas,97,0,328.0,17.0995,24.4525
optionA_tie_0.01,carbonscaler_price_tiebreak,texas,98,0,321.0,25.5646,17.0378
optionA_tie_0.01,carbonscaler_price_tiebreak,texas,99,0,314.0,17.8473,12.5728
optionA_tie_0.01,carbonscaler_price_tiebreak,texas,100,0,306.0,20.2266,20.265
optionA_tie_0.01,carbonscaler_price_tiebreak,texas,101,0,293.0,25.3695,37.6186
optionA_tie_0.01,carbonscaler_price_tiebreak,texas,102,0,279.0,46.1218,42.7089
optionA_tie_0.01,carbonscaler_price_tiebreak,texas,103,0,269.0,42.5633,62.9481
optionA_tie_0.01,carbonscaler_price_tiebreak,texas,104,0,265.0,43.3251,44.635
optionA_tie_0.01,carbonscaler_price_tiebreak,texas,105,0,265.0,43.3409,36.1985
optionA_tie_0.01,carbonscaler_price_tiebreak,texas,106,0,277.0,39.7885,35.6915
optionA_tie_0.01,carbonscaler_price_tiebreak,texas,107,0,290.0,38.4195,54.5078
optionA_tie_0.01,carbonscaler_price_tiebreak,texas,108,0,288.0,41.0196,58.5198
optionA_tie_0.01,carbonscaler_price_tiebreak,texas,109,0,223.0,40.8977,42.5473
optionA_tie_0.01,carbonscaler_price_tiebreak,texas,110,2,190.0,30.6921,267.8003
optionA_tie_0.01,carbonscaler_price_tiebreak,texas,111,2,190.0,40.2258,59.8233
optionA_tie_0.01,carbonscaler_price_tiebreak,texas,112,1,197.0,62.7982,57.4675
optionA_tie_0.01,carbonscaler_price_tiebreak,texas,113,1,207.0,84.2836,92.8026
optionA_tie_0.01,carbonscaler_price_tiebreak,texas,114,0,223.0,77.9912,70.2472
optionA_tie_0.01,carbonscaler_price_tiebreak,texas,115,0,237.0,60.8673,71.062
optionA_tie_0.01,carbonscaler_price_tiebreak,texas,116,0,242.0,52.0251,68.0758
optionA_tie_0.01,carbonscaler_price_tiebreak,texas,117,0,243.0,32.9567,15.8549
optionA_tie_0.01,carbonscaler_price_tiebreak,texas,118,0,275.0,25.6767,14.3177
optionA_tie_0.01,carbonscaler_price_tiebreak,texas,119,0,294.0,18.2446,28.757
optionA_tie_0.01,carbonscaler_price_tiebreak,texas,120,0,326.0,5.2222,38.4575
optionA_tie_0.01,carbonscaler_price_tiebreak,texas,121,0,327.0,6.3899,0.0
optionA_tie_0.01,carbonscaler_price_tiebreak,texas,122,0,323.0,1.2094,0.0
optionA_tie_0.01,carbonscaler_price_tiebreak,texas,123,0,317.0,2.5663,19.9849
optionA_tie_0.01,carbonscaler_price_tiebreak,texas,124,0,309.0,2.44,5.4982
optionA_tie_0.01,carbonscaler_price_tiebreak,texas,125,0,297.0,6.3236,4.4277
optionA_tie_0.01,carbonscaler_price_tiebreak,texas,126,0,284.0,0.0723,0.0
optionA_tie_0.01,carbonscaler_price_tiebreak,texas,127,0,271.0,2.1025,10.9873
optionA_tie_0.01,carbonscaler_price_tiebreak,texas,128,0,260.0,7.2852,2.7008
optionA_tie_0.01,carbonscaler_price_tiebreak,texas,129,0,264.0,7.7837,0.0
optionA_tie_0.01,carbonscaler_price_tiebreak,texas,130,0,263.0,7.3438,7.0744
optionA_tie_0.01,carbonscaler_price_tiebreak,texas,131,0,283.0,68.1531,349.2377
optionA_tie_0.01,carbonscaler_price_tiebreak,texas,132,0,290.0,7.7668,7.3921
optionA_tie_0.01,carbonscaler_price_tiebreak,texas,133,0,263.0,21.6033,40.6759
optionA_tie_0.01,carbonscaler_price_tiebreak,texas,134,0,245.0,27.8341,30.7104
optionA_tie_0.01,carbonscaler_price_tiebreak,texas,135,0,227.0,78.3788,290.532
optionA_tie_0.01,carbonscaler_price_tiebreak,texas,136,0,216.0,42.505,35.5581
optionA_tie_0.01,carbonscaler_price_tiebreak,texas,137,0,217.0,58.3833,39.0562
optionA_tie_0.01,carbonscaler_price_tiebreak,texas,138,0,239.0,65.7881,62.0908
optionA_tie_0.01,carbonscaler_price_tiebreak,texas,139,0,264.0,58.9557,66.9049
optionA_tie_0.01,carbonscaler_price_tiebreak,texas,140,0,268.0,53.3514,39.9203
optionA_tie_0.01,carbonscaler_price_tiebreak,texas,141,0,279.0,44.3403,37.2205
optionA_tie_0.01,carbonscaler_price_tiebreak,texas,142,0,289.0,29.2887,27.4594
optionA_tie_0.01,carbonscaler_price_tiebreak,texas,143,0,298.0,24.2492,20.7722
optionA_tie_0.01,carbonscaler_price_tiebreak,texas,144,0,379.0,13.5149,18.6664
optionA_tie_0.01,carbonscaler_price_tiebreak,texas,145,0,422.0,14.6108,27.7585
optionA_tie_0.01,carbonscaler_price_tiebreak,texas,146,0,427.0,14.7061,16.5099
optionA_tie_0.01,carbonscaler_price_tiebreak,texas,147,0,430.0,13.4113,9.6439
optionA_tie_0.01,carbonscaler_price_tiebreak,texas,148,0,424.0,17.8445,32.3596
optionA_tie_0.01,carbonscaler_price_tiebreak,texas,149,0,403.0,21.4911,23.4308
optionA_tie_0.01,carbonscaler_price_tiebreak,texas,150,0,399.0,28.0862,50.3212
optionA_tie_0.01,carbonscaler_price_tiebreak,texas,151,0,395.0,32.9188,7.5227
optionA_tie_0.01,carbonscaler_price_tiebreak,texas,152,0,398.0,25.434,18.3216
optionA_tie_0.01,carbonscaler_price_tiebreak,texas,153,0,407.0,23.9134,22.3007
optionA_tie_0.01,carbonscaler_price_tiebreak,texas,154,0,413.0,25.7573,38.1317
optionA_tie_0.01,carbonscaler_price_tiebreak,texas,155,0,421.0,20.3674,2.4598
optionA_tie_0.01,carbonscaler_price_tiebreak,texas,156,0,395.0,16.8689,0.0
optionA_tie_0.01,carbonscaler_price_tiebreak,texas,157,0,245.0,18.549,30.6115
optionA_tie_0.01,carbonscaler_price_tiebreak,texas,158,1,192.0,20.2695,21.8638
optionA_tie_0.01,carbonscaler_price_tiebreak,texas,159,2,175.0,24.7179,22.8081
optionA_tie_0.01,carbonscaler_price_tiebreak,texas,160,2,166.0,32.791,19.9428
optionA_tie_0.01,carbonscaler_price_tiebreak,texas,161,2,173.0,57.6742,43.3433
optionA_tie_0.01,carbonscaler_price_tiebreak,texas,162,2,174.0,71.8744,74.7083
optionA_tie_0.01,carbonscaler_price_tiebreak,texas,163,2,184.0,79.4686,88.9617
optionA_tie_0.01,carbonscaler_price_tiebreak,texas,164,1,192.0,62.1385,41.1144
optionA_tie_0.01,carbonscaler_price_tiebreak,texas,165,1,206.0,53.9103,45.5056
optionA_tie_0.01,carbonscaler_price_tiebreak,texas,166,0,225.0,37.0536,44.8039
optionA_tie_0.01,carbonscaler_price_tiebreak,texas,167,0,300.0,23.9403,21.661
optionA_tie_0.03,carbonscaler_price_tiebreak,texas,0,0,340.0,2.7171,19.7835
optionA_tie_0.03,carbonscaler_price_tiebreak,texas,1,0,334.0,1.3449,0.0
optionA_tie_0.03,carbonscaler_price_tiebreak,texas,2,0,325.0,5.195,2.3688
optionA_tie_0.03,carbonscaler_price_tiebreak,texas,3,0,322.0,9.8611,10.1846
optionA_tie_0.03,carbonscaler_price_tiebreak,texas,4,0,304.0,11.8125,28.564
optionA_tie_0.03,carbonscaler_price_tiebreak,texas,5,0,293.0,19.294,23.3675
optionA_tie_0.03,carbonscaler_price_tiebreak,texas,6,0,284.0,36.2998,38.29
optionA_tie_0.03,carbonscaler_price_tiebreak,texas,7,0,290.0,27.5667,24.2296
optionA_tie_0.03,carbonscaler_price_tiebreak,texas,8,0,303.0,24.4315,29.0522
optionA_tie_0.03,carbonscaler_price_tiebreak,texas,9,0,301.0,28.8027,32.8135
optionA_tie_0.03,carbonscaler_price_tiebreak,texas,10,0,308.0,24.4636,346.7163
optionA_tie_0.03,carbonscaler_price_tiebreak,texas,11,0,336.0,33.6767,42.589
optionA_tie_0.03,carbonscaler_price_tiebreak,texas,12,0,335.0,39.1998,51.1686
optionA_tie_0.03,carbonscaler_price_tiebreak,texas,13,0,298.0,34.3063,49.4026
optionA_tie_0.03,carbonscaler_price_tiebreak,texas,14,0,277.0,39.569,59.8679
optionA_tie_0.03,carbonscaler_price_tiebreak,texas,15,0,263.0,42.2112,35.1634
optionA_tie_0.03,carbonscaler_price_tiebreak,texas,16,0,254.0,57.9068,60.3454
optionA_tie_0.03,carbonscaler_price_tiebreak,texas,17,0,255.0,80.1899,74.5939
optionA_tie_0.03,carbonscaler_price_tiebreak,texas,18,0,261.0,106.0488,109.2037
optionA_tie_0.03,carbonscaler_price_tiebreak,texas,19,0,268.0,132.8887,128.107
optionA_tie_0.03,carbonscaler_price_tiebreak,texas,20,0,271.0,82.9492,67.0797
optionA_tie_0.03,carbonscaler_price_tiebreak,texas,21,0,267.0,51.7139,56.594
optionA_tie_0.03,carbonscaler_price_tiebreak,texas,22,0,282.0,38.4622,42.51
optionA_tie_0.03,carbonscaler_price_tiebreak,texas,23,0,322.0,32.1526,19.0312
optionA_tie_0.03,carbonscaler_price_tiebreak,texas,24,0,350.0,27.1545,35.3576
optionA_tie_0.03,carbonscaler_price_tiebreak,texas,25,0,357.0,25.651,27.8965
optionA_tie_0.03,carbonscaler_price_tiebreak,texas,26,0,353.0,22.6984,32.4946
optionA_tie_0.03,carbonscaler_price_tiebreak,texas,27,0,344.0,20.159,14.3143
optionA_tie_0.03,carbonscaler_price_tiebreak,texas,28,0,332.0,25.3854,12.5368
optionA_tie_0.03,carbonscaler_price_tiebreak,texas,29,0,328.0,18.0291,7.9323
optionA_tie_0.03,carbonscaler_price_tiebreak,texas,30,0,321.0,37.5367,38.1242
optionA_tie_0.03,carbonscaler_price_tiebreak,texas,31,0,314.0,37.8823,59.8233
optionA_tie_0.03,carbonscaler_price_tiebreak,texas,32,0,309.0,39.1592,39.1137
optionA_tie_0.03,carbonscaler_price_tiebreak,texas,33,0,315.0,39.3607,23.0984
optionA_tie_0.03,carbonscaler_price_tiebreak,texas,34,0,316.0,33.5461,30.0204
optionA_tie_0.03,carbonscaler_price_tiebreak,texas,35,0,329.0,38.9839,42.4006
optionA_tie_0.03,carbonscaler_price_tiebreak,texas,36,0,338.0,37.4294,24.2808
optionA_tie_0.03,carbonscaler_price_tiebreak,texas,37,0,310.0,46.9012,48.6362
optionA_tie_0.03,carbonscaler_price_tiebreak,texas,38,0,287.0,47.7789,44.1446
optionA_tie_0.03,carbonscaler_price_tiebreak,texas,39,0,262.0,54.3735,57.7048
optionA_tie_0.03,carbonscaler_price_tiebreak,texas,40,0,249.0,65.643,68.6683
optionA_tie_0.03,carbonscaler_price_tiebreak,texas,41,0,231.0,105.9408,170.0045
optionA_tie_0.03,carbonscaler_price_tiebreak,texas,42,0,227.0,114.5104,133.0124
optionA_tie_0.03,carbonscaler_price_tiebreak,texas,43,0,230.0,101.7509,117.7481
optionA_tie_0.03,carbonscaler_price_tiebreak,texas,44,0,237.0,76.1179,93.6385
optionA_tie_0.03,carbonscaler_price_tiebreak,texas,45,0,263.0,51.1903,40.3689
optionA_tie_0.03,carbonscaler_price_tiebreak,texas,46,0,291.0,43.5465,51.2038
optionA_tie_0.03,carbonscaler_price_tiebreak,texas,47,0,321.0,34.4971,20.1495
optionA_tie_0.03,carbonscaler_price_tiebreak,texas,48,0,335.0,14.1867,0.0
optionA_tie_0.03,carbonscaler_price_tiebreak,texas,49,0,332.0,12.514,0.0
optionA_tie_0.03,carbonscaler_price_tiebreak,texas,50,0,335.0,18.1734,0.3184
optionA_tie_0.03,carbonscaler_price_tiebreak,texas,51,0,338.0,13.2219,3.6162
optionA_tie_0.03,carbonscaler_price_tiebreak,texas,52,0,335.0,14.8731,0.0
optionA_tie_0.03,carbonscaler_price_tiebreak,texas,53,0,329.0,21.9972,17.4564
optionA_tie_0.03,carbonscaler_price_tiebreak,texas,54,0,341.0,36.8532,22.2035
optionA_tie_0.03,carbonscaler_price_tiebreak,texas,55,0,337.0,39.3156,41.3215
optionA_tie_0.03,carbonscaler_price_tiebreak,texas,56,0,341.0,42.147,40.4768
optionA_tie_0.03,carbonscaler_price_tiebreak,texas,57,0,353.0,41.8353,44.7207
optionA_tie_0.03,carbonscaler_price_tiebreak,texas,58,0,374.0,34.4659,39.4489
optionA_tie_0.03,carbonscaler_price_tiebreak,texas,59,0,377.0,42.167,12.681
optionA_tie_0.03,carbonscaler_price_tiebreak,texas,60,0,375.0,42.8955,49.4809
optionA_tie_0.03,carbonscaler_price_tiebreak,texas,61,0,338.0,46.3812,38.699
optionA_tie_0.03,carbonscaler_price_tiebreak,texas,62,0,274.0,59.523,46.6407
optionA_tie_0.03,carbonscaler_price_tiebreak,texas,63,0,225.0,65.1294,70.1304
optionA_tie_0.03,carbonscaler_price_tiebreak,texas,64,0,212.0,140.0144,360.7781
optionA_tie_0.03,carbonscaler_price_tiebreak,texas,65,0,229.0,93.3096,87.9547
optionA_tie_0.03,carbonscaler_price_tiebreak,texas,66,0,241.0,129.2569,126.1099
optionA_tie_0.03,carbonscaler_price_tiebreak,texas,67,0,254.0,122.9289,109.0783
optionA_tie_0.03,carbonscaler_price_tiebreak,texas,68,0,265.0,75.3539,80.136
optionA_tie_0.03,carbonscaler_price_tiebreak,texas,69,0,282.0,53.4538,76.4252
optionA_tie_0.03,carbonscaler_price_tiebreak,texas,70,0,288.0,42.2364,69.2432
optionA_tie_0.03,carbonscaler_price_tiebreak,texas,71,0,303.0,33.4643,51.6772
optionA_tie_0.03,carbonscaler_price_tiebreak,texas,72,0,371.0,16.4338,12.6414
optionA_tie_0.03,carbonscaler_price_tiebreak,texas,73,0,403.0,17.3869,13.1691
optionA_tie_0.03,carbonscaler_price_tiebreak,texas,74,0,399.0,15.7237,12.5321
optionA_tie_0.03,carbonscaler_price_tiebreak,texas,75,0,395.0,20.3812,0.0
optionA_tie_0.03,carbonscaler_price_tiebreak,texas,76,0,387.0,22.3649,38.2147
optionA_tie_0.03,carbonscaler_price_tiebreak,texas,77,0,376.0,19.1267,35.3487
optionA_tie_0.03,carbonscaler_price_tiebreak,texas,78,0,363.0,30.7259,32.2717
optionA_tie_0.03,carbonscaler_price_tiebreak,texas,79,0,351.0,39.3837,27.5496
optionA_tie_0.03,carbonscaler_price_tiebreak,texas,80,0,355.0,46.5555,46.829
optionA_tie_0.03,carbonscaler_price_tiebreak,texas,81,0,362.0,35.974,35.4505
optionA_tie_0.03,carbonscaler_price_tiebreak,texas,82,0,383.0,34.0064,57.6727
optionA_tie_0.03,carbonscaler_price_tiebreak,texas,83,0,390.0,31.9067,26.548
optionA_tie_0.03,carbonscaler_price_tiebreak,texas,84,0,368.0,34.962,5.3596
optionA_tie_0.03,carbonscaler_price_tiebreak,texas,85,0,280.0,34.0586,35.4138
optionA_tie_0.03,carbonscaler_price_tiebreak,texas,86,0,230.0,43.4345,47.6732
optionA_tie_0.03,carbonscaler_price_tiebreak,texas,87,0,214.0,51.8063,41.0602
optionA_tie_0.03,carbonscaler_price_tiebreak,texas,88,1,206.0,53.9044,54.4479
optionA_tie_0.03,carbonscaler_price_tiebreak,texas,89,1,201.0,88.3612,76.3964
optionA_tie_0.03,carbonscaler_price_tiebreak,texas,90,1,199.0,136.7502,141.8339
optionA_tie_0.03,carbonscaler_price_tiebreak,texas,91,1,200.0,126.6723,117.884
optionA_tie_0.03,carbonscaler_price_tiebreak,texas,92,1,209.0,76.3944,69.0769
optionA_tie_0.03,carbonscaler_price_tiebreak,texas,93,0,220.0,47.4043,37.6151
optionA_tie_0.03,carbonscaler_price_tiebreak,texas,94,0,232.0,39.7365,34.2156
optionA_tie_0.03,carbonscaler_price_tiebreak,texas,95,0,266.0,27.425,15.5748
optionA_tie_0.03,carbonscaler_price_tiebreak,texas,96,0,322.0,25.0826,47.2503
optionA_tie_0.03,carbonscaler_price_tiebreak,texas,97,0,328.0,17.0995,24.4525
optionA_tie_0.03,carbonscaler_price_tiebreak,texas,98,0,321.0,25.5646,17.0378
optionA_tie_0.03,carbonscaler_price_tiebreak,texas,99,0,314.0,17.8473,12.5728
optionA_tie_0.03,carbonscaler_price_tiebreak,texas,100,0,306.0,20.2266,20.265
optionA_tie_0.03,carbonscaler_price_tiebreak,texas,101,0,293.0,25.3695,37.6186
optionA_tie_0.03,carbonscaler_price_tiebreak,texas,102,0,279.0,46.1218,42.7089
optionA_tie_0.03,carbonscaler_price_tiebreak,texas,103,0,269.0,42.5633,62.9481
optionA_tie_0.03,carbonscaler_price_tiebreak,texas,104,0,265.0,43.3251,44.635
optionA_tie_0.03,carbonscaler_price_tiebreak,texas,105,0,265.0,43.3409,36.1985
optionA_tie_0.03,carbonscaler_price_tiebreak,texas,106,0,277.0,39.7885,35.6915
optionA_tie_0.03,carbonscaler_price_tiebreak,texas,107,0,290.0,38.4195,54.5078
optionA_tie_0.03,carbonscaler_price_tiebreak,texas,108,0,288.0,41.0196,58.5198
optionA_tie_0.03,carbonscaler_price_tiebreak,texas,109,0,223.0,40.8977,42.5473
optionA_tie_0.03,carbonscaler_price_tiebreak,texas,110,2,190.0,30.6921,267.8003
optionA_tie_0.03,carbonscaler_price_tiebreak,texas,111,2,190.0,40.2258,59.8233
optionA_tie_0.03,carbonscaler_price_tiebreak,texas,112,1,197.0,62.7982,57.4675
optionA_tie_0.03,carbonscaler_price_tiebreak,texas,113,1,207.0,84.2836,92.8026
optionA_tie_0.03,carbonscaler_price_tiebreak,texas,114,0,223.0,77.9912,70.2472
optionA_tie_0.03,carbonscaler_price_tiebreak,texas,115,0,237.0,60.8673,71.062
optionA_tie_0.03,carbonscaler_price_tiebreak,texas,116,0,242.0,52.0251,68.0758
optionA_tie_0.03,carbonscaler_price_tiebreak,texas,117,0,243.0,32.9567,15.8549
optionA_tie_0.03,carbonscaler_price_tiebreak,texas,118,0,275.0,25.6767,14.3177
optionA_tie_0.03,carbonscaler_price_tiebreak,texas,119,0,294.0,18.2446,28.757
optionA_tie_0.03,carbonscaler_price_tiebreak,texas,120,0,326.0,5.2222,38.4575
optionA_tie_0.03,carbonscaler_price_tiebreak,texas,121,0,327.0,6.3899,0.0
optionA_tie_0.03,carbonscaler_price_tiebreak,texas,122,0,323.0,1.2094,0.0
optionA_tie_0.03,carbonscaler_price_tiebreak,texas,123,0,317.0,2.5663,19.9849
optionA_tie_0.03,carbonscaler_price_tiebreak,texas,124,0,309.0,2.44,5.4982
optionA_tie_0.03,carbonscaler_price_tiebreak,texas,125,0,297.0,6.3236,4.4277
optionA_tie_0.03,carbonscaler_price_tiebreak,texas,126,0,284.0,0.0723,0.0
optionA_tie_0.03,carbonscaler_price_tiebreak,texas,127,0,271.0,2.1025,10.9873
optionA_tie_0.03,carbonscaler_price_tiebreak,texas,128,0,260.0,7.2852,2.7008
optionA_tie_0.03,carbonscaler_price_tiebreak,texas,129,0,264.0,7.7837,0.0
optionA_tie_0.03,carbonscaler_price_tiebreak,texas,130,0,263.0,7.3438,7.0744
optionA_tie_0.03,carbonscaler_price_tiebreak,texas,131,0,283.0,68.1531,349.2377
optionA_tie_0.03,carbonscaler_price_tiebreak,texas,132,0,290.0,7.7668,7.3921
optionA_tie_0.03,carbonscaler_price_tiebreak,texas,133,0,263.0,21.6033,40.6759
optionA_tie_0.03,carbonscaler_price_tiebreak,texas,134,0,245.0,27.8341,30.7104
optionA_tie_0.03,carbonscaler_price_tiebreak,texas,135,0,227.0,78.3788,290.532
optionA_tie_0.03,carbonscaler_price_tiebreak,texas,136,1,216.0,42.505,35.5581
optionA_tie_0.03,carbonscaler_price_tiebreak,texas,137,0,217.0,58.3833,39.0562
optionA_tie_0.03,carbonscaler_price_tiebreak,texas,138,0,239.0,65.7881,62.0908
optionA_tie_0.03,carbonscaler_price_tiebreak,texas,139,0,264.0,58.9557,66.9049
optionA_tie_0.03,carbonscaler_price_tiebreak,texas,140,0,268.0,53.3514,39.9203
optionA_tie_0.03,carbonscaler_price_tiebreak,texas,141,0,279.0,44.3403,37.2205
optionA_tie_0.03,carbonscaler_price_tiebreak,texas,142,0,289.0,29.2887,27.4594
optionA_tie_0.03,carbonscaler_price_tiebreak,texas,143,0,298.0,24.2492,20.7722
optionA_tie_0.03,carbonscaler_price_tiebreak,texas,144,0,379.0,13.5149,18.6664
optionA_tie_0.03,carbonscaler_price_tiebreak,texas,145,0,422.0,14.6108,27.7585
optionA_tie_0.03,carbonscaler_price_tiebreak,texas,146,0,427.0,14.7061,16.5099
optionA_tie_0.03,carbonscaler_price_tiebreak,texas,147,0,430.0,13.4113,9.6439
optionA_tie_0.03,carbonscaler_price_tiebreak,texas,148,0,424.0,17.8445,32.3596
optionA_tie_0.03,carbonscaler_price_tiebreak,texas,149,0,403.0,21.4911,23.4308
optionA_tie_0.03,carbonscaler_price_tiebreak,texas,150,0,399.0,28.0862,50.3212
optionA_tie_0.03,carbonscaler_price_tiebreak,texas,151,0,395.0,32.9188,7.5227
optionA_tie_0.03,carbonscaler_price_tiebreak,texas,152,0,398.0,25.434,18.3216
optionA_tie_0.03,carbonscaler_price_tiebreak,texas,153,0,407.0,23.9134,22.3007
optionA_tie_0.03,carbonscaler_price_tiebreak,texas,154,0,413.0,25.7573,38.1317
optionA_tie_0.03,carbonscaler_price_tiebreak,texas,155,0,421.0,20.3674,2.4598
optionA_tie_0.03,carbonscaler_price_tiebreak,texas,156,0,395.0,16.8689,0.0
optionA_tie_0.03,carbonscaler_price_tiebreak,texas,157,0,245.0,18.549,30.6115
optionA_tie_0.03,carbonscaler_price_tiebreak,texas,158,2,192.0,20.2695,21.8638
optionA_tie_0.03,carbonscaler_price_tiebreak,texas,159,2,175.0,24.7179,22.8081
optionA_tie_0.03,carbonscaler_price_tiebreak,texas,160,2,166.0,32.791,19.9428
optionA_tie_0.03,carbonscaler_price_tiebreak,texas,161,2,173.0,57.6742,43.3433
optionA_tie_0.03,carbonscaler_price_tiebreak,texas,162,2,174.0,71.8744,74.7083
optionA_tie_0.03,carbonscaler_price_tiebreak,texas,163,2,184.0,79.4686,88.9617
optionA_tie_0.03,carbonscaler_price_tiebreak,texas,164,1,192.0,62.1385,41.1144
optionA_tie_0.03,carbonscaler_price_tiebreak,texas,165,1,206.0,53.9103,45.5056
optionA_tie_0.03,carbonscaler_price_tiebreak,texas,166,0,225.0,37.0536,44.8039
optionA_tie_0.03,carbonscaler_price_tiebreak,texas,167,0,300.0,23.9403,21.661
optionA_tie_0.05,carbonscaler_price_tiebreak,texas,0,0,340.0,2.7171,19.7835
optionA_tie_0.05,carbonscaler_price_tiebreak,texas,1,0,334.0,1.3449,0.0
optionA_tie_0.05,carbonscaler_price_tiebreak,texas,2,0,325.0,5.195,2.3688
optionA_tie_0.05,carbonscaler_price_tiebreak,texas,3,0,322.0,9.8611,10.1846
optionA_tie_0.05,carbonscaler_price_tiebreak,texas,4,0,304.0,11.8125,28.564
optionA_tie_0.05,carbonscaler_price_tiebreak,texas,5,0,293.0,19.294,23.3675
optionA_tie_0.05,carbonscaler_price_tiebreak,texas,6,0,284.0,36.2998,38.29
optionA_tie_0.05,carbonscaler_price_tiebreak,texas,7,0,290.0,27.5667,24.2296
optionA_tie_0.05,carbonscaler_price_tiebreak,texas,8,0,303.0,24.4315,29.0522
optionA_tie_0.05,carbonscaler_price_tiebreak,texas,9,0,301.0,28.8027,32.8135
optionA_tie_0.05,carbonscaler_price_tiebreak,texas,10,0,308.0,24.4636,346.7163
optionA_tie_0.05,carbonscaler_price_tiebreak,texas,11,0,336.0,33.6767,42.589
optionA_tie_0.05,carbonscaler_price_tiebreak,texas,12,0,335.0,39.1998,51.1686
optionA_tie_0.05,carbonscaler_price_tiebreak,texas,13,0,298.0,34.3063,49.4026
optionA_tie_0.05,carbonscaler_price_tiebreak,texas,14,0,277.0,39.569,59.8679
optionA_tie_0.05,carbonscaler_price_tiebreak,texas,15,0,263.0,42.2112,35.1634
optionA_tie_0.05,carbonscaler_price_tiebreak,texas,16,0,254.0,57.9068,60.3454
optionA_tie_0.05,carbonscaler_price_tiebreak,texas,17,0,255.0,80.1899,74.5939
optionA_tie_0.05,carbonscaler_price_tiebreak,texas,18,0,261.0,106.0488,109.2037
optionA_tie_0.05,carbonscaler_price_tiebreak,texas,19,0,268.0,132.8887,128.107
optionA_tie_0.05,carbonscaler_price_tiebreak,texas,20,0,271.0,82.9492,67.0797
optionA_tie_0.05,carbonscaler_price_tiebreak,texas,21,0,267.0,51.7139,56.594
optionA_tie_0.05,carbonscaler_price_tiebreak,texas,22,0,282.0,38.4622,42.51
optionA_tie_0.05,carbonscaler_price_tiebreak,texas,23,0,322.0,32.1526,19.0312
optionA_tie_0.05,carbonscaler_price_tiebreak,texas,24,0,350.0,27.1545,35.3576
optionA_tie_0.05,carbonscaler_price_tiebreak,texas,25,0,357.0,25.651,27.8965
optionA_tie_0.05,carbonscaler_price_tiebreak,texas,26,0,353.0,22.6984,32.4946
optionA_tie_0.05,carbonscaler_price_tiebreak,texas,27,0,344.0,20.159,14.3143
optionA_tie_0.05,carbonscaler_price_tiebreak,texas,28,0,332.0,25.3854,12.5368
optionA_tie_0.05,carbonscaler_price_tiebreak,texas,29,0,328.0,18.0291,7.9323
optionA_tie_0.05,carbonscaler_price_tiebreak,texas,30,0,321.0,37.5367,38.1242
optionA_tie_0.05,carbonscaler_price_tiebreak,texas,31,0,314.0,37.8823,59.8233
optionA_tie_0.05,carbonscaler_price_tiebreak,texas,32,0,309.0,39.1592,39.1137
optionA_tie_0.05,carbonscaler_price_tiebreak,texas,33,0,315.0,39.3607,23.0984
optionA_tie_0.05,carbonscaler_price_tiebreak,texas,34,0,316.0,33.5461,30.0204
optionA_tie_0.05,carbonscaler_price_tiebreak,texas,35,0,329.0,38.9839,42.4006
optionA_tie_0.05,carbonscaler_price_tiebreak,texas,36,0,338.0,37.4294,24.2808
optionA_tie_0.05,carbonscaler_price_tiebreak,texas,37,0,310.0,46.9012,48.6362
optionA_tie_0.05,carbonscaler_price_tiebreak,texas,38,0,287.0,47.7789,44.1446
optionA_tie_0.05,carbonscaler_price_tiebreak,texas,39,0,262.0,54.3735,57.7048
optionA_tie_0.05,carbonscaler_price_tiebreak,texas,40,0,249.0,65.643,68.6683
optionA_tie_0.05,carbonscaler_price_tiebreak,texas,41,0,231.0,105.9408,170.0045
optionA_tie_0.05,carbonscaler_price_tiebreak,texas,42,0,227.0,114.5104,133.0124
optionA_tie_0.05,carbonscaler_price_tiebreak,texas,43,0,230.0,101.7509,117.7481
optionA_tie_0.05,carbonscaler_price_tiebreak,texas,44,0,237.0,76.1179,93.6385
optionA_tie_0.05,carbonscaler_price_tiebreak,texas,45,0,263.0,51.1903,40.3689
optionA_tie_0.05,carbonscaler_price_tiebreak,texas,46,0,291.0,43.5465,51.2038
optionA_tie_0.05,carbonscaler_price_tiebreak,texas,47,0,321.0,34.4971,20.1495
optionA_tie_0.05,carbonscaler_price_tiebreak,texas,48,0,335.0,14.1867,0.0
optionA_tie_0.05,carbonscaler_price_tiebreak,texas,49,0,332.0,12.514,0.0
optionA_tie_0.05,carbonscaler_price_tiebreak,texas,50,0,335.0,18.1734,0.3184
optionA_tie_0.05,carbonscaler_price_tiebreak,texas,51,0,338.0,13.2219,3.6162
optionA_tie_0.05,carbonscaler_price_tiebreak,texas,52,0,335.0,14.8731,0.0
optionA_tie_0.05,carbonscaler_price_tiebreak,texas,53,0,329.0,21.9972,17.4564
optionA_tie_0.05,carbonscaler_price_tiebreak,texas,54,0,341.0,36.8532,22.2035
optionA_tie_0.05,carbonscaler_price_tiebreak,texas,55,0,337.0,39.3156,41.3215
optionA_tie_0.05,carbonscaler_price_tiebreak,texas,56,0,341.0,42.147,40.4768
optionA_tie_0.05,carbonscaler_price_tiebreak,texas,57,0,353.0,41.8353,44.7207
optionA_tie_0.05,carbonscaler_price_tiebreak,texas,58,0,374.0,34.4659,39.4489
optionA_tie_0.05,carbonscaler_price_tiebreak,texas,59,0,377.0,42.167,12.681
optionA_tie_0.05,carbonscaler_price_tiebreak,texas,60,0,375.0,42.8955,49.4809
optionA_tie_0.05,carbonscaler_price_tiebreak,texas,61,0,338.0,46.3812,38.699
optionA_tie_0.05,carbonscaler_price_tiebreak,texas,62,0,274.0,59.523,46.6407
optionA_tie_0.05,carbonscaler_price_tiebreak,texas,63,0,225.0,65.1294,70.1304
optionA_tie_0.05,carbonscaler_price_tiebreak,texas,64,0,212.0,140.0144,360.7781
optionA_tie_0.05,carbonscaler_price_tiebreak,texas,65,0,229.0,93.3096,87.9547
optionA_tie_0.05,carbonscaler_price_tiebreak,texas,66,0,241.0,129.2569,126.1099
optionA_tie_0.05,carbonscaler_price_tiebreak,texas,67,0,254.0,122.9289,109.0783
optionA_tie_0.05,carbonscaler_price_tiebreak,texas,68,0,265.0,75.3539,80.136
optionA_tie_0.05,carbonscaler_price_tiebreak,texas,69,0,282.0,53.4538,76.4252
optionA_tie_0.05,carbonscaler_price_tiebreak,texas,70,0,288.0,42.2364,69.2432
optionA_tie_0.05,carbonscaler_price_tiebreak,texas,71,0,303.0,33.4643,51.6772
optionA_tie_0.05,carbonscaler_price_tiebreak,texas,72,0,371.0,16.4338,12.6414
optionA_tie_0.05,carbonscaler_price_tiebreak,texas,73,0,403.0,17.3869,13.1691
optionA_tie_0.05,carbonscaler_price_tiebreak,texas,74,0,399.0,15.7237,12.5321
optionA_tie_0.05,carbonscaler_price_tiebreak,texas,75,0,395.0,20.3812,0.0
optionA_tie_0.05,carbonscaler_price_tiebreak,texas,76,0,387.0,22.3649,38.2147
optionA_tie_0.05,carbonscaler_price_tiebreak,texas,77,0,376.0,19.1267,35.3487
optionA_tie_0.05,carbonscaler_price_tiebreak,texas,78,0,363.0,30.7259,32.2717
optionA_tie_0.05,carbonscaler_price_tiebreak,texas,79,0,351.0,39.3837,27.5496
optionA_tie_0.05,carbonscaler_price_tiebreak,texas,80,0,355.0,46.5555,46.829
optionA_tie_0.05,carbonscaler_price_tiebreak,texas,81,0,362.0,35.974,35.4505
optionA_tie_0.05,carbonscaler_price_tiebreak,texas,82,0,383.0,34.0064,57.6727
optionA_tie_0.05,carbonscaler_price_tiebreak,texas,83,0,390.0,31.9067,26.548
optionA_tie_0.05,carbonscaler_price_tiebreak,texas,84,0,368.0,34.962,5.3596
optionA_tie_0.05,carbonscaler_price_tiebreak,texas,85,0,280.0,34.0586,35.4138
optionA_tie_0.05,carbonscaler_price_tiebreak,texas,86,0,230.0,43.4345,47.6732
optionA_tie_0.05,carbonscaler_price_tiebreak,texas,87,0,214.0,51.8063,41.0602
optionA_tie_0.05,carbonscaler_price_tiebreak,texas,88,1,206.0,53.9044,54.4479
optionA_tie_0.05,carbonscaler_price_tiebreak,texas,89,1,201.0,88.3612,76.3964
optionA_tie_0.05,carbonscaler_price_tiebreak,texas,90,1,199.0,136.7502,141.8339
optionA_tie_0.05,carbonscaler_price_tiebreak,texas,91,1,200.0,126.6723,117.884
optionA_tie_0.05,carbonscaler_price_tiebreak,texas,92,1,209.0,76.3944,69.0769
optionA_tie_0.05,carbonscaler_price_tiebreak,texas,93,0,220.0,47.4043,37.6151
optionA_tie_0.05,carbonscaler_price_tiebreak,texas,94,0,232.0,39.7365,34.2156
optionA_tie_0.05,carbonscaler_price_tiebreak,texas,95,0,266.0,27.425,15.5748
optionA_tie_0.05,carbonscaler_price_tiebreak,texas,96,0,322.0,25.0826,47.2503
optionA_tie_0.05,carbonscaler_price_tiebreak,texas,97,0,328.0,17.0995,24.4525
optionA_tie_0.05,carbonscaler_price_tiebreak,texas,98,0,321.0,25.5646,17.0378
optionA_tie_0.05,carbonscaler_price_tiebreak,texas,99,0,314.0,17.8473,12.5728
optionA_tie_0.05,carbonscaler_price_tiebreak,texas,100,0,306.0,20.2266,20.265
optionA_tie_0.05,carbonscaler_price_tiebreak,texas,101,0,293.0,25.3695,37.6186
optionA_tie_0.05,carbonscaler_price_tiebreak,texas,102,0,279.0,46.1218,42.7089
optionA_tie_0.05,carbonscaler_price_tiebreak,texas,103,0,269.0,42.5633,62.9481
optionA_tie_0.05,carbonscaler_price_tiebreak,texas,104,0,265.0,43.3251,44.635
optionA_tie_0.05,carbonscaler_price_tiebreak,texas,105,0,265.0,43.3409,36.1985
optionA_tie_0.05,carbonscaler_price_tiebreak,texas,106,0,277.0,39.7885,35.6915
optionA_tie_0.05,carbonscaler_price_tiebreak,texas,107,0,290.0,38.4195,54.5078
optionA_tie_0.05,carbonscaler_price_tiebreak,texas,108,0,288.0,41.0196,58.5198
optionA_tie_0.05,carbonscaler_price_tiebreak,texas,109,1,223.0,40.8977,42.5473
optionA_tie_0.05,carbonscaler_price_tiebreak,texas,110,2,190.0,30.6921,267.8003
optionA_tie_0.05,carbonscaler_price_tiebreak,texas,111,2,190.0,40.2258,59.8233
optionA_tie_0.05,carbonscaler_price_tiebreak,texas,112,1,197.0,62.7982,57.4675
optionA_tie_0.05,carbonscaler_price_tiebreak,texas,113,1,207.0,84.2836,92.8026
optionA_tie_0.05,carbonscaler_price_tiebreak,texas,114,0,223.0,77.9912,70.2472
optionA_tie_0.05,carbonscaler_price_tiebreak,texas,115,0,237.0,60.8673,71.062
optionA_tie_0.05,carbonscaler_price_tiebreak,texas,116,0,242.0,52.0251,68.0758
optionA_tie_0.05,carbonscaler_price_tiebreak,texas,117,0,243.0,32.9567,15.8549
optionA_tie_0.05,carbonscaler_price_tiebreak,texas,118,0,275.0,25.6767,14.3177
optionA_tie_0.05,carbonscaler_price_tiebreak,texas,119,0,294.0,18.2446,28.757
optionA_tie_0.05,carbonscaler_price_tiebreak,texas,120,0,326.0,5.2222,38.4575
optionA_tie_0.05,carbonscaler_price_tiebreak,texas,121,0,327.0,6.3899,0.0
optionA_tie_0.05,carbonscaler_price_tiebreak,texas,122,0,323.0,1.2094,0.0
optionA_tie_0.05,carbonscaler_price_tiebreak,texas,123,0,317.0,2.5663,19.9849
optionA_tie_0.05,carbonscaler_price_tiebreak,texas,124,0,309.0,2.44,5.4982
optionA_tie_0.05,carbonscaler_price_tiebreak,texas,125,0,297.0,6.3236,4.4277
optionA_tie_0.05,carbonscaler_price_tiebreak,texas,126,0,284.0,0.0723,0.0
optionA_tie_0.05,carbonscaler_price_tiebreak,texas,127,0,271.0,2.1025,10.9873
optionA_tie_0.05,carbonscaler_price_tiebreak,texas,128,0,260.0,7.2852,2.7008
optionA_tie_0.05,carbonscaler_price_tiebreak,texas,129,0,264.0,7.7837,0.0
optionA_tie_0.05,carbonscaler_price_tiebreak,texas,130,0,263.0,7.3438,7.0744
optionA_tie_0.05,carbonscaler_price_tiebreak,texas,131,0,283.0,68.1531,349.2377
optionA_tie_0.05,carbonscaler_price_tiebreak,texas,132,0,290.0,7.7668,7.3921
optionA_tie_0.05,carbonscaler_price_tiebreak,texas,133,0,263.0,21.6033,40.6759
optionA_tie_0.05,carbonscaler_price_tiebreak,texas,134,0,245.0,27.8341,30.7104
optionA_tie_0.05,carbonscaler_price_tiebreak,texas,135,0,227.0,78.3788,290.532
optionA_tie_0.05,carbonscaler_price_tiebreak,texas,136,0,216.0,42.505,35.5581
optionA_tie_0.05,carbonscaler_price_tiebreak,texas,137,0,217.0,58.3833,39.0562
optionA_tie_0.05,carbonscaler_price_tiebreak,texas,138,0,239.0,65.7881,62.0908
optionA_tie_0.05,carbonscaler_price_tiebreak,texas,139,0,264.0,58.9557,66.9049
optionA_tie_0.05,carbonscaler_price_tiebreak,texas,140,0,268.0,53.3514,39.9203
optionA_tie_0.05,carbonscaler_price_tiebreak,texas,141,0,279.0,44.3403,37.2205
optionA_tie_0.05,carbonscaler_price_tiebreak,texas,142,0,289.0,29.2887,27.4594
optionA_tie_0.05,carbonscaler_price_tiebreak,texas,143,0,298.0,24.2492,20.7722
optionA_tie_0.05,carbonscaler_price_tiebreak,texas,144,0,379.0,13.5149,18.6664
optionA_tie_0.05,carbonscaler_price_tiebreak,texas,145,0,422.0,14.6108,27.7585
optionA_tie_0.05,carbonscaler_price_tiebreak,texas,146,0,427.0,14.7061,16.5099
optionA_tie_0.05,carbonscaler_price_tiebreak,texas,147,0,430.0,13.4113,9.6439
optionA_tie_0.05,carbonscaler_price_tiebreak,texas,148,0,424.0,17.8445,32.3596
optionA_tie_0.05,carbonscaler_price_tiebreak,texas,149,0,403.0,21.4911,23.4308
optionA_tie_0.05,carbonscaler_price_tiebreak,texas,150,0,399.0,28.0862,50.3212
optionA_tie_0.05,carbonscaler_price_tiebreak,texas,151,0,395.0,32.9188,7.5227
optionA_tie_0.05,carbonscaler_price_tiebreak,texas,152,0,398.0,25.434,18.3216
optionA_tie_0.05,carbonscaler_price_tiebreak,texas,153,0,407.0,23.9134,22.3007
optionA_tie_0.05,carbonscaler_price_tiebreak,texas,154,0,413.0,25.7573,38.1317
optionA_tie_0.05,carbonscaler_price_tiebreak,texas,155,0,421.0,20.3674,2.4598
optionA_tie_0.05,carbonscaler_price_tiebreak,texas,156,0,395.0,16.8689,0.0
optionA_tie_0.05,carbonscaler_price_tiebreak,texas,157,0,245.0,18.549,30.6115
optionA_tie_0.05,carbonscaler_price_tiebreak,texas,158,2,192.0,20.2695,21.8638
optionA_tie_0.05,carbonscaler_price_tiebreak,texas,159,2,175.0,24.7179,22.8081
optionA_tie_0.05,carbonscaler_price_tiebreak,texas,160,2,166.0,32.791,19.9428
optionA_tie_0.05,carbonscaler_price_tiebreak,texas,161,2,173.0,57.6742,43.3433
optionA_tie_0.05,carbonscaler_price_tiebreak,texas,162,2,174.0,71.8744,74.7083
optionA_tie_0.05,carbonscaler_price_tiebreak,texas,163,2,184.0,79.4686,88.9617
optionA_tie_0.05,carbonscaler_price_tiebreak,texas,164,1,192.0,62.1385,41.1144
optionA_tie_0.05,carbonscaler_price_tiebreak,texas,165,1,206.0,53.9103,45.5056
optionA_tie_0.05,carbonscaler_price_tiebreak,texas,166,0,225.0,37.0536,44.8039
optionA_tie_0.05,carbonscaler_price_tiebreak,texas,167,0,300.0,23.9403,21.661
optionA_tie_0.10,carbonscaler_price_tiebreak,texas,0,0,340.0,2.7171,19.7835
optionA_tie_0.10,carbonscaler_price_tiebreak,texas,1,0,334.0,1.3449,0.0
optionA_tie_0.10,carbonscaler_price_tiebreak,texas,2,0,325.0,5.195,2.3688
optionA_tie_0.10,carbonscaler_price_tiebreak,texas,3,0,322.0,9.8611,10.1846
optionA_tie_0.10,carbonscaler_price_tiebreak,texas,4,0,304.0,11.8125,28.564
optionA_tie_0.10,carbonscaler_price_tiebreak,texas,5,0,293.0,19.294,23.3675
optionA_tie_0.10,carbonscaler_price_tiebreak,texas,6,0,284.0,36.2998,38.29
optionA_tie_0.10,carbonscaler_price_tiebreak,texas,7,0,290.0,27.5667,24.2296
optionA_tie_0.10,carbonscaler_price_tiebreak,texas,8,0,303.0,24.4315,29.0522
optionA_tie_0.10,carbonscaler_price_tiebreak,texas,9,0,301.0,28.8027,32.8135
optionA_tie_0.10,carbonscaler_price_tiebreak,texas,10,0,308.0,24.4636,346.7163
optionA_tie_0.10,carbonscaler_price_tiebreak,texas,11,0,336.0,33.6767,42.589
optionA_tie_0.10,carbonscaler_price_tiebreak,texas,12,0,335.0,39.1998,51.1686
optionA_tie_0.10,carbonscaler_price_tiebreak,texas,13,0,298.0,34.3063,49.4026
optionA_tie_0.10,carbonscaler_price_tiebreak,texas,14,0,277.0,39.569,59.8679
optionA_tie_0.10,carbonscaler_price_tiebreak,texas,15,0,263.0,42.2112,35.1634
optionA_tie_0.10,carbonscaler_price_tiebreak,texas,16,0,254.0,57.9068,60.3454
optionA_tie_0.10,carbonscaler_price_tiebreak,texas,17,0,255.0,80.1899,74.5939
optionA_tie_0.10,carbonscaler_price_tiebreak,texas,18,0,261.0,106.0488,109.2037
optionA_tie_0.10,carbonscaler_price_tiebreak,texas,19,0,268.0,132.8887,128.107
optionA_tie_0.10,carbonscaler_price_tiebreak,texas,20,0,271.0,82.9492,67.0797
optionA_tie_0.10,carbonscaler_price_tiebreak,texas,21,0,267.0,51.7139,56.594
optionA_tie_0.10,carbonscaler_price_tiebreak,texas,22,0,282.0,38.4622,42.51
optionA_tie_0.10,carbonscaler_price_tiebreak,texas,23,0,322.0,32.1526,19.0312
optionA_tie_0.10,carbonscaler_price_tiebreak,texas,24,0,350.0,27.1545,35.3576
optionA_tie_0.10,carbonscaler_price_tiebreak,texas,25,0,357.0,25.651,27.8965
optionA_tie_0.10,carbonscaler_price_tiebreak,texas,26,0,353.0,22.6984,32.4946
optionA_tie_0.10,carbonscaler_price_tiebreak,texas,27,0,344.0,20.159,14.3143
optionA_tie_0.10,carbonscaler_price_tiebreak,texas,28,0,332.0,25.3854,12.5368
optionA_tie_0.10,carbonscaler_price_tiebreak,texas,29,0,328.0,18.0291,7.9323
optionA_tie_0.10,carbonscaler_price_tiebreak,texas,30,0,321.0,37.5367,38.1242
optionA_tie_0.10,carbonscaler_price_tiebreak,texas,31,0,314.0,37.8823,59.8233
optionA_tie_0.10,carbonscaler_price_tiebreak,texas,32,0,309.0,39.1592,39.1137
optionA_tie_0.10,carbonscaler_price_tiebreak,texas,33,0,315.0,39.3607,23.0984
optionA_tie_0.10,carbonscaler_price_tiebreak,texas,34,0,316.0,33.5461,30.0204
optionA_tie_0.10,carbonscaler_price_tiebreak,texas,35,0,329.0,38.9839,42.4006
optionA_tie_0.10,carbonscaler_price_tiebreak,texas,36,0,338.0,37.4294,24.2808
optionA_tie_0.10,carbonscaler_price_tiebreak,texas,37,0,310.0,46.9012,48.6362
optionA_tie_0.10,carbonscaler_price_tiebreak,texas,38,0,287.0,47.7789,44.1446
optionA_tie_0.10,carbonscaler_price_tiebreak,texas,39,0,262.0,54.3735,57.7048
optionA_tie_0.10,carbonscaler_price_tiebreak,texas,40,0,249.0,65.643,68.6683
optionA_tie_0.10,carbonscaler_price_tiebreak,texas,41,0,231.0,105.9408,170.0045
optionA_tie_0.10,carbonscaler_price_tiebreak,texas,42,0,227.0,114.5104,133.0124
optionA_tie_0.10,carbonscaler_price_tiebreak,texas,43,0,230.0,101.7509,117.7481
optionA_tie_0.10,carbonscaler_price_tiebreak,texas,44,0,237.0,76.1179,93.6385
optionA_tie_0.10,carbonscaler_price_tiebreak,texas,45,0,263.0,51.1903,40.3689
optionA_tie_0.10,carbonscaler_price_tiebreak,texas,46,0,291.0,43.5465,51.2038
optionA_tie_0.10,carbonscaler_price_tiebreak,texas,47,0,321.0,34.4971,20.1495
optionA_tie_0.10,carbonscaler_price_tiebreak,texas,48,0,335.0,14.1867,0.0
optionA_tie_0.10,carbonscaler_price_tiebreak,texas,49,0,332.0,12.514,0.0
optionA_tie_0.10,carbonscaler_price_tiebreak,texas,50,0,335.0,18.1734,0.3184
optionA_tie_0.10,carbonscaler_price_tiebreak,texas,51,0,338.0,13.2219,3.6162
optionA_tie_0.10,carbonscaler_price_tiebreak,texas,52,0,335.0,14.8731,0.0
optionA_tie_0.10,carbonscaler_price_tiebreak,texas,53,0,329.0,21.9972,17.4564
optionA_tie_0.10,carbonscaler_price_tiebreak,texas,54,0,341.0,36.8532,22.2035
optionA_tie_0.10,carbonscaler_price_tiebreak,texas,55,0,337.0,39.3156,41.3215
optionA_tie_0.10,carbonscaler_price_tiebreak,texas,56,0,341.0,42.147,40.4768
optionA_tie_0.10,carbonscaler_price_tiebreak,texas,57,0,353.0,41.8353,44.7207
optionA_tie_0.10,carbonscaler_price_tiebreak,texas,58,0,374.0,34.4659,39.4489
optionA_tie_0.10,carbonscaler_price_tiebreak,texas,59,0,377.0,42.167,12.681
optionA_tie_0.10,carbonscaler_price_tiebreak,texas,60,0,375.0,42.8955,49.4809
optionA_tie_0.10,carbonscaler_price_tiebreak,texas,61,0,338.0,46.3812,38.699
optionA_tie_0.10,carbonscaler_price_tiebreak,texas,62,0,274.0,59.523,46.6407
optionA_tie_0.10,carbonscaler_price_tiebreak,texas,63,0,225.0,65.1294,70.1304
optionA_tie_0.10,carbonscaler_price_tiebreak,texas,64,0,212.0,140.0144,360.7781
optionA_tie_0.10,carbonscaler_price_tiebreak,texas,65,0,229.0,93.3096,87.9547
optionA_tie_0.10,carbonscaler_price_tiebreak,texas,66,0,241.0,129.2569,126.1099
optionA_tie_0.10,carbonscaler_price_tiebreak,texas,67,0,254.0,122.9289,109.0783
optionA_tie_0.10,carbonscaler_price_tiebreak,texas,68,0,265.0,75.3539,80.136
optionA_tie_0.10,carbonscaler_price_tiebreak,texas,69,0,282.0,53.4538,76.4252
optionA_tie_0.10,carbonscaler_price_tiebreak,texas,70,0,288.0,42.2364,69.2432
optionA_tie_0.10,carbonscaler_price_tiebreak,texas,71,0,303.0,33.4643,51.6772
optionA_tie_0.10,carbonscaler_price_tiebreak,texas,72,0,371.0,16.4338,12.6414
optionA_tie_0.10,carbonscaler_price_tiebreak,texas,73,0,403.0,17.3869,13.1691
optionA_tie_0.10,carbonscaler_price_tiebreak,texas,74,0,399.0,15.7237,12.5321
optionA_tie_0.10,carbonscaler_price_tiebreak,texas,75,0,395.0,20.3812,0.0
optionA_tie_0.10,carbonscaler_price_tiebreak,texas,76,0,387.0,22.3649,38.2147
optionA_tie_0.10,carbonscaler_price_tiebreak,texas,77,0,376.0,19.1267,35.3487
optionA_tie_0.10,carbonscaler_price_tiebreak,texas,78,0,363.0,30.7259,32.2717
optionA_tie_0.10,carbonscaler_price_tiebreak,texas,79,0,351.0,39.3837,27.5496
optionA_tie_0.10,carbonscaler_price_tiebreak,texas,80,0,355.0,46.5555,46.829
optionA_tie_0.10,carbonscaler_price_tiebreak,texas,81,0,362.0,35.974,35.4505
optionA_tie_0.10,carbonscaler_price_tiebreak,texas,82,0,383.0,34.0064,57.6727
optionA_tie_0.10,carbonscaler_price_tiebreak,texas,83,0,390.0,31.9067,26.548
optionA_tie_0.10,carbonscaler_price_tiebreak,texas,84,0,368.0,34.962,5.3596
optionA_tie_0.10,carbonscaler_price_tiebreak,texas,85,0,280.0,34.0586,35.4138
optionA_tie_0.10,carbonscaler_price_tiebreak,texas,86,0,230.0,43.4345,47.6732
optionA_tie_0.10,carbonscaler_price_tiebreak,texas,87,1,214.0,51.8063,41.0602
optionA_tie_0.10,carbonscaler_price_tiebreak,texas,88,1,206.0,53.9044,54.4479
optionA_tie_0.10,carbonscaler_price_tiebreak,texas,89,0,201.0,88.3612,76.3964
optionA_tie_0.10,carbonscaler_price_tiebreak,texas,90,0,199.0,136.7502,141.8339
optionA_tie_0.10,carbonscaler_price_tiebreak,texas,91,0,200.0,126.6723,117.884
optionA_tie_0.10,carbonscaler_price_tiebreak,texas,92,1,209.0,76.3944,69.0769
optionA_tie_0.10,carbonscaler_price_tiebreak,texas,93,1,220.0,47.4043,37.6151
optionA_tie_0.10,carbonscaler_price_tiebreak,texas,94,0,232.0,39.7365,34.2156
optionA_tie_0.10,carbonscaler_price_tiebreak,texas,95,0,266.0,27.425,15.5748
optionA_tie_0.10,carbonscaler_price_tiebreak,texas,96,0,322.0,25.0826,47.2503
optionA_tie_0.10,carbonscaler_price_tiebreak,texas,97,0,328.0,17.0995,24.4525
optionA_tie_0.10,carbonscaler_price_tiebreak,texas,98,0,321.0,25.5646,17.0378
optionA_tie_0.10,carbonscaler_price_tiebreak,texas,99,0,314.0,17.8473,12.5728
optionA_tie_0.10,carbonscaler_price_tiebreak,texas,100,0,306.0,20.2266,20.265
optionA_tie_0.10,carbonscaler_price_tiebreak,texas,101,0,293.0,25.3695,37.6186
optionA_tie_0.10,carbonscaler_price_tiebreak,texas,102,0,279.0,46.1218,42.7089
optionA_tie_0.10,carbonscaler_price_tiebreak,texas,103,0,269.0,42.5633,62.9481
optionA_tie_0.10,carbonscaler_price_tiebreak,texas,104,0,265.0,43.3251,44.635
optionA_tie_0.10,carbonscaler_price_tiebreak,texas,105,0,265.0,43.3409,36.1985
optionA_tie_0.10,carbonscaler_price_tiebreak,texas,106,0,277.0,39.7885,35.6915
optionA_tie_0.10,carbonscaler_price_tiebreak,texas,107,0,290.0,38.4195,54.5078
optionA_tie_0.10,carbonscaler_price_tiebreak,texas,108,0,288.0,41.0196,58.5198
optionA_tie_0.10,carbonscaler_price_tiebreak,texas,109,0,223.0,40.8977,42.5473
optionA_tie_0.10,carbonscaler_price_tiebreak,texas,110,2,190.0,30.6921,267.8003
optionA_tie_0.10,carbonscaler_price_tiebreak,texas,111,2,190.0,40.2258,59.8233
optionA_tie_0.10,carbonscaler_price_tiebreak,texas,112,2,197.0,62.7982,57.4675
optionA_tie_0.10,carbonscaler_price_tiebreak,texas,113,0,207.0,84.2836,92.8026
optionA_tie_0.10,carbonscaler_price_tiebreak,texas,114,0,223.0,77.9912,70.2472
optionA_tie_0.10,carbonscaler_price_tiebreak,texas,115,0,237.0,60.8673,71.062
optionA_tie_0.10,carbonscaler_price_tiebreak,texas,116,0,242.0,52.0251,68.0758
optionA_tie_0.10,carbonscaler_price_tiebreak,texas,117,0,243.0,32.9567,15.8549
optionA_tie_0.10,carbonscaler_price_tiebreak,texas,118,0,275.0,25.6767,14.3177
optionA_tie_0.10,carbonscaler_price_tiebreak,texas,119,0,294.0,18.2446,28.757
optionA_tie_0.10,carbonscaler_price_tiebreak,texas,120,0,326.0,5.2222,38.4575
optionA_tie_0.10,carbonscaler_price_tiebreak,texas,121,0,327.0,6.3899,0.0
optionA_tie_0.10,carbonscaler_price_tiebreak,texas,122,0,323.0,1.2094,0.0
optionA_tie_0.10,carbonscaler_price_tiebreak,texas,123,0,317.0,2.5663,19.9849
optionA_tie_0.10,carbonscaler_price_tiebreak,texas,124,0,309.0,2.44,5.4982
optionA_tie_0.10,carbonscaler_price_tiebreak,texas,125,0,297.0,6.3236,4.4277
optionA_tie_0.10,carbonscaler_price_tiebreak,texas,126,0,284.0,0.0723,0.0
optionA_tie_0.10,carbonscaler_price_tiebreak,texas,127,0,271.0,2.1025,10.9873
optionA_tie_0.10,carbonscaler_price_tiebreak,texas,128,0,260.0,7.2852,2.7008
optionA_tie_0.10,carbonscaler_price_tiebreak,texas,129,0,264.0,7.7837,0.0
optionA_tie_0.10,carbonscaler_price_tiebreak,texas,130,0,263.0,7.3438,7.0744
optionA_tie_0.10,carbonscaler_price_tiebreak,texas,131,0,283.0,68.1531,349.2377
optionA_tie_0.10,carbonscaler_price_tiebreak,texas,132,0,290.0,7.7668,7.3921
optionA_tie_0.10,carbonscaler_price_tiebreak,texas,133,0,263.0,21.6033,40.6759
optionA_tie_0.10,carbonscaler_price_tiebreak,texas,134,0,245.0,27.8341,30.7104
optionA_tie_0.10,carbonscaler_price_tiebreak,texas,135,0,227.0,78.3788,290.532
optionA_tie_0.10,carbonscaler_price_tiebreak,texas,136,1,216.0,42.505,35.5581
optionA_tie_0.10,carbonscaler_price_tiebreak,texas,137,1,217.0,58.3833,39.0562
optionA_tie_0.10,carbonscaler_price_tiebreak,texas,138,0,239.0,65.7881,62.0908
optionA_tie_0.10,carbonscaler_price_tiebreak,texas,139,0,264.0,58.9557,66.9049
optionA_tie_0.10,carbonscaler_price_tiebreak,texas,140,0,268.0,53.3514,39.9203
optionA_tie_0.10,carbonscaler_price_tiebreak,texas,141,0,279.0,44.3403,37.2205
optionA_tie_0.10,carbonscaler_price_tiebreak,texas,142,0,289.0,29.2887,27.4594
optionA_tie_0.10,carbonscaler_price_tiebreak,texas,143,0,298.0,24.2492,20.7722
optionA_tie_0.10,carbonscaler_price_tiebreak,texas,144,0,379.0,13.5149,18.6664
optionA_tie_0.10,carbonscaler_price_tiebreak,texas,145,0,422.0,14.6108,27.7585
optionA_tie_0.10,carbonscaler_price_tiebreak,texas,146,0,427.0,14.7061,16.5099
optionA_tie_0.10,carbonscaler_price_tiebreak,texas,147,0,430.0,13.4113,9.6439
optionA_tie_0.10,carbonscaler_price_tiebreak,texas,148,0,424.0,17.8445,32.3596
optionA_tie_0.10,carbonscaler_price_tiebreak,texas,149,0,403.0,21.4911,23.4308
optionA_tie_0.10,carbonscaler_price_tiebreak,texas,150,0,399.0,28.0862,50.3212
optionA_tie_0.10,carbonscaler_price_tiebreak,texas,151,0,395.0,32.9188,7.5227
optionA_tie_0.10,carbonscaler_price_tiebreak,texas,152,0,398.0,25.434,18.3216
optionA_tie_0.10,carbonscaler_price_tiebreak,texas,153,0,407.0,23.9134,22.3007
optionA_tie_0.10,carbonscaler_price_tiebreak,texas,154,0,413.0,25.7573,38.1317
optionA_tie_0.10,carbonscaler_price_tiebreak,texas,155,0,421.0,20.3674,2.4598
optionA_tie_0.10,carbonscaler_price_tiebreak,texas,156,0,395.0,16.8689,0.0
optionA_tie_0.10,carbonscaler_price_tiebreak,texas,157,0,245.0,18.549,30.6115
optionA_tie_0.10,carbonscaler_price_tiebreak,texas,158,2,192.0,20.2695,21.8638
optionA_tie_0.10,carbonscaler_price_tiebreak,texas,159,2,175.0,24.7179,22.8081
optionA_tie_0.10,carbonscaler_price_tiebreak,texas,160,2,166.0,32.791,19.9428
optionA_tie_0.10,carbonscaler_price_tiebreak,texas,161,2,173.0,57.6742,43.3433
optionA_tie_0.10,carbonscaler_price_tiebreak,texas,162,2,174.0,71.8744,74.7083
optionA_tie_0.10,carbonscaler_price_tiebreak,texas,163,1,184.0,79.4686,88.9617
optionA_tie_0.10,carbonscaler_price_tiebreak,texas,164,2,192.0,62.1385,41.1144
optionA_tie_0.10,carbonscaler_price_tiebreak,texas,165,1,206.0,53.9103,45.5056
optionA_tie_0.10,carbonscaler_price_tiebreak,texas,166,0,225.0,37.0536,44.8039
optionA_tie_0.10,carbonscaler_price_tiebreak,texas,167,0,300.0,23.9403,21.661
optionA_tie_0.20,carbonscaler_price_tiebreak,texas,0,0,340.0,2.7171,19.7835
optionA_tie_0.20,carbonscaler_price_tiebreak,texas,1,0,334.0,1.3449,0.0
optionA_tie_0.20,carbonscaler_price_tiebreak,texas,2,0,325.0,5.195,2.3688
optionA_tie_0.20,carbonscaler_price_tiebreak,texas,3,0,322.0,9.8611,10.1846
optionA_tie_0.20,carbonscaler_price_tiebreak,texas,4,0,304.0,11.8125,28.564
optionA_tie_0.20,carbonscaler_price_tiebreak,texas,5,0,293.0,19.294,23.3675
optionA_tie_0.20,carbonscaler_price_tiebreak,texas,6,0,284.0,36.2998,38.29
optionA_tie_0.20,carbonscaler_price_tiebreak,texas,7,0,290.0,27.5667,24.2296
optionA_tie_0.20,carbonscaler_price_tiebreak,texas,8,0,303.0,24.4315,29.0522
optionA_tie_0.20,carbonscaler_price_tiebreak,texas,9,0,301.0,28.8027,32.8135
optionA_tie_0.20,carbonscaler_price_tiebreak,texas,10,0,308.0,24.4636,346.7163
optionA_tie_0.20,carbonscaler_price_tiebreak,texas,11,0,336.0,33.6767,42.589
optionA_tie_0.20,carbonscaler_price_tiebreak,texas,12,0,335.0,39.1998,51.1686
optionA_tie_0.20,carbonscaler_price_tiebreak,texas,13,0,298.0,34.3063,49.4026
optionA_tie_0.20,carbonscaler_price_tiebreak,texas,14,0,277.0,39.569,59.8679
optionA_tie_0.20,carbonscaler_price_tiebreak,texas,15,0,263.0,42.2112,35.1634
optionA_tie_0.20,carbonscaler_price_tiebreak,texas,16,0,254.0,57.9068,60.3454
optionA_tie_0.20,carbonscaler_price_tiebreak,texas,17,0,255.0,80.1899,74.5939
optionA_tie_0.20,carbonscaler_price_tiebreak,texas,18,0,261.0,106.0488,109.2037
optionA_tie_0.20,carbonscaler_price_tiebreak,texas,19,0,268.0,132.8887,128.107
optionA_tie_0.20,carbonscaler_price_tiebreak,texas,20,0,271.0,82.9492,67.0797
optionA_tie_0.20,carbonscaler_price_tiebreak,texas,21,0,267.0,51.7139,56.594
optionA_tie_0.20,carbonscaler_price_tiebreak,texas,22,0,282.0,38.4622,42.51
optionA_tie_0.20,carbonscaler_price_tiebreak,texas,23,0,322.0,32.1526,19.0312
optionA_tie_0.20,carbonscaler_price_tiebreak,texas,24,0,350.0,27.1545,35.3576
optionA_tie_0.20,carbonscaler_price_tiebreak,texas,25,0,357.0,25.651,27.8965
optionA_tie_0.20,carbonscaler_price_tiebreak,texas,26,0,353.0,22.6984,32.4946
optionA_tie_0.20,carbonscaler_price_tiebreak,texas,27,0,344.0,20.159,14.3143
optionA_tie_0.20,carbonscaler_price_tiebreak,texas,28,0,332.0,25.3854,12.5368
optionA_tie_0.20,carbonscaler_price_tiebreak,texas,29,0,328.0,18.0291,7.9323
optionA_tie_0.20,carbonscaler_price_tiebreak,texas,30,0,321.0,37.5367,38.1242
optionA_tie_0.20,carbonscaler_price_tiebreak,texas,31,0,314.0,37.8823,59.8233
optionA_tie_0.20,carbonscaler_price_tiebreak,texas,32,0,309.0,39.1592,39.1137
optionA_tie_0.20,carbonscaler_price_tiebreak,texas,33,0,315.0,39.3607,23.0984
optionA_tie_0.20,carbonscaler_price_tiebreak,texas,34,0,316.0,33.5461,30.0204
optionA_tie_0.20,carbonscaler_price_tiebreak,texas,35,0,329.0,38.9839,42.4006
optionA_tie_0.20,carbonscaler_price_tiebreak,texas,36,0,338.0,37.4294,24.2808
optionA_tie_0.20,carbonscaler_price_tiebreak,texas,37,0,310.0,46.9012,48.6362
optionA_tie_0.20,carbonscaler_price_tiebreak,texas,38,0,287.0,47.7789,44.1446
optionA_tie_0.20,carbonscaler_price_tiebreak,texas,39,0,262.0,54.3735,57.7048
optionA_tie_0.20,carbonscaler_price_tiebreak,texas,40,0,249.0,65.643,68.6683
optionA_tie_0.20,carbonscaler_price_tiebreak,texas,41,0,231.0,105.9408,170.0045
optionA_tie_0.20,carbonscaler_price_tiebreak,texas,42,0,227.0,114.5104,133.0124
optionA_tie_0.20,carbonscaler_price_tiebreak,texas,43,0,230.0,101.7509,117.7481
optionA_tie_0.20,carbonscaler_price_tiebreak,texas,44,0,237.0,76.1179,93.6385
optionA_tie_0.20,carbonscaler_price_tiebreak,texas,45,0,263.0,51.1903,40.3689
optionA_tie_0.20,carbonscaler_price_tiebreak,texas,46,0,291.0,43.5465,51.2038
optionA_tie_0.20,carbonscaler_price_tiebreak,texas,47,0,321.0,34.4971,20.1495
optionA_tie_0.20,carbonscaler_price_tiebreak,texas,48,0,335.0,14.1867,0.0
optionA_tie_0.20,carbonscaler_price_tiebreak,texas,49,0,332.0,12.514,0.0
optionA_tie_0.20,carbonscaler_price_tiebreak,texas,50,0,335.0,18.1734,0.3184
optionA_tie_0.20,carbonscaler_price_tiebreak,texas,51,0,338.0,13.2219,3.6162
optionA_tie_0.20,carbonscaler_price_tiebreak,texas,52,0,335.0,14.8731,0.0
optionA_tie_0.20,carbonscaler_price_tiebreak,texas,53,0,329.0,21.9972,17.4564
optionA_tie_0.20,carbonscaler_price_tiebreak,texas,54,0,341.0,36.8532,22.2035
optionA_tie_0.20,carbonscaler_price_tiebreak,texas,55,0,337.0,39.3156,41.3215
optionA_tie_0.20,carbonscaler_price_tiebreak,texas,56,0,341.0,42.147,40.4768
optionA_tie_0.20,carbonscaler_price_tiebreak,texas,57,0,353.0,41.8353,44.7207
optionA_tie_0.20,carbonscaler_price_tiebreak,texas,58,0,374.0,34.4659,39.4489
optionA_tie_0.20,carbonscaler_price_tiebreak,texas,59,0,377.0,42.167,12.681
optionA_tie_0.20,carbonscaler_price_tiebreak,texas,60,0,375.0,42.8955,49.4809
optionA_tie_0.20,carbonscaler_price_tiebreak,texas,61,0,338.0,46.3812,38.699
optionA_tie_0.20,carbonscaler_price_tiebreak,texas,62,0,274.0,59.523,46.6407
optionA_tie_0.20,carbonscaler_price_tiebreak,texas,63,0,225.0,65.1294,70.1304
optionA_tie_0.20,carbonscaler_price_tiebreak,texas,64,0,212.0,140.0144,360.7781
optionA_tie_0.20,carbonscaler_price_tiebreak,texas,65,0,229.0,93.3096,87.9547
optionA_tie_0.20,carbonscaler_price_tiebreak,texas,66,0,241.0,129.2569,126.1099
optionA_tie_0.20,carbonscaler_price_tiebreak,texas,67,0,254.0,122.9289,109.0783
optionA_tie_0.20,carbonscaler_price_tiebreak,texas,68,0,265.0,75.3539,80.136
optionA_tie_0.20,carbonscaler_price_tiebreak,texas,69,0,282.0,53.4538,76.4252
optionA_tie_0.20,carbonscaler_price_tiebreak,texas,70,0,288.0,42.2364,69.2432
optionA_tie_0.20,carbonscaler_price_tiebreak,texas,71,0,303.0,33.4643,51.6772
optionA_tie_0.20,carbonscaler_price_tiebreak,texas,72,0,371.0,16.4338,12.6414
optionA_tie_0.20,carbonscaler_price_tiebreak,texas,73,0,403.0,17.3869,13.1691
optionA_tie_0.20,carbonscaler_price_tiebreak,texas,74,0,399.0,15.7237,12.5321
optionA_tie_0.20,carbonscaler_price_tiebreak,texas,75,0,395.0,20.3812,0.0
optionA_tie_0.20,carbonscaler_price_tiebreak,texas,76,0,387.0,22.3649,38.2147
optionA_tie_0.20,carbonscaler_price_tiebreak,texas,77,0,376.0,19.1267,35.3487
optionA_tie_0.20,carbonscaler_price_tiebreak,texas,78,0,363.0,30.7259,32.2717
optionA_tie_0.20,carbonscaler_price_tiebreak,texas,79,0,351.0,39.3837,27.5496
optionA_tie_0.20,carbonscaler_price_tiebreak,texas,80,0,355.0,46.5555,46.829
optionA_tie_0.20,carbonscaler_price_tiebreak,texas,81,0,362.0,35.974,35.4505
optionA_tie_0.20,carbonscaler_price_tiebreak,texas,82,0,383.0,34.0064,57.6727
optionA_tie_0.20,carbonscaler_price_tiebreak,texas,83,0,390.0,31.9067,26.548
optionA_tie_0.20,carbonscaler_price_tiebreak,texas,84,0,368.0,34.962,5.3596
optionA_tie_0.20,carbonscaler_price_tiebreak,texas,85,0,280.0,34.0586,35.4138
optionA_tie_0.20,carbonscaler_price_tiebreak,texas,86,1,230.0,43.4345,47.6732
optionA_tie_0.20,carbonscaler_price_tiebreak,texas,87,1,214.0,51.8063,41.0602
optionA_tie_0.20,carbonscaler_price_tiebreak,texas,88,1,206.0,53.9044,54.4479
optionA_tie_0.20,carbonscaler_price_tiebreak,texas,89,0,201.0,88.3612,76.3964
optionA_tie_0.20,carbonscaler_price_tiebreak,texas,90,0,199.0,136.7502,141.8339
optionA_tie_0.20,carbonscaler_price_tiebreak,texas,91,0,200.0,126.6723,117.884
optionA_tie_0.20,carbonscaler_price_tiebreak,texas,92,0,209.0,76.3944,69.0769
optionA_tie_0.20,carbonscaler_price_tiebreak,texas,93,1,220.0,47.4043,37.6151
optionA_tie_0.20,carbonscaler_price_tiebreak,texas,94,0,232.0,39.7365,34.2156
optionA_tie_0.20,carbonscaler_price_tiebreak,texas,95,0,266.0,27.425,15.5748
optionA_tie_0.20,carbonscaler_price_tiebreak,texas,96,0,322.0,25.0826,47.2503
optionA_tie_0.20,carbonscaler_price_tiebreak,texas,97,0,328.0,17.0995,24.4525
optionA_tie_0.20,carbonscaler_price_tiebreak,texas,98,0,321.0,25.5646,17.0378
optionA_tie_0.20,carbonscaler_price_tiebreak,texas,99,0,314.0,17.8473,12.5728
optionA_tie_0.20,carbonscaler_price_tiebreak,texas,100,0,306.0,20.2266,20.265
optionA_tie_0.20,carbonscaler_price_tiebreak,texas,101,0,293.0,25.3695,37.6186
optionA_tie_0.20,carbonscaler_price_tiebreak,texas,102,0,279.0,46.1218,42.7089
optionA_tie_0.20,carbonscaler_price_tiebreak,texas,103,0,269.0,42.5633,62.9481
optionA_tie_0.20,carbonscaler_price_tiebreak,texas,104,0,265.0,43.3251,44.635
optionA_tie_0.20,carbonscaler_price_tiebreak,texas,105,0,265.0,43.3409,36.1985
optionA_tie_0.20,carbonscaler_price_tiebreak,texas,106,0,277.0,39.7885,35.6915
optionA_tie_0.20,carbonscaler_price_tiebreak,texas,107,0,290.0,38.4195,54.5078
optionA_tie_0.20,carbonscaler_price_tiebreak,texas,108,0,288.0,41.0196,58.5198
optionA_tie_0.20,carbonscaler_price_tiebreak,texas,109,1,223.0,40.8977,42.5473
optionA_tie_0.20,carbonscaler_price_tiebreak,texas,110,2,190.0,30.6921,267.8003
optionA_tie_0.20,carbonscaler_price_tiebreak,texas,111,2,190.0,40.2258,59.8233
optionA_tie_0.20,carbonscaler_price_tiebreak,texas,112,1,197.0,62.7982,57.4675
optionA_tie_0.20,carbonscaler_price_tiebreak,texas,113,0,207.0,84.2836,92.8026
optionA_tie_0.20,carbonscaler_price_tiebreak,texas,114,0,223.0,77.9912,70.2472
optionA_tie_0.20,carbonscaler_price_tiebreak,texas,115,0,237.0,60.8673,71.062
optionA_tie_0.20,carbonscaler_price_tiebreak,texas,116,0,242.0,52.0251,68.0758
optionA_tie_0.20,carbonscaler_price_tiebreak,texas,117,0,243.0,32.9567,15.8549
optionA_tie_0.20,carbonscaler_price_tiebreak,texas,118,0,275.0,25.6767,14.3177
optionA_tie_0.20,carbonscaler_price_tiebreak,texas,119,0,294.0,18.2446,28.757
optionA_tie_0.20,carbonscaler_price_tiebreak,texas,120,0,326.0,5.2222,38.4575
optionA_tie_0.20,carbonscaler_price_tiebreak,texas,121,0,327.0,6.3899,0.0
optionA_tie_0.20,carbonscaler_price_tiebreak,texas,122,0,323.0,1.2094,0.0
optionA_tie_0.20,carbonscaler_price_tiebreak,texas,123,0,317.0,2.5663,19.9849
optionA_tie_0.20,carbonscaler_price_tiebreak,texas,124,0,309.0,2.44,5.4982
optionA_tie_0.20,carbonscaler_price_tiebreak,texas,125,0,297.0,6.3236,4.4277
optionA_tie_0.20,carbonscaler_price_tiebreak,texas,126,0,284.0,0.0723,0.0
optionA_tie_0.20,carbonscaler_price_tiebreak,texas,127,0,271.0,2.1025,10.9873
optionA_tie_0.20,carbonscaler_price_tiebreak,texas,128,0,260.0,7.2852,2.7008
optionA_tie_0.20,carbonscaler_price_tiebreak,texas,129,0,264.0,7.7837,0.0
optionA_tie_0.20,carbonscaler_price_tiebreak,texas,130,0,263.0,7.3438,7.0744
optionA_tie_0.20,carbonscaler_price_tiebreak,texas,131,0,283.0,68.1531,349.2377
optionA_tie_0.20,carbonscaler_price_tiebreak,texas,132,0,290.0,7.7668,7.3921
optionA_tie_0.20,carbonscaler_price_tiebreak,texas,133,0,263.0,21.6033,40.6759
optionA_tie_0.20,carbonscaler_price_tiebreak,texas,134,0,245.0,27.8341,30.7104
optionA_tie_0.20,carbonscaler_price_tiebreak,texas,135,0,227.0,78.3788,290.532
optionA_tie_0.20,carbonscaler_price_tiebreak,texas,136,1,216.0,42.505,35.5581
optionA_tie_0.20,carbonscaler_price_tiebreak,texas,137,1,217.0,58.3833,39.0562
optionA_tie_0.20,carbonscaler_price_tiebreak,texas,138,0,239.0,65.7881,62.0908
optionA_tie_0.20,carbonscaler_price_tiebreak,texas,139,0,264.0,58.9557,66.9049
optionA_tie_0.20,carbonscaler_price_tiebreak,texas,140,0,268.0,53.3514,39.9203
optionA_tie_0.20,carbonscaler_price_tiebreak,texas,141,0,279.0,44.3403,37.2205
optionA_tie_0.20,carbonscaler_price_tiebreak,texas,142,0,289.0,29.2887,27.4594
optionA_tie_0.20,carbonscaler_price_tiebreak,texas,143,0,298.0,24.2492,20.7722
optionA_tie_0.20,carbonscaler_price_tiebreak,texas,144,0,379.0,13.5149,18.6664
optionA_tie_0.20,carbonscaler_price_tiebreak,texas,145,0,422.0,14.6108,27.7585
optionA_tie_0.20,carbonscaler_price_tiebreak,texas,146,0,427.0,14.7061,16.5099
optionA_tie_0.20,carbonscaler_price_tiebreak,texas,147,0,430.0,13.4113,9.6439
optionA_tie_0.20,carbonscaler_price_tiebreak,texas,148,0,424.0,17.8445,32.3596
optionA_tie_0.20,carbonscaler_price_tiebreak,texas,149,0,403.0,21.4911,23.4308
optionA_tie_0.20,carbonscaler_price_tiebreak,texas,150,0,399.0,28.0862,50.3212
optionA_tie_0.20,carbonscaler_price_tiebreak,texas,151,0,395.0,32.9188,7.5227
optionA_tie_0.20,carbonscaler_price_tiebreak,texas,152,0,398.0,25.434,18.3216
optionA_tie_0.20,carbonscaler_price_tiebreak,texas,153,0,407.0,23.9134,22.3007
optionA_tie_0.20,carbonscaler_price_tiebreak,texas,154,0,413.0,25.7573,38.1317
optionA_tie_0.20,carbonscaler_price_tiebreak,texas,155,0,421.0,20.3674,2.4598
optionA_tie_0.20,carbonscaler_price_tiebreak,texas,156,0,395.0,16.8689,0.0
optionA_tie_0.20,carbonscaler_price_tiebreak,texas,157,0,245.0,18.549,30.6115
optionA_tie_0.20,carbonscaler_price_tiebreak,texas,158,2,192.0,20.2695,21.8638
optionA_tie_0.20,carbonscaler_price_tiebreak,texas,159,2,175.0,24.7179,22.8081
optionA_tie_0.20,carbonscaler_price_tiebreak,texas,160,2,166.0,32.791,19.9428
optionA_tie_0.20,carbonscaler_price_tiebreak,texas,161,2,173.0,57.6742,43.3433
optionA_tie_0.20,carbonscaler_price_tiebreak,texas,162,1,174.0,71.8744,74.7083
optionA_tie_0.20,carbonscaler_price_tiebreak,texas,163,0,184.0,79.4686,88.9617
optionA_tie_0.20,carbonscaler_price_tiebreak,texas,164,2,192.0,62.1385,41.1144
optionA_tie_0.20,carbonscaler_price_tiebreak,texas,165,1,206.0,53.9103,45.5056
optionA_tie_0.20,carbonscaler_price_tiebreak,texas,166,1,225.0,37.0536,44.8039
optionA_tie_0.20,carbonscaler_price_tiebreak,texas,167,0,300.0,23.9403,21.661
optionB_budget0.80_beta0.01_gamma0.50,carbonscaler_budget,texas,0,0,340.0,2.7171,19.7835
optionB_budget0.80_beta0.01_gamma0.50,carbonscaler_budget,texas,1,0,334.0,1.3449,0.0
optionB_budget0.80_beta0.01_gamma0.50,carbonscaler_budget,texas,2,0,325.0,5.195,2.3688
optionB_budget0.80_beta0.01_gamma0.50,carbonscaler_budget,texas,3,0,322.0,9.8611,10.1846
optionB_budget0.80_beta0.01_gamma0.50,carbonscaler_budget,texas,4,0,304.0,11.8125,28.564
optionB_budget0.80_beta0.01_gamma0.50,carbonscaler_budget,texas,5,0,293.0,19.294,23.3675
optionB_budget0.80_beta0.01_gamma0.50,carbonscaler_budget,texas,6,0,284.0,36.2998,38.29
optionB_budget0.80_beta0.01_gamma0.50,carbonscaler_budget,texas,7,0,290.0,27.5667,24.2296
optionB_budget0.80_beta0.01_gamma0.50,carbonscaler_budget,texas,8,0,303.0,24.4315,29.0522
optionB_budget0.80_beta0.01_gamma0.50,carbonscaler_budget,texas,9,0,301.0,28.8027,32.8135
optionB_budget0.80_beta0.01_gamma0.50,carbonscaler_budget,texas,10,0,308.0,24.4636,346.7163
optionB_budget0.80_beta0.01_gamma0.50,carbonscaler_budget,texas,11,0,336.0,33.6767,42.589
optionB_budget0.80_beta0.01_gamma0.50,carbonscaler_budget,texas,12,0,335.0,39.1998,51.1686
optionB_budget0.80_beta0.01_gamma0.50,carbonscaler_budget,texas,13,0,298.0,34.3063,49.4026
optionB_budget0.80_beta0.01_gamma0.50,carbonscaler_budget,texas,14,0,277.0,39.569,59.8679
optionB_budget0.80_beta0.01_gamma0.50,carbonscaler_budget,texas,15,0,263.0,42.2112,35.1634
optionB_budget0.80_beta0.01_gamma0.50,carbonscaler_budget,texas,16,0,254.0,57.9068,60.3454
optionB_budget0.80_beta0.01_gamma0.50,carbonscaler_budget,texas,17,0,255.0,80.1899,74.5939
optionB_budget0.80_beta0.01_gamma0.50,carbonscaler_budget,texas,18,0,261.0,106.0488,109.2037
optionB_budget0.80_beta0.01_gamma0.50,carbonscaler_budget,texas,19,0,268.0,132.8887,128.107
optionB_budget0.80_beta0.01_gamma0.50,carbonscaler_budget,texas,20,0,271.0,82.9492,67.0797
optionB_budget0.80_beta0.01_gamma0.50,carbonscaler_budget,texas,21,0,267.0,51.7139,56.594
optionB_budget0.80_beta0.01_gamma0.50,carbonscaler_budget,texas,22,0,282.0,38.4622,42.51
optionB_budget0.80_beta0.01_gamma0.50,carbonscaler_budget,texas,23,0,322.0,32.1526,19.0312
optionB_budget0.80_beta0.01_gamma0.50,carbonscaler_budget,texas,24,0,350.0,27.1545,35.3576
optionB_budget0.80_beta0.01_gamma0.50,carbonscaler_budget,texas,25,0,357.0,25.651,27.8965
optionB_budget0.80_beta0.01_gamma0.50,carbonscaler_budget,texas,26,0,353.0,22.6984,32.4946
optionB_budget0.80_beta0.01_gamma0.50,carbonscaler_budget,texas,27,0,344.0,20.159,14.3143
optionB_budget0.80_beta0.01_gamma0.50,carbonscaler_budget,texas,28,0,332.0,25.3854,12.5368
optionB_budget0.80_beta0.01_gamma0.50,carbonscaler_budget,texas,29,0,328.0,18.0291,7.9323
optionB_budget0.80_beta0.01_gamma0.50,carbonscaler_budget,texas,30,0,321.0,37.5367,38.1242
optionB_budget0.80_beta0.01_gamma0.50,carbonscaler_budget,texas,31,0,314.0,37.8823,59.8233
optionB_budget0.80_beta0.01_gamma0.50,carbonscaler_budget,texas,32,0,309.0,39.1592,39.1137
optionB_budget0.80_beta0.01_gamma0.50,carbonscaler_budget,texas,33,0,315.0,39.3607,23.0984
optionB_budget0.80_beta0.01_gamma0.50,carbonscaler_budget,texas,34,0,316.0,33.5461,30.0204
optionB_budget0.80_beta0.01_gamma0.50,carbonscaler_budget,texas,35,0,329.0,38.9839,42.4006
optionB_budget0.80_beta0.01_gamma0.50,carbonscaler_budget,texas,36,0,338.0,37.4294,24.2808
optionB_budget0.80_beta0.01_gamma0.50,carbonscaler_budget,texas,37,0,310.0,46.9012,48.6362
optionB_budget0.80_beta0.01_gamma0.50,carbonscaler_budget,texas,38,0,287.0,47.7789,44.1446
optionB_budget0.80_beta0.01_gamma0.50,carbonscaler_budget,texas,39,0,262.0,54.3735,57.7048
optionB_budget0.80_beta0.01_gamma0.50,carbonscaler_budget,texas,40,0,249.0,65.643,68.6683
optionB_budget0.80_beta0.01_gamma0.50,carbonscaler_budget,texas,41,0,231.0,105.9408,170.0045
optionB_budget0.80_beta0.01_gamma0.50,carbonscaler_budget,texas,42,0,227.0,114.5104,133.0124
optionB_budget0.80_beta0.01_gamma0.50,carbonscaler_budget,texas,43,0,230.0,101.7509,117.7481
optionB_budget0.80_beta0.01_gamma0.50,carbonscaler_budget,texas,44,0,237.0,76.1179,93.6385
optionB_budget0.80_beta0.01_gamma0.50,carbonscaler_budget,texas,45,0,263.0,51.1903,40.3689
optionB_budget0.80_beta0.01_gamma0.50,carbonscaler_budget,texas,46,0,291.0,43.5465,51.2038
optionB_budget0.80_beta0.01_gamma0.50,carbonscaler_budget,texas,47,0,321.0,34.4971,20.1495
optionB_budget0.80_beta0.01_gamma0.50,carbonscaler_budget,texas,48,0,335.0,14.1867,0.0
optionB_budget0.80_beta0.01_gamma0.50,carbonscaler_budget,texas,49,0,332.0,12.514,0.0
optionB_budget0.80_beta0.01_gamma0.50,carbonscaler_budget,texas,50,0,335.0,18.1734,0.3184
optionB_budget0.80_beta0.01_gamma0.50,carbonscaler_budget,texas,51,0,338.0,13.2219,3.6162
optionB_budget0.80_beta0.01_gamma0.50,carbonscaler_budget,texas,52,0,335.0,14.8731,0.0
optionB_budget0.80_beta0.01_gamma0.50,carbonscaler_budget,texas,53,0,329.0,21.9972,17.4564
optionB_budget0.80_beta0.01_gamma0.50,carbonscaler_budget,texas,54,0,341.0,36.8532,22.2035
optionB_budget0.80_beta0.01_gamma0.50,carbonscaler_budget,texas,55,0,337.0,39.3156,41.3215
optionB_budget0.80_beta0.01_gamma0.50,carbonscaler_budget,texas,56,0,341.0,42.147,40.4768
optionB_budget0.80_beta0.01_gamma0.50,carbonscaler_budget,texas,57,0,353.0,41.8353,44.7207
optionB_budget0.80_beta0.01_gamma0.50,carbonscaler_budget,texas,58,0,374.0,34.4659,39.4489
optionB_budget0.80_beta0.01_gamma0.50,carbonscaler_budget,texas,59,0,377.0,42.167,12.681
optionB_budget0.80_beta0.01_gamma0.50,carbonscaler_budget,texas,60,0,375.0,42.8955,49.4809
optionB_budget0.80_beta0.01_gamma0.50,carbonscaler_budget,texas,61,0,338.0,46.3812,38.699
optionB_budget0.80_beta0.01_gamma0.50,carbonscaler_budget,texas,62,0,274.0,59.523,46.6407
optionB_budget0.80_beta0.01_gamma0.50,carbonscaler_budget,texas,63,0,225.0,65.1294,70.1304
optionB_budget0.80_beta0.01_gamma0.50,carbonscaler_budget,texas,64,0,212.0,140.0144,360.7781
optionB_budget0.80_beta0.01_gamma0.50,carbonscaler_budget,texas,65,0,229.0,93.3096,87.9547
optionB_budget0.80_beta0.01_gamma0.50,carbonscaler_budget,texas,66,0,241.0,129.2569,126.1099
optionB_budget0.80_beta0.01_gamma0.50,carbonscaler_budget,texas,67,0,254.0,122.9289,109.0783
optionB_budget0.80_beta0.01_gamma0.50,carbonscaler_budget,texas,68,0,265.0,75.3539,80.136
optionB_budget0.80_beta0.01_gamma0.50,carbonscaler_budget,texas,69,0,282.0,53.4538,76.4252
optionB_budget0.80_beta0.01_gamma0.50,carbonscaler_budget,texas,70,0,288.0,42.2364,69.2432
optionB_budget0.80_beta0.01_gamma0.50,carbonscaler_budget,texas,71,0,303.0,33.4643,51.6772
optionB_budget0.80_beta0.01_gamma0.50,carbonscaler_budget,texas,72,0,371.0,16.4338,12.6414
optionB_budget0.80_beta0.01_gamma0.50,carbonscaler_budget,texas,73,0,403.0,17.3869,13.1691
optionB_budget0.80_beta0.01_gamma0.50,carbonscaler_budget,texas,74,0,399.0,15.7237,12.5321
optionB_budget0.80_beta0.01_gamma0.50,carbonscaler_budget,texas,75,0,395.0,20.3812,0.0
optionB_budget0.80_beta0.01_gamma0.50,carbonscaler_budget,texas,76,0,387.0,22.3649,38.2147
optionB_budget0.80_beta0.01_gamma0.50,carbonscaler_budget,texas,77,0,376.0,19.1267,35.3487
optionB_budget0.80_beta0.01_gamma0.50,carbonscaler_budget,texas,78,0,363.0,30.7259,32.2717
optionB_budget0.80_beta0.01_gamma0.50,carbonscaler_budget,texas,79,0,351.0,39.3837,27.5496
optionB_budget0.80_beta0.01_gamma0.50,carbonscaler_budget,texas,80,0,355.0,46.5555,46.829
optionB_budget0.80_beta0.01_gamma0.50,carbonscaler_budget,texas,81,0,362.0,35.974,35.4505
optionB_budget0.80_beta0.01_gamma0.50,carbonscaler_budget,texas,82,0,383.0,34.0064,57.6727
optionB_budget0.80_beta0.01_gamma0.50,carbonscaler_budget,texas,83,0,390.0,31.9067,26.548
optionB_budget0.80_beta0.01_gamma0.50,carbonscaler_budget,texas,84,0,368.0,34.962,5.3596
optionB_budget0.80_beta0.01_gamma0.50,carbonscaler_budget,texas,85,0,280.0,34.0586,35.4138
optionB_budget0.80_beta0.01_gamma0.50,carbonscaler_budget,texas,86,0,230.0,43.4345,47.6732
optionB_budget0.80_beta0.01_gamma0.50,carbonscaler_budget,texas,87,1,214.0,51.8063,41.0602
optionB_budget0.80_beta0.01_gamma0.50,carbonscaler_budget,texas,88,1,206.0,53.9044,54.4479
optionB_budget0.80_beta0.01_gamma0.50,carbonscaler_budget,texas,89,1,201.0,88.3612,76.3964
optionB_budget0.80_beta0.01_gamma0.50,carbonscaler_budget,texas,90,0,199.0,136.7502,141.8339
optionB_budget0.80_beta0.01_gamma0.50,carbonscaler_budget,texas,91,0,200.0,126.6723,117.884
optionB_budget0.80_beta0.01_gamma0.50,carbonscaler_budget,texas,92,1,209.0,76.3944,69.0769
optionB_budget0.80_beta0.01_gamma0.50,carbonscaler_budget,texas,93,1,220.0,47.4043,37.6151
optionB_budget0.80_beta0.01_gamma0.50,carbonscaler_budget,texas,94,0,232.0,39.7365,34.2156
optionB_budget0.80_beta0.01_gamma0.50,carbonscaler_budget,texas,95,0,266.0,27.425,15.5748
optionB_budget0.80_beta0.01_gamma0.50,carbonscaler_budget,texas,96,0,322.0,25.0826,47.2503
optionB_budget0.80_beta0.01_gamma0.50,carbonscaler_budget,texas,97,0,328.0,17.0995,24.4525
optionB_budget0.80_beta0.01_gamma0.50,carbonscaler_budget,texas,98,0,321.0,25.5646,17.0378
optionB_budget0.80_beta0.01_gamma0.50,carbonscaler_budget,texas,99,0,314.0,17.8473,12.5728
optionB_budget0.80_beta0.01_gamma0.50,carbonscaler_budget,texas,100,0,306.0,20.2266,20.265
optionB_budget0.80_beta0.01_gamma0.50,carbonscaler_budget,texas,101,0,293.0,25.3695,37.6186
optionB_budget0.80_beta0.01_gamma0.50,carbonscaler_budget,texas,102,0,279.0,46.1218,42.7089
optionB_budget0.80_beta0.01_gamma0.50,carbonscaler_budget,texas,103,0,269.0,42.5633,62.9481
optionB_budget0.80_beta0.01_gamma0.50,carbonscaler_budget,texas,104,0,265.0,43.3251,44.635
optionB_budget0.80_beta0.01_gamma0.50,carbonscaler_budget,texas,105,0,265.0,43.3409,36.1985
optionB_budget0.80_beta0.01_gamma0.50,carbonscaler_budget,texas,106,0,277.0,39.7885,35.6915
optionB_budget0.80_beta0.01_gamma0.50,carbonscaler_budget,texas,107,0,290.0,38.4195,54.5078
optionB_budget0.80_beta0.01_gamma0.50,carbonscaler_budget,texas,108,0,288.0,41.0196,58.5198
optionB_budget0.80_beta0.01_gamma0.50,carbonscaler_budget,texas,109,1,223.0,40.8977,42.5473
optionB_budget0.80_beta0.01_gamma0.50,carbonscaler_budget,texas,110,1,190.0,30.6921,267.8003
optionB_budget0.80_beta0.01_gamma0.50,carbonscaler_budget,texas,111,1,190.0,40.2258,59.8233
optionB_budget0.80_beta0.01_gamma0.50,carbonscaler_budget,texas,112,1,197.0,62.7982,57.4675
optionB_budget0.80_beta0.01_gamma0.50,carbonscaler_budget,texas,113,1,207.0,84.2836,92.8026
optionB_budget0.80_beta0.01_gamma0.50,carbonscaler_budget,texas,114,0,223.0,77.9912,70.2472
optionB_budget0.80_beta0.01_gamma0.50,carbonscaler_budget,texas,115,0,237.0,60.8673,71.062
optionB_budget0.80_beta0.01_gamma0.50,carbonscaler_budget,texas,116,0,242.0,52.0251,68.0758
optionB_budget0.80_beta0.01_gamma0.50,carbonscaler_budget,texas,117,0,243.0,32.9567,15.8549
optionB_budget0.80_beta0.01_gamma0.50,carbonscaler_budget,texas,118,0,275.0,25.6767,14.3177
optionB_budget0.80_beta0.01_gamma0.50,carbonscaler_budget,texas,119,0,294.0,18.2446,28.757
optionB_budget0.80_beta0.01_gamma0.50,carbonscaler_budget,texas,120,0,326.0,5.2222,38.4575
optionB_budget0.80_beta0.01_gamma0.50,carbonscaler_budget,texas,121,0,327.0,6.3899,0.0
optionB_budget0.80_beta0.01_gamma0.50,carbonscaler_budget,texas,122,0,323.0,1.2094,0.0
optionB_budget0.80_beta0.01_gamma0.50,carbonscaler_budget,texas,123,0,317.0,2.5663,19.9849
optionB_budget0.80_beta0.01_gamma0.50,carbonscaler_budget,texas,124,0,309.0,2.44,5.4982
optionB_budget0.80_beta0.01_gamma0.50,carbonscaler_budget,texas,125,0,297.0,6.3236,4.4277
optionB_budget0.80_beta0.01_gamma0.50,carbonscaler_budget,texas,126,0,284.0,0.0723,0.0
optionB_budget0.80_beta0.01_gamma0.50,carbonscaler_budget,texas,127,0,271.0,2.1025,10.9873
optionB_budget0.80_beta0.01_gamma0.50,carbonscaler_budget,texas,128,0,260.0,7.2852,2.7008
optionB_budget0.80_beta0.01_gamma0.50,carbonscaler_budget,texas,129,0,264.0,7.7837,0.0
optionB_budget0.80_beta0.01_gamma0.50,carbonscaler_budget,texas,130,0,263.0,7.3438,7.0744
optionB_budget0.80_beta0.01_gamma0.50,carbonscaler_budget,texas,131,0,283.0,68.1531,349.2377
optionB_budget0.80_beta0.01_gamma0.50,carbonscaler_budget,texas,132,0,290.0,7.7668,7.3921
optionB_budget0.80_beta0.01_gamma0.50,carbonscaler_budget,texas,133,0,263.0,21.6033,40.6759
optionB_budget0.80_beta0.01_gamma0.50,carbonscaler_budget,texas,134,0,245.0,27.8341,30.7104
optionB_budget0.80_beta0.01_gamma0.50,carbonscaler_budget,texas,135,0,227.0,78.3788,290.532
optionB_budget0.80_beta0.01_gamma0.50,carbonscaler_budget,texas,136,1,216.0,42.505,35.5581
optionB_budget0.80_beta0.01_gamma0.50,carbonscaler_budget,texas,137,1,217.0,58.3833,39.0562
optionB_budget0.80_beta0.01_gamma0.50,carbonscaler_budget,texas,138,0,239.0,65.7881,62.0908
optionB_budget0.80_beta0.01_gamma0.50,carbonscaler_budget,texas,139,0,264.0,58.9557,66.9049
optionB_budget0.80_beta0.01_gamma0.50,carbonscaler_budget,texas,140,0,268.0,53.3514,39.9203
optionB_budget0.80_beta0.01_gamma0.50,carbonscaler_budget,texas,141,0,279.0,44.3403,37.2205
optionB_budget0.80_beta0.01_gamma0.50,carbonscaler_budget,texas,142,0,289.0,29.2887,27.4594
optionB_budget0.80_beta0.01_gamma0.50,carbonscaler_budget,texas,143,0,298.0,24.2492,20.7722
optionB_budget0.80_beta0.01_gamma0.50,carbonscaler_budget,texas,144,0,379.0,13.5149,18.6664
optionB_budget0.80_beta0.01_gamma0.50,carbonscaler_budget,texas,145,0,422.0,14.6108,27.7585
optionB_budget0.80_beta0.01_gamma0.50,carbonscaler_budget,texas,146,0,427.0,14.7061,16.5099
optionB_budget0.80_beta0.01_gamma0.50,carbonscaler_budget,texas,147,0,430.0,13.4113,9.6439
optionB_budget0.80_beta0.01_gamma0.50,carbonscaler_budget,texas,148,0,424.0,17.8445,32.3596
optionB_budget0.80_beta0.01_gamma0.50,carbonscaler_budget,texas,149,0,403.0,21.4911,23.4308
optionB_budget0.80_beta0.01_gamma0.50,carbonscaler_budget,texas,150,0,399.0,28.0862,50.3212
optionB_budget0.80_beta0.01_gamma0.50,carbonscaler_budget,texas,151,0,395.0,32.9188,7.5227
optionB_budget0.80_beta0.01_gamma0.50,carbonscaler_budget,texas,152,0,398.0,25.434,18.3216
optionB_budget0.80_beta0.01_gamma0.50,carbonscaler_budget,texas,153,0,407.0,23.9134,22.3007
optionB_budget0.80_beta0.01_gamma0.50,carbonscaler_budget,texas,154,0,413.0,25.7573,38.1317
optionB_budget0.80_beta0.01_gamma0.50,carbonscaler_budget,texas,155,0,421.0,20.3674,2.4598
optionB_budget0.80_beta0.01_gamma0.50,carbonscaler_budget,texas,156,0,395.0,16.8689,0.0
optionB_budget0.80_beta0.01_gamma0.50,carbonscaler_budget,texas,157,1,245.0,18.549,30.6115
optionB_budget0.80_beta0.01_gamma0.50,carbonscaler_budget,texas,158,1,192.0,20.2695,21.8638
optionB_budget0.80_beta0.01_gamma0.50,carbonscaler_budget,texas,159,2,175.0,24.7179,22.8081
optionB_budget0.80_beta0.01_gamma0.50,carbonscaler_budget,texas,160,2,166.0,32.791,19.9428
optionB_budget0.80_beta0.01_gamma0.50,carbonscaler_budget,texas,161,2,173.0,57.6742,43.3433
optionB_budget0.80_beta0.01_gamma0.50,carbonscaler_budget,texas,162,1,174.0,71.8744,74.7083
optionB_budget0.80_beta0.01_gamma0.50,carbonscaler_budget,texas,163,1,184.0,79.4686,88.9617
optionB_budget0.80_beta0.01_gamma0.50,carbonscaler_budget,texas,164,1,192.0,62.1385,41.1144
optionB_budget0.80_beta0.01_gamma0.50,carbonscaler_budget,texas,165,1,206.0,53.9103,45.5056
optionB_budget0.80_beta0.01_gamma0.50,carbonscaler_budget,texas,166,1,225.0,37.0536,44.8039
optionB_budget0.80_beta0.01_gamma0.50,carbonscaler_budget,texas,167,0,300.0,23.9403,21.661
optionB_budget0.85_beta0.01_gamma0.50,carbonscaler_budget,texas,0,0,340.0,2.7171,19.7835
optionB_budget0.85_beta0.01_gamma0.50,carbonscaler_budget,texas,1,0,334.0,1.3449,0.0
optionB_budget0.85_beta0.01_gamma0.50,carbonscaler_budget,texas,2,0,325.0,5.195,2.3688
optionB_budget0.85_beta0.01_gamma0.50,carbonscaler_budget,texas,3,0,322.0,9.8611,10.1846
optionB_budget0.85_beta0.01_gamma0.50,carbonscaler_budget,texas,4,0,304.0,11.8125,28.564
optionB_budget0.85_beta0.01_gamma0.50,carbonscaler_budget,texas,5,0,293.0,19.294,23.3675
optionB_budget0.85_beta0.01_gamma0.50,carbonscaler_budget,texas,6,0,284.0,36.2998,38.29
optionB_budget0.85_beta0.01_gamma0.50,carbonscaler_budget,texas,7,0,290.0,27.5667,24.2296
optionB_budget0.85_beta0.01_gamma0.50,carbonscaler_budget,texas,8,0,303.0,24.4315,29.0522
optionB_budget0.85_beta0.01_gamma0.50,carbonscaler_budget,texas,9,0,301.0,28.8027,32.8135
optionB_budget0.85_beta0.01_gamma0.50,carbonscaler_budget,texas,10,0,308.0,24.4636,346.7163
optionB_budget0.85_beta0.01_gamma0.50,carbonscaler_budget,texas,11,0,336.0,33.6767,42.589
optionB_budget0.85_beta0.01_gamma0.50,carbonscaler_budget,texas,12,0,335.0,39.1998,51.1686
optionB_budget0.85_beta0.01_gamma0.50,carbonscaler_budget,texas,13,0,298.0,34.3063,49.4026
optionB_budget0.85_beta0.01_gamma0.50,carbonscaler_budget,texas,14,0,277.0,39.569,59.8679
optionB_budget0.85_beta0.01_gamma0.50,carbonscaler_budget,texas,15,0,263.0,42.2112,35.1634
optionB_budget0.85_beta0.01_gamma0.50,carbonscaler_budget,texas,16,0,254.0,57.9068,60.3454
optionB_budget0.85_beta0.01_gamma0.50,carbonscaler_budget,texas,17,0,255.0,80.1899,74.5939
optionB_budget0.85_beta0.01_gamma0.50,carbonscaler_budget,texas,18,0,261.0,106.0488,109.2037
optionB_budget0.85_beta0.01_gamma0.50,carbonscaler_budget,texas,19,0,268.0,132.8887,128.107
optionB_budget0.85_beta0.01_gamma0.50,carbonscaler_budget,texas,20,0,271.0,82.9492,67.0797
optionB_budget0.85_beta0.01_gamma0.50,carbonscaler_budget,texas,21,0,267.0,51.7139,56.594
optionB_budget0.85_beta0.01_gamma0.50,carbonscaler_budget,texas,22,0,282.0,38.4622,42.51
optionB_budget0.85_beta0.01_gamma0.50,carbonscaler_budget,texas,23,0,322.0,32.1526,19.0312
optionB_budget0.85_beta0.01_gamma0.50,carbonscaler_budget,texas,24,0,350.0,27.1545,35.3576
optionB_budget0.85_beta0.01_gamma0.50,carbonscaler_budget,texas,25,0,357.0,25.651,27.8965
optionB_budget0.85_beta0.01_gamma0.50,carbonscaler_budget,texas,26,0,353.0,22.6984,32.4946
optionB_budget0.85_beta0.01_gamma0.50,carbonscaler_budget,texas,27,0,344.0,20.159,14.3143
optionB_budget0.85_beta0.01_gamma0.50,carbonscaler_budget,texas,28,0,332.0,25.3854,12.5368
optionB_budget0.85_beta0.01_gamma0.50,carbonscaler_budget,texas,29,0,328.0,18.0291,7.9323
optionB_budget0.85_beta0.01_gamma0.50,carbonscaler_budget,texas,30,0,321.0,37.5367,38.1242
optionB_budget0.85_beta0.01_gamma0.50,carbonscaler_budget,texas,31,0,314.0,37.8823,59.8233
optionB_budget0.85_beta0.01_gamma0.50,carbonscaler_budget,texas,32,0,309.0,39.1592,39.1137
optionB_budget0.85_beta0.01_gamma0.50,carbonscaler_budget,texas,33,0,315.0,39.3607,23.0984
optionB_budget0.85_beta0.01_gamma0.50,carbonscaler_budget,texas,34,0,316.0,33.5461,30.0204
optionB_budget0.85_beta0.01_gamma0.50,carbonscaler_budget,texas,35,0,329.0,38.9839,42.4006
optionB_budget0.85_beta0.01_gamma0.50,carbonscaler_budget,texas,36,0,338.0,37.4294,24.2808
optionB_budget0.85_beta0.01_gamma0.50,carbonscaler_budget,texas,37,0,310.0,46.9012,48.6362
optionB_budget0.85_beta0.01_gamma0.50,carbonscaler_budget,texas,38,0,287.0,47.7789,44.1446
optionB_budget0.85_beta0.01_gamma0.50,carbonscaler_budget,texas,39,0,262.0,54.3735,57.7048
optionB_budget0.85_beta0.01_gamma0.50,carbonscaler_budget,texas,40,0,249.0,65.643,68.6683
optionB_budget0.85_beta0.01_gamma0.50,carbonscaler_budget,texas,41,0,231.0,105.9408,170.0045
optionB_budget0.85_beta0.01_gamma0.50,carbonscaler_budget,texas,42,0,227.0,114.5104,133.0124
optionB_budget0.85_beta0.01_gamma0.50,carbonscaler_budget,texas,43,0,230.0,101.7509,117.7481
optionB_budget0.85_beta0.01_gamma0.50,carbonscaler_budget,texas,44,0,237.0,76.1179,93.6385
optionB_budget0.85_beta0.01_gamma0.50,carbonscaler_budget,texas,45,0,263.0,51.1903,40.3689
optionB_budget0.85_beta0.01_gamma0.50,carbonscaler_budget,texas,46,0,291.0,43.5465,51.2038
optionB_budget0.85_beta0.01_gamma0.50,carbonscaler_budget,texas,47,0,321.0,34.4971,20.1495
optionB_budget0.85_beta0.01_gamma0.50,carbonscaler_budget,texas,48,0,335.0,14.1867,0.0
optionB_budget0.85_beta0.01_gamma0.50,carbonscaler_budget,texas,49,0,332.0,12.514,0.0
optionB_budget0.85_beta0.01_gamma0.50,carbonscaler_budget,texas,50,0,335.0,18.1734,0.3184
optionB_budget0.85_beta0.01_gamma0.50,carbonscaler_budget,texas,51,0,338.0,13.2219,3.6162
optionB_budget0.85_beta0.01_gamma0.50,carbonscaler_budget,texas,52,0,335.0,14.8731,0.0
optionB_budget0.85_beta0.01_gamma0.50,carbonscaler_budget,texas,53,0,329.0,21.9972,17.4564
optionB_budget0.85_beta0.01_gamma0.50,carbonscaler_budget,texas,54,0,341.0,36.8532,22.2035
optionB_budget0.85_beta0.01_gamma0.50,carbonscaler_budget,texas,55,0,337.0,39.3156,41.3215
optionB_budget0.85_beta0.01_gamma0.50,carbonscaler_budget,texas,56,0,341.0,42.147,40.4768
optionB_budget0.85_beta0.01_gamma0.50,carbonscaler_budget,texas,57,0,353.0,41.8353,44.7207
optionB_budget0.85_beta0.01_gamma0.50,carbonscaler_budget,texas,58,0,374.0,34.4659,39.4489
optionB_budget0.85_beta0.01_gamma0.50,carbonscaler_budget,texas,59,0,377.0,42.167,12.681
optionB_budget0.85_beta0.01_gamma0.50,carbonscaler_budget,texas,60,0,375.0,42.8955,49.4809
optionB_budget0.85_beta0.01_gamma0.50,carbonscaler_budget,texas,61,0,338.0,46.3812,38.699
optionB_budget0.85_beta0.01_gamma0.50,carbonscaler_budget,texas,62,0,274.0,59.523,46.6407
optionB_budget0.85_beta0.01_gamma0.50,carbonscaler_budget,texas,63,0,225.0,65.1294,70.1304
optionB_budget0.85_beta0.01_gamma0.50,carbonscaler_budget,texas,64,0,212.0,140.0144,360.7781
optionB_budget0.85_beta0.01_gamma0.50,carbonscaler_budget,texas,65,0,229.0,93.3096,87.9547
optionB_budget0.85_beta0.01_gamma0.50,carbonscaler_budget,texas,66,0,241.0,129.2569,126.1099
optionB_budget0.85_beta0.01_gamma0.50,carbonscaler_budget,texas,67,0,254.0,122.9289,109.0783
optionB_budget0.85_beta0.01_gamma0.50,carbonscaler_budget,texas,68,0,265.0,75.3539,80.136
optionB_budget0.85_beta0.01_gamma0.50,carbonscaler_budget,texas,69,0,282.0,53.4538,76.4252
optionB_budget0.85_beta0.01_gamma0.50,carbonscaler_budget,texas,70,0,288.0,42.2364,69.2432
optionB_budget0.85_beta0.01_gamma0.50,carbonscaler_budget,texas,71,0,303.0,33.4643,51.6772
optionB_budget0.85_beta0.01_gamma0.50,carbonscaler_budget,texas,72,0,371.0,16.4338,12.6414
optionB_budget0.85_beta0.01_gamma0.50,carbonscaler_budget,texas,73,0,403.0,17.3869,13.1691
optionB_budget0.85_beta0.01_gamma0.50,carbonscaler_budget,texas,74,0,399.0,15.7237,12.5321
optionB_budget0.85_beta0.01_gamma0.50,carbonscaler_budget,texas,75,0,395.0,20.3812,0.0
optionB_budget0.85_beta0.01_gamma0.50,carbonscaler_budget,texas,76,0,387.0,22.3649,38.2147
optionB_budget0.85_beta0.01_gamma0.50,carbonscaler_budget,texas,77,0,376.0,19.1267,35.3487
optionB_budget0.85_beta0.01_gamma0.50,carbonscaler_budget,texas,78,0,363.0,30.7259,32.2717
optionB_budget0.85_beta0.01_gamma0.50,carbonscaler_budget,texas,79,0,351.0,39.3837,27.5496
optionB_budget0.85_beta0.01_gamma0.50,carbonscaler_budget,texas,80,0,355.0,46.5555,46.829
optionB_budget0.85_beta0.01_gamma0.50,carbonscaler_budget,texas,81,0,362.0,35.974,35.4505
optionB_budget0.85_beta0.01_gamma0.50,carbonscaler_budget,texas,82,0,383.0,34.0064,57.6727
optionB_budget0.85_beta0.01_gamma0.50,carbonscaler_budget,texas,83,0,390.0,31.9067,26.548
optionB_budget0.85_beta0.01_gamma0.50,carbonscaler_budget,texas,84,0,368.0,34.962,5.3596
optionB_budget0.85_beta0.01_gamma0.50,carbonscaler_budget,texas,85,0,280.0,34.0586,35.4138
optionB_budget0.85_beta0.01_gamma0.50,carbonscaler_budget,texas,86,1,230.0,43.4345,47.6732
optionB_budget0.85_beta0.01_gamma0.50,carbonscaler_budget,texas,87,1,214.0,51.8063,41.0602
optionB_budget0.85_beta0.01_gamma0.50,carbonscaler_budget,texas,88,1,206.0,53.9044,54.4479
optionB_budget0.85_beta0.01_gamma0.50,carbonscaler_budget,texas,89,1,201.0,88.3612,76.3964
optionB_budget0.85_beta0.01_gamma0.50,carbonscaler_budget,texas,90,0,199.0,136.7502,141.8339
optionB_budget0.85_beta0.01_gamma0.50,carbonscaler_budget,texas,91,0,200.0,126.6723,117.884
optionB_budget0.85_beta0.01_gamma0.50,carbonscaler_budget,texas,92,1,209.0,76.3944,69.0769
optionB_budget0.85_beta0.01_gamma0.50,carbonscaler_budget,texas,93,1,220.0,47.4043,37.6151
optionB_budget0.85_beta0.01_gamma0.50,carbonscaler_budget,texas,94,0,232.0,39.7365,34.2156
optionB_budget0.85_beta0.01_gamma0.50,carbonscaler_budget,texas,95,0,266.0,27.425,15.5748
optionB_budget0.85_beta0.01_gamma0.50,carbonscaler_budget,texas,96,0,322.0,25.0826,47.2503
optionB_budget0.85_beta0.01_gamma0.50,carbonscaler_budget,texas,97,0,328.0,17.0995,24.4525
optionB_budget0.85_beta0.01_gamma0.50,carbonscaler_budget,texas,98,0,321.0,25.5646,17.0378
optionB_budget0.85_beta0.01_gamma0.50,carbonscaler_budget,texas,99,0,314.0,17.8473,12.5728
optionB_budget0.85_beta0.01_gamma0.50,carbonscaler_budget,texas,100,0,306.0,20.2266,20.265
optionB_budget0.85_beta0.01_gamma0.50,carbonscaler_budget,texas,101,0,293.0,25.3695,37.6186
optionB_budget0.85_beta0.01_gamma0.50,carbonscaler_budget,texas,102,0,279.0,46.1218,42.7089
optionB_budget0.85_beta0.01_gamma0.50,carbonscaler_budget,texas,103,0,269.0,42.5633,62.9481
optionB_budget0.85_beta0.01_gamma0.50,carbonscaler_budget,texas,104,0,265.0,43.3251,44.635
optionB_budget0.85_beta0.01_gamma0.50,carbonscaler_budget,texas,105,0,265.0,43.3409,36.1985
optionB_budget0.85_beta0.01_gamma0.50,carbonscaler_budget,texas,106,0,277.0,39.7885,35.6915
optionB_budget0.85_beta0.01_gamma0.50,carbonscaler_budget,texas,107,0,290.0,38.4195,54.5078
optionB_budget0.85_beta0.01_gamma0.50,carbonscaler_budget,texas,108,0,288.0,41.0196,58.5198
optionB_budget0.85_beta0.01_gamma0.50,carbonscaler_budget,texas,109,1,223.0,40.8977,42.5473
optionB_budget0.85_beta0.01_gamma0.50,carbonscaler_budget,texas,110,1,190.0,30.6921,267.8003
optionB_budget0.85_beta0.01_gamma0.50,carbonscaler_budget,texas,111,1,190.0,40.2258,59.8233
optionB_budget0.85_beta0.01_gamma0.50,carbonscaler_budget,texas,112,1,197.0,62.7982,57.4675
optionB_budget0.85_beta0.01_gamma0.50,carbonscaler_budget,texas,113,1,207.0,84.2836,92.8026
optionB_budget0.85_beta0.01_gamma0.50,carbonscaler_budget,texas,114,0,223.0,77.9912,70.2472
optionB_budget0.85_beta0.01_gamma0.50,carbonscaler_budget,texas,115,0,237.0,60.8673,71.062
optionB_budget0.85_beta0.01_gamma0.50,carbonscaler_budget,texas,116,0,242.0,52.0251,68.0758
optionB_budget0.85_beta0.01_gamma0.50,carbonscaler_budget,texas,117,0,243.0,32.9567,15.8549
optionB_budget0.85_beta0.01_gamma0.50,carbonscaler_budget,texas,118,0,275.0,25.6767,14.3177
optionB_budget0.85_beta0.01_gamma0.50,carbonscaler_budget,texas,119,0,294.0,18.2446,28.757
optionB_budget0.85_beta0.01_gamma0.50,carbonscaler_budget,texas,120,0,326.0,5.2222,38.4575
optionB_budget0.85_beta0.01_gamma0.50,carbonscaler_budget,texas,121,0,327.0,6.3899,0.0
optionB_budget0.85_beta0.01_gamma0.50,carbonscaler_budget,texas,122,0,323.0,1.2094,0.0
optionB_budget0.85_beta0.01_gamma0.50,carbonscaler_budget,texas,123,0,317.0,2.5663,19.9849
optionB_budget0.85_beta0.01_gamma0.50,carbonscaler_budget,texas,124,0,309.0,2.44,5.4982
optionB_budget0.85_beta0.01_gamma0.50,carbonscaler_budget,texas,125,0,297.0,6.3236,4.4277
optionB_budget0.85_beta0.01_gamma0.50,carbonscaler_budget,texas,126,0,284.0,0.0723,0.0
optionB_budget0.85_beta0.01_gamma0.50,carbonscaler_budget,texas,127,0,271.0,2.1025,10.9873
optionB_budget0.85_beta0.01_gamma0.50,carbonscaler_budget,texas,128,0,260.0,7.2852,2.7008
optionB_budget0.85_beta0.01_gamma0.50,carbonscaler_budget,texas,129,0,264.0,7.7837,0.0
optionB_budget0.85_beta0.01_gamma0.50,carbonscaler_budget,texas,130,0,263.0,7.3438,7.0744
optionB_budget0.85_beta0.01_gamma0.50,carbonscaler_budget,texas,131,0,283.0,68.1531,349.2377
optionB_budget0.85_beta0.01_gamma0.50,carbonscaler_budget,texas,132,0,290.0,7.7668,7.3921
optionB_budget0.85_beta0.01_gamma0.50,carbonscaler_budget,texas,133,0,263.0,21.6033,40.6759
optionB_budget0.85_beta0.01_gamma0.50,carbonscaler_budget,texas,134,0,245.0,27.8341,30.7104
optionB_budget0.85_beta0.01_gamma0.50,carbonscaler_budget,texas,135,0,227.0,78.3788,290.532
optionB_budget0.85_beta0.01_gamma0.50,carbonscaler_budget,texas,136,1,216.0,42.505,35.5581
optionB_budget0.85_beta0.01_gamma0.50,carbonscaler_budget,texas,137,1,217.0,58.3833,39.0562
optionB_budget0.85_beta0.01_gamma0.50,carbonscaler_budget,texas,138,0,239.0,65.7881,62.0908
optionB_budget0.85_beta0.01_gamma0.50,carbonscaler_budget,texas,139,0,264.0,58.9557,66.9049
optionB_budget0.85_beta0.01_gamma0.50,carbonscaler_budget,texas,140,0,268.0,53.3514,39.9203
optionB_budget0.85_beta0.01_gamma0.50,carbonscaler_budget,texas,141,0,279.0,44.3403,37.2205
optionB_budget0.85_beta0.01_gamma0.50,carbonscaler_budget,texas,142,0,289.0,29.2887,27.4594
optionB_budget0.85_beta0.01_gamma0.50,carbonscaler_budget,texas,143,0,298.0,24.2492,20.7722
optionB_budget0.85_beta0.01_gamma0.50,carbonscaler_budget,texas,144,0,379.0,13.5149,18.6664
optionB_budget0.85_beta0.01_gamma0.50,carbonscaler_budget,texas,145,0,422.0,14.6108,27.7585
optionB_budget0.85_beta0.01_gamma0.50,carbonscaler_budget,texas,146,0,427.0,14.7061,16.5099
optionB_budget0.85_beta0.01_gamma0.50,carbonscaler_budget,texas,147,0,430.0,13.4113,9.6439
optionB_budget0.85_beta0.01_gamma0.50,carbonscaler_budget,texas,148,0,424.0,17.8445,32.3596
optionB_budget0.85_beta0.01_gamma0.50,carbonscaler_budget,texas,149,0,403.0,21.4911,23.4308
optionB_budget0.85_beta0.01_gamma0.50,carbonscaler_budget,texas,150,0,399.0,28.0862,50.3212
optionB_budget0.85_beta0.01_gamma0.50,carbonscaler_budget,texas,151,0,395.0,32.9188,7.5227
optionB_budget0.85_beta0.01_gamma0.50,carbonscaler_budget,texas,152,0,398.0,25.434,18.3216
optionB_budget0.85_beta0.01_gamma0.50,carbonscaler_budget,texas,153,0,407.0,23.9134,22.3007
optionB_budget0.85_beta0.01_gamma0.50,carbonscaler_budget,texas,154,0,413.0,25.7573,38.1317
optionB_budget0.85_beta0.01_gamma0.50,carbonscaler_budget,texas,155,0,421.0,20.3674,2.4598
optionB_budget0.85_beta0.01_gamma0.50,carbonscaler_budget,texas,156,0,395.0,16.8689,0.0
optionB_budget0.85_beta0.01_gamma0.50,carbonscaler_budget,texas,157,0,245.0,18.549,30.6115
optionB_budget0.85_beta0.01_gamma0.50,carbonscaler_budget,texas,158,1,192.0,20.2695,21.8638
optionB_budget0.85_beta0.01_gamma0.50,carbonscaler_budget,texas,159,2,175.0,24.7179,22.8081
optionB_budget0.85_beta0.01_gamma0.50,carbonscaler_budget,texas,160,2,166.0,32.791,19.9428
optionB_budget0.85_beta0.01_gamma0.50,carbonscaler_budget,texas,161,2,173.0,57.6742,43.3433
optionB_budget0.85_beta0.01_gamma0.50,carbonscaler_budget,texas,162,1,174.0,71.8744,74.7083
optionB_budget0.85_beta0.01_gamma0.50,carbonscaler_budget,texas,163,1,184.0,79.4686,88.9617
optionB_budget0.85_beta0.01_gamma0.50,carbonscaler_budget,texas,164,1,192.0,62.1385,41.1144
optionB_budget0.85_beta0.01_gamma0.50,carbonscaler_budget,texas,165,1,206.0,53.9103,45.5056
optionB_budget0.85_beta0.01_gamma0.50,carbonscaler_budget,texas,166,1,225.0,37.0536,44.8039
optionB_budget0.85_beta0.01_gamma0.50,carbonscaler_budget,texas,167,0,300.0,23.9403,21.661
optionB_budget0.90_beta0.01_gamma0.50,carbonscaler_budget,texas,0,0,340.0,2.7171,19.7835
optionB_budget0.90_beta0.01_gamma0.50,carbonscaler_budget,texas,1,0,334.0,1.3449,0.0
optionB_budget0.90_beta0.01_gamma0.50,carbonscaler_budget,texas,2,0,325.0,5.195,2.3688
optionB_budget0.90_beta0.01_gamma0.50,carbonscaler_budget,texas,3,0,322.0,9.8611,10.1846
optionB_budget0.90_beta0.01_gamma0.50,carbonscaler_budget,texas,4,0,304.0,11.8125,28.564
optionB_budget0.90_beta0.01_gamma0.50,carbonscaler_budget,texas,5,0,293.0,19.294,23.3675
optionB_budget0.90_beta0.01_gamma0.50,carbonscaler_budget,texas,6,0,284.0,36.2998,38.29
optionB_budget0.90_beta0.01_gamma0.50,carbonscaler_budget,texas,7,0,290.0,27.5667,24.2296
optionB_budget0.90_beta0.01_gamma0.50,carbonscaler_budget,texas,8,0,303.0,24.4315,29.0522
optionB_budget0.90_beta0.01_gamma0.50,carbonscaler_budget,texas,9,0,301.0,28.8027,32.8135
optionB_budget0.90_beta0.01_gamma0.50,carbonscaler_budget,texas,10,0,308.0,24.4636,346.7163
optionB_budget0.90_beta0.01_gamma0.50,carbonscaler_budget,texas,11,0,336.0,33.6767,42.589
optionB_budget0.90_beta0.01_gamma0.50,carbonscaler_budget,texas,12,0,335.0,39.1998,51.1686
optionB_budget0.90_beta0.01_gamma0.50,carbonscaler_budget,texas,13,0,298.0,34.3063,49.4026
optionB_budget0.90_beta0.01_gamma0.50,carbonscaler_budget,texas,14,0,277.0,39.569,59.8679
optionB_budget0.90_beta0.01_gamma0.50,carbonscaler_budget,texas,15,0,263.0,42.2112,35.1634
optionB_budget0.90_beta0.01_gamma0.50,carbonscaler_budget,texas,16,0,254.0,57.9068,60.3454
optionB_budget0.90_beta0.01_gamma0.50,carbonscaler_budget,texas,17,0,255.0,80.1899,74.5939
optionB_budget0.90_beta0.01_gamma0.50,carbonscaler_budget,texas,18,0,261.0,106.0488,109.2037
optionB_budget0.90_beta0.01_gamma0.50,carbonscaler_budget,texas,19,0,268.0,132.8887,128.107
optionB_budget0.90_beta0.01_gamma0.50,carbonscaler_budget,texas,20,0,271.0,82.9492,67.0797
optionB_budget0.90_beta0.01_gamma0.50,carbonscaler_budget,texas,21,0,267.0,51.7139,56.594
optionB_budget0.90_beta0.01_gamma0.50,carbonscaler_budget,texas,22,0,282.0,38.4622,42.51
optionB_budget0.90_beta0.01_gamma0.50,carbonscaler_budget,texas,23,0,322.0,32.1526,19.0312
optionB_budget0.90_beta0.01_gamma0.50,carbonscaler_budget,texas,24,0,350.0,27.1545,35.3576
optionB_budget0.90_beta0.01_gamma0.50,carbonscaler_budget,texas,25,0,357.0,25.651,27.8965
optionB_budget0.90_beta0.01_gamma0.50,carbonscaler_budget,texas,26,0,353.0,22.6984,32.4946
optionB_budget0.90_beta0.01_gamma0.50,carbonscaler_budget,texas,27,0,344.0,20.159,14.3143
optionB_budget0.90_beta0.01_gamma0.50,carbonscaler_budget,texas,28,0,332.0,25.3854,12.5368
optionB_budget0.90_beta0.01_gamma0.50,carbonscaler_budget,texas,29,0,328.0,18.0291,7.9323
optionB_budget0.90_beta0.01_gamma0.50,carbonscaler_budget,texas,30,0,321.0,37.5367,38.1242
optionB_budget0.90_beta0.01_gamma0.50,carbonscaler_budget,texas,31,0,314.0,37.8823,59.8233
optionB_budget0.90_beta0.01_gamma0.50,carbonscaler_budget,texas,32,0,309.0,39.1592,39.1137
optionB_budget0.90_beta0.01_gamma0.50,carbonscaler_budget,texas,33,0,315.0,39.3607,23.0984
optionB_budget0.90_beta0.01_gamma0.50,carbonscaler_budget,texas,34,0,316.0,33.5461,30.0204
optionB_budget0.90_beta0.01_gamma0.50,carbonscaler_budget,texas,35,0,329.0,38.9839,42.4006
optionB_budget0.90_beta0.01_gamma0.50,carbonscaler_budget,texas,36,0,338.0,37.4294,24.2808
optionB_budget0.90_beta0.01_gamma0.50,carbonscaler_budget,texas,37,0,310.0,46.9012,48.6362
optionB_budget0.90_beta0.01_gamma0.50,carbonscaler_budget,texas,38,0,287.0,47.7789,44.1446
optionB_budget0.90_beta0.01_gamma0.50,carbonscaler_budget,texas,39,0,262.0,54.3735,57.7048
optionB_budget0.90_beta0.01_gamma0.50,carbonscaler_budget,texas,40,0,249.0,65.643,68.6683
optionB_budget0.90_beta0.01_gamma0.50,carbonscaler_budget,texas,41,0,231.0,105.9408,170.0045
optionB_budget0.90_beta0.01_gamma0.50,carbonscaler_budget,texas,42,0,227.0,114.5104,133.0124
optionB_budget0.90_beta0.01_gamma0.50,carbonscaler_budget,texas,43,0,230.0,101.7509,117.7481
optionB_budget0.90_beta0.01_gamma0.50,carbonscaler_budget,texas,44,0,237.0,76.1179,93.6385
optionB_budget0.90_beta0.01_gamma0.50,carbonscaler_budget,texas,45,0,263.0,51.1903,40.3689
optionB_budget0.90_beta0.01_gamma0.50,carbonscaler_budget,texas,46,0,291.0,43.5465,51.2038
optionB_budget0.90_beta0.01_gamma0.50,carbonscaler_budget,texas,47,0,321.0,34.4971,20.1495
optionB_budget0.90_beta0.01_gamma0.50,carbonscaler_budget,texas,48,0,335.0,14.1867,0.0
optionB_budget0.90_beta0.01_gamma0.50,carbonscaler_budget,texas,49,0,332.0,12.514,0.0
optionB_budget0.90_beta0.01_gamma0.50,carbonscaler_budget,texas,50,0,335.0,18.1734,0.3184
optionB_budget0.90_beta0.01_gamma0.50,carbonscaler_budget,texas,51,0,338.0,13.2219,3.6162
optionB_budget0.90_beta0.01_gamma0.50,carbonscaler_budget,texas,52,0,335.0,14.8731,0.0
optionB_budget0.90_beta0.01_gamma0.50,carbonscaler_budget,texas,53,0,329.0,21.9972,17.4564
optionB_budget0.90_beta0.01_gamma0.50,carbonscaler_budget,texas,54,0,341.0,36.8532,22.2035
optionB_budget0.90_beta0.01_gamma0.50,carbonscaler_budget,texas,55,0,337.0,39.3156,41.3215
optionB_budget0.90_beta0.01_gamma0.50,carbonscaler_budget,texas,56,0,341.0,42.147,40.4768
optionB_budget0.90_beta0.01_gamma0.50,carbonscaler_budget,texas,57,0,353.0,41.8353,44.7207
optionB_budget0.90_beta0.01_gamma0.50,carbonscaler_budget,texas,58,0,374.0,34.4659,39.4489
optionB_budget0.90_beta0.01_gamma0.50,carbonscaler_budget,texas,59,0,377.0,42.167,12.681
optionB_budget0.90_beta0.01_gamma0.50,carbonscaler_budget,texas,60,0,375.0,42.8955,49.4809
optionB_budget0.90_beta0.01_gamma0.50,carbonscaler_budget,texas,61,0,338.0,46.3812,38.699
optionB_budget0.90_beta0.01_gamma0.50,carbonscaler_budget,texas,62,0,274.0,59.523,46.6407
optionB_budget0.90_beta0.01_gamma0.50,carbonscaler_budget,texas,63,0,225.0,65.1294,70.1304
optionB_budget0.90_beta0.01_gamma0.50,carbonscaler_budget,texas,64,0,212.0,140.0144,360.7781
optionB_budget0.90_beta0.01_gamma0.50,carbonscaler_budget,texas,65,0,229.0,93.3096,87.9547
optionB_budget0.90_beta0.01_gamma0.50,carbonscaler_budget,texas,66,0,241.0,129.2569,126.1099
optionB_budget0.90_beta0.01_gamma0.50,carbonscaler_budget,texas,67,0,254.0,122.9289,109.0783
optionB_budget0.90_beta0.01_gamma0.50,carbonscaler_budget,texas,68,0,265.0,75.3539,80.136
optionB_budget0.90_beta0.01_gamma0.50,carbonscaler_budget,texas,69,0,282.0,53.4538,76.4252
optionB_budget0.90_beta0.01_gamma0.50,carbonscaler_budget,texas,70,0,288.0,42.2364,69.2432
optionB_budget0.90_beta0.01_gamma0.50,carbonscaler_budget,texas,71,0,303.0,33.4643,51.6772
optionB_budget0.90_beta0.01_gamma0.50,carbonscaler_budget,texas,72,0,371.0,16.4338,12.6414
optionB_budget0.90_beta0.01_gamma0.50,carbonscaler_budget,texas,73,0,403.0,17.3869,13.1691
optionB_budget0.90_beta0.01_gamma0.50,carbonscaler_budget,texas,74,0,399.0,15.7237,12.5321
optionB_budget0.90_beta0.01_gamma0.50,carbonscaler_budget,texas,75,0,395.0,20.3812,0.0
optionB_budget0.90_beta0.01_gamma0.50,carbonscaler_budget,texas,76,0,387.0,22.3649,38.2147
optionB_budget0.90_beta0.01_gamma0.50,carbonscaler_budget,texas,77,0,376.0,19.1267,35.3487
optionB_budget0.90_beta0.01_gamma0.50,carbonscaler_budget,texas,78,0,363.0,30.7259,32.2717
optionB_budget0.90_beta0.01_gamma0.50,carbonscaler_budget,texas,79,0,351.0,39.3837,27.5496
optionB_budget0.90_beta0.01_gamma0.50,carbonscaler_budget,texas,80,0,355.0,46.5555,46.829
optionB_budget0.90_beta0.01_gamma0.50,carbonscaler_budget,texas,81,0,362.0,35.974,35.4505
optionB_budget0.90_beta0.01_gamma0.50,carbonscaler_budget,texas,82,0,383.0,34.0064,57.6727
optionB_budget0.90_beta0.01_gamma0.50,carbonscaler_budget,texas,83,0,390.0,31.9067,26.548
optionB_budget0.90_beta0.01_gamma0.50,carbonscaler_budget,texas,84,0,368.0,34.962,5.3596
optionB_budget0.90_beta0.01_gamma0.50,carbonscaler_budget,texas,85,0,280.0,34.0586,35.4138
optionB_budget0.90_beta0.01_gamma0.50,carbonscaler_budget,texas,86,1,230.0,43.4345,47.6732
optionB_budget0.90_beta0.01_gamma0.50,carbonscaler_budget,texas,87,1,214.0,51.8063,41.0602
optionB_budget0.90_beta0.01_gamma0.50,carbonscaler_budget,texas,88,1,206.0,53.9044,54.4479
optionB_budget0.90_beta0.01_gamma0.50,carbonscaler_budget,texas,89,1,201.0,88.3612,76.3964
optionB_budget0.90_beta0.01_gamma0.50,carbonscaler_budget,texas,90,0,199.0,136.7502,141.8339
optionB_budget0.90_beta0.01_gamma0.50,carbonscaler_budget,texas,91,0,200.0,126.6723,117.884
optionB_budget0.90_beta0.01_gamma0.50,carbonscaler_budget,texas,92,1,209.0,76.3944,69.0769
optionB_budget0.90_beta0.01_gamma0.50,carbonscaler_budget,texas,93,1,220.0,47.4043,37.6151
optionB_budget0.90_beta0.01_gamma0.50,carbonscaler_budget,texas,94,0,232.0,39.7365,34.2156
optionB_budget0.90_beta0.01_gamma0.50,carbonscaler_budget,texas,95,0,266.0,27.425,15.5748
optionB_budget0.90_beta0.01_gamma0.50,carbonscaler_budget,texas,96,0,322.0,25.0826,47.2503
optionB_budget0.90_beta0.01_gamma0.50,carbonscaler_budget,texas,97,0,328.0,17.0995,24.4525
optionB_budget0.90_beta0.01_gamma0.50,carbonscaler_budget,texas,98,0,321.0,25.5646,17.0378
optionB_budget0.90_beta0.01_gamma0.50,carbonscaler_budget,texas,99,0,314.0,17.8473,12.5728
optionB_budget0.90_beta0.01_gamma0.50,carbonscaler_budget,texas,100,0,306.0,20.2266,20.265
optionB_budget0.90_beta0.01_gamma0.50,carbonscaler_budget,texas,101,0,293.0,25.3695,37.6186
optionB_budget0.90_beta0.01_gamma0.50,carbonscaler_budget,texas,102,0,279.0,46.1218,42.7089
optionB_budget0.90_beta0.01_gamma0.50,carbonscaler_budget,texas,103,0,269.0,42.5633,62.9481
optionB_budget0.90_beta0.01_gamma0.50,carbonscaler_budget,texas,104,0,265.0,43.3251,44.635
optionB_budget0.90_beta0.01_gamma0.50,carbonscaler_budget,texas,105,0,265.0,43.3409,36.1985
optionB_budget0.90_beta0.01_gamma0.50,carbonscaler_budget,texas,106,0,277.0,39.7885,35.6915
optionB_budget0.90_beta0.01_gamma0.50,carbonscaler_budget,texas,107,0,290.0,38.4195,54.5078
optionB_budget0.90_beta0.01_gamma0.50,carbonscaler_budget,texas,108,0,288.0,41.0196,58.5198
optionB_budget0.90_beta0.01_gamma0.50,carbonscaler_budget,texas,109,1,223.0,40.8977,42.5473
optionB_budget0.90_beta0.01_gamma0.50,carbonscaler_budget,texas,110,1,190.0,30.6921,267.8003
optionB_budget0.90_beta0.01_gamma0.50,carbonscaler_budget,texas,111,1,190.0,40.2258,59.8233
optionB_budget0.90_beta0.01_gamma0.50,carbonscaler_budget,texas,112,1,197.0,62.7982,57.4675
optionB_budget0.90_beta0.01_gamma0.50,carbonscaler_budget,texas,113,1,207.0,84.2836,92.8026
optionB_budget0.90_beta0.01_gamma0.50,carbonscaler_budget,texas,114,0,223.0,77.9912,70.2472
optionB_budget0.90_beta0.01_gamma0.50,carbonscaler_budget,texas,115,0,237.0,60.8673,71.062
optionB_budget0.90_beta0.01_gamma0.50,carbonscaler_budget,texas,116,0,242.0,52.0251,68.0758
optionB_budget0.90_beta0.01_gamma0.50,carbonscaler_budget,texas,117,0,243.0,32.9567,15.8549
optionB_budget0.90_beta0.01_gamma0.50,carbonscaler_budget,texas,118,0,275.0,25.6767,14.3177
optionB_budget0.90_beta0.01_gamma0.50,carbonscaler_budget,texas,119,0,294.0,18.2446,28.757
optionB_budget0.90_beta0.01_gamma0.50,carbonscaler_budget,texas,120,0,326.0,5.2222,38.4575
optionB_budget0.90_beta0.01_gamma0.50,carbonscaler_budget,texas,121,0,327.0,6.3899,0.0
optionB_budget0.90_beta0.01_gamma0.50,carbonscaler_budget,texas,122,0,323.0,1.2094,0.0
optionB_budget0.90_beta0.01_gamma0.50,carbonscaler_budget,texas,123,0,317.0,2.5663,19.9849
optionB_budget0.90_beta0.01_gamma0.50,carbonscaler_budget,texas,124,0,309.0,2.44,5.4982
optionB_budget0.90_beta0.01_gamma0.50,carbonscaler_budget,texas,125,0,297.0,6.3236,4.4277
optionB_budget0.90_beta0.01_gamma0.50,carbonscaler_budget,texas,126,0,284.0,0.0723,0.0
optionB_budget0.90_beta0.01_gamma0.50,carbonscaler_budget,texas,127,0,271.0,2.1025,10.9873
optionB_budget0.90_beta0.01_gamma0.50,carbonscaler_budget,texas,128,0,260.0,7.2852,2.7008
optionB_budget0.90_beta0.01_gamma0.50,carbonscaler_budget,texas,129,0,264.0,7.7837,0.0
optionB_budget0.90_beta0.01_gamma0.50,carbonscaler_budget,texas,130,0,263.0,7.3438,7.0744
optionB_budget0.90_beta0.01_gamma0.50,carbonscaler_budget,texas,131,0,283.0,68.1531,349.2377
optionB_budget0.90_beta0.01_gamma0.50,carbonscaler_budget,texas,132,0,290.0,7.7668,7.3921
optionB_budget0.90_beta0.01_gamma0.50,carbonscaler_budget,texas,133,0,263.0,21.6033,40.6759
optionB_budget0.90_beta0.01_gamma0.50,carbonscaler_budget,texas,134,0,245.0,27.8341,30.7104
optionB_budget0.90_beta0.01_gamma0.50,carbonscaler_budget,texas,135,0,227.0,78.3788,290.532
optionB_budget0.90_beta0.01_gamma0.50,carbonscaler_budget,texas,136,1,216.0,42.505,35.5581
optionB_budget0.90_beta0.01_gamma0.50,carbonscaler_budget,texas,137,1,217.0,58.3833,39.0562
optionB_budget0.90_beta0.01_gamma0.50,carbonscaler_budget,texas,138,0,239.0,65.7881,62.0908
optionB_budget0.90_beta0.01_gamma0.50,carbonscaler_budget,texas,139,0,264.0,58.9557,66.9049
optionB_budget0.90_beta0.01_gamma0.50,carbonscaler_budget,texas,140,0,268.0,53.3514,39.9203
optionB_budget0.90_beta0.01_gamma0.50,carbonscaler_budget,texas,141,0,279.0,44.3403,37.2205
optionB_budget0.90_beta0.01_gamma0.50,carbonscaler_budget,texas,142,0,289.0,29.2887,27.4594
optionB_budget0.90_beta0.01_gamma0.50,carbonscaler_budget,texas,143,0,298.0,24.2492,20.7722
optionB_budget0.90_beta0.01_gamma0.50,carbonscaler_budget,texas,144,0,379.0,13.5149,18.6664
optionB_budget0.90_beta0.01_gamma0.50,carbonscaler_budget,texas,145,0,422.0,14.6108,27.7585
optionB_budget0.90_beta0.01_gamma0.50,carbonscaler_budget,texas,146,0,427.0,14.7061,16.5099
optionB_budget0.90_beta0.01_gamma0.50,carbonscaler_budget,texas,147,0,430.0,13.4113,9.6439
optionB_budget0.90_beta0.01_gamma0.50,carbonscaler_budget,texas,148,0,424.0,17.8445,32.3596
optionB_budget0.90_beta0.01_gamma0.50,carbonscaler_budget,texas,149,0,403.0,21.4911,23.4308
optionB_budget0.90_beta0.01_gamma0.50,carbonscaler_budget,texas,150,0,399.0,28.0862,50.3212
optionB_budget0.90_beta0.01_gamma0.50,carbonscaler_budget,texas,151,0,395.0,32.9188,7.5227
optionB_budget0.90_beta0.01_gamma0.50,carbonscaler_budget,texas,152,0,398.0,25.434,18.3216
optionB_budget0.90_beta0.01_gamma0.50,carbonscaler_budget,texas,153,0,407.0,23.9134,22.3007
optionB_budget0.90_beta0.01_gamma0.50,carbonscaler_budget,texas,154,0,413.0,25.7573,38.1317
optionB_budget0.90_beta0.01_gamma0.50,carbonscaler_budget,texas,155,0,421.0,20.3674,2.4598
optionB_budget0.90_beta0.01_gamma0.50,carbonscaler_budget,texas,156,0,395.0,16.8689,0.0
optionB_budget0.90_beta0.01_gamma0.50,carbonscaler_budget,texas,157,0,245.0,18.549,30.6115
optionB_budget0.90_beta0.01_gamma0.50,carbonscaler_budget,texas,158,1,192.0,20.2695,21.8638
optionB_budget0.90_beta0.01_gamma0.50,carbonscaler_budget,texas,159,2,175.0,24.7179,22.8081
optionB_budget0.90_beta0.01_gamma0.50,carbonscaler_budget,texas,160,2,166.0,32.791,19.9428
optionB_budget0.90_beta0.01_gamma0.50,carbonscaler_budget,texas,161,2,173.0,57.6742,43.3433
optionB_budget0.90_beta0.01_gamma0.50,carbonscaler_budget,texas,162,1,174.0,71.8744,74.7083
optionB_budget0.90_beta0.01_gamma0.50,carbonscaler_budget,texas,163,1,184.0,79.4686,88.9617
optionB_budget0.90_beta0.01_gamma0.50,carbonscaler_budget,texas,164,1,192.0,62.1385,41.1144
optionB_budget0.90_beta0.01_gamma0.50,carbonscaler_budget,texas,165,1,206.0,53.9103,45.5056
optionB_budget0.90_beta0.01_gamma0.50,carbonscaler_budget,texas,166,1,225.0,37.0536,44.8039
optionB_budget0.90_beta0.01_gamma0.50,carbonscaler_budget,texas,167,0,300.0,23.9403,21.661
optionB_budget1.00_beta0.01_gamma0.50,carbonscaler_budget,texas,0,0,340.0,2.7171,19.7835
optionB_budget1.00_beta0.01_gamma0.50,carbonscaler_budget,texas,1,0,334.0,1.3449,0.0
optionB_budget1.00_beta0.01_gamma0.50,carbonscaler_budget,texas,2,0,325.0,5.195,2.3688
optionB_budget1.00_beta0.01_gamma0.50,carbonscaler_budget,texas,3,0,322.0,9.8611,10.1846
optionB_budget1.00_beta0.01_gamma0.50,carbonscaler_budget,texas,4,0,304.0,11.8125,28.564
optionB_budget1.00_beta0.01_gamma0.50,carbonscaler_budget,texas,5,0,293.0,19.294,23.3675
optionB_budget1.00_beta0.01_gamma0.50,carbonscaler_budget,texas,6,0,284.0,36.2998,38.29
optionB_budget1.00_beta0.01_gamma0.50,carbonscaler_budget,texas,7,0,290.0,27.5667,24.2296
optionB_budget1.00_beta0.01_gamma0.50,carbonscaler_budget,texas,8,0,303.0,24.4315,29.0522
optionB_budget1.00_beta0.01_gamma0.50,carbonscaler_budget,texas,9,0,301.0,28.8027,32.8135
optionB_budget1.00_beta0.01_gamma0.50,carbonscaler_budget,texas,10,0,308.0,24.4636,346.7163
optionB_budget1.00_beta0.01_gamma0.50,carbonscaler_budget,texas,11,0,336.0,33.6767,42.589
optionB_budget1.00_beta0.01_gamma0.50,carbonscaler_budget,texas,12,0,335.0,39.1998,51.1686
optionB_budget1.00_beta0.01_gamma0.50,carbonscaler_budget,texas,13,0,298.0,34.3063,49.4026
optionB_budget1.00_beta0.01_gamma0.50,carbonscaler_budget,texas,14,0,277.0,39.569,59.8679
optionB_budget1.00_beta0.01_gamma0.50,carbonscaler_budget,texas,15,0,263.0,42.2112,35.1634
optionB_budget1.00_beta0.01_gamma0.50,carbonscaler_budget,texas,16,0,254.0,57.9068,60.3454
optionB_budget1.00_beta0.01_gamma0.50,carbonscaler_budget,texas,17,0,255.0,80.1899,74.5939
optionB_budget1.00_beta0.01_gamma0.50,carbonscaler_budget,texas,18,0,261.0,106.0488,109.2037
optionB_budget1.00_beta0.01_gamma0.50,carbonscaler_budget,texas,19,0,268.0,132.8887,128.107
optionB_budget1.00_beta0.01_gamma0.50,carbonscaler_budget,texas,20,0,271.0,82.9492,67.0797
optionB_budget1.00_beta0.01_gamma0.50,carbonscaler_budget,texas,21,0,267.0,51.7139,56.594
optionB_budget1.00_beta0.01_gamma0.50,carbonscaler_budget,texas,22,0,282.0,38.4622,42.51
optionB_budget1.00_beta0.01_gamma0.50,carbonscaler_budget,texas,23,0,322.0,32.1526,19.0312
optionB_budget1.00_beta0.01_gamma0.50,carbonscaler_budget,texas,24,0,350.0,27.1545,35.3576
optionB_budget1.00_beta0.01_gamma0.50,carbonscaler_budget,texas,25,0,357.0,25.651,27.8965
optionB_budget1.00_beta0.01_gamma0.50,carbonscaler_budget,texas,26,0,353.0,22.6984,32.4946
optionB_budget1.00_beta0.01_gamma0.50,carbonscaler_budget,texas,27,0,344.0,20.159,14.3143
optionB_budget1.00_beta0.01_gamma0.50,carbonscaler_budget,texas,28,0,332.0,25.3854,12.5368
optionB_budget1.00_beta0.01_gamma0.50,carbonscaler_budget,texas,29,0,328.0,18.0291,7.9323
optionB_budget1.00_beta0.01_gamma0.50,carbonscaler_budget,texas,30,0,321.0,37.5367,38.1242
optionB_budget1.00_beta0.01_gamma0.50,carbonscaler_budget,texas,31,0,314.0,37.8823,59.8233
optionB_budget1.00_beta0.01_gamma0.50,carbonscaler_budget,texas,32,0,309.0,39.1592,39.1137
optionB_budget1.00_beta0.01_gamma0.50,carbonscaler_budget,texas,33,0,315.0,39.3607,23.0984
optionB_budget1.00_beta0.01_gamma0.50,carbonscaler_budget,texas,34,0,316.0,33.5461,30.0204
optionB_budget1.00_beta0.01_gamma0.50,carbonscaler_budget,texas,35,0,329.0,38.9839,42.4006
optionB_budget1.00_beta0.01_gamma0.50,carbonscaler_budget,texas,36,0,338.0,37.4294,24.2808
optionB_budget1.00_beta0.01_gamma0.50,carbonscaler_budget,texas,37,0,310.0,46.9012,48.6362
optionB_budget1.00_beta0.01_gamma0.50,carbonscaler_budget,texas,38,0,287.0,47.7789,44.1446
optionB_budget1.00_beta0.01_gamma0.50,carbonscaler_budget,texas,39,0,262.0,54.3735,57.7048
optionB_budget1.00_beta0.01_gamma0.50,carbonscaler_budget,texas,40,0,249.0,65.643,68.6683
optionB_budget1.00_beta0.01_gamma0.50,carbonscaler_budget,texas,41,0,231.0,105.9408,170.0045
optionB_budget1.00_beta0.01_gamma0.50,carbonscaler_budget,texas,42,0,227.0,114.5104,133.0124
optionB_budget1.00_beta0.01_gamma0.50,carbonscaler_budget,texas,43,0,230.0,101.7509,117.7481
optionB_budget1.00_beta0.01_gamma0.50,carbonscaler_budget,texas,44,0,237.0,76.1179,93.6385
optionB_budget1.00_beta0.01_gamma0.50,carbonscaler_budget,texas,45,0,263.0,51.1903,40.3689
optionB_budget1.00_beta0.01_gamma0.50,carbonscaler_budget,texas,46,0,291.0,43.5465,51.2038
optionB_budget1.00_beta0.01_gamma0.50,carbonscaler_budget,texas,47,0,321.0,34.4971,20.1495
optionB_budget1.00_beta0.01_gamma0.50,carbonscaler_budget,texas,48,0,335.0,14.1867,0.0
optionB_budget1.00_beta0.01_gamma0.50,carbonscaler_budget,texas,49,0,332.0,12.514,0.0
optionB_budget1.00_beta0.01_gamma0.50,carbonscaler_budget,texas,50,0,335.0,18.1734,0.3184
optionB_budget1.00_beta0.01_gamma0.50,carbonscaler_budget,texas,51,0,338.0,13.2219,3.6162
optionB_budget1.00_beta0.01_gamma0.50,carbonscaler_budget,texas,52,0,335.0,14.8731,0.0
optionB_budget1.00_beta0.01_gamma0.50,carbonscaler_budget,texas,53,0,329.0,21.9972,17.4564
optionB_budget1.00_beta0.01_gamma0.50,carbonscaler_budget,texas,54,0,341.0,36.8532,22.2035
optionB_budget1.00_beta0.01_gamma0.50,carbonscaler_budget,texas,55,0,337.0,39.3156,41.3215
optionB_budget1.00_beta0.01_gamma0.50,carbonscaler_budget,texas,56,0,341.0,42.147,40.4768
optionB_budget1.00_beta0.01_gamma0.50,carbonscaler_budget,texas,57,0,353.0,41.8353,44.7207
optionB_budget1.00_beta0.01_gamma0.50,carbonscaler_budget,texas,58,0,374.0,34.4659,39.4489
optionB_budget1.00_beta0.01_gamma0.50,carbonscaler_budget,texas,59,0,377.0,42.167,12.681
optionB_budget1.00_beta0.01_gamma0.50,carbonscaler_budget,texas,60,0,375.0,42.8955,49.4809
optionB_budget1.00_beta0.01_gamma0.50,carbonscaler_budget,texas,61,0,338.0,46.3812,38.699
optionB_budget1.00_beta0.01_gamma0.50,carbonscaler_budget,texas,62,0,274.0,59.523,46.6407
optionB_budget1.00_beta0.01_gamma0.50,carbonscaler_budget,texas,63,0,225.0,65.1294,70.1304
optionB_budget1.00_beta0.01_gamma0.50,carbonscaler_budget,texas,64,0,212.0,140.0144,360.7781
optionB_budget1.00_beta0.01_gamma0.50,carbonscaler_budget,texas,65,0,229.0,93.3096,87.9547
optionB_budget1.00_beta0.01_gamma0.50,carbonscaler_budget,texas,66,0,241.0,129.2569,126.1099
optionB_budget1.00_beta0.01_gamma0.50,carbonscaler_budget,texas,67,0,254.0,122.9289,109.0783
optionB_budget1.00_beta0.01_gamma0.50,carbonscaler_budget,texas,68,0,265.0,75.3539,80.136
optionB_budget1.00_beta0.01_gamma0.50,carbonscaler_budget,texas,69,0,282.0,53.4538,76.4252
optionB_budget1.00_beta0.01_gamma0.50,carbonscaler_budget,texas,70,0,288.0,42.2364,69.2432
optionB_budget1.00_beta0.01_gamma0.50,carbonscaler_budget,texas,71,0,303.0,33.4643,51.6772
optionB_budget1.00_beta0.01_gamma0.50,carbonscaler_budget,texas,72,0,371.0,16.4338,12.6414
optionB_budget1.00_beta0.01_gamma0.50,carbonscaler_budget,texas,73,0,403.0,17.3869,13.1691
optionB_budget1.00_beta0.01_gamma0.50,carbonscaler_budget,texas,74,0,399.0,15.7237,12.5321
optionB_budget1.00_beta0.01_gamma0.50,carbonscaler_budget,texas,75,0,395.0,20.3812,0.0
optionB_budget1.00_beta0.01_gamma0.50,carbonscaler_budget,texas,76,0,387.0,22.3649,38.2147
optionB_budget1.00_beta0.01_gamma0.50,carbonscaler_budget,texas,77,0,376.0,19.1267,35.3487
optionB_budget1.00_beta0.01_gamma0.50,carbonscaler_budget,texas,78,0,363.0,30.7259,32.2717
optionB_budget1.00_beta0.01_gamma0.50,carbonscaler_budget,texas,79,0,351.0,39.3837,27.5496
optionB_budget1.00_beta0.01_gamma0.50,carbonscaler_budget,texas,80,0,355.0,46.5555,46.829
optionB_budget1.00_beta0.01_gamma0.50,carbonscaler_budget,texas,81,0,362.0,35.974,35.4505
optionB_budget1.00_beta0.01_gamma0.50,carbonscaler_budget,texas,82,0,383.0,34.0064,57.6727
optionB_budget1.00_beta0.01_gamma0.50,carbonscaler_budget,texas,83,0,390.0,31.9067,26.548
optionB_budget1.00_beta0.01_gamma0.50,carbonscaler_budget,texas,84,0,368.0,34.962,5.3596
optionB_budget1.00_beta0.01_gamma0.50,carbonscaler_budget,texas,85,0,280.0,34.0586,35.4138
optionB_budget1.00_beta0.01_gamma0.50,carbonscaler_budget,texas,86,1,230.0,43.4345,47.6732
optionB_budget1.00_beta0.01_gamma0.50,carbonscaler_budget,texas,87,1,214.0,51.8063,41.0602
optionB_budget1.00_beta0.01_gamma0.50,carbonscaler_budget,texas,88,1,206.0,53.9044,54.4479
optionB_budget1.00_beta0.01_gamma0.50,carbonscaler_budget,texas,89,1,201.0,88.3612,76.3964
optionB_budget1.00_beta0.01_gamma0.50,carbonscaler_budget,texas,90,0,199.0,136.7502,141.8339
optionB_budget1.00_beta0.01_gamma0.50,carbonscaler_budget,texas,91,0,200.0,126.6723,117.884
optionB_budget1.00_beta0.01_gamma0.50,carbonscaler_budget,texas,92,1,209.0,76.3944,69.0769
optionB_budget1.00_beta0.01_gamma0.50,carbonscaler_budget,texas,93,1,220.0,47.4043,37.6151
optionB_budget1.00_beta0.01_gamma0.50,carbonscaler_budget,texas,94,0,232.0,39.7365,34.2156
optionB_budget1.00_beta0.01_gamma0.50,carbonscaler_budget,texas,95,0,266.0,27.425,15.5748
optionB_budget1.00_beta0.01_gamma0.50,carbonscaler_budget,texas,96,0,322.0,25.0826,47.2503
optionB_budget1.00_beta0.01_gamma0.50,carbonscaler_budget,texas,97,0,328.0,17.0995,24.4525
optionB_budget1.00_beta0.01_gamma0.50,carbonscaler_budget,texas,98,0,321.0,25.5646,17.0378
optionB_budget1.00_beta0.01_gamma0.50,carbonscaler_budget,texas,99,0,314.0,17.8473,12.5728
optionB_budget1.00_beta0.01_gamma0.50,carbonscaler_budget,texas,100,0,306.0,20.2266,20.265
optionB_budget1.00_beta0.01_gamma0.50,carbonscaler_budget,texas,101,0,293.0,25.3695,37.6186
optionB_budget1.00_beta0.01_gamma0.50,carbonscaler_budget,texas,102,0,279.0,46.1218,42.7089
optionB_budget1.00_beta0.01_gamma0.50,carbonscaler_budget,texas,103,0,269.0,42.5633,62.9481
optionB_budget1.00_beta0.01_gamma0.50,carbonscaler_budget,texas,104,0,265.0,43.3251,44.635
optionB_budget1.00_beta0.01_gamma0.50,carbonscaler_budget,texas,105,0,265.0,43.3409,36.1985
optionB_budget1.00_beta0.01_gamma0.50,carbonscaler_budget,texas,106,0,277.0,39.7885,35.6915
optionB_budget1.00_beta0.01_gamma0.50,carbonscaler_budget,texas,107,0,290.0,38.4195,54.5078
optionB_budget1.00_beta0.01_gamma0.50,carbonscaler_budget,texas,108,0,288.0,41.0196,58.5198
optionB_budget1.00_beta0.01_gamma0.50,carbonscaler_budget,texas,109,1,223.0,40.8977,42.5473
optionB_budget1.00_beta0.01_gamma0.50,carbonscaler_budget,texas,110,1,190.0,30.6921,267.8003
optionB_budget1.00_beta0.01_gamma0.50,carbonscaler_budget,texas,111,1,190.0,40.2258,59.8233
optionB_budget1.00_beta0.01_gamma0.50,carbonscaler_budget,texas,112,1,197.0,62.7982,57.4675
optionB_budget1.00_beta0.01_gamma0.50,carbonscaler_budget,texas,113,1,207.0,84.2836,92.8026
optionB_budget1.00_beta0.01_gamma0.50,carbonscaler_budget,texas,114,0,223.0,77.9912,70.2472
optionB_budget1.00_beta0.01_gamma0.50,carbonscaler_budget,texas,115,0,237.0,60.8673,71.062
optionB_budget1.00_beta0.01_gamma0.50,carbonscaler_budget,texas,116,0,242.0,52.0251,68.0758
optionB_budget1.00_beta0.01_gamma0.50,carbonscaler_budget,texas,117,0,243.0,32.9567,15.8549
optionB_budget1.00_beta0.01_gamma0.50,carbonscaler_budget,texas,118,0,275.0,25.6767,14.3177
optionB_budget1.00_beta0.01_gamma0.50,carbonscaler_budget,texas,119,0,294.0,18.2446,28.757
optionB_budget1.00_beta0.01_gamma0.50,carbonscaler_budget,texas,120,0,326.0,5.2222,38.4575
optionB_budget1.00_beta0.01_gamma0.50,carbonscaler_budget,texas,121,0,327.0,6.3899,0.0
optionB_budget1.00_beta0.01_gamma0.50,carbonscaler_budget,texas,122,0,323.0,1.2094,0.0
optionB_budget1.00_beta0.01_gamma0.50,carbonscaler_budget,texas,123,0,317.0,2.5663,19.9849
optionB_budget1.00_beta0.01_gamma0.50,carbonscaler_budget,texas,124,0,309.0,2.44,5.4982
optionB_budget1.00_beta0.01_gamma0.50,carbonscaler_budget,texas,125,0,297.0,6.3236,4.4277
optionB_budget1.00_beta0.01_gamma0.50,carbonscaler_budget,texas,126,0,284.0,0.0723,0.0
optionB_budget1.00_beta0.01_gamma0.50,carbonscaler_budget,texas,127,0,271.0,2.1025,10.9873
optionB_budget1.00_beta0.01_gamma0.50,carbonscaler_budget,texas,128,0,260.0,7.2852,2.7008
optionB_budget1.00_beta0.01_gamma0.50,carbonscaler_budget,texas,129,0,264.0,7.7837,0.0
optionB_budget1.00_beta0.01_gamma0.50,carbonscaler_budget,texas,130,0,263.0,7.3438,7.0744
optionB_budget1.00_beta0.01_gamma0.50,carbonscaler_budget,texas,131,0,283.0,68.1531,349.2377
optionB_budget1.00_beta0.01_gamma0.50,carbonscaler_budget,texas,132,0,290.0,7.7668,7.3921
optionB_budget1.00_beta0.01_gamma0.50,carbonscaler_budget,texas,133,0,263.0,21.6033,40.6759
optionB_budget1.00_beta0.01_gamma0.50,carbonscaler_budget,texas,134,0,245.0,27.8341,30.7104
optionB_budget1.00_beta0.01_gamma0.50,carbonscaler_budget,texas,135,0,227.0,78.3788,290.532
optionB_budget1.00_beta0.01_gamma0.50,carbonscaler_budget,texas,136,1,216.0,42.505,35.5581
optionB_budget1.00_beta0.01_gamma0.50,carbonscaler_budget,texas,137,1,217.0,58.3833,39.0562
optionB_budget1.00_beta0.01_gamma0.50,carbonscaler_budget,texas,138,0,239.0,65.7881,62.0908
optionB_budget1.00_beta0.01_gamma0.50,carbonscaler_budget,texas,139,0,264.0,58.9557,66.9049
optionB_budget1.00_beta0.01_gamma0.50,carbonscaler_budget,texas,140,0,268.0,53.3514,39.9203
optionB_budget1.00_beta0.01_gamma0.50,carbonscaler_budget,texas,141,0,279.0,44.3403,37.2205
optionB_budget1.00_beta0.01_gamma0.50,carbonscaler_budget,texas,142,0,289.0,29.2887,27.4594
optionB_budget1.00_beta0.01_gamma0.50,carbonscaler_budget,texas,143,0,298.0,24.2492,20.7722
optionB_budget1.00_beta0.01_gamma0.50,carbonscaler_budget,texas,144,0,379.0,13.5149,18.6664
optionB_budget1.00_beta0.01_gamma0.50,carbonscaler_budget,texas,145,0,422.0,14.6108,27.7585
optionB_budget1.00_beta0.01_gamma0.50,carbonscaler_budget,texas,146,0,427.0,14.7061,16.5099
optionB_budget1.00_beta0.01_gamma0.50,carbonscaler_budget,texas,147,0,430.0,13.4113,9.6439
optionB_budget1.00_beta0.01_gamma0.50,carbonscaler_budget,texas,148,0,424.0,17.8445,32.3596
optionB_budget1.00_beta0.01_gamma0.50,carbonscaler_budget,texas,149,0,403.0,21.4911,23.4308
optionB_budget1.00_beta0.01_gamma0.50,carbonscaler_budget,texas,150,0,399.0,28.0862,50.3212
optionB_budget1.00_beta0.01_gamma0.50,carbonscaler_budget,texas,151,0,395.0,32.9188,7.5227
optionB_budget1.00_beta0.01_gamma0.50,carbonscaler_budget,texas,152,0,398.0,25.434,18.3216
optionB_budget1.00_beta0.01_gamma0.50,carbonscaler_budget,texas,153,0,407.0,23.9134,22.3007
optionB_budget1.00_beta0.01_gamma0.50,carbonscaler_budget,texas,154,0,413.0,25.7573,38.1317
optionB_budget1.00_beta0.01_gamma0.50,carbonscaler_budget,texas,155,0,421.0,20.3674,2.4598
optionB_budget1.00_beta0.01_gamma0.50,carbonscaler_budget,texas,156,0,395.0,16.8689,0.0
optionB_budget1.00_beta0.01_gamma0.50,carbonscaler_budget,texas,157,0,245.0,18.549,30.6115
optionB_budget1.00_beta0.01_gamma0.50,carbonscaler_budget,texas,158,1,192.0,20.2695,21.8638
optionB_budget1.00_beta0.01_gamma0.50,carbonscaler_budget,texas,159,2,175.0,24.7179,22.8081
optionB_budget1.00_beta0.01_gamma0.50,carbonscaler_budget,texas,160,2,166.0,32.791,19.9428
optionB_budget1.00_beta0.01_gamma0.50,carbonscaler_budget,texas,161,2,173.0,57.6742,43.3433
optionB_budget1.00_beta0.01_gamma0.50,carbonscaler_budget,texas,162,1,174.0,71.8744,74.7083
optionB_budget1.00_beta0.01_gamma0.50,carbonscaler_budget,texas,163,1,184.0,79.4686,88.9617
optionB_budget1.00_beta0.01_gamma0.50,carbonscaler_budget,texas,164,1,192.0,62.1385,41.1144
optionB_budget1.00_beta0.01_gamma0.50,carbonscaler_budget,texas,165,1,206.0,53.9103,45.5056
optionB_budget1.00_beta0.01_gamma0.50,carbonscaler_budget,texas,166,1,225.0,37.0536,44.8039
optionB_budget1.00_beta0.01_gamma0.50,carbonscaler_budget,texas,167,0,300.0,23.9403,21.661
optionB_budget1.10_beta0.01_gamma0.50,carbonscaler_budget,texas,0,0,340.0,2.7171,19.7835
optionB_budget1.10_beta0.01_gamma0.50,carbonscaler_budget,texas,1,0,334.0,1.3449,0.0
optionB_budget1.10_beta0.01_gamma0.50,carbonscaler_budget,texas,2,0,325.0,5.195,2.3688
optionB_budget1.10_beta0.01_gamma0.50,carbonscaler_budget,texas,3,0,322.0,9.8611,10.1846
optionB_budget1.10_beta0.01_gamma0.50,carbonscaler_budget,texas,4,0,304.0,11.8125,28.564
optionB_budget1.10_beta0.01_gamma0.50,carbonscaler_budget,texas,5,0,293.0,19.294,23.3675
optionB_budget1.10_beta0.01_gamma0.50,carbonscaler_budget,texas,6,0,284.0,36.2998,38.29
optionB_budget1.10_beta0.01_gamma0.50,carbonscaler_budget,texas,7,0,290.0,27.5667,24.2296
optionB_budget1.10_beta0.01_gamma0.50,carbonscaler_budget,texas,8,0,303.0,24.4315,29.0522
optionB_budget1.10_beta0.01_gamma0.50,carbonscaler_budget,texas,9,0,301.0,28.8027,32.8135
optionB_budget1.10_beta0.01_gamma0.50,carbonscaler_budget,texas,10,0,308.0,24.4636,346.7163
optionB_budget1.10_beta0.01_gamma0.50,carbonscaler_budget,texas,11,0,336.0,33.6767,42.589
optionB_budget1.10_beta0.01_gamma0.50,carbonscaler_budget,texas,12,0,335.0,39.1998,51.1686
optionB_budget1.10_beta0.01_gamma0.50,carbonscaler_budget,texas,13,0,298.0,34.3063,49.4026
optionB_budget1.10_beta0.01_gamma0.50,carbonscaler_budget,texas,14,0,277.0,39.569,59.8679
optionB_budget1.10_beta0.01_gamma0.50,carbonscaler_budget,texas,15,0,263.0,42.2112,35.1634
optionB_budget1.10_beta0.01_gamma0.50,carbonscaler_budget,texas,16,0,254.0,57.9068,60.3454
optionB_budget1.10_beta0.01_gamma0.50,carbonscaler_budget,texas,17,0,255.0,80.1899,74.5939
optionB_budget1.10_beta0.01_gamma0.50,carbonscaler_budget,texas,18,0,261.0,106.0488,109.2037
optionB_budget1.10_beta0.01_gamma0.50,carbonscaler_budget,texas,19,0,268.0,132.8887,128.107
optionB_budget1.10_beta0.01_gamma0.50,carbonscaler_budget,texas,20,0,271.0,82.9492,67.0797
optionB_budget1.10_beta0.01_gamma0.50,carbonscaler_budget,texas,21,0,267.0,51.7139,56.594
optionB_budget1.10_beta0.01_gamma0.50,carbonscaler_budget,texas,22,0,282.0,38.4622,42.51
optionB_budget1.10_beta0.01_gamma0.50,carbonscaler_budget,texas,23,0,322.0,32.1526,19.0312
optionB_budget1.10_beta0.01_gamma0.50,carbonscaler_budget,texas,24,0,350.0,27.1545,35.3576
optionB_budget1.10_beta0.01_gamma0.50,carbonscaler_budget,texas,25,0,357.0,25.651,27.8965
optionB_budget1.10_beta0.01_gamma0.50,carbonscaler_budget,texas,26,0,353.0,22.6984,32.4946
optionB_budget1.10_beta0.01_gamma0.50,carbonscaler_budget,texas,27,0,344.0,20.159,14.3143
optionB_budget1.10_beta0.01_gamma0.50,carbonscaler_budget,texas,28,0,332.0,25.3854,12.5368
optionB_budget1.10_beta0.01_gamma0.50,carbonscaler_budget,texas,29,0,328.0,18.0291,7.9323
optionB_budget1.10_beta0.01_gamma0.50,carbonscaler_budget,texas,30,0,321.0,37.5367,38.1242
optionB_budget1.10_beta0.01_gamma0.50,carbonscaler_budget,texas,31,0,314.0,37.8823,59.8233
optionB_budget1.10_beta0.01_gamma0.50,carbonscaler_budget,texas,32,0,309.0,39.1592,39.1137
optionB_budget1.10_beta0.01_gamma0.50,carbonscaler_budget,texas,33,0,315.0,39.3607,23.0984
optionB_budget1.10_beta0.01_gamma0.50,carbonscaler_budget,texas,34,0,316.0,33.5461,30.0204
optionB_budget1.10_beta0.01_gamma0.50,carbonscaler_budget,texas,35,0,329.0,38.9839,42.4006
optionB_budget1.10_beta0.01_gamma0.50,carbonscaler_budget,texas,36,0,338.0,37.4294,24.2808
optionB_budget1.10_beta0.01_gamma0.50,carbonscaler_budget,texas,37,0,310.0,46.9012,48.6362
optionB_budget1.10_beta0.01_gamma0.50,carbonscaler_budget,texas,38,0,287.0,47.7789,44.1446
optionB_budget1.10_beta0.01_gamma0.50,carbonscaler_budget,texas,39,0,262.0,54.3735,57.7048
optionB_budget1.10_beta0.01_gamma0.50,carbonscaler_budget,texas,40,0,249.0,65.643,68.6683
optionB_budget1.10_beta0.01_gamma0.50,carbonscaler_budget,texas,41,0,231.0,105.9408,170.0045
optionB_budget1.10_beta0.01_gamma0.50,carbonscaler_budget,texas,42,0,227.0,114.5104,133.0124
optionB_budget1.10_beta0.01_gamma0.50,carbonscaler_budget,texas,43,0,230.0,101.7509,117.7481
optionB_budget1.10_beta0.01_gamma0.50,carbonscaler_budget,texas,44,0,237.0,76.1179,93.6385
optionB_budget1.10_beta0.01_gamma0.50,carbonscaler_budget,texas,45,0,263.0,51.1903,40.3689
optionB_budget1.10_beta0.01_gamma0.50,carbonscaler_budget,texas,46,0,291.0,43.5465,51.2038
optionB_budget1.10_beta0.01_gamma0.50,carbonscaler_budget,texas,47,0,321.0,34.4971,20.1495
optionB_budget1.10_beta0.01_gamma0.50,carbonscaler_budget,texas,48,0,335.0,14.1867,0.0
optionB_budget1.10_beta0.01_gamma0.50,carbonscaler_budget,texas,49,0,332.0,12.514,0.0
optionB_budget1.10_beta0.01_gamma0.50,carbonscaler_budget,texas,50,0,335.0,18.1734,0.3184
optionB_budget1.10_beta0.01_gamma0.50,carbonscaler_budget,texas,51,0,338.0,13.2219,3.6162
optionB_budget1.10_beta0.01_gamma0.50,carbonscaler_budget,texas,52,0,335.0,14.8731,0.0
optionB_budget1.10_beta0.01_gamma0.50,carbonscaler_budget,texas,53,0,329.0,21.9972,17.4564
optionB_budget1.10_beta0.01_gamma0.50,carbonscaler_budget,texas,54,0,341.0,36.8532,22.2035
optionB_budget1.10_beta0.01_gamma0.50,carbonscaler_budget,texas,55,0,337.0,39.3156,41.3215
optionB_budget1.10_beta0.01_gamma0.50,carbonscaler_budget,texas,56,0,341.0,42.147,40.4768
optionB_budget1.10_beta0.01_gamma0.50,carbonscaler_budget,texas,57,0,353.0,41.8353,44.7207
optionB_budget1.10_beta0.01_gamma0.50,carbonscaler_budget,texas,58,0,374.0,34.4659,39.4489
optionB_budget1.10_beta0.01_gamma0.50,carbonscaler_budget,texas,59,0,377.0,42.167,12.681
optionB_budget1.10_beta0.01_gamma0.50,carbonscaler_budget,texas,60,0,375.0,42.8955,49.4809
optionB_budget1.10_beta0.01_gamma0.50,carbonscaler_budget,texas,61,0,338.0,46.3812,38.699
optionB_budget1.10_beta0.01_gamma0.50,carbonscaler_budget,texas,62,0,274.0,59.523,46.6407
optionB_budget1.10_beta0.01_gamma0.50,carbonscaler_budget,texas,63,0,225.0,65.1294,70.1304
optionB_budget1.10_beta0.01_gamma0.50,carbonscaler_budget,texas,64,0,212.0,140.0144,360.7781
optionB_budget1.10_beta0.01_gamma0.50,carbonscaler_budget,texas,65,0,229.0,93.3096,87.9547
optionB_budget1.10_beta0.01_gamma0.50,carbonscaler_budget,texas,66,0,241.0,129.2569,126.1099
optionB_budget1.10_beta0.01_gamma0.50,carbonscaler_budget,texas,67,0,254.0,122.9289,109.0783
optionB_budget1.10_beta0.01_gamma0.50,carbonscaler_budget,texas,68,0,265.0,75.3539,80.136
optionB_budget1.10_beta0.01_gamma0.50,carbonscaler_budget,texas,69,0,282.0,53.4538,76.4252
optionB_budget1.10_beta0.01_gamma0.50,carbonscaler_budget,texas,70,0,288.0,42.2364,69.2432
optionB_budget1.10_beta0.01_gamma0.50,carbonscaler_budget,texas,71,0,303.0,33.4643,51.6772
optionB_budget1.10_beta0.01_gamma0.50,carbonscaler_budget,texas,72,0,371.0,16.4338,12.6414
optionB_budget1.10_beta0.01_gamma0.50,carbonscaler_budget,texas,73,0,403.0,17.3869,13.1691
optionB_budget1.10_beta0.01_gamma0.50,carbonscaler_budget,texas,74,0,399.0,15.7237,12.5321
optionB_budget1.10_beta0.01_gamma0.50,carbonscaler_budget,texas,75,0,395.0,20.3812,0.0
optionB_budget1.10_beta0.01_gamma0.50,carbonscaler_budget,texas,76,0,387.0,22.3649,38.2147
optionB_budget1.10_beta0.01_gamma0.50,carbonscaler_budget,texas,77,0,376.0,19.1267,35.3487
optionB_budget1.10_beta0.01_gamma0.50,carbonscaler_budget,texas,78,0,363.0,30.7259,32.2717
optionB_budget1.10_beta0.01_gamma0.50,carbonscaler_budget,texas,79,0,351.0,39.3837,27.5496
optionB_budget1.10_beta0.01_gamma0.50,carbonscaler_budget,texas,80,0,355.0,46.5555,46.829
optionB_budget1.10_beta0.01_gamma0.50,carbonscaler_budget,texas,81,0,362.0,35.974,35.4505
optionB_budget1.10_beta0.01_gamma0.50,carbonscaler_budget,texas,82,0,383.0,34.0064,57.6727
optionB_budget1.10_beta0.01_gamma0.50,carbonscaler_budget,texas,83,0,390.0,31.9067,26.548
optionB_budget1.10_beta0.01_gamma0.50,carbonscaler_budget,texas,84,0,368.0,34.962,5.3596
optionB_budget1.10_beta0.01_gamma0.50,carbonscaler_budget,texas,85,0,280.0,34.0586,35.4138
optionB_budget1.10_beta0.01_gamma0.50,carbonscaler_budget,texas,86,1,230.0,43.4345,47.6732
optionB_budget1.10_beta0.01_gamma0.50,carbonscaler_budget,texas,87,1,214.0,51.8063,41.0602
optionB_budget1.10_beta0.01_gamma0.50,carbonscaler_budget,texas,88,1,206.0,53.9044,54.4479
optionB_budget1.10_beta0.01_gamma0.50,carbonscaler_budget,texas,89,1,201.0,88.3612,76.3964
optionB_budget1.10_beta0.01_gamma0.50,carbonscaler_budget,texas,90,0,199.0,136.7502,141.8339
optionB_budget1.10_beta0.01_gamma0.50,carbonscaler_budget,texas,91,0,200.0,126.6723,117.884
optionB_budget1.10_beta0.01_gamma0.50,carbonscaler_budget,texas,92,1,209.0,76.3944,69.0769
optionB_budget1.10_beta0.01_gamma0.50,carbonscaler_budget,texas,93,1,220.0,47.4043,37.6151
optionB_budget1.10_beta0.01_gamma0.50,carbonscaler_budget,texas,94,0,232.0,39.7365,34.2156
optionB_budget1.10_beta0.01_gamma0.50,carbonscaler_budget,texas,95,0,266.0,27.425,15.5748
optionB_budget1.10_beta0.01_gamma0.50,carbonscaler_budget,texas,96,0,322.0,25.0826,47.2503
optionB_budget1.10_beta0.01_gamma0.50,carbonscaler_budget,texas,97,0,328.0,17.0995,24.4525
optionB_budget1.10_beta0.01_gamma0.50,carbonscaler_budget,texas,98,0,321.0,25.5646,17.0378
optionB_budget1.10_beta0.01_gamma0.50,carbonscaler_budget,texas,99,0,314.0,17.8473,12.5728
optionB_budget1.10_beta0.01_gamma0.50,carbonscaler_budget,texas,100,0,306.0,20.2266,20.265
optionB_budget1.10_beta0.01_gamma0.50,carbonscaler_budget,texas,101,0,293.0,25.3695,37.6186
optionB_budget1.10_beta0.01_gamma0.50,carbonscaler_budget,texas,102,0,279.0,46.1218,42.7089
optionB_budget1.10_beta0.01_gamma0.50,carbonscaler_budget,texas,103,0,269.0,42.5633,62.9481
optionB_budget1.10_beta0.01_gamma0.50,carbonscaler_budget,texas,104,0,265.0,43.3251,44.635
optionB_budget1.10_beta0.01_gamma0.50,carbonscaler_budget,texas,105,0,265.0,43.3409,36.1985
optionB_budget1.10_beta0.01_gamma0.50,carbonscaler_budget,texas,106,0,277.0,39.7885,35.6915
optionB_budget1.10_beta0.01_gamma0.50,carbonscaler_budget,texas,107,0,290.0,38.4195,54.5078
optionB_budget1.10_beta0.01_gamma0.50,carbonscaler_budget,texas,108,0,288.0,41.0196,58.5198
optionB_budget1.10_beta0.01_gamma0.50,carbonscaler_budget,texas,109,1,223.0,40.8977,42.5473
optionB_budget1.10_beta0.01_gamma0.50,carbonscaler_budget,texas,110,1,190.0,30.6921,267.8003
optionB_budget1.10_beta0.01_gamma0.50,carbonscaler_budget,texas,111,1,190.0,40.2258,59.8233
optionB_budget1.10_beta0.01_gamma0.50,carbonscaler_budget,texas,112,1,197.0,62.7982,57.4675
optionB_budget1.10_beta0.01_gamma0.50,carbonscaler_budget,texas,113,1,207.0,84.2836,92.8026
optionB_budget1.10_beta0.01_gamma0.50,carbonscaler_budget,texas,114,0,223.0,77.9912,70.2472
optionB_budget1.10_beta0.01_gamma0.50,carbonscaler_budget,texas,115,0,237.0,60.8673,71.062
optionB_budget1.10_beta0.01_gamma0.50,carbonscaler_budget,texas,116,0,242.0,52.0251,68.0758
optionB_budget1.10_beta0.01_gamma0.50,carbonscaler_budget,texas,117,0,243.0,32.9567,15.8549
optionB_budget1.10_beta0.01_gamma0.50,carbonscaler_budget,texas,118,0,275.0,25.6767,14.3177
optionB_budget1.10_beta0.01_gamma0.50,carbonscaler_budget,texas,119,0,294.0,18.2446,28.757
optionB_budget1.10_beta0.01_gamma0.50,carbonscaler_budget,texas,120,0,326.0,5.2222,38.4575
optionB_budget1.10_beta0.01_gamma0.50,carbonscaler_budget,texas,121,0,327.0,6.3899,0.0
optionB_budget1.10_beta0.01_gamma0.50,carbonscaler_budget,texas,122,0,323.0,1.2094,0.0
optionB_budget1.10_beta0.01_gamma0.50,carbonscaler_budget,texas,123,0,317.0,2.5663,19.9849
optionB_budget1.10_beta0.01_gamma0.50,carbonscaler_budget,texas,124,0,309.0,2.44,5.4982
optionB_budget1.10_beta0.01_gamma0.50,carbonscaler_budget,texas,125,0,297.0,6.3236,4.4277
optionB_budget1.10_beta0.01_gamma0.50,carbonscaler_budget,texas,126,0,284.0,0.0723,0.0
optionB_budget1.10_beta0.01_gamma0.50,carbonscaler_budget,texas,127,0,271.0,2.1025,10.9873
optionB_budget1.10_beta0.01_gamma0.50,carbonscaler_budget,texas,128,0,260.0,7.2852,2.7008
optionB_budget1.10_beta0.01_gamma0.50,carbonscaler_budget,texas,129,0,264.0,7.7837,0.0
optionB_budget1.10_beta0.01_gamma0.50,carbonscaler_budget,texas,130,0,263.0,7.3438,7.0744
optionB_budget1.10_beta0.01_gamma0.50,carbonscaler_budget,texas,131,0,283.0,68.1531,349.2377
optionB_budget1.10_beta0.01_gamma0.50,carbonscaler_budget,texas,132,0,290.0,7.7668,7.3921
optionB_budget1.10_beta0.01_gamma0.50,carbonscaler_budget,texas,133,0,263.0,21.6033,40.6759
optionB_budget1.10_beta0.01_gamma0.50,carbonscaler_budget,texas,134,0,245.0,27.8341,30.7104
optionB_budget1.10_beta0.01_gamma0.50,carbonscaler_budget,texas,135,0,227.0,78.3788,290.532
optionB_budget1.10_beta0.01_gamma0.50,carbonscaler_budget,texas,136,1,216.0,42.505,35.5581
optionB_budget1.10_beta0.01_gamma0.50,carbonscaler_budget,texas,137,1,217.0,58.3833,39.0562
optionB_budget1.10_beta0.01_gamma0.50,carbonscaler_budget,texas,138,0,239.0,65.7881,62.0908
optionB_budget1.10_beta0.01_gamma0.50,carbonscaler_budget,texas,139,0,264.0,58.9557,66.9049
optionB_budget1.10_beta0.01_gamma0.50,carbonscaler_budget,texas,140,0,268.0,53.3514,39.9203
optionB_budget1.10_beta0.01_gamma0.50,carbonscaler_budget,texas,141,0,279.0,44.3403,37.2205
optionB_budget1.10_beta0.01_gamma0.50,carbonscaler_budget,texas,142,0,289.0,29.2887,27.4594
optionB_budget1.10_beta0.01_gamma0.50,carbonscaler_budget,texas,143,0,298.0,24.2492,20.7722
optionB_budget1.10_beta0.01_gamma0.50,carbonscaler_budget,texas,144,0,379.0,13.5149,18.6664
optionB_budget1.10_beta0.01_gamma0.50,carbonscaler_budget,texas,145,0,422.0,14.6108,27.7585
optionB_budget1.10_beta0.01_gamma0.50,carbonscaler_budget,texas,146,0,427.0,14.7061,16.5099
optionB_budget1.10_beta0.01_gamma0.50,carbonscaler_budget,texas,147,0,430.0,13.4113,9.6439
optionB_budget1.10_beta0.01_gamma0.50,carbonscaler_budget,texas,148,0,424.0,17.8445,32.3596
optionB_budget1.10_beta0.01_gamma0.50,carbonscaler_budget,texas,149,0,403.0,21.4911,23.4308
optionB_budget1.10_beta0.01_gamma0.50,carbonscaler_budget,texas,150,0,399.0,28.0862,50.3212
optionB_budget1.10_beta0.01_gamma0.50,carbonscaler_budget,texas,151,0,395.0,32.9188,7.5227
optionB_budget1.10_beta0.01_gamma0.50,carbonscaler_budget,texas,152,0,398.0,25.434,18.3216
optionB_budget1.10_beta0.01_gamma0.50,carbonscaler_budget,texas,153,0,407.0,23.9134,22.3007
optionB_budget1.10_beta0.01_gamma0.50,carbonscaler_budget,texas,154,0,413.0,25.7573,38.1317
optionB_budget1.10_beta0.01_gamma0.50,carbonscaler_budget,texas,155,0,421.0,20.3674,2.4598
optionB_budget1.10_beta0.01_gamma0.50,carbonscaler_budget,texas,156,0,395.0,16.8689,0.0
optionB_budget1.10_beta0.01_gamma0.50,carbonscaler_budget,texas,157,0,245.0,18.549,30.6115
optionB_budget1.10_beta0.01_gamma0.50,carbonscaler_budget,texas,158,1,192.0,20.2695,21.8638
optionB_budget1.10_beta0.01_gamma0.50,carbonscaler_budget,texas,159,2,175.0,24.7179,22.8081
optionB_budget1.10_beta0.01_gamma0.50,carbonscaler_budget,texas,160,2,166.0,32.791,19.9428
optionB_budget1.10_beta0.01_gamma0.50,carbonscaler_budget,texas,161,2,173.0,57.6742,43.3433
optionB_budget1.10_beta0.01_gamma0.50,carbonscaler_budget,texas,162,1,174.0,71.8744,74.7083
optionB_budget1.10_beta0.01_gamma0.50,carbonscaler_budget,texas,163,1,184.0,79.4686,88.9617
optionB_budget1.10_beta0.01_gamma0.50,carbonscaler_budget,texas,164,1,192.0,62.1385,41.1144
optionB_budget1.10_beta0.01_gamma0.50,carbonscaler_budget,texas,165,1,206.0,53.9103,45.5056
optionB_budget1.10_beta0.01_gamma0.50,carbonscaler_budget,texas,166,1,225.0,37.0536,44.8039
optionB_budget1.10_beta0.01_gamma0.50,carbonscaler_budget,texas,167,0,300.0,23.9403,21.661
optionB_budget1.20_beta0.01_gamma0.50,carbonscaler_budget,texas,0,0,340.0,2.7171,19.7835
optionB_budget1.20_beta0.01_gamma0.50,carbonscaler_budget,texas,1,0,334.0,1.3449,0.0
optionB_budget1.20_beta0.01_gamma0.50,carbonscaler_budget,texas,2,0,325.0,5.195,2.3688
optionB_budget1.20_beta0.01_gamma0.50,carbonscaler_budget,texas,3,0,322.0,9.8611,10.1846
optionB_budget1.20_beta0.01_gamma0.50,carbonscaler_budget,texas,4,0,304.0,11.8125,28.564
optionB_budget1.20_beta0.01_gamma0.50,carbonscaler_budget,texas,5,0,293.0,19.294,23.3675
optionB_budget1.20_beta0.01_gamma0.50,carbonscaler_budget,texas,6,0,284.0,36.2998,38.29
optionB_budget1.20_beta0.01_gamma0.50,carbonscaler_budget,texas,7,0,290.0,27.5667,24.2296
optionB_budget1.20_beta0.01_gamma0.50,carbonscaler_budget,texas,8,0,303.0,24.4315,29.0522
optionB_budget1.20_beta0.01_gamma0.50,carbonscaler_budget,texas,9,0,301.0,28.8027,32.8135
optionB_budget1.20_beta0.01_gamma0.50,carbonscaler_budget,texas,10,0,308.0,24.4636,346.7163
optionB_budget1.20_beta0.01_gamma0.50,carbonscaler_budget,texas,11,0,336.0,33.6767,42.589
optionB_budget1.20_beta0.01_gamma0.50,carbonscaler_budget,texas,12,0,335.0,39.1998,51.1686
optionB_budget1.20_beta0.01_gamma0.50,carbonscaler_budget,texas,13,0,298.0,34.3063,49.4026
optionB_budget1.20_beta0.01_gamma0.50,carbonscaler_budget,texas,14,0,277.0,39.569,59.8679
optionB_budget1.20_beta0.01_gamma0.50,carbonscaler_budget,texas,15,0,263.0,42.2112,35.1634
optionB_budget1.20_beta0.01_gamma0.50,carbonscaler_budget,texas,16,0,254.0,57.9068,60.3454
optionB_budget1.20_beta0.01_gamma0.50,carbonscaler_budget,texas,17,0,255.0,80.1899,74.5939
optionB_budget1.20_beta0.01_gamma0.50,carbonscaler_budget,texas,18,0,261.0,106.0488,109.2037
optionB_budget1.20_beta0.01_gamma0.50,carbonscaler_budget,texas,19,0,268.0,132.8887,128.107
optionB_budget1.20_beta0.01_gamma0.50,carbonscaler_budget,texas,20,0,271.0,82.9492,67.0797
optionB_budget1.20_beta0.01_gamma0.50,carbonscaler_budget,texas,21,0,267.0,51.7139,56.594
optionB_budget1.20_beta0.01_gamma0.50,carbonscaler_budget,texas,22,0,282.0,38.4622,42.51
optionB_budget1.20_beta0.01_gamma0.50,carbonscaler_budget,texas,23,0,322.0,32.1526,19.0312
optionB_budget1.20_beta0.01_gamma0.50,carbonscaler_budget,texas,24,0,350.0,27.1545,35.3576
optionB_budget1.20_beta0.01_gamma0.50,carbonscaler_budget,texas,25,0,357.0,25.651,27.8965
optionB_budget1.20_beta0.01_gamma0.50,carbonscaler_budget,texas,26,0,353.0,22.6984,32.4946
optionB_budget1.20_beta0.01_gamma0.50,carbonscaler_budget,texas,27,0,344.0,20.159,14.3143
optionB_budget1.20_beta0.01_gamma0.50,carbonscaler_budget,texas,28,0,332.0,25.3854,12.5368
optionB_budget1.20_beta0.01_gamma0.50,carbonscaler_budget,texas,29,0,328.0,18.0291,7.9323
optionB_budget1.20_beta0.01_gamma0.50,carbonscaler_budget,texas,30,0,321.0,37.5367,38.1242
optionB_budget1.20_beta0.01_gamma0.50,carbonscaler_budget,texas,31,0,314.0,37.8823,59.8233
optionB_budget1.20_beta0.01_gamma0.50,carbonscaler_budget,texas,32,0,309.0,39.1592,39.1137
optionB_budget1.20_beta0.01_gamma0.50,carbonscaler_budget,texas,33,0,315.0,39.3607,23.0984
optionB_budget1.20_beta0.01_gamma0.50,carbonscaler_budget,texas,34,0,316.0,33.5461,30.0204
optionB_budget1.20_beta0.01_gamma0.50,carbonscaler_budget,texas,35,0,329.0,38.9839,42.4006
optionB_budget1.20_beta0.01_gamma0.50,carbonscaler_budget,texas,36,0,338.0,37.4294,24.2808
optionB_budget1.20_beta0.01_gamma0.50,carbonscaler_budget,texas,37,0,310.0,46.9012,48.6362
optionB_budget1.20_beta0.01_gamma0.50,carbonscaler_budget,texas,38,0,287.0,47.7789,44.1446
optionB_budget1.20_beta0.01_gamma0.50,carbonscaler_budget,texas,39,0,262.0,54.3735,57.7048
optionB_budget1.20_beta0.01_gamma0.50,carbonscaler_budget,texas,40,0,249.0,65.643,68.6683
optionB_budget1.20_beta0.01_gamma0.50,carbonscaler_budget,texas,41,0,231.0,105.9408,170.0045
optionB_budget1.20_beta0.01_gamma0.50,carbonscaler_budget,texas,42,0,227.0,114.5104,133.0124
optionB_budget1.20_beta0.01_gamma0.50,carbonscaler_budget,texas,43,0,230.0,101.7509,117.7481
optionB_budget1.20_beta0.01_gamma0.50,carbonscaler_budget,texas,44,0,237.0,76.1179,93.6385
optionB_budget1.20_beta0.01_gamma0.50,carbonscaler_budget,texas,45,0,263.0,51.1903,40.3689
optionB_budget1.20_beta0.01_gamma0.50,carbonscaler_budget,texas,46,0,291.0,43.5465,51.2038
optionB_budget1.20_beta0.01_gamma0.50,carbonscaler_budget,texas,47,0,321.0,34.4971,20.1495
optionB_budget1.20_beta0.01_gamma0.50,carbonscaler_budget,texas,48,0,335.0,14.1867,0.0
optionB_budget1.20_beta0.01_gamma0.50,carbonscaler_budget,texas,49,0,332.0,12.514,0.0
optionB_budget1.20_beta0.01_gamma0.50,carbonscaler_budget,texas,50,0,335.0,18.1734,0.3184
optionB_budget1.20_beta0.01_gamma0.50,carbonscaler_budget,texas,51,0,338.0,13.2219,3.6162
optionB_budget1.20_beta0.01_gamma0.50,carbonscaler_budget,texas,52,0,335.0,14.8731,0.0
optionB_budget1.20_beta0.01_gamma0.50,carbonscaler_budget,texas,53,0,329.0,21.9972,17.4564
optionB_budget1.20_beta0.01_gamma0.50,carbonscaler_budget,texas,54,0,341.0,36.8532,22.2035
optionB_budget1.20_beta0.01_gamma0.50,carbonscaler_budget,texas,55,0,337.0,39.3156,41.3215
optionB_budget1.20_beta0.01_gamma0.50,carbonscaler_budget,texas,56,0,341.0,42.147,40.4768
optionB_budget1.20_beta0.01_gamma0.50,carbonscaler_budget,texas,57,0,353.0,41.8353,44.7207
optionB_budget1.20_beta0.01_gamma0.50,carbonscaler_budget,texas,58,0,374.0,34.4659,39.4489
optionB_budget1.20_beta0.01_gamma0.50,carbonscaler_budget,texas,59,0,377.0,42.167,12.681
optionB_budget1.20_beta0.01_gamma0.50,carbonscaler_budget,texas,60,0,375.0,42.8955,49.4809
optionB_budget1.20_beta0.01_gamma0.50,carbonscaler_budget,texas,61,0,338.0,46.3812,38.699
optionB_budget1.20_beta0.01_gamma0.50,carbonscaler_budget,texas,62,0,274.0,59.523,46.6407
optionB_budget1.20_beta0.01_gamma0.50,carbonscaler_budget,texas,63,0,225.0,65.1294,70.1304
optionB_budget1.20_beta0.01_gamma0.50,carbonscaler_budget,texas,64,0,212.0,140.0144,360.7781
optionB_budget1.20_beta0.01_gamma0.50,carbonscaler_budget,texas,65,0,229.0,93.3096,87.9547
optionB_budget1.20_beta0.01_gamma0.50,carbonscaler_budget,texas,66,0,241.0,129.2569,126.1099
optionB_budget1.20_beta0.01_gamma0.50,carbonscaler_budget,texas,67,0,254.0,122.9289,109.0783
optionB_budget1.20_beta0.01_gamma0.50,carbonscaler_budget,texas,68,0,265.0,75.3539,80.136
optionB_budget1.20_beta0.01_gamma0.50,carbonscaler_budget,texas,69,0,282.0,53.4538,76.4252
optionB_budget1.20_beta0.01_gamma0.50,carbonscaler_budget,texas,70,0,288.0,42.2364,69.2432
optionB_budget1.20_beta0.01_gamma0.50,carbonscaler_budget,texas,71,0,303.0,33.4643,51.6772
optionB_budget1.20_beta0.01_gamma0.50,carbonscaler_budget,texas,72,0,371.0,16.4338,12.6414
optionB_budget1.20_beta0.01_gamma0.50,carbonscaler_budget,texas,73,0,403.0,17.3869,13.1691
optionB_budget1.20_beta0.01_gamma0.50,carbonscaler_budget,texas,74,0,399.0,15.7237,12.5321
optionB_budget1.20_beta0.01_gamma0.50,carbonscaler_budget,texas,75,0,395.0,20.3812,0.0
optionB_budget1.20_beta0.01_gamma0.50,carbonscaler_budget,texas,76,0,387.0,22.3649,38.2147
optionB_budget1.20_beta0.01_gamma0.50,carbonscaler_budget,texas,77,0,376.0,19.1267,35.3487
optionB_budget1.20_beta0.01_gamma0.50,carbonscaler_budget,texas,78,0,363.0,30.7259,32.2717
optionB_budget1.20_beta0.01_gamma0.50,carbonscaler_budget,texas,79,0,351.0,39.3837,27.5496
optionB_budget1.20_beta0.01_gamma0.50,carbonscaler_budget,texas,80,0,355.0,46.5555,46.829
optionB_budget1.20_beta0.01_gamma0.50,carbonscaler_budget,texas,81,0,362.0,35.974,35.4505
optionB_budget1.20_beta0.01_gamma0.50,carbonscaler_budget,texas,82,0,383.0,34.0064,57.6727
optionB_budget1.20_beta0.01_gamma0.50,carbonscaler_budget,texas,83,0,390.0,31.9067,26.548
optionB_budget1.20_beta0.01_gamma0.50,carbonscaler_budget,texas,84,0,368.0,34.962,5.3596
optionB_budget1.20_beta0.01_gamma0.50,carbonscaler_budget,texas,85,0,280.0,34.0586,35.4138
optionB_budget1.20_beta0.01_gamma0.50,carbonscaler_budget,texas,86,1,230.0,43.4345,47.6732
optionB_budget1.20_beta0.01_gamma0.50,carbonscaler_budget,texas,87,1,214.0,51.8063,41.0602
optionB_budget1.20_beta0.01_gamma0.50,carbonscaler_budget,texas,88,1,206.0,53.9044,54.4479
optionB_budget1.20_beta0.01_gamma0.50,carbonscaler_budget,texas,89,1,201.0,88.3612,76.3964
optionB_budget1.20_beta0.01_gamma0.50,carbonscaler_budget,texas,90,0,199.0,136.7502,141.8339
optionB_budget1.20_beta0.01_gamma0.50,carbonscaler_budget,texas,91,0,200.0,126.6723,117.884
optionB_budget1.20_beta0.01_gamma0.50,carbonscaler_budget,texas,92,1,209.0,76.3944,69.0769
optionB_budget1.20_beta0.01_gamma0.50,carbonscaler_budget,texas,93,1,220.0,47.4043,37.6151
optionB_budget1.20_beta0.01_gamma0.50,carbonscaler_budget,texas,94,0,232.0,39.7365,34.2156
optionB_budget1.20_beta0.01_gamma0.50,carbonscaler_budget,texas,95,0,266.0,27.425,15.5748
optionB_budget1.20_beta0.01_gamma0.50,carbonscaler_budget,texas,96,0,322.0,25.0826,47.2503
optionB_budget1.20_beta0.01_gamma0.50,carbonscaler_budget,texas,97,0,328.0,17.0995,24.4525
optionB_budget1.20_beta0.01_gamma0.50,carbonscaler_budget,texas,98,0,321.0,25.5646,17.0378
optionB_budget1.20_beta0.01_gamma0.50,carbonscaler_budget,texas,99,0,314.0,17.8473,12.5728
optionB_budget1.20_beta0.01_gamma0.50,carbonscaler_budget,texas,100,0,306.0,20.2266,20.265
optionB_budget1.20_beta0.01_gamma0.50,carbonscaler_budget,texas,101,0,293.0,25.3695,37.6186
optionB_budget1.20_beta0.01_gamma0.50,carbonscaler_budget,texas,102,0,279.0,46.1218,42.7089
optionB_budget1.20_beta0.01_gamma0.50,carbonscaler_budget,texas,103,0,269.0,42.5633,62.9481
optionB_budget1.20_beta0.01_gamma0.50,carbonscaler_budget,texas,104,0,265.0,43.3251,44.635
optionB_budget1.20_beta0.01_gamma0.50,carbonscaler_budget,texas,105,0,265.0,43.3409,36.1985
optionB_budget1.20_beta0.01_gamma0.50,carbonscaler_budget,texas,106,0,277.0,39.7885,35.6915
optionB_budget1.20_beta0.01_gamma0.50,carbonscaler_budget,texas,107,0,290.0,38.4195,54.5078
optionB_budget1.20_beta0.01_gamma0.50,carbonscaler_budget,texas,108,0,288.0,41.0196,58.5198
optionB_budget1.20_beta0.01_gamma0.50,carbonscaler_budget,texas,109,1,223.0,40.8977,42.5473
optionB_budget1.20_beta0.01_gamma0.50,carbonscaler_budget,texas,110,1,190.0,30.6921,267.8003
optionB_budget1.20_beta0.01_gamma0.50,carbonscaler_budget,texas,111,1,190.0,40.2258,59.8233
optionB_budget1.20_beta0.01_gamma0.50,carbonscaler_budget,texas,112,1,197.0,62.7982,57.4675
optionB_budget1.20_beta0.01_gamma0.50,carbonscaler_budget,texas,113,1,207.0,84.2836,92.8026
optionB_budget1.20_beta0.01_gamma0.50,carbonscaler_budget,texas,114,0,223.0,77.9912,70.2472
optionB_budget1.20_beta0.01_gamma0.50,carbonscaler_budget,texas,115,0,237.0,60.8673,71.062
optionB_budget1.20_beta0.01_gamma0.50,carbonscaler_budget,texas,116,0,242.0,52.0251,68.0758
optionB_budget1.20_beta0.01_gamma0.50,carbonscaler_budget,texas,117,0,243.0,32.9567,15.8549
optionB_budget1.20_beta0.01_gamma0.50,carbonscaler_budget,texas,118,0,275.0,25.6767,14.3177
optionB_budget1.20_beta0.01_gamma0.50,carbonscaler_budget,texas,119,0,294.0,18.2446,28.757
optionB_budget1.20_beta0.01_gamma0.50,carbonscaler_budget,texas,120,0,326.0,5.2222,38.4575
optionB_budget1.20_beta0.01_gamma0.50,carbonscaler_budget,texas,121,0,327.0,6.3899,0.0
optionB_budget1.20_beta0.01_gamma0.50,carbonscaler_budget,texas,122,0,323.0,1.2094,0.0
optionB_budget1.20_beta0.01_gamma0.50,carbonscaler_budget,texas,123,0,317.0,2.5663,19.9849
optionB_budget1.20_beta0.01_gamma0.50,carbonscaler_budget,texas,124,0,309.0,2.44,5.4982
optionB_budget1.20_beta0.01_gamma0.50,carbonscaler_budget,texas,125,0,297.0,6.3236,4.4277
optionB_budget1.20_beta0.01_gamma0.50,carbonscaler_budget,texas,126,0,284.0,0.0723,0.0
optionB_budget1.20_beta0.01_gamma0.50,carbonscaler_budget,texas,127,0,271.0,2.1025,10.9873
optionB_budget1.20_beta0.01_gamma0.50,carbonscaler_budget,texas,128,0,260.0,7.2852,2.7008
optionB_budget1.20_beta0.01_gamma0.50,carbonscaler_budget,texas,129,0,264.0,7.7837,0.0
optionB_budget1.20_beta0.01_gamma0.50,carbonscaler_budget,texas,130,0,263.0,7.3438,7.0744
optionB_budget1.20_beta0.01_gamma0.50,carbonscaler_budget,texas,131,0,283.0,68.1531,349.2377
optionB_budget1.20_beta0.01_gamma0.50,carbonscaler_budget,texas,132,0,290.0,7.7668,7.3921
optionB_budget1.20_beta0.01_gamma0.50,carbonscaler_budget,texas,133,0,263.0,21.6033,40.6759
optionB_budget1.20_beta0.01_gamma0.50,carbonscaler_budget,texas,134,0,245.0,27.8341,30.7104
optionB_budget1.20_beta0.01_gamma0.50,carbonscaler_budget,texas,135,0,227.0,78.3788,290.532
optionB_budget1.20_beta0.01_gamma0.50,carbonscaler_budget,texas,136,1,216.0,42.505,35.5581
optionB_budget1.20_beta0.01_gamma0.50,carbonscaler_budget,texas,137,1,217.0,58.3833,39.0562
optionB_budget1.20_beta0.01_gamma0.50,carbonscaler_budget,texas,138,0,239.0,65.7881,62.0908
optionB_budget1.20_beta0.01_gamma0.50,carbonscaler_budget,texas,139,0,264.0,58.9557,66.9049
optionB_budget1.20_beta0.01_gamma0.50,carbonscaler_budget,texas,140,0,268.0,53.3514,39.9203
optionB_budget1.20_beta0.01_gamma0.50,carbonscaler_budget,texas,141,0,279.0,44.3403,37.2205
optionB_budget1.20_beta0.01_gamma0.50,carbonscaler_budget,texas,142,0,289.0,29.2887,27.4594
optionB_budget1.20_beta0.01_gamma0.50,carbonscaler_budget,texas,143,0,298.0,24.2492,20.7722
optionB_budget1.20_beta0.01_gamma0.50,carbonscaler_budget,texas,144,0,379.0,13.5149,18.6664
optionB_budget1.20_beta0.01_gamma0.50,carbonscaler_budget,texas,145,0,422.0,14.6108,27.7585
optionB_budget1.20_beta0.01_gamma0.50,carbonscaler_budget,texas,146,0,427.0,14.7061,16.5099
optionB_budget1.20_beta0.01_gamma0.50,carbonscaler_budget,texas,147,0,430.0,13.4113,9.6439
optionB_budget1.20_beta0.01_gamma0.50,carbonscaler_budget,texas,148,0,424.0,17.8445,32.3596
optionB_budget1.20_beta0.01_gamma0.50,carbonscaler_budget,texas,149,0,403.0,21.4911,23.4308
optionB_budget1.20_beta0.01_gamma0.50,carbonscaler_budget,texas,150,0,399.0,28.0862,50.3212
optionB_budget1.20_beta0.01_gamma0.50,carbonscaler_budget,texas,151,0,395.0,32.9188,7.5227
optionB_budget1.20_beta0.01_gamma0.50,carbonscaler_budget,texas,152,0,398.0,25.434,18.3216
optionB_budget1.20_beta0.01_gamma0.50,carbonscaler_budget,texas,153,0,407.0,23.9134,22.3007
optionB_budget1.20_beta0.01_gamma0.50,carbonscaler_budget,texas,154,0,413.0,25.7573,38.1317
optionB_budget1.20_beta0.01_gamma0.50,carbonscaler_budget,texas,155,0,421.0,20.3674,2.4598
optionB_budget1.20_beta0.01_gamma0.50,carbonscaler_budget,texas,156,0,395.0,16.8689,0.0
optionB_budget1.20_beta0.01_gamma0.50,carbonscaler_budget,texas,157,0,245.0,18.549,30.6115
optionB_budget1.20_beta0.01_gamma0.50,carbonscaler_budget,texas,158,1,192.0,20.2695,21.8638
optionB_budget1.20_beta0.01_gamma0.50,carbonscaler_budget,texas,159,2,175.0,24.7179,22.8081
optionB_budget1.20_beta0.01_gamma0.50,carbonscaler_budget,texas,160,2,166.0,32.791,19.9428
optionB_budget1.20_beta0.01_gamma0.50,carbonscaler_budget,texas,161,2,173.0,57.6742,43.3433
optionB_budget1.20_beta0.01_gamma0.50,carbonscaler_budget,texas,162,1,174.0,71.8744,74.7083
optionB_budget1.20_beta0.01_gamma0.50,carbonscaler_budget,texas,163,1,184.0,79.4686,88.9617
optionB_budget1.20_beta0.01_gamma0.50,carbonscaler_budget,texas,164,1,192.0,62.1385,41.1144
optionB_budget1.20_beta0.01_gamma0.50,carbonscaler_budget,texas,165,1,206.0,53.9103,45.5056
optionB_budget1.20_beta0.01_gamma0.50,carbonscaler_budget,texas,166,1,225.0,37.0536,44.8039
optionB_budget1.20_beta0.01_gamma0.50,carbonscaler_budget,texas,167,0,300.0,23.9403,21.661
optionB_budget0.90_beta0.0025_gamma0.50,carbonscaler_budget,texas,0,0,340.0,2.7171,19.7835
optionB_budget0.90_beta0.0025_gamma0.50,carbonscaler_budget,texas,1,0,334.0,1.3449,0.0
optionB_budget0.90_beta0.0025_gamma0.50,carbonscaler_budget,texas,2,0,325.0,5.195,2.3688
optionB_budget0.90_beta0.0025_gamma0.50,carbonscaler_budget,texas,3,0,322.0,9.8611,10.1846
optionB_budget0.90_beta0.0025_gamma0.50,carbonscaler_budget,texas,4,0,304.0,11.8125,28.564
optionB_budget0.90_beta0.0025_gamma0.50,carbonscaler_budget,texas,5,0,293.0,19.294,23.3675
optionB_budget0.90_beta0.0025_gamma0.50,carbonscaler_budget,texas,6,0,284.0,36.2998,38.29
optionB_budget0.90_beta0.0025_gamma0.50,carbonscaler_budget,texas,7,0,290.0,27.5667,24.2296
optionB_budget0.90_beta0.0025_gamma0.50,carbonscaler_budget,texas,8,0,303.0,24.4315,29.0522
optionB_budget0.90_beta0.0025_gamma0.50,carbonscaler_budget,texas,9,0,301.0,28.8027,32.8135
optionB_budget0.90_beta0.0025_gamma0.50,carbonscaler_budget,texas,10,0,308.0,24.4636,346.7163
optionB_budget0.90_beta0.0025_gamma0.50,carbonscaler_budget,texas,11,0,336.0,33.6767,42.589
optionB_budget0.90_beta0.0025_gamma0.50,carbonscaler_budget,texas,12,0,335.0,39.1998,51.1686
optionB_budget0.90_beta0.0025_gamma0.50,carbonscaler_budget,texas,13,0,298.0,34.3063,49.4026
optionB_budget0.90_beta0.0025_gamma0.50,carbonscaler_budget,texas,14,0,277.0,39.569,59.8679
optionB_budget0.90_beta0.0025_gamma0.50,carbonscaler_budget,texas,15,0,263.0,42.2112,35.1634
optionB_budget0.90_beta0.0025_gamma0.50,carbonscaler_budget,texas,16,0,254.0,57.9068,60.3454
optionB_budget0.90_beta0.0025_gamma0.50,carbonscaler_budget,texas,17,0,255.0,80.1899,74.5939
optionB_budget0.90_beta0.0025_gamma0.50,carbonscaler_budget,texas,18,0,261.0,106.0488,109.2037
optionB_budget0.90_beta0.0025_gamma0.50,carbonscaler_budget,texas,19,0,268.0,132.8887,128.107
optionB_budget0.90_beta0.0025_gamma0.50,carbonscaler_budget,texas,20,0,271.0,82.9492,67.0797
optionB_budget0.90_beta0.0025_gamma0.50,carbonscaler_budget,texas,21,0,267.0,51.7139,56.594
optionB_budget0.90_beta0.0025_gamma0.50,carbonscaler_budget,texas,22,0,282.0,38.4622,42.51
optionB_budget0.90_beta0.0025_gamma0.50,carbonscaler_budget,texas,23,0,322.0,32.1526,19.0312
optionB_budget0.90_beta0.0025_gamma0.50,carbonscaler_budget,texas,24,0,350.0,27.1545,35.3576
optionB_budget0.90_beta0.0025_gamma0.50,carbonscaler_budget,texas,25,0,357.0,25.651,27.8965
optionB_budget0.90_beta0.0025_gamma0.50,carbonscaler_budget,texas,26,0,353.0,22.6984,32.4946
optionB_budget0.90_beta0.0025_gamma0.50,carbonscaler_budget,texas,27,0,344.0,20.159,14.3143
optionB_budget0.90_beta0.0025_gamma0.50,carbonscaler_budget,texas,28,0,332.0,25.3854,12.5368
optionB_budget0.90_beta0.0025_gamma0.50,carbonscaler_budget,texas,29,0,328.0,18.0291,7.9323
optionB_budget0.90_beta0.0025_gamma0.50,carbonscaler_budget,texas,30,0,321.0,37.5367,38.1242
optionB_budget0.90_beta0.0025_gamma0.50,carbonscaler_budget,texas,31,0,314.0,37.8823,59.8233
optionB_budget0.90_beta0.0025_gamma0.50,carbonscaler_budget,texas,32,0,309.0,39.1592,39.1137
optionB_budget0.90_beta0.0025_gamma0.50,carbonscaler_budget,texas,33,0,315.0,39.3607,23.0984
optionB_budget0.90_beta0.0025_gamma0.50,carbonscaler_budget,texas,34,0,316.0,33.5461,30.0204
optionB_budget0.90_beta0.0025_gamma0.50,carbonscaler_budget,texas,35,0,329.0,38.9839,42.4006
optionB_budget0.90_beta0.0025_gamma0.50,carbonscaler_budget,texas,36,0,338.0,37.4294,24.2808
optionB_budget0.90_beta0.0025_gamma0.50,carbonscaler_budget,texas,37,0,310.0,46.9012,48.6362
optionB_budget0.90_beta0.0025_gamma0.50,carbonscaler_budget,texas,38,0,287.0,47.7789,44.1446
optionB_budget0.90_beta0.0025_gamma0.50,carbonscaler_budget,texas,39,0,262.0,54.3735,57.7048
optionB_budget0.90_beta0.0025_gamma0.50,carbonscaler_budget,texas,40,0,249.0,65.643,68.6683
optionB_budget0.90_beta0.0025_gamma0.50,carbonscaler_budget,texas,41,0,231.0,105.9408,170.0045
optionB_budget0.90_beta0.0025_gamma0.50,carbonscaler_budget,texas,42,0,227.0,114.5104,133.0124
optionB_budget0.90_beta0.0025_gamma0.50,carbonscaler_budget,texas,43,0,230.0,101.7509,117.7481
optionB_budget0.90_beta0.0025_gamma0.50,carbonscaler_budget,texas,44,0,237.0,76.1179,93.6385
optionB_budget0.90_beta0.0025_gamma0.50,carbonscaler_budget,texas,45,0,263.0,51.1903,40.3689
optionB_budget0.90_beta0.0025_gamma0.50,carbonscaler_budget,texas,46,0,291.0,43.5465,51.2038
optionB_budget0.90_beta0.0025_gamma0.50,carbonscaler_budget,texas,47,0,321.0,34.4971,20.1495
optionB_budget0.90_beta0.0025_gamma0.50,carbonscaler_budget,texas,48,0,335.0,14.1867,0.0
optionB_budget0.90_beta0.0025_gamma0.50,carbonscaler_budget,texas,49,0,332.0,12.514,0.0
optionB_budget0.90_beta0.0025_gamma0.50,carbonscaler_budget,texas,50,0,335.0,18.1734,0.3184
optionB_budget0.90_beta0.0025_gamma0.50,carbonscaler_budget,texas,51,0,338.0,13.2219,3.6162
optionB_budget0.90_beta0.0025_gamma0.50,carbonscaler_budget,texas,52,0,335.0,14.8731,0.0
optionB_budget0.90_beta0.0025_gamma0.50,carbonscaler_budget,texas,53,0,329.0,21.9972,17.4564
optionB_budget0.90_beta0.0025_gamma0.50,carbonscaler_budget,texas,54,0,341.0,36.8532,22.2035
optionB_budget0.90_beta0.0025_gamma0.50,carbonscaler_budget,texas,55,0,337.0,39.3156,41.3215
optionB_budget0.90_beta0.0025_gamma0.50,carbonscaler_budget,texas,56,0,341.0,42.147,40.4768
optionB_budget0.90_beta0.0025_gamma0.50,carbonscaler_budget,texas,57,0,353.0,41.8353,44.7207
optionB_budget0.90_beta0.0025_gamma0.50,carbonscaler_budget,texas,58,0,374.0,34.4659,39.4489
optionB_budget0.90_beta0.0025_gamma0.50,carbonscaler_budget,texas,59,0,377.0,42.167,12.681
optionB_budget0.90_beta0.0025_gamma0.50,carbonscaler_budget,texas,60,0,375.0,42.8955,49.4809
optionB_budget0.90_beta0.0025_gamma0.50,carbonscaler_budget,texas,61,0,338.0,46.3812,38.699
optionB_budget0.90_beta0.0025_gamma0.50,carbonscaler_budget,texas,62,0,274.0,59.523,46.6407
optionB_budget0.90_beta0.0025_gamma0.50,carbonscaler_budget,texas,63,0,225.0,65.1294,70.1304
optionB_budget0.90_beta0.0025_gamma0.50,carbonscaler_budget,texas,64,0,212.0,140.0144,360.7781
optionB_budget0.90_beta0.0025_gamma0.50,carbonscaler_budget,texas,65,0,229.0,93.3096,87.9547
optionB_budget0.90_beta0.0025_gamma0.50,carbonscaler_budget,texas,66,0,241.0,129.2569,126.1099
optionB_budget0.90_beta0.0025_gamma0.50,carbonscaler_budget,texas,67,0,254.0,122.9289,109.0783
optionB_budget0.90_beta0.0025_gamma0.50,carbonscaler_budget,texas,68,0,265.0,75.3539,80.136
optionB_budget0.90_beta0.0025_gamma0.50,carbonscaler_budget,texas,69,0,282.0,53.4538,76.4252
optionB_budget0.90_beta0.0025_gamma0.50,carbonscaler_budget,texas,70,0,288.0,42.2364,69.2432
optionB_budget0.90_beta0.0025_gamma0.50,carbonscaler_budget,texas,71,0,303.0,33.4643,51.6772
optionB_budget0.90_beta0.0025_gamma0.50,carbonscaler_budget,texas,72,0,371.0,16.4338,12.6414
optionB_budget0.90_beta0.0025_gamma0.50,carbonscaler_budget,texas,73,0,403.0,17.3869,13.1691
optionB_budget0.90_beta0.0025_gamma0.50,carbonscaler_budget,texas,74,0,399.0,15.7237,12.5321
optionB_budget0.90_beta0.0025_gamma0.50,carbonscaler_budget,texas,75,0,395.0,20.3812,0.0
optionB_budget0.90_beta0.0025_gamma0.50,carbonscaler_budget,texas,76,0,387.0,22.3649,38.2147
optionB_budget0.90_beta0.0025_gamma0.50,carbonscaler_budget,texas,77,0,376.0,19.1267,35.3487
optionB_budget0.90_beta0.0025_gamma0.50,carbonscaler_budget,texas,78,0,363.0,30.7259,32.2717
optionB_budget0.90_beta0.0025_gamma0.50,carbonscaler_budget,texas,79,0,351.0,39.3837,27.5496
optionB_budget0.90_beta0.0025_gamma0.50,carbonscaler_budget,texas,80,0,355.0,46.5555,46.829
optionB_budget0.90_beta0.0025_gamma0.50,carbonscaler_budget,texas,81,0,362.0,35.974,35.4505
optionB_budget0.90_beta0.0025_gamma0.50,carbonscaler_budget,texas,82,0,383.0,34.0064,57.6727
optionB_budget0.90_beta0.0025_gamma0.50,carbonscaler_budget,texas,83,0,390.0,31.9067,26.548
optionB_budget0.90_beta0.0025_gamma0.50,carbonscaler_budget,texas,84,0,368.0,34.962,5.3596
optionB_budget0.90_beta0.0025_gamma0.50,carbonscaler_budget,texas,85,0,280.0,34.0586,35.4138
optionB_budget0.90_beta0.0025_gamma0.50,carbonscaler_budget,texas,86,0,230.0,43.4345,47.6732
optionB_budget0.90_beta0.0025_gamma0.50,carbonscaler_budget,texas,87,1,214.0,51.8063,41.0602
optionB_budget0.90_beta0.0025_gamma0.50,carbonscaler_budget,texas,88,1,206.0,53.9044,54.4479
optionB_budget0.90_beta0.0025_gamma0.50,carbonscaler_budget,texas,89,1,201.0,88.3612,76.3964
optionB_budget0.90_beta0.0025_gamma0.50,carbonscaler_budget,texas,90,1,199.0,136.7502,141.8339
optionB_budget0.90_beta0.0025_gamma0.50,carbonscaler_budget,texas,91,1,200.0,126.6723,117.884
optionB_budget0.90_beta0.0025_gamma0.50,carbonscaler_budget,texas,92,1,209.0,76.3944,69.0769
optionB_budget0.90_beta0.0025_gamma0.50,carbonscaler_budget,texas,93,1,220.0,47.4043,37.6151
optionB_budget0.90_beta0.0025_gamma0.50,carbonscaler_budget,texas,94,0,232.0,39.7365,34.2156
optionB_budget0.90_beta0.0025_gamma0.50,carbonscaler_budget,texas,95,0,266.0,27.425,15.5748
optionB_budget0.90_beta0.0025_gamma0.50,carbonscaler_budget,texas,96,0,322.0,25.0826,47.2503
optionB_budget0.90_beta0.0025_gamma0.50,carbonscaler_budget,texas,97,0,328.0,17.0995,24.4525
optionB_budget0.90_beta0.0025_gamma0.50,carbonscaler_budget,texas,98,0,321.0,25.5646,17.0378
optionB_budget0.90_beta0.0025_gamma0.50,carbonscaler_budget,texas,99,0,314.0,17.8473,12.5728
optionB_budget0.90_beta0.0025_gamma0.50,carbonscaler_budget,texas,100,0,306.0,20.2266,20.265
optionB_budget0.90_beta0.0025_gamma0.50,carbonscaler_budget,texas,101,0,293.0,25.3695,37.6186
optionB_budget0.90_beta0.0025_gamma0.50,carbonscaler_budget,texas,102,0,279.0,46.1218,42.7089
optionB_budget0.90_beta0.0025_gamma0.50,carbonscaler_budget,texas,103,0,269.0,42.5633,62.9481
optionB_budget0.90_beta0.0025_gamma0.50,carbonscaler_budget,texas,104,0,265.0,43.3251,44.635
optionB_budget0.90_beta0.0025_gamma0.50,carbonscaler_budget,texas,105,0,265.0,43.3409,36.1985
optionB_budget0.90_beta0.0025_gamma0.50,carbonscaler_budget,texas,106,0,277.0,39.7885,35.6915
optionB_budget0.90_beta0.0025_gamma0.50,carbonscaler_budget,texas,107,0,290.0,38.4195,54.5078
optionB_budget0.90_beta0.0025_gamma0.50,carbonscaler_budget,texas,108,0,288.0,41.0196,58.5198
optionB_budget0.90_beta0.0025_gamma0.50,carbonscaler_budget,texas,109,1,223.0,40.8977,42.5473
optionB_budget0.90_beta0.0025_gamma0.50,carbonscaler_budget,texas,110,1,190.0,30.6921,267.8003
optionB_budget0.90_beta0.0025_gamma0.50,carbonscaler_budget,texas,111,1,190.0,40.2258,59.8233
optionB_budget0.90_beta0.0025_gamma0.50,carbonscaler_budget,texas,112,1,197.0,62.7982,57.4675
optionB_budget0.90_beta0.0025_gamma0.50,carbonscaler_budget,texas,113,1,207.0,84.2836,92.8026
optionB_budget0.90_beta0.0025_gamma0.50,carbonscaler_budget,texas,114,0,223.0,77.9912,70.2472
optionB_budget0.90_beta0.0025_gamma0.50,carbonscaler_budget,texas,115,0,237.0,60.8673,71.062
optionB_budget0.90_beta0.0025_gamma0.50,carbonscaler_budget,texas,116,0,242.0,52.0251,68.0758
optionB_budget0.90_beta0.0025_gamma0.50,carbonscaler_budget,texas,117,0,243.0,32.9567,15.8549
optionB_budget0.90_beta0.0025_gamma0.50,carbonscaler_budget,texas,118,0,275.0,25.6767,14.3177
optionB_budget0.90_beta0.0025_gamma0.50,carbonscaler_budget,texas,119,0,294.0,18.2446,28.757
optionB_budget0.90_beta0.0025_gamma0.50,carbonscaler_budget,texas,120,0,326.0,5.2222,38.4575
optionB_budget0.90_beta0.0025_gamma0.50,carbonscaler_budget,texas,121,0,327.0,6.3899,0.0
optionB_budget0.90_beta0.0025_gamma0.50,carbonscaler_budget,texas,122,0,323.0,1.2094,0.0
optionB_budget0.90_beta0.0025_gamma0.50,carbonscaler_budget,texas,123,0,317.0,2.5663,19.9849
optionB_budget0.90_beta0.0025_gamma0.50,carbonscaler_budget,texas,124,0,309.0,2.44,5.4982
optionB_budget0.90_beta0.0025_gamma0.50,carbonscaler_budget,texas,125,0,297.0,6.3236,4.4277
optionB_budget0.90_beta0.0025_gamma0.50,carbonscaler_budget,texas,126,0,284.0,0.0723,0.0
optionB_budget0.90_beta0.0025_gamma0.50,carbonscaler_budget,texas,127,0,271.0,2.1025,10.9873
optionB_budget0.90_beta0.0025_gamma0.50,carbonscaler_budget,texas,128,1,260.0,7.2852,2.7008
optionB_budget0.90_beta0.0025_gamma0.50,carbonscaler_budget,texas,129,0,264.0,7.7837,0.0
optionB_budget0.90_beta0.0025_gamma0.50,carbonscaler_budget,texas,130,0,263.0,7.3438,7.0744
optionB_budget0.90_beta0.0025_gamma0.50,carbonscaler_budget,texas,131,0,283.0,68.1531,349.2377
optionB_budget0.90_beta0.0025_gamma0.50,carbonscaler_budget,texas,132,0,290.0,7.7668,7.3921
optionB_budget0.90_beta0.0025_gamma0.50,carbonscaler_budget,texas,133,0,263.0,21.6033,40.6759
optionB_budget0.90_beta0.0025_gamma0.50,carbonscaler_budget,texas,134,0,245.0,27.8341,30.7104
optionB_budget0.90_beta0.0025_gamma0.50,carbonscaler_budget,texas,135,0,227.0,78.3788,290.532
optionB_budget0.90_beta0.0025_gamma0.50,carbonscaler_budget,texas,136,1,216.0,42.505,35.5581
optionB_budget0.90_beta0.0025_gamma0.50,carbonscaler_budget,texas,137,1,217.0,58.3833,39.0562
optionB_budget0.90_beta0.0025_gamma0.50,carbonscaler_budget,texas,138,0,239.0,65.7881,62.0908
optionB_budget0.90_beta0.0025_gamma0.50,carbonscaler_budget,texas,139,0,264.0,58.9557,66.9049
optionB_budget0.90_beta0.0025_gamma0.50,carbonscaler_budget,texas,140,0,268.0,53.3514,39.9203
optionB_budget0.90_beta0.0025_gamma0.50,carbonscaler_budget,texas,141,0,279.0,44.3403,37.2205
optionB_budget0.90_beta0.0025_gamma0.50,carbonscaler_budget,texas,142,0,289.0,29.2887,27.4594
optionB_budget0.90_beta0.0025_gamma0.50,carbonscaler_budget,texas,143,0,298.0,24.2492,20.7722
optionB_budget0.90_beta0.0025_gamma0.50,carbonscaler_budget,texas,144,0,379.0,13.5149,18.6664
optionB_budget0.90_beta0.0025_gamma0.50,carbonscaler_budget,texas,145,0,422.0,14.6108,27.7585
optionB_budget0.90_beta0.0025_gamma0.50,carbonscaler_budget,texas,146,0,427.0,14.7061,16.5099
optionB_budget0.90_beta0.0025_gamma0.50,carbonscaler_budget,texas,147,0,430.0,13.4113,9.6439
optionB_budget0.90_beta0.0025_gamma0.50,carbonscaler_budget,texas,148,0,424.0,17.8445,32.3596
optionB_budget0.90_beta0.0025_gamma0.50,carbonscaler_budget,texas,149,0,403.0,21.4911,23.4308
optionB_budget0.90_beta0.0025_gamma0.50,carbonscaler_budget,texas,150,0,399.0,28.0862,50.3212
optionB_budget0.90_beta0.0025_gamma0.50,carbonscaler_budget,texas,151,0,395.0,32.9188,7.5227
optionB_budget0.90_beta0.0025_gamma0.50,carbonscaler_budget,texas,152,0,398.0,25.434,18.3216
optionB_budget0.90_beta0.0025_gamma0.50,carbonscaler_budget,texas,153,0,407.0,23.9134,22.3007
optionB_budget0.90_beta0.0025_gamma0.50,carbonscaler_budget,texas,154,0,413.0,25.7573,38.1317
optionB_budget0.90_beta0.0025_gamma0.50,carbonscaler_budget,texas,155,0,421.0,20.3674,2.4598
optionB_budget0.90_beta0.0025_gamma0.50,carbonscaler_budget,texas,156,0,395.0,16.8689,0.0
optionB_budget0.90_beta0.0025_gamma0.50,carbonscaler_budget,texas,157,0,245.0,18.549,30.6115
optionB_budget0.90_beta0.0025_gamma0.50,carbonscaler_budget,texas,158,1,192.0,20.2695,21.8638
optionB_budget0.90_beta0.0025_gamma0.50,carbonscaler_budget,texas,159,2,175.0,24.7179,22.8081
optionB_budget0.90_beta0.0025_gamma0.50,carbonscaler_budget,texas,160,2,166.0,32.791,19.9428
optionB_budget0.90_beta0.0025_gamma0.50,carbonscaler_budget,texas,161,1,173.0,57.6742,43.3433
optionB_budget0.90_beta0.0025_gamma0.50,carbonscaler_budget,texas,162,1,174.0,71.8744,74.7083
optionB_budget0.90_beta0.0025_gamma0.50,carbonscaler_budget,texas,163,1,184.0,79.4686,88.9617
optionB_budget0.90_beta0.0025_gamma0.50,carbonscaler_budget,texas,164,1,192.0,62.1385,41.1144
optionB_budget0.90_beta0.0025_gamma0.50,carbonscaler_budget,texas,165,1,206.0,53.9103,45.5056
optionB_budget0.90_beta0.0025_gamma0.50,carbonscaler_budget,texas,166,0,225.0,37.0536,44.8039
optionB_budget0.90_beta0.0025_gamma0.50,carbonscaler_budget,texas,167,0,300.0,23.9403,21.661
optionB_budget0.90_beta0.0050_gamma0.50,carbonscaler_budget,texas,0,0,340.0,2.7171,19.7835
optionB_budget0.90_beta0.0050_gamma0.50,carbonscaler_budget,texas,1,0,334.0,1.3449,0.0
optionB_budget0.90_beta0.0050_gamma0.50,carbonscaler_budget,texas,2,0,325.0,5.195,2.3688
optionB_budget0.90_beta0.0050_gamma0.50,carbonscaler_budget,texas,3,0,322.0,9.8611,10.1846
optionB_budget0.90_beta0.0050_gamma0.50,carbonscaler_budget,texas,4,0,304.0,11.8125,28.564
optionB_budget0.90_beta0.0050_gamma0.50,carbonscaler_budget,texas,5,0,293.0,19.294,23.3675
optionB_budget0.90_beta0.0050_gamma0.50,carbonscaler_budget,texas,6,0,284.0,36.2998,38.29
optionB_budget0.90_beta0.0050_gamma0.50,carbonscaler_budget,texas,7,0,290.0,27.5667,24.2296
optionB_budget0.90_beta0.0050_gamma0.50,carbonscaler_budget,texas,8,0,303.0,24.4315,29.0522
optionB_budget0.90_beta0.0050_gamma0.50,carbonscaler_budget,texas,9,0,301.0,28.8027,32.8135
optionB_budget0.90_beta0.0050_gamma0.50,carbonscaler_budget,texas,10,0,308.0,24.4636,346.7163
optionB_budget0.90_beta0.0050_gamma0.50,carbonscaler_budget,texas,11,0,336.0,33.6767,42.589
optionB_budget0.90_beta0.0050_gamma0.50,carbonscaler_budget,texas,12,0,335.0,39.1998,51.1686
optionB_budget0.90_beta0.0050_gamma0.50,carbonscaler_budget,texas,13,0,298.0,34.3063,49.4026
optionB_budget0.90_beta0.0050_gamma0.50,carbonscaler_budget,texas,14,0,277.0,39.569,59.8679
optionB_budget0.90_beta0.0050_gamma0.50,carbonscaler_budget,texas,15,0,263.0,42.2112,35.1634
optionB_budget0.90_beta0.0050_gamma0.50,carbonscaler_budget,texas,16,0,254.0,57.9068,60.3454
optionB_budget0.90_beta0.0050_gamma0.50,carbonscaler_budget,texas,17,0,255.0,80.1899,74.5939
optionB_budget0.90_beta0.0050_gamma0.50,carbonscaler_budget,texas,18,0,261.0,106.0488,109.2037
optionB_budget0.90_beta0.0050_gamma0.50,carbonscaler_budget,texas,19,0,268.0,132.8887,128.107
optionB_budget0.90_beta0.0050_gamma0.50,carbonscaler_budget,texas,20,0,271.0,82.9492,67.0797
optionB_budget0.90_beta0.0050_gamma0.50,carbonscaler_budget,texas,21,0,267.0,51.7139,56.594
optionB_budget0.90_beta0.0050_gamma0.50,carbonscaler_budget,texas,22,0,282.0,38.4622,42.51
optionB_budget0.90_beta0.0050_gamma0.50,carbonscaler_budget,texas,23,0,322.0,32.1526,19.0312
optionB_budget0.90_beta0.0050_gamma0.50,carbonscaler_budget,texas,24,0,350.0,27.1545,35.3576
optionB_budget0.90_beta0.0050_gamma0.50,carbonscaler_budget,texas,25,0,357.0,25.651,27.8965
optionB_budget0.90_beta0.0050_gamma0.50,carbonscaler_budget,texas,26,0,353.0,22.6984,32.4946
optionB_budget0.90_beta0.0050_gamma0.50,carbonscaler_budget,texas,27,0,344.0,20.159,14.3143
optionB_budget0.90_beta0.0050_gamma0.50,carbonscaler_budget,texas,28,0,332.0,25.3854,12.5368
optionB_budget0.90_beta0.0050_gamma0.50,carbonscaler_budget,texas,29,0,328.0,18.0291,7.9323
optionB_budget0.90_beta0.0050_gamma0.50,carbonscaler_budget,texas,30,0,321.0,37.5367,38.1242
optionB_budget0.90_beta0.0050_gamma0.50,carbonscaler_budget,texas,31,0,314.0,37.8823,59.8233
optionB_budget0.90_beta0.0050_gamma0.50,carbonscaler_budget,texas,32,0,309.0,39.1592,39.1137
optionB_budget0.90_beta0.0050_gamma0.50,carbonscaler_budget,texas,33,0,315.0,39.3607,23.0984
optionB_budget0.90_beta0.0050_gamma0.50,carbonscaler_budget,texas,34,0,316.0,33.5461,30.0204
optionB_budget0.90_beta0.0050_gamma0.50,carbonscaler_budget,texas,35,0,329.0,38.9839,42.4006
optionB_budget0.90_beta0.0050_gamma0.50,carbonscaler_budget,texas,36,0,338.0,37.4294,24.2808
optionB_budget0.90_beta0.0050_gamma0.50,carbonscaler_budget,texas,37,0,310.0,46.9012,48.6362
optionB_budget0.90_beta0.0050_gamma0.50,carbonscaler_budget,texas,38,0,287.0,47.7789,44.1446
optionB_budget0.90_beta0.0050_gamma0.50,carbonscaler_budget,texas,39,0,262.0,54.3735,57.7048
optionB_budget0.90_beta0.0050_gamma0.50,carbonscaler_budget,texas,40,0,249.0,65.643,68.6683
optionB_budget0.90_beta0.0050_gamma0.50,carbonscaler_budget,texas,41,0,231.0,105.9408,170.0045
optionB_budget0.90_beta0.0050_gamma0.50,carbonscaler_budget,texas,42,0,227.0,114.5104,133.0124
optionB_budget0.90_beta0.0050_gamma0.50,carbonscaler_budget,texas,43,0,230.0,101.7509,117.7481
optionB_budget0.90_beta0.0050_gamma0.50,carbonscaler_budget,texas,44,0,237.0,76.1179,93.6385
optionB_budget0.90_beta0.0050_gamma0.50,carbonscaler_budget,texas,45,0,263.0,51.1903,40.3689
optionB_budget0.90_beta0.0050_gamma0.50,carbonscaler_budget,texas,46,0,291.0,43.5465,51.2038
optionB_budget0.90_beta0.0050_gamma0.50,carbonscaler_budget,texas,47,0,321.0,34.4971,20.1495
optionB_budget0.90_beta0.0050_gamma0.50,carbonscaler_budget,texas,48,0,335.0,14.1867,0.0
optionB_budget0.90_beta0.0050_gamma0.50,carbonscaler_budget,texas,49,0,332.0,12.514,0.0
optionB_budget0.90_beta0.0050_gamma0.50,carbonscaler_budget,texas,50,0,335.0,18.1734,0.3184
optionB_budget0.90_beta0.0050_gamma0.50,carbonscaler_budget,texas,51,0,338.0,13.2219,3.6162
optionB_budget0.90_beta0.0050_gamma0.50,carbonscaler_budget,texas,52,0,335.0,14.8731,0.0
optionB_budget0.90_beta0.0050_gamma0.50,carbonscaler_budget,texas,53,0,329.0,21.9972,17.4564
optionB_budget0.90_beta0.0050_gamma0.50,carbonscaler_budget,texas,54,0,341.0,36.8532,22.2035
optionB_budget0.90_beta0.0050_gamma0.50,carbonscaler_budget,texas,55,0,337.0,39.3156,41.3215
optionB_budget0.90_beta0.0050_gamma0.50,carbonscaler_budget,texas,56,0,341.0,42.147,40.4768
optionB_budget0.90_beta0.0050_gamma0.50,carbonscaler_budget,texas,57,0,353.0,41.8353,44.7207
optionB_budget0.90_beta0.0050_gamma0.50,carbonscaler_budget,texas,58,0,374.0,34.4659,39.4489
optionB_budget0.90_beta0.0050_gamma0.50,carbonscaler_budget,texas,59,0,377.0,42.167,12.681
optionB_budget0.90_beta0.0050_gamma0.50,carbonscaler_budget,texas,60,0,375.0,42.8955,49.4809
optionB_budget0.90_beta0.0050_gamma0.50,carbonscaler_budget,texas,61,0,338.0,46.3812,38.699
optionB_budget0.90_beta0.0050_gamma0.50,carbonscaler_budget,texas,62,0,274.0,59.523,46.6407
optionB_budget0.90_beta0.0050_gamma0.50,carbonscaler_budget,texas,63,0,225.0,65.1294,70.1304
optionB_budget0.90_beta0.0050_gamma0.50,carbonscaler_budget,texas,64,0,212.0,140.0144,360.7781
optionB_budget0.90_beta0.0050_gamma0.50,carbonscaler_budget,texas,65,0,229.0,93.3096,87.9547
optionB_budget0.90_beta0.0050_gamma0.50,carbonscaler_budget,texas,66,0,241.0,129.2569,126.1099
optionB_budget0.90_beta0.0050_gamma0.50,carbonscaler_budget,texas,67,0,254.0,122.9289,109.0783
optionB_budget0.90_beta0.0050_gamma0.50,carbonscaler_budget,texas,68,0,265.0,75.3539,80.136
optionB_budget0.90_beta0.0050_gamma0.50,carbonscaler_budget,texas,69,0,282.0,53.4538,76.4252
optionB_budget0.90_beta0.0050_gamma0.50,carbonscaler_budget,texas,70,0,288.0,42.2364,69.2432
optionB_budget0.90_beta0.0050_gamma0.50,carbonscaler_budget,texas,71,0,303.0,33.4643,51.6772
optionB_budget0.90_beta0.0050_gamma0.50,carbonscaler_budget,texas,72,0,371.0,16.4338,12.6414
optionB_budget0.90_beta0.0050_gamma0.50,carbonscaler_budget,texas,73,0,403.0,17.3869,13.1691
optionB_budget0.90_beta0.0050_gamma0.50,carbonscaler_budget,texas,74,0,399.0,15.7237,12.5321
optionB_budget0.90_beta0.0050_gamma0.50,carbonscaler_budget,texas,75,0,395.0,20.3812,0.0
optionB_budget0.90_beta0.0050_gamma0.50,carbonscaler_budget,texas,76,0,387.0,22.3649,38.2147
optionB_budget0.90_beta0.0050_gamma0.50,carbonscaler_budget,texas,77,0,376.0,19.1267,35.3487
optionB_budget0.90_beta0.0050_gamma0.50,carbonscaler_budget,texas,78,0,363.0,30.7259,32.2717
optionB_budget0.90_beta0.0050_gamma0.50,carbonscaler_budget,texas,79,0,351.0,39.3837,27.5496
optionB_budget0.90_beta0.0050_gamma0.50,carbonscaler_budget,texas,80,0,355.0,46.5555,46.829
optionB_budget0.90_beta0.0050_gamma0.50,carbonscaler_budget,texas,81,0,362.0,35.974,35.4505
optionB_budget0.90_beta0.0050_gamma0.50,carbonscaler_budget,texas,82,0,383.0,34.0064,57.6727
optionB_budget0.90_beta0.0050_gamma0.50,carbonscaler_budget,texas,83,0,390.0,31.9067,26.548
optionB_budget0.90_beta0.0050_gamma0.50,carbonscaler_budget,texas,84,0,368.0,34.962,5.3596
optionB_budget0.90_beta0.0050_gamma0.50,carbonscaler_budget,texas,85,0,280.0,34.0586,35.4138
optionB_budget0.90_beta0.0050_gamma0.50,carbonscaler_budget,texas,86,0,230.0,43.4345,47.6732
optionB_budget0.90_beta0.0050_gamma0.50,carbonscaler_budget,texas,87,1,214.0,51.8063,41.0602
optionB_budget0.90_beta0.0050_gamma0.50,carbonscaler_budget,texas,88,1,206.0,53.9044,54.4479
optionB_budget0.90_beta0.0050_gamma0.50,carbonscaler_budget,texas,89,1,201.0,88.3612,76.3964
optionB_budget0.90_beta0.0050_gamma0.50,carbonscaler_budget,texas,90,1,199.0,136.7502,141.8339
optionB_budget0.90_beta0.0050_gamma0.50,carbonscaler_budget,texas,91,1,200.0,126.6723,117.884
optionB_budget0.90_beta0.0050_gamma0.50,carbonscaler_budget,texas,92,1,209.0,76.3944,69.0769
optionB_budget0.90_beta0.0050_gamma0.50,carbonscaler_budget,texas,93,1,220.0,47.4043,37.6151
optionB_budget0.90_beta0.0050_gamma0.50,carbonscaler_budget,texas,94,0,232.0,39.7365,34.2156
optionB_budget0.90_beta0.0050_gamma0.50,carbonscaler_budget,texas,95,0,266.0,27.425,15.5748
optionB_budget0.90_beta0.0050_gamma0.50,carbonscaler_budget,texas,96,0,322.0,25.0826,47.2503
optionB_budget0.90_beta0.0050_gamma0.50,carbonscaler_budget,texas,97,0,328.0,17.0995,24.4525
optionB_budget0.90_beta0.0050_gamma0.50,carbonscaler_budget,texas,98,0,321.0,25.5646,17.0378
optionB_budget0.90_beta0.0050_gamma0.50,carbonscaler_budget,texas,99,0,314.0,17.8473,12.5728
optionB_budget0.90_beta0.0050_gamma0.50,carbonscaler_budget,texas,100,0,306.0,20.2266,20.265
optionB_budget0.90_beta0.0050_gamma0.50,carbonscaler_budget,texas,101,0,293.0,25.3695,37.6186
optionB_budget0.90_beta0.0050_gamma0.50,carbonscaler_budget,texas,102,0,279.0,46.1218,42.7089
optionB_budget0.90_beta0.0050_gamma0.50,carbonscaler_budget,texas,103,0,269.0,42.5633,62.9481
optionB_budget0.90_beta0.0050_gamma0.50,carbonscaler_budget,texas,104,0,265.0,43.3251,44.635
optionB_budget0.90_beta0.0050_gamma0.50,carbonscaler_budget,texas,105,0,265.0,43.3409,36.1985
optionB_budget0.90_beta0.0050_gamma0.50,carbonscaler_budget,texas,106,0,277.0,39.7885,35.6915
optionB_budget0.90_beta0.0050_gamma0.50,carbonscaler_budget,texas,107,0,290.0,38.4195,54.5078
optionB_budget0.90_beta0.0050_gamma0.50,carbonscaler_budget,texas,108,0,288.0,41.0196,58.5198
optionB_budget0.90_beta0.0050_gamma0.50,carbonscaler_budget,texas,109,1,223.0,40.8977,42.5473
optionB_budget0.90_beta0.0050_gamma0.50,carbonscaler_budget,texas,110,1,190.0,30.6921,267.8003
optionB_budget0.90_beta0.0050_gamma0.50,carbonscaler_budget,texas,111,1,190.0,40.2258,59.8233
optionB_budget0.90_beta0.0050_gamma0.50,carbonscaler_budget,texas,112,1,197.0,62.7982,57.4675
optionB_budget0.90_beta0.0050_gamma0.50,carbonscaler_budget,texas,113,1,207.0,84.2836,92.8026
optionB_budget0.90_beta0.0050_gamma0.50,carbonscaler_budget,texas,114,0,223.0,77.9912,70.2472
optionB_budget0.90_beta0.0050_gamma0.50,carbonscaler_budget,texas,115,0,237.0,60.8673,71.062
optionB_budget0.90_beta0.0050_gamma0.50,carbonscaler_budget,texas,116,0,242.0,52.0251,68.0758
optionB_budget0.90_beta0.0050_gamma0.50,carbonscaler_budget,texas,117,0,243.0,32.9567,15.8549
optionB_budget0.90_beta0.0050_gamma0.50,carbonscaler_budget,texas,118,0,275.0,25.6767,14.3177
optionB_budget0.90_beta0.0050_gamma0.50,carbonscaler_budget,texas,119,0,294.0,18.2446,28.757
optionB_budget0.90_beta0.0050_gamma0.50,carbonscaler_budget,texas,120,0,326.0,5.2222,38.4575
optionB_budget0.90_beta0.0050_gamma0.50,carbonscaler_budget,texas,121,0,327.0,6.3899,0.0
optionB_budget0.90_beta0.0050_gamma0.50,carbonscaler_budget,texas,122,0,323.0,1.2094,0.0
optionB_budget0.90_beta0.0050_gamma0.50,carbonscaler_budget,texas,123,0,317.0,2.5663,19.9849
optionB_budget0.90_beta0.0050_gamma0.50,carbonscaler_budget,texas,124,0,309.0,2.44,5.4982
optionB_budget0.90_beta0.0050_gamma0.50,carbonscaler_budget,texas,125,0,297.0,6.3236,4.4277
optionB_budget0.90_beta0.0050_gamma0.50,carbonscaler_budget,texas,126,0,284.0,0.0723,0.0
optionB_budget0.90_beta0.0050_gamma0.50,carbonscaler_budget,texas,127,0,271.0,2.1025,10.9873
optionB_budget0.90_beta0.0050_gamma0.50,carbonscaler_budget,texas,128,1,260.0,7.2852,2.7008
optionB_budget0.90_beta0.0050_gamma0.50,carbonscaler_budget,texas,129,0,264.0,7.7837,0.0
optionB_budget0.90_beta0.0050_gamma0.50,carbonscaler_budget,texas,130,0,263.0,7.3438,7.0744
optionB_budget0.90_beta0.0050_gamma0.50,carbonscaler_budget,texas,131,0,283.0,68.1531,349.2377
optionB_budget0.90_beta0.0050_gamma0.50,carbonscaler_budget,texas,132,0,290.0,7.7668,7.3921
optionB_budget0.90_beta0.0050_gamma0.50,carbonscaler_budget,texas,133,0,263.0,21.6033,40.6759
optionB_budget0.90_beta0.0050_gamma0.50,carbonscaler_budget,texas,134,0,245.0,27.8341,30.7104
optionB_budget0.90_beta0.0050_gamma0.50,carbonscaler_budget,texas,135,0,227.0,78.3788,290.532
optionB_budget0.90_beta0.0050_gamma0.50,carbonscaler_budget,texas,136,1,216.0,42.505,35.5581
optionB_budget0.90_beta0.0050_gamma0.50,carbonscaler_budget,texas,137,1,217.0,58.3833,39.0562
optionB_budget0.90_beta0.0050_gamma0.50,carbonscaler_budget,texas,138,0,239.0,65.7881,62.0908
optionB_budget0.90_beta0.0050_gamma0.50,carbonscaler_budget,texas,139,0,264.0,58.9557,66.9049
optionB_budget0.90_beta0.0050_gamma0.50,carbonscaler_budget,texas,140,0,268.0,53.3514,39.9203
optionB_budget0.90_beta0.0050_gamma0.50,carbonscaler_budget,texas,141,0,279.0,44.3403,37.2205
optionB_budget0.90_beta0.0050_gamma0.50,carbonscaler_budget,texas,142,0,289.0,29.2887,27.4594
optionB_budget0.90_beta0.0050_gamma0.50,carbonscaler_budget,texas,143,0,298.0,24.2492,20.7722
optionB_budget0.90_beta0.0050_gamma0.50,carbonscaler_budget,texas,144,0,379.0,13.5149,18.6664
optionB_budget0.90_beta0.0050_gamma0.50,carbonscaler_budget,texas,145,0,422.0,14.6108,27.7585
optionB_budget0.90_beta0.0050_gamma0.50,carbonscaler_budget,texas,146,0,427.0,14.7061,16.5099
optionB_budget0.90_beta0.0050_gamma0.50,carbonscaler_budget,texas,147,0,430.0,13.4113,9.6439
optionB_budget0.90_beta0.0050_gamma0.50,carbonscaler_budget,texas,148,0,424.0,17.8445,32.3596
optionB_budget0.90_beta0.0050_gamma0.50,carbonscaler_budget,texas,149,0,403.0,21.4911,23.4308
optionB_budget0.90_beta0.0050_gamma0.50,carbonscaler_budget,texas,150,0,399.0,28.0862,50.3212
optionB_budget0.90_beta0.0050_gamma0.50,carbonscaler_budget,texas,151,0,395.0,32.9188,7.5227
optionB_budget0.90_beta0.0050_gamma0.50,carbonscaler_budget,texas,152,0,398.0,25.434,18.3216
optionB_budget0.90_beta0.0050_gamma0.50,carbonscaler_budget,texas,153,0,407.0,23.9134,22.3007
optionB_budget0.90_beta0.0050_gamma0.50,carbonscaler_budget,texas,154,0,413.0,25.7573,38.1317
optionB_budget0.90_beta0.0050_gamma0.50,carbonscaler_budget,texas,155,0,421.0,20.3674,2.4598
optionB_budget0.90_beta0.0050_gamma0.50,carbonscaler_budget,texas,156,0,395.0,16.8689,0.0
optionB_budget0.90_beta0.0050_gamma0.50,carbonscaler_budget,texas,157,0,245.0,18.549,30.6115
optionB_budget0.90_beta0.0050_gamma0.50,carbonscaler_budget,texas,158,1,192.0,20.2695,21.8638
optionB_budget0.90_beta0.0050_gamma0.50,carbonscaler_budget,texas,159,2,175.0,24.7179,22.8081
optionB_budget0.90_beta0.0050_gamma0.50,carbonscaler_budget,texas,160,2,166.0,32.791,19.9428
optionB_budget0.90_beta0.0050_gamma0.50,carbonscaler_budget,texas,161,1,173.0,57.6742,43.3433
optionB_budget0.90_beta0.0050_gamma0.50,carbonscaler_budget,texas,162,1,174.0,71.8744,74.7083
optionB_budget0.90_beta0.0050_gamma0.50,carbonscaler_budget,texas,163,1,184.0,79.4686,88.9617
optionB_budget0.90_beta0.0050_gamma0.50,carbonscaler_budget,texas,164,1,192.0,62.1385,41.1144
optionB_budget0.90_beta0.0050_gamma0.50,carbonscaler_budget,texas,165,1,206.0,53.9103,45.5056
optionB_budget0.90_beta0.0050_gamma0.50,carbonscaler_budget,texas,166,0,225.0,37.0536,44.8039
optionB_budget0.90_beta0.0050_gamma0.50,carbonscaler_budget,texas,167,0,300.0,23.9403,21.661
optionB_budget0.90_beta0.0100_gamma0.50,carbonscaler_budget,texas,0,0,340.0,2.7171,19.7835
optionB_budget0.90_beta0.0100_gamma0.50,carbonscaler_budget,texas,1,0,334.0,1.3449,0.0
optionB_budget0.90_beta0.0100_gamma0.50,carbonscaler_budget,texas,2,0,325.0,5.195,2.3688
optionB_budget0.90_beta0.0100_gamma0.50,carbonscaler_budget,texas,3,0,322.0,9.8611,10.1846
optionB_budget0.90_beta0.0100_gamma0.50,carbonscaler_budget,texas,4,0,304.0,11.8125,28.564
optionB_budget0.90_beta0.0100_gamma0.50,carbonscaler_budget,texas,5,0,293.0,19.294,23.3675
optionB_budget0.90_beta0.0100_gamma0.50,carbonscaler_budget,texas,6,0,284.0,36.2998,38.29
optionB_budget0.90_beta0.0100_gamma0.50,carbonscaler_budget,texas,7,0,290.0,27.5667,24.2296
optionB_budget0.90_beta0.0100_gamma0.50,carbonscaler_budget,texas,8,0,303.0,24.4315,29.0522
optionB_budget0.90_beta0.0100_gamma0.50,carbonscaler_budget,texas,9,0,301.0,28.8027,32.8135
optionB_budget0.90_beta0.0100_gamma0.50,carbonscaler_budget,texas,10,0,308.0,24.4636,346.7163
optionB_budget0.90_beta0.0100_gamma0.50,carbonscaler_budget,texas,11,0,336.0,33.6767,42.589
optionB_budget0.90_beta0.0100_gamma0.50,carbonscaler_budget,texas,12,0,335.0,39.1998,51.1686
optionB_budget0.90_beta0.0100_gamma0.50,carbonscaler_budget,texas,13,0,298.0,34.3063,49.4026
optionB_budget0.90_beta0.0100_gamma0.50,carbonscaler_budget,texas,14,0,277.0,39.569,59.8679
optionB_budget0.90_beta0.0100_gamma0.50,carbonscaler_budget,texas,15,0,263.0,42.2112,35.1634
optionB_budget0.90_beta0.0100_gamma0.50,carbonscaler_budget,texas,16,0,254.0,57.9068,60.3454
optionB_budget0.90_beta0.0100_gamma0.50,carbonscaler_budget,texas,17,0,255.0,80.1899,74.5939
optionB_budget0.90_beta0.0100_gamma0.50,carbonscaler_budget,texas,18,0,261.0,106.0488,109.2037
optionB_budget0.90_beta0.0100_gamma0.50,carbonscaler_budget,texas,19,0,268.0,132.8887,128.107
optionB_budget0.90_beta0.0100_gamma0.50,carbonscaler_budget,texas,20,0,271.0,82.9492,67.0797
optionB_budget0.90_beta0.0100_gamma0.50,carbonscaler_budget,texas,21,0,267.0,51.7139,56.594
optionB_budget0.90_beta0.0100_gamma0.50,carbonscaler_budget,texas,22,0,282.0,38.4622,42.51
optionB_budget0.90_beta0.0100_gamma0.50,carbonscaler_budget,texas,23,0,322.0,32.1526,19.0312
optionB_budget0.90_beta0.0100_gamma0.50,carbonscaler_budget,texas,24,0,350.0,27.1545,35.3576
optionB_budget0.90_beta0.0100_gamma0.50,carbonscaler_budget,texas,25,0,357.0,25.651,27.8965
optionB_budget0.90_beta0.0100_gamma0.50,carbonscaler_budget,texas,26,0,353.0,22.6984,32.4946
optionB_budget0.90_beta0.0100_gamma0.50,carbonscaler_budget,texas,27,0,344.0,20.159,14.3143
optionB_budget0.90_beta0.0100_gamma0.50,carbonscaler_budget,texas,28,0,332.0,25.3854,12.5368
optionB_budget0.90_beta0.0100_gamma0.50,carbonscaler_budget,texas,29,0,328.0,18.0291,7.9323
optionB_budget0.90_beta0.0100_gamma0.50,carbonscaler_budget,texas,30,0,321.0,37.5367,38.1242
optionB_budget0.90_beta0.0100_gamma0.50,carbonscaler_budget,texas,31,0,314.0,37.8823,59.8233
optionB_budget0.90_beta0.0100_gamma0.50,carbonscaler_budget,texas,32,0,309.0,39.1592,39.1137
optionB_budget0.90_beta0.0100_gamma0.50,carbonscaler_budget,texas,33,0,315.0,39.3607,23.0984
optionB_budget0.90_beta0.0100_gamma0.50,carbonscaler_budget,texas,34,0,316.0,33.5461,30.0204
optionB_budget0.90_beta0.0100_gamma0.50,carbonscaler_budget,texas,35,0,329.0,38.9839,42.4006
optionB_budget0.90_beta0.0100_gamma0.50,carbonscaler_budget,texas,36,0,338.0,37.4294,24.2808
optionB_budget0.90_beta0.0100_gamma0.50,carbonscaler_budget,texas,37,0,310.0,46.9012,48.6362
optionB_budget0.90_beta0.0100_gamma0.50,carbonscaler_budget,texas,38,0,287.0,47.7789,44.1446
optionB_budget0.90_beta0.0100_gamma0.50,carbonscaler_budget,texas,39,0,262.0,54.3735,57.7048
optionB_budget0.90_beta0.0100_gamma0.50,carbonscaler_budget,texas,40,0,249.0,65.643,68.6683
optionB_budget0.90_beta0.0100_gamma0.50,carbonscaler_budget,texas,41,0,231.0,105.9408,170.0045
optionB_budget0.90_beta0.0100_gamma0.50,carbonscaler_budget,texas,42,0,227.0,114.5104,133.0124
optionB_budget0.90_beta0.0100_gamma0.50,carbonscaler_budget,texas,43,0,230.0,101.7509,117.7481
optionB_budget0.90_beta0.0100_gamma0.50,carbonscaler_budget,texas,44,0,237.0,76.1179,93.6385
optionB_budget0.90_beta0.0100_gamma0.50,carbonscaler_budget,texas,45,0,263.0,51.1903,40.3689
optionB_budget0.90_beta0.0100_gamma0.50,carbonscaler_budget,texas,46,0,291.0,43.5465,51.2038
optionB_budget0.90_beta0.0100_gamma0.50,carbonscaler_budget,texas,47,0,321.0,34.4971,20.1495
optionB_budget0.90_beta0.0100_gamma0.50,carbonscaler_budget,texas,48,0,335.0,14.1867,0.0
optionB_budget0.90_beta0.0100_gamma0.50,carbonscaler_budget,texas,49,0,332.0,12.514,0.0
optionB_budget0.90_beta0.0100_gamma0.50,carbonscaler_budget,texas,50,0,335.0,18.1734,0.3184
optionB_budget0.90_beta0.0100_gamma0.50,carbonscaler_budget,texas,51,0,338.0,13.2219,3.6162
optionB_budget0.90_beta0.0100_gamma0.50,carbonscaler_budget,texas,52,0,335.0,14.8731,0.0
optionB_budget0.90_beta0.0100_gamma0.50,carbonscaler_budget,texas,53,0,329.0,21.9972,17.4564
optionB_budget0.90_beta0.0100_gamma0.50,carbonscaler_budget,texas,54,0,341.0,36.8532,22.2035
optionB_budget0.90_beta0.0100_gamma0.50,carbonscaler_budget,texas,55,0,337.0,39.3156,41.3215
optionB_budget0.90_beta0.0100_gamma0.50,carbonscaler_budget,texas,56,0,341.0,42.147,40.4768
optionB_budget0.90_beta0.0100_gamma0.50,carbonscaler_budget,texas,57,0,353.0,41.8353,44.7207
optionB_budget0.90_beta0.0100_gamma0.50,carbonscaler_budget,texas,58,0,374.0,34.4659,39.4489
optionB_budget0.90_beta0.0100_gamma0.50,carbonscaler_budget,texas,59,0,377.0,42.167,12.681
optionB_budget0.90_beta0.0100_gamma0.50,carbonscaler_budget,texas,60,0,375.0,42.8955,49.4809
optionB_budget0.90_beta0.0100_gamma0.50,carbonscaler_budget,texas,61,0,338.0,46.3812,38.699
optionB_budget0.90_beta0.0100_gamma0.50,carbonscaler_budget,texas,62,0,274.0,59.523,46.6407
optionB_budget0.90_beta0.0100_gamma0.50,carbonscaler_budget,texas,63,0,225.0,65.1294,70.1304
optionB_budget0.90_beta0.0100_gamma0.50,carbonscaler_budget,texas,64,0,212.0,140.0144,360.7781
optionB_budget0.90_beta0.0100_gamma0.50,carbonscaler_budget,texas,65,0,229.0,93.3096,87.9547
optionB_budget0.90_beta0.0100_gamma0.50,carbonscaler_budget,texas,66,0,241.0,129.2569,126.1099
optionB_budget0.90_beta0.0100_gamma0.50,carbonscaler_budget,texas,67,0,254.0,122.9289,109.0783
optionB_budget0.90_beta0.0100_gamma0.50,carbonscaler_budget,texas,68,0,265.0,75.3539,80.136
optionB_budget0.90_beta0.0100_gamma0.50,carbonscaler_budget,texas,69,0,282.0,53.4538,76.4252
optionB_budget0.90_beta0.0100_gamma0.50,carbonscaler_budget,texas,70,0,288.0,42.2364,69.2432
optionB_budget0.90_beta0.0100_gamma0.50,carbonscaler_budget,texas,71,0,303.0,33.4643,51.6772
optionB_budget0.90_beta0.0100_gamma0.50,carbonscaler_budget,texas,72,0,371.0,16.4338,12.6414
optionB_budget0.90_beta0.0100_gamma0.50,carbonscaler_budget,texas,73,0,403.0,17.3869,13.1691
optionB_budget0.90_beta0.0100_gamma0.50,carbonscaler_budget,texas,74,0,399.0,15.7237,12.5321
optionB_budget0.90_beta0.0100_gamma0.50,carbonscaler_budget,texas,75,0,395.0,20.3812,0.0
optionB_budget0.90_beta0.0100_gamma0.50,carbonscaler_budget,texas,76,0,387.0,22.3649,38.2147
optionB_budget0.90_beta0.0100_gamma0.50,carbonscaler_budget,texas,77,0,376.0,19.1267,35.3487
optionB_budget0.90_beta0.0100_gamma0.50,carbonscaler_budget,texas,78,0,363.0,30.7259,32.2717
optionB_budget0.90_beta0.0100_gamma0.50,carbonscaler_budget,texas,79,0,351.0,39.3837,27.5496
optionB_budget0.90_beta0.0100_gamma0.50,carbonscaler_budget,texas,80,0,355.0,46.5555,46.829
optionB_budget0.90_beta0.0100_gamma0.50,carbonscaler_budget,texas,81,0,362.0,35.974,35.4505
optionB_budget0.90_beta0.0100_gamma0.50,carbonscaler_budget,texas,82,0,383.0,34.0064,57.6727
optionB_budget0.90_beta0.0100_gamma0.50,carbonscaler_budget,texas,83,0,390.0,31.9067,26.548
optionB_budget0.90_beta0.0100_gamma0.50,carbonscaler_budget,texas,84,0,368.0,34.962,5.3596
optionB_budget0.90_beta0.0100_gamma0.50,carbonscaler_budget,texas,85,0,280.0,34.0586,35.4138
optionB_budget0.90_beta0.0100_gamma0.50,carbonscaler_budget,texas,86,1,230.0,43.4345,47.6732
optionB_budget0.90_beta0.0100_gamma0.50,carbonscaler_budget,texas,87,1,214.0,51.8063,41.0602
optionB_budget0.90_beta0.0100_gamma0.50,carbonscaler_budget,texas,88,1,206.0,53.9044,54.4479
optionB_budget0.90_beta0.0100_gamma0.50,carbonscaler_budget,texas,89,1,201.0,88.3612,76.3964
optionB_budget0.90_beta0.0100_gamma0.50,carbonscaler_budget,texas,90,0,199.0,136.7502,141.8339
optionB_budget0.90_beta0.0100_gamma0.50,carbonscaler_budget,texas,91,0,200.0,126.6723,117.884
optionB_budget0.90_beta0.0100_gamma0.50,carbonscaler_budget,texas,92,1,209.0,76.3944,69.0769
optionB_budget0.90_beta0.0100_gamma0.50,carbonscaler_budget,texas,93,1,220.0,47.4043,37.6151
optionB_budget0.90_beta0.0100_gamma0.50,carbonscaler_budget,texas,94,0,232.0,39.7365,34.2156
optionB_budget0.90_beta0.0100_gamma0.50,carbonscaler_budget,texas,95,0,266.0,27.425,15.5748
optionB_budget0.90_beta0.0100_gamma0.50,carbonscaler_budget,texas,96,0,322.0,25.0826,47.2503
optionB_budget0.90_beta0.0100_gamma0.50,carbonscaler_budget,texas,97,0,328.0,17.0995,24.4525
optionB_budget0.90_beta0.0100_gamma0.50,carbonscaler_budget,texas,98,0,321.0,25.5646,17.0378
optionB_budget0.90_beta0.0100_gamma0.50,carbonscaler_budget,texas,99,0,314.0,17.8473,12.5728
optionB_budget0.90_beta0.0100_gamma0.50,carbonscaler_budget,texas,100,0,306.0,20.2266,20.265
optionB_budget0.90_beta0.0100_gamma0.50,carbonscaler_budget,texas,101,0,293.0,25.3695,37.6186
optionB_budget0.90_beta0.0100_gamma0.50,carbonscaler_budget,texas,102,0,279.0,46.1218,42.7089
optionB_budget0.90_beta0.0100_gamma0.50,carbonscaler_budget,texas,103,0,269.0,42.5633,62.9481
optionB_budget0.90_beta0.0100_gamma0.50,carbonscaler_budget,texas,104,0,265.0,43.3251,44.635
optionB_budget0.90_beta0.0100_gamma0.50,carbonscaler_budget,texas,105,0,265.0,43.3409,36.1985
optionB_budget0.90_beta0.0100_gamma0.50,carbonscaler_budget,texas,106,0,277.0,39.7885,35.6915
optionB_budget0.90_beta0.0100_gamma0.50,carbonscaler_budget,texas,107,0,290.0,38.4195,54.5078
optionB_budget0.90_beta0.0100_gamma0.50,carbonscaler_budget,texas,108,0,288.0,41.0196,58.5198
optionB_budget0.90_beta0.0100_gamma0.50,carbonscaler_budget,texas,109,1,223.0,40.8977,42.5473
optionB_budget0.90_beta0.0100_gamma0.50,carbonscaler_budget,texas,110,1,190.0,30.6921,267.8003
optionB_budget0.90_beta0.0100_gamma0.50,carbonscaler_budget,texas,111,1,190.0,40.2258,59.8233
optionB_budget0.90_beta0.0100_gamma0.50,carbonscaler_budget,texas,112,1,197.0,62.7982,57.4675
optionB_budget0.90_beta0.0100_gamma0.50,carbonscaler_budget,texas,113,1,207.0,84.2836,92.8026
optionB_budget0.90_beta0.0100_gamma0.50,carbonscaler_budget,texas,114,0,223.0,77.9912,70.2472
optionB_budget0.90_beta0.0100_gamma0.50,carbonscaler_budget,texas,115,0,237.0,60.8673,71.062
optionB_budget0.90_beta0.0100_gamma0.50,carbonscaler_budget,texas,116,0,242.0,52.0251,68.0758
optionB_budget0.90_beta0.0100_gamma0.50,carbonscaler_budget,texas,117,0,243.0,32.9567,15.8549
optionB_budget0.90_beta0.0100_gamma0.50,carbonscaler_budget,texas,118,0,275.0,25.6767,14.3177
optionB_budget0.90_beta0.0100_gamma0.50,carbonscaler_budget,texas,119,0,294.0,18.2446,28.757
optionB_budget0.90_beta0.0100_gamma0.50,carbonscaler_budget,texas,120,0,326.0,5.2222,38.4575
optionB_budget0.90_beta0.0100_gamma0.50,carbonscaler_budget,texas,121,0,327.0,6.3899,0.0
optionB_budget0.90_beta0.0100_gamma0.50,carbonscaler_budget,texas,122,0,323.0,1.2094,0.0
optionB_budget0.90_beta0.0100_gamma0.50,carbonscaler_budget,texas,123,0,317.0,2.5663,19.9849
optionB_budget0.90_beta0.0100_gamma0.50,carbonscaler_budget,texas,124,0,309.0,2.44,5.4982
optionB_budget0.90_beta0.0100_gamma0.50,carbonscaler_budget,texas,125,0,297.0,6.3236,4.4277
optionB_budget0.90_beta0.0100_gamma0.50,carbonscaler_budget,texas,126,0,284.0,0.0723,0.0
optionB_budget0.90_beta0.0100_gamma0.50,carbonscaler_budget,texas,127,0,271.0,2.1025,10.9873
optionB_budget0.90_beta0.0100_gamma0.50,carbonscaler_budget,texas,128,0,260.0,7.2852,2.7008
optionB_budget0.90_beta0.0100_gamma0.50,carbonscaler_budget,texas,129,0,264.0,7.7837,0.0
optionB_budget0.90_beta0.0100_gamma0.50,carbonscaler_budget,texas,130,0,263.0,7.3438,7.0744
optionB_budget0.90_beta0.0100_gamma0.50,carbonscaler_budget,texas,131,0,283.0,68.1531,349.2377
optionB_budget0.90_beta0.0100_gamma0.50,carbonscaler_budget,texas,132,0,290.0,7.7668,7.3921
optionB_budget0.90_beta0.0100_gamma0.50,carbonscaler_budget,texas,133,0,263.0,21.6033,40.6759
optionB_budget0.90_beta0.0100_gamma0.50,carbonscaler_budget,texas,134,0,245.0,27.8341,30.7104
optionB_budget0.90_beta0.0100_gamma0.50,carbonscaler_budget,texas,135,0,227.0,78.3788,290.532
optionB_budget0.90_beta0.0100_gamma0.50,carbonscaler_budget,texas,136,1,216.0,42.505,35.5581
optionB_budget0.90_beta0.0100_gamma0.50,carbonscaler_budget,texas,137,1,217.0,58.3833,39.0562
optionB_budget0.90_beta0.0100_gamma0.50,carbonscaler_budget,texas,138,0,239.0,65.7881,62.0908
optionB_budget0.90_beta0.0100_gamma0.50,carbonscaler_budget,texas,139,0,264.0,58.9557,66.9049
optionB_budget0.90_beta0.0100_gamma0.50,carbonscaler_budget,texas,140,0,268.0,53.3514,39.9203
optionB_budget0.90_beta0.0100_gamma0.50,carbonscaler_budget,texas,141,0,279.0,44.3403,37.2205
optionB_budget0.90_beta0.0100_gamma0.50,carbonscaler_budget,texas,142,0,289.0,29.2887,27.4594
optionB_budget0.90_beta0.0100_gamma0.50,carbonscaler_budget,texas,143,0,298.0,24.2492,20.7722
optionB_budget0.90_beta0.0100_gamma0.50,carbonscaler_budget,texas,144,0,379.0,13.5149,18.6664
optionB_budget0.90_beta0.0100_gamma0.50,carbonscaler_budget,texas,145,0,422.0,14.6108,27.7585
optionB_budget0.90_beta0.0100_gamma0.50,carbonscaler_budget,texas,146,0,427.0,14.7061,16.5099
optionB_budget0.90_beta0.0100_gamma0.50,carbonscaler_budget,texas,147,0,430.0,13.4113,9.6439
optionB_budget0.90_beta0.0100_gamma0.50,carbonscaler_budget,texas,148,0,424.0,17.8445,32.3596
optionB_budget0.90_beta0.0100_gamma0.50,carbonscaler_budget,texas,149,0,403.0,21.4911,23.4308
optionB_budget0.90_beta0.0100_gamma0.50,carbonscaler_budget,texas,150,0,399.0,28.0862,50.3212
optionB_budget0.90_beta0.0100_gamma0.50,carbonscaler_budget,texas,151,0,395.0,32.9188,7.5227
optionB_budget0.90_beta0.0100_gamma0.50,carbonscaler_budget,texas,152,0,398.0,25.434,18.3216
optionB_budget0.90_beta0.0100_gamma0.50,carbonscaler_budget,texas,153,0,407.0,23.9134,22.3007
optionB_budget0.90_beta0.0100_gamma0.50,carbonscaler_budget,texas,154,0,413.0,25.7573,38.1317
optionB_budget0.90_beta0.0100_gamma0.50,carbonscaler_budget,texas,155,0,421.0,20.3674,2.4598
optionB_budget0.90_beta0.0100_gamma0.50,carbonscaler_budget,texas,156,0,395.0,16.8689,0.0
optionB_budget0.90_beta0.0100_gamma0.50,carbonscaler_budget,texas,157,0,245.0,18.549,30.6115
optionB_budget0.90_beta0.0100_gamma0.50,carbonscaler_budget,texas,158,1,192.0,20.2695,21.8638
optionB_budget0.90_beta0.0100_gamma0.50,carbonscaler_budget,texas,159,2,175.0,24.7179,22.8081
optionB_budget0.90_beta0.0100_gamma0.50,carbonscaler_budget,texas,160,2,166.0,32.791,19.9428
optionB_budget0.90_beta0.0100_gamma0.50,carbonscaler_budget,texas,161,2,173.0,57.6742,43.3433
optionB_budget0.90_beta0.0100_gamma0.50,carbonscaler_budget,texas,162,1,174.0,71.8744,74.7083
optionB_budget0.90_beta0.0100_gamma0.50,carbonscaler_budget,texas,163,1,184.0,79.4686,88.9617
optionB_budget0.90_beta0.0100_gamma0.50,carbonscaler_budget,texas,164,1,192.0,62.1385,41.1144
optionB_budget0.90_beta0.0100_gamma0.50,carbonscaler_budget,texas,165,1,206.0,53.9103,45.5056
optionB_budget0.90_beta0.0100_gamma0.50,carbonscaler_budget,texas,166,1,225.0,37.0536,44.8039
optionB_budget0.90_beta0.0100_gamma0.50,carbonscaler_budget,texas,167,0,300.0,23.9403,21.661
optionB_budget0.90_beta0.0200_gamma0.50,carbonscaler_budget,texas,0,0,340.0,2.7171,19.7835
optionB_budget0.90_beta0.0200_gamma0.50,carbonscaler_budget,texas,1,0,334.0,1.3449,0.0
optionB_budget0.90_beta0.0200_gamma0.50,carbonscaler_budget,texas,2,0,325.0,5.195,2.3688
optionB_budget0.90_beta0.0200_gamma0.50,carbonscaler_budget,texas,3,0,322.0,9.8611,10.1846
optionB_budget0.90_beta0.0200_gamma0.50,carbonscaler_budget,texas,4,0,304.0,11.8125,28.564
optionB_budget0.90_beta0.0200_gamma0.50,carbonscaler_budget,texas,5,0,293.0,19.294,23.3675
optionB_budget0.90_beta0.0200_gamma0.50,carbonscaler_budget,texas,6,0,284.0,36.2998,38.29
optionB_budget0.90_beta0.0200_gamma0.50,carbonscaler_budget,texas,7,0,290.0,27.5667,24.2296
optionB_budget0.90_beta0.0200_gamma0.50,carbonscaler_budget,texas,8,0,303.0,24.4315,29.0522
optionB_budget0.90_beta0.0200_gamma0.50,carbonscaler_budget,texas,9,0,301.0,28.8027,32.8135
optionB_budget0.90_beta0.0200_gamma0.50,carbonscaler_budget,texas,10,0,308.0,24.4636,346.7163
optionB_budget0.90_beta0.0200_gamma0.50,carbonscaler_budget,texas,11,0,336.0,33.6767,42.589
optionB_budget0.90_beta0.0200_gamma0.50,carbonscaler_budget,texas,12,0,335.0,39.1998,51.1686
optionB_budget0.90_beta0.0200_gamma0.50,carbonscaler_budget,texas,13,0,298.0,34.3063,49.4026
optionB_budget0.90_beta0.0200_gamma0.50,carbonscaler_budget,texas,14,0,277.0,39.569,59.8679
optionB_budget0.90_beta0.0200_gamma0.50,carbonscaler_budget,texas,15,0,263.0,42.2112,35.1634
optionB_budget0.90_beta0.0200_gamma0.50,carbonscaler_budget,texas,16,0,254.0,57.9068,60.3454
optionB_budget0.90_beta0.0200_gamma0.50,carbonscaler_budget,texas,17,0,255.0,80.1899,74.5939
optionB_budget0.90_beta0.0200_gamma0.50,carbonscaler_budget,texas,18,0,261.0,106.0488,109.2037
optionB_budget0.90_beta0.0200_gamma0.50,carbonscaler_budget,texas,19,0,268.0,132.8887,128.107
optionB_budget0.90_beta0.0200_gamma0.50,carbonscaler_budget,texas,20,0,271.0,82.9492,67.0797
optionB_budget0.90_beta0.0200_gamma0.50,carbonscaler_budget,texas,21,0,267.0,51.7139,56.594
optionB_budget0.90_beta0.0200_gamma0.50,carbonscaler_budget,texas,22,0,282.0,38.4622,42.51
optionB_budget0.90_beta0.0200_gamma0.50,carbonscaler_budget,texas,23,0,322.0,32.1526,19.0312
optionB_budget0.90_beta0.0200_gamma0.50,carbonscaler_budget,texas,24,0,350.0,27.1545,35.3576
optionB_budget0.90_beta0.0200_gamma0.50,carbonscaler_budget,texas,25,0,357.0,25.651,27.8965
optionB_budget0.90_beta0.0200_gamma0.50,carbonscaler_budget,texas,26,0,353.0,22.6984,32.4946
optionB_budget0.90_beta0.0200_gamma0.50,carbonscaler_budget,texas,27,0,344.0,20.159,14.3143
optionB_budget0.90_beta0.0200_gamma0.50,carbonscaler_budget,texas,28,0,332.0,25.3854,12.5368
optionB_budget0.90_beta0.0200_gamma0.50,carbonscaler_budget,texas,29,0,328.0,18.0291,7.9323
optionB_budget0.90_beta0.0200_gamma0.50,carbonscaler_budget,texas,30,0,321.0,37.5367,38.1242
optionB_budget0.90_beta0.0200_gamma0.50,carbonscaler_budget,texas,31,0,314.0,37.8823,59.8233
optionB_budget0.90_beta0.0200_gamma0.50,carbonscaler_budget,texas,32,0,309.0,39.1592,39.1137
optionB_budget0.90_beta0.0200_gamma0.50,carbonscaler_budget,texas,33,0,315.0,39.3607,23.0984
optionB_budget0.90_beta0.0200_gamma0.50,carbonscaler_budget,texas,34,0,316.0,33.5461,30.0204
optionB_budget0.90_beta0.0200_gamma0.50,carbonscaler_budget,texas,35,0,329.0,38.9839,42.4006
optionB_budget0.90_beta0.0200_gamma0.50,carbonscaler_budget,texas,36,0,338.0,37.4294,24.2808
optionB_budget0.90_beta0.0200_gamma0.50,carbonscaler_budget,texas,37,0,310.0,46.9012,48.6362
optionB_budget0.90_beta0.0200_gamma0.50,carbonscaler_budget,texas,38,0,287.0,47.7789,44.1446
optionB_budget0.90_beta0.0200_gamma0.50,carbonscaler_budget,texas,39,0,262.0,54.3735,57.7048
optionB_budget0.90_beta0.0200_gamma0.50,carbonscaler_budget,texas,40,0,249.0,65.643,68.6683
optionB_budget0.90_beta0.0200_gamma0.50,carbonscaler_budget,texas,41,0,231.0,105.9408,170.0045
optionB_budget0.90_beta0.0200_gamma0.50,carbonscaler_budget,texas,42,0,227.0,114.5104,133.0124
optionB_budget0.90_beta0.0200_gamma0.50,carbonscaler_budget,texas,43,0,230.0,101.7509,117.7481
optionB_budget0.90_beta0.0200_gamma0.50,carbonscaler_budget,texas,44,0,237.0,76.1179,93.6385
optionB_budget0.90_beta0.0200_gamma0.50,carbonscaler_budget,texas,45,0,263.0,51.1903,40.3689
optionB_budget0.90_beta0.0200_gamma0.50,carbonscaler_budget,texas,46,0,291.0,43.5465,51.2038
optionB_budget0.90_beta0.0200_gamma0.50,carbonscaler_budget,texas,47,0,321.0,34.4971,20.1495
optionB_budget0.90_beta0.0200_gamma0.50,carbonscaler_budget,texas,48,0,335.0,14.1867,0.0
optionB_budget0.90_beta0.0200_gamma0.50,carbonscaler_budget,texas,49,0,332.0,12.514,0.0
optionB_budget0.90_beta0.0200_gamma0.50,carbonscaler_budget,texas,50,0,335.0,18.1734,0.3184
optionB_budget0.90_beta0.0200_gamma0.50,carbonscaler_budget,texas,51,0,338.0,13.2219,3.6162
optionB_budget0.90_beta0.0200_gamma0.50,carbonscaler_budget,texas,52,0,335.0,14.8731,0.0
optionB_budget0.90_beta0.0200_gamma0.50,carbonscaler_budget,texas,53,0,329.0,21.9972,17.4564
optionB_budget0.90_beta0.0200_gamma0.50,carbonscaler_budget,texas,54,0,341.0,36.8532,22.2035
optionB_budget0.90_beta0.0200_gamma0.50,carbonscaler_budget,texas,55,0,337.0,39.3156,41.3215
optionB_budget0.90_beta0.0200_gamma0.50,carbonscaler_budget,texas,56,0,341.0,42.147,40.4768
optionB_budget0.90_beta0.0200_gamma0.50,carbonscaler_budget,texas,57,0,353.0,41.8353,44.7207
optionB_budget0.90_beta0.0200_gamma0.50,carbonscaler_budget,texas,58,0,374.0,34.4659,39.4489
optionB_budget0.90_beta0.0200_gamma0.50,carbonscaler_budget,texas,59,0,377.0,42.167,12.681
optionB_budget0.90_beta0.0200_gamma0.50,carbonscaler_budget,texas,60,0,375.0,42.8955,49.4809
optionB_budget0.90_beta0.0200_gamma0.50,carbonscaler_budget,texas,61,0,338.0,46.3812,38.699
optionB_budget0.90_beta0.0200_gamma0.50,carbonscaler_budget,texas,62,0,274.0,59.523,46.6407
optionB_budget0.90_beta0.0200_gamma0.50,carbonscaler_budget,texas,63,0,225.0,65.1294,70.1304
optionB_budget0.90_beta0.0200_gamma0.50,carbonscaler_budget,texas,64,0,212.0,140.0144,360.7781
optionB_budget0.90_beta0.0200_gamma0.50,carbonscaler_budget,texas,65,0,229.0,93.3096,87.9547
optionB_budget0.90_beta0.0200_gamma0.50,carbonscaler_budget,texas,66,0,241.0,129.2569,126.1099
optionB_budget0.90_beta0.0200_gamma0.50,carbonscaler_budget,texas,67,0,254.0,122.9289,109.0783
optionB_budget0.90_beta0.0200_gamma0.50,carbonscaler_budget,texas,68,0,265.0,75.3539,80.136
optionB_budget0.90_beta0.0200_gamma0.50,carbonscaler_budget,texas,69,0,282.0,53.4538,76.4252
optionB_budget0.90_beta0.0200_gamma0.50,carbonscaler_budget,texas,70,0,288.0,42.2364,69.2432
optionB_budget0.90_beta0.0200_gamma0.50,carbonscaler_budget,texas,71,0,303.0,33.4643,51.6772
optionB_budget0.90_beta0.0200_gamma0.50,carbonscaler_budget,texas,72,0,371.0,16.4338,12.6414
optionB_budget0.90_beta0.0200_gamma0.50,carbonscaler_budget,texas,73,0,403.0,17.3869,13.1691
optionB_budget0.90_beta0.0200_gamma0.50,carbonscaler_budget,texas,74,0,399.0,15.7237,12.5321
optionB_budget0.90_beta0.0200_gamma0.50,carbonscaler_budget,texas,75,0,395.0,20.3812,0.0
optionB_budget0.90_beta0.0200_gamma0.50,carbonscaler_budget,texas,76,0,387.0,22.3649,38.2147
optionB_budget0.90_beta0.0200_gamma0.50,carbonscaler_budget,texas,77,0,376.0,19.1267,35.3487
optionB_budget0.90_beta0.0200_gamma0.50,carbonscaler_budget,texas,78,0,363.0,30.7259,32.2717
optionB_budget0.90_beta0.0200_gamma0.50,carbonscaler_budget,texas,79,0,351.0,39.3837,27.5496
optionB_budget0.90_beta0.0200_gamma0.50,carbonscaler_budget,texas,80,0,355.0,46.5555,46.829
optionB_budget0.90_beta0.0200_gamma0.50,carbonscaler_budget,texas,81,0,362.0,35.974,35.4505
optionB_budget0.90_beta0.0200_gamma0.50,carbonscaler_budget,texas,82,0,383.0,34.0064,57.6727
optionB_budget0.90_beta0.0200_gamma0.50,carbonscaler_budget,texas,83,0,390.0,31.9067,26.548
optionB_budget0.90_beta0.0200_gamma0.50,carbonscaler_budget,texas,84,0,368.0,34.962,5.3596
optionB_budget0.90_beta0.0200_gamma0.50,carbonscaler_budget,texas,85,0,280.0,34.0586,35.4138
optionB_budget0.90_beta0.0200_gamma0.50,carbonscaler_budget,texas,86,0,230.0,43.4345,47.6732
optionB_budget0.90_beta0.0200_gamma0.50,carbonscaler_budget,texas,87,1,214.0,51.8063,41.0602
optionB_budget0.90_beta0.0200_gamma0.50,carbonscaler_budget,texas,88,1,206.0,53.9044,54.4479
optionB_budget0.90_beta0.0200_gamma0.50,carbonscaler_budget,texas,89,0,201.0,88.3612,76.3964
optionB_budget0.90_beta0.0200_gamma0.50,carbonscaler_budget,texas,90,0,199.0,136.7502,141.8339
optionB_budget0.90_beta0.0200_gamma0.50,carbonscaler_budget,texas,91,0,200.0,126.6723,117.884
optionB_budget0.90_beta0.0200_gamma0.50,carbonscaler_budget,texas,92,0,209.0,76.3944,69.0769
optionB_budget0.90_beta0.0200_gamma0.50,carbonscaler_budget,texas,93,1,220.0,47.4043,37.6151
optionB_budget0.90_beta0.0200_gamma0.50,carbonscaler_budget,texas,94,0,232.0,39.7365,34.2156
optionB_budget0.90_beta0.0200_gamma0.50,carbonscaler_budget,texas,95,0,266.0,27.425,15.5748
optionB_budget0.90_beta0.0200_gamma0.50,carbonscaler_budget,texas,96,0,322.0,25.0826,47.2503
optionB_budget0.90_beta0.0200_gamma0.50,carbonscaler_budget,texas,97,0,328.0,17.0995,24.4525
optionB_budget0.90_beta0.0200_gamma0.50,carbonscaler_budget,texas,98,0,321.0,25.5646,17.0378
optionB_budget0.90_beta0.0200_gamma0.50,carbonscaler_budget,texas,99,0,314.0,17.8473,12.5728
optionB_budget0.90_beta0.0200_gamma0.50,carbonscaler_budget,texas,100,0,306.0,20.2266,20.265
optionB_budget0.90_beta0.0200_gamma0.50,carbonscaler_budget,texas,101,0,293.0,25.3695,37.6186
optionB_budget0.90_beta0.0200_gamma0.50,carbonscaler_budget,texas,102,0,279.0,46.1218,42.7089
optionB_budget0.90_beta0.0200_gamma0.50,carbonscaler_budget,texas,103,0,269.0,42.5633,62.9481
optionB_budget0.90_beta0.0200_gamma0.50,carbonscaler_budget,texas,104,0,265.0,43.3251,44.635
optionB_budget0.90_beta0.0200_gamma0.50,carbonscaler_budget,texas,105,0,265.0,43.3409,36.1985
optionB_budget0.90_beta0.0200_gamma0.50,carbonscaler_budget,texas,106,0,277.0,39.7885,35.6915
optionB_budget0.90_beta0.0200_gamma0.50,carbonscaler_budget,texas,107,0,290.0,38.4195,54.5078
optionB_budget0.90_beta0.0200_gamma0.50,carbonscaler_budget,texas,108,0,288.0,41.0196,58.5198
optionB_budget0.90_beta0.0200_gamma0.50,carbonscaler_budget,texas,109,1,223.0,40.8977,42.5473
optionB_budget0.90_beta0.0200_gamma0.50,carbonscaler_budget,texas,110,1,190.0,30.6921,267.8003
optionB_budget0.90_beta0.0200_gamma0.50,carbonscaler_budget,texas,111,1,190.0,40.2258,59.8233
optionB_budget0.90_beta0.0200_gamma0.50,carbonscaler_budget,texas,112,1,197.0,62.7982,57.4675
optionB_budget0.90_beta0.0200_gamma0.50,carbonscaler_budget,texas,113,0,207.0,84.2836,92.8026
optionB_budget0.90_beta0.0200_gamma0.50,carbonscaler_budget,texas,114,0,223.0,77.9912,70.2472
optionB_budget0.90_beta0.0200_gamma0.50,carbonscaler_budget,texas,115,0,237.0,60.8673,71.062
optionB_budget0.90_beta0.0200_gamma0.50,carbonscaler_budget,texas,116,0,242.0,52.0251,68.0758
optionB_budget0.90_beta0.0200_gamma0.50,carbonscaler_budget,texas,117,0,243.0,32.9567,15.8549
optionB_budget0.90_beta0.0200_gamma0.50,carbonscaler_budget,texas,118,0,275.0,25.6767,14.3177
optionB_budget0.90_beta0.0200_gamma0.50,carbonscaler_budget,texas,119,0,294.0,18.2446,28.757
optionB_budget0.90_beta0.0200_gamma0.50,carbonscaler_budget,texas,120,0,326.0,5.2222,38.4575
optionB_budget0.90_beta0.0200_gamma0.50,carbonscaler_budget,texas,121,0,327.0,6.3899,0.0
optionB_budget0.90_beta0.0200_gamma0.50,carbonscaler_budget,texas,122,0,323.0,1.2094,0.0
optionB_budget0.90_beta0.0200_gamma0.50,carbonscaler_budget,texas,123,0,317.0,2.5663,19.9849
optionB_budget0.90_beta0.0200_gamma0.50,carbonscaler_budget,texas,124,0,309.0,2.44,5.4982
optionB_budget0.90_beta0.0200_gamma0.50,carbonscaler_budget,texas,125,0,297.0,6.3236,4.4277
optionB_budget0.90_beta0.0200_gamma0.50,carbonscaler_budget,texas,126,0,284.0,0.0723,0.0
optionB_budget0.90_beta0.0200_gamma0.50,carbonscaler_budget,texas,127,1,271.0,2.1025,10.9873
optionB_budget0.90_beta0.0200_gamma0.50,carbonscaler_budget,texas,128,1,260.0,7.2852,2.7008
optionB_budget0.90_beta0.0200_gamma0.50,carbonscaler_budget,texas,129,1,264.0,7.7837,0.0
optionB_budget0.90_beta0.0200_gamma0.50,carbonscaler_budget,texas,130,1,263.0,7.3438,7.0744
optionB_budget0.90_beta0.0200_gamma0.50,carbonscaler_budget,texas,131,0,283.0,68.1531,349.2377
optionB_budget0.90_beta0.0200_gamma0.50,carbonscaler_budget,texas,132,0,290.0,7.7668,7.3921
optionB_budget0.90_beta0.0200_gamma0.50,carbonscaler_budget,texas,133,0,263.0,21.6033,40.6759
optionB_budget0.90_beta0.0200_gamma0.50,carbonscaler_budget,texas,134,0,245.0,27.8341,30.7104
optionB_budget0.90_beta0.0200_gamma0.50,carbonscaler_budget,texas,135,0,227.0,78.3788,290.532
optionB_budget0.90_beta0.0200_gamma0.50,carbonscaler_budget,texas,136,1,216.0,42.505,35.5581
optionB_budget0.90_beta0.0200_gamma0.50,carbonscaler_budget,texas,137,0,217.0,58.3833,39.0562
optionB_budget0.90_beta0.0200_gamma0.50,carbonscaler_budget,texas,138,0,239.0,65.7881,62.0908
optionB_budget0.90_beta0.0200_gamma0.50,carbonscaler_budget,texas,139,0,264.0,58.9557,66.9049
optionB_budget0.90_beta0.0200_gamma0.50,carbonscaler_budget,texas,140,0,268.0,53.3514,39.9203
optionB_budget0.90_beta0.0200_gamma0.50,carbonscaler_budget,texas,141,0,279.0,44.3403,37.2205
optionB_budget0.90_beta0.0200_gamma0.50,carbonscaler_budget,texas,142,0,289.0,29.2887,27.4594
optionB_budget0.90_beta0.0200_gamma0.50,carbonscaler_budget,texas,143,0,298.0,24.2492,20.7722
optionB_budget0.90_beta0.0200_gamma0.50,carbonscaler_budget,texas,144,0,379.0,13.5149,18.6664
optionB_budget0.90_beta0.0200_gamma0.50,carbonscaler_budget,texas,145,0,422.0,14.6108,27.7585
optionB_budget0.90_beta0.0200_gamma0.50,carbonscaler_budget,texas,146,0,427.0,14.7061,16.5099
optionB_budget0.90_beta0.0200_gamma0.50,carbonscaler_budget,texas,147,0,430.0,13.4113,9.6439
optionB_budget0.90_beta0.0200_gamma0.50,carbonscaler_budget,texas,148,0,424.0,17.8445,32.3596
optionB_budget0.90_beta0.0200_gamma0.50,carbonscaler_budget,texas,149,0,403.0,21.4911,23.4308
optionB_budget0.90_beta0.0200_gamma0.50,carbonscaler_budget,texas,150,0,399.0,28.0862,50.3212
optionB_budget0.90_beta0.0200_gamma0.50,carbonscaler_budget,texas,151,0,395.0,32.9188,7.5227
optionB_budget0.90_beta0.0200_gamma0.50,carbonscaler_budget,texas,152,0,398.0,25.434,18.3216
optionB_budget0.90_beta0.0200_gamma0.50,carbonscaler_budget,texas,153,0,407.0,23.9134,22.3007
optionB_budget0.90_beta0.0200_gamma0.50,carbonscaler_budget,texas,154,0,413.0,25.7573,38.1317
optionB_budget0.90_beta0.0200_gamma0.50,carbonscaler_budget,texas,155,0,421.0,20.3674,2.4598
optionB_budget0.90_beta0.0200_gamma0.50,carbonscaler_budget,texas,156,0,395.0,16.8689,0.0
optionB_budget0.90_beta0.0200_gamma0.50,carbonscaler_budget,texas,157,1,245.0,18.549,30.6115
optionB_budget0.90_beta0.0200_gamma0.50,carbonscaler_budget,texas,158,2,192.0,20.2695,21.8638
optionB_budget0.90_beta0.0200_gamma0.50,carbonscaler_budget,texas,159,2,175.0,24.7179,22.8081
optionB_budget0.90_beta0.0200_gamma0.50,carbonscaler_budget,texas,160,2,166.0,32.791,19.9428
optionB_budget0.90_beta0.0200_gamma0.50,carbonscaler_budget,texas,161,1,173.0,57.6742,43.3433
optionB_budget0.90_beta0.0200_gamma0.50,carbonscaler_budget,texas,162,1,174.0,71.8744,74.7083
optionB_budget0.90_beta0.0200_gamma0.50,carbonscaler_budget,texas,163,1,184.0,79.4686,88.9617
optionB_budget0.90_beta0.0200_gamma0.50,carbonscaler_budget,texas,164,1,192.0,62.1385,41.1144
optionB_budget0.90_beta0.0200_gamma0.50,carbonscaler_budget,texas,165,1,206.0,53.9103,45.5056
optionB_budget0.90_beta0.0200_gamma0.50,carbonscaler_budget,texas,166,1,225.0,37.0536,44.8039
optionB_budget0.90_beta0.0200_gamma0.50,carbonscaler_budget,texas,167,0,300.0,23.9403,21.661
optionB_budget0.90_beta0.0400_gamma0.50,carbonscaler_budget,texas,0,0,340.0,2.7171,19.7835
optionB_budget0.90_beta0.0400_gamma0.50,carbonscaler_budget,texas,1,0,334.0,1.3449,0.0
optionB_budget0.90_beta0.0400_gamma0.50,carbonscaler_budget,texas,2,0,325.0,5.195,2.3688
optionB_budget0.90_beta0.0400_gamma0.50,carbonscaler_budget,texas,3,0,322.0,9.8611,10.1846
optionB_budget0.90_beta0.0400_gamma0.50,carbonscaler_budget,texas,4,0,304.0,11.8125,28.564
optionB_budget0.90_beta0.0400_gamma0.50,carbonscaler_budget,texas,5,0,293.0,19.294,23.3675
optionB_budget0.90_beta0.0400_gamma0.50,carbonscaler_budget,texas,6,0,284.0,36.2998,38.29
optionB_budget0.90_beta0.0400_gamma0.50,carbonscaler_budget,texas,7,0,290.0,27.5667,24.2296
optionB_budget0.90_beta0.0400_gamma0.50,carbonscaler_budget,texas,8,0,303.0,24.4315,29.0522
optionB_budget0.90_beta0.0400_gamma0.50,carbonscaler_budget,texas,9,0,301.0,28.8027,32.8135
optionB_budget0.90_beta0.0400_gamma0.50,carbonscaler_budget,texas,10,0,308.0,24.4636,346.7163
optionB_budget0.90_beta0.0400_gamma0.50,carbonscaler_budget,texas,11,0,336.0,33.6767,42.589
optionB_budget0.90_beta0.0400_gamma0.50,carbonscaler_budget,texas,12,0,335.0,39.1998,51.1686
optionB_budget0.90_beta0.0400_gamma0.50,carbonscaler_budget,texas,13,0,298.0,34.3063,49.4026
optionB_budget0.90_beta0.0400_gamma0.50,carbonscaler_budget,texas,14,0,277.0,39.569,59.8679
optionB_budget0.90_beta0.0400_gamma0.50,carbonscaler_budget,texas,15,0,263.0,42.2112,35.1634
optionB_budget0.90_beta0.0400_gamma0.50,carbonscaler_budget,texas,16,0,254.0,57.9068,60.3454
optionB_budget0.90_beta0.0400_gamma0.50,carbonscaler_budget,texas,17,0,255.0,80.1899,74.5939
optionB_budget0.90_beta0.0400_gamma0.50,carbonscaler_budget,texas,18,0,261.0,106.0488,109.2037
optionB_budget0.90_beta0.0400_gamma0.50,carbonscaler_budget,texas,19,0,268.0,132.8887,128.107
optionB_budget0.90_beta0.0400_gamma0.50,carbonscaler_budget,texas,20,0,271.0,82.9492,67.0797
optionB_budget0.90_beta0.0400_gamma0.50,carbonscaler_budget,texas,21,0,267.0,51.7139,56.594
optionB_budget0.90_beta0.0400_gamma0.50,carbonscaler_budget,texas,22,0,282.0,38.4622,42.51
optionB_budget0.90_beta0.0400_gamma0.50,carbonscaler_budget,texas,23,0,322.0,32.1526,19.0312
optionB_budget0.90_beta0.0400_gamma0.50,carbonscaler_budget,texas,24,0,350.0,27.1545,35.3576
optionB_budget0.90_beta0.0400_gamma0.50,carbonscaler_budget,texas,25,0,357.0,25.651,27.8965
optionB_budget0.90_beta0.0400_gamma0.50,carbonscaler_budget,texas,26,0,353.0,22.6984,32.4946
optionB_budget0.90_beta0.0400_gamma0.50,carbonscaler_budget,texas,27,0,344.0,20.159,14.3143
optionB_budget0.90_beta0.0400_gamma0.50,carbonscaler_budget,texas,28,0,332.0,25.3854,12.5368
optionB_budget0.90_beta0.0400_gamma0.50,carbonscaler_budget,texas,29,0,328.0,18.0291,7.9323
optionB_budget0.90_beta0.0400_gamma0.50,carbonscaler_budget,texas,30,0,321.0,37.5367,38.1242
optionB_budget0.90_beta0.0400_gamma0.50,carbonscaler_budget,texas,31,0,314.0,37.8823,59.8233
optionB_budget0.90_beta0.0400_gamma0.50,carbonscaler_budget,texas,32,0,309.0,39.1592,39.1137
optionB_budget0.90_beta0.0400_gamma0.50,carbonscaler_budget,texas,33,0,315.0,39.3607,23.0984
optionB_budget0.90_beta0.0400_gamma0.50,carbonscaler_budget,texas,34,0,316.0,33.5461,30.0204
optionB_budget0.90_beta0.0400_gamma0.50,carbonscaler_budget,texas,35,0,329.0,38.9839,42.4006
optionB_budget0.90_beta0.0400_gamma0.50,carbonscaler_budget,texas,36,0,338.0,37.4294,24.2808
optionB_budget0.90_beta0.0400_gamma0.50,carbonscaler_budget,texas,37,0,310.0,46.9012,48.6362
optionB_budget0.90_beta0.0400_gamma0.50,carbonscaler_budget,texas,38,0,287.0,47.7789,44.1446
optionB_budget0.90_beta0.0400_gamma0.50,carbonscaler_budget,texas,39,0,262.0,54.3735,57.7048
optionB_budget0.90_beta0.0400_gamma0.50,carbonscaler_budget,texas,40,0,249.0,65.643,68.6683
optionB_budget0.90_beta0.0400_gamma0.50,carbonscaler_budget,texas,41,0,231.0,105.9408,170.0045
optionB_budget0.90_beta0.0400_gamma0.50,carbonscaler_budget,texas,42,0,227.0,114.5104,133.0124
optionB_budget0.90_beta0.0400_gamma0.50,carbonscaler_budget,texas,43,0,230.0,101.7509,117.7481
optionB_budget0.90_beta0.0400_gamma0.50,carbonscaler_budget,texas,44,0,237.0,76.1179,93.6385
optionB_budget0.90_beta0.0400_gamma0.50,carbonscaler_budget,texas,45,0,263.0,51.1903,40.3689
optionB_budget0.90_beta0.0400_gamma0.50,carbonscaler_budget,texas,46,0,291.0,43.5465,51.2038
optionB_budget0.90_beta0.0400_gamma0.50,carbonscaler_budget,texas,47,0,321.0,34.4971,20.1495
optionB_budget0.90_beta0.0400_gamma0.50,carbonscaler_budget,texas,48,0,335.0,14.1867,0.0
optionB_budget0.90_beta0.0400_gamma0.50,carbonscaler_budget,texas,49,0,332.0,12.514,0.0
optionB_budget0.90_beta0.0400_gamma0.50,carbonscaler_budget,texas,50,0,335.0,18.1734,0.3184
optionB_budget0.90_beta0.0400_gamma0.50,carbonscaler_budget,texas,51,0,338.0,13.2219,3.6162
optionB_budget0.90_beta0.0400_gamma0.50,carbonscaler_budget,texas,52,0,335.0,14.8731,0.0
optionB_budget0.90_beta0.0400_gamma0.50,carbonscaler_budget,texas,53,0,329.0,21.9972,17.4564
optionB_budget0.90_beta0.0400_gamma0.50,carbonscaler_budget,texas,54,0,341.0,36.8532,22.2035
optionB_budget0.90_beta0.0400_gamma0.50,carbonscaler_budget,texas,55,0,337.0,39.3156,41.3215
optionB_budget0.90_beta0.0400_gamma0.50,carbonscaler_budget,texas,56,0,341.0,42.147,40.4768
optionB_budget0.90_beta0.0400_gamma0.50,carbonscaler_budget,texas,57,0,353.0,41.8353,44.7207
optionB_budget0.90_beta0.0400_gamma0.50,carbonscaler_budget,texas,58,0,374.0,34.4659,39.4489
optionB_budget0.90_beta0.0400_gamma0.50,carbonscaler_budget,texas,59,0,377.0,42.167,12.681
optionB_budget0.90_beta0.0400_gamma0.50,carbonscaler_budget,texas,60,0,375.0,42.8955,49.4809
optionB_budget0.90_beta0.0400_gamma0.50,carbonscaler_budget,texas,61,0,338.0,46.3812,38.699
optionB_budget0.90_beta0.0400_gamma0.50,carbonscaler_budget,texas,62,0,274.0,59.523,46.6407
optionB_budget0.90_beta0.0400_gamma0.50,carbonscaler_budget,texas,63,0,225.0,65.1294,70.1304
optionB_budget0.90_beta0.0400_gamma0.50,carbonscaler_budget,texas,64,0,212.0,140.0144,360.7781
optionB_budget0.90_beta0.0400_gamma0.50,carbonscaler_budget,texas,65,0,229.0,93.3096,87.9547
optionB_budget0.90_beta0.0400_gamma0.50,carbonscaler_budget,texas,66,0,241.0,129.2569,126.1099
optionB_budget0.90_beta0.0400_gamma0.50,carbonscaler_budget,texas,67,0,254.0,122.9289,109.0783
optionB_budget0.90_beta0.0400_gamma0.50,carbonscaler_budget,texas,68,0,265.0,75.3539,80.136
optionB_budget0.90_beta0.0400_gamma0.50,carbonscaler_budget,texas,69,0,282.0,53.4538,76.4252
optionB_budget0.90_beta0.0400_gamma0.50,carbonscaler_budget,texas,70,0,288.0,42.2364,69.2432
optionB_budget0.90_beta0.0400_gamma0.50,carbonscaler_budget,texas,71,0,303.0,33.4643,51.6772
optionB_budget0.90_beta0.0400_gamma0.50,carbonscaler_budget,texas,72,0,371.0,16.4338,12.6414
optionB_budget0.90_beta0.0400_gamma0.50,carbonscaler_budget,texas,73,0,403.0,17.3869,13.1691
optionB_budget0.90_beta0.0400_gamma0.50,carbonscaler_budget,texas,74,0,399.0,15.7237,12.5321
optionB_budget0.90_beta0.0400_gamma0.50,carbonscaler_budget,texas,75,0,395.0,20.3812,0.0
optionB_budget0.90_beta0.0400_gamma0.50,carbonscaler_budget,texas,76,0,387.0,22.3649,38.2147
optionB_budget0.90_beta0.0400_gamma0.50,carbonscaler_budget,texas,77,0,376.0,19.1267,35.3487
optionB_budget0.90_beta0.0400_gamma0.50,carbonscaler_budget,texas,78,0,363.0,30.7259,32.2717
optionB_budget0.90_beta0.0400_gamma0.50,carbonscaler_budget,texas,79,0,351.0,39.3837,27.5496
optionB_budget0.90_beta0.0400_gamma0.50,carbonscaler_budget,texas,80,0,355.0,46.5555,46.829
optionB_budget0.90_beta0.0400_gamma0.50,carbonscaler_budget,texas,81,0,362.0,35.974,35.4505
optionB_budget0.90_beta0.0400_gamma0.50,carbonscaler_budget,texas,82,0,383.0,34.0064,57.6727
optionB_budget0.90_beta0.0400_gamma0.50,carbonscaler_budget,texas,83,0,390.0,31.9067,26.548
optionB_budget0.90_beta0.0400_gamma0.50,carbonscaler_budget,texas,84,0,368.0,34.962,5.3596
optionB_budget0.90_beta0.0400_gamma0.50,carbonscaler_budget,texas,85,0,280.0,34.0586,35.4138
optionB_budget0.90_beta0.0400_gamma0.50,carbonscaler_budget,texas,86,0,230.0,43.4345,47.6732
optionB_budget0.90_beta0.0400_gamma0.50,carbonscaler_budget,texas,87,0,214.0,51.8063,41.0602
optionB_budget0.90_beta0.0400_gamma0.50,carbonscaler_budget,texas,88,1,206.0,53.9044,54.4479
optionB_budget0.90_beta0.0400_gamma0.50,carbonscaler_budget,texas,89,0,201.0,88.3612,76.3964
optionB_budget0.90_beta0.0400_gamma0.50,carbonscaler_budget,texas,90,0,199.0,136.7502,141.8339
optionB_budget0.90_beta0.0400_gamma0.50,carbonscaler_budget,texas,91,0,200.0,126.6723,117.884
optionB_budget0.90_beta0.0400_gamma0.50,carbonscaler_budget,texas,92,0,209.0,76.3944,69.0769
optionB_budget0.90_beta0.0400_gamma0.50,carbonscaler_budget,texas,93,0,220.0,47.4043,37.6151
optionB_budget0.90_beta0.0400_gamma0.50,carbonscaler_budget,texas,94,0,232.0,39.7365,34.2156
optionB_budget0.90_beta0.0400_gamma0.50,carbonscaler_budget,texas,95,0,266.0,27.425,15.5748
optionB_budget0.90_beta0.0400_gamma0.50,carbonscaler_budget,texas,96,0,322.0,25.0826,47.2503
optionB_budget0.90_beta0.0400_gamma0.50,carbonscaler_budget,texas,97,0,328.0,17.0995,24.4525
optionB_budget0.90_beta0.0400_gamma0.50,carbonscaler_budget,texas,98,0,321.0,25.5646,17.0378
optionB_budget0.90_beta0.0400_gamma0.50,carbonscaler_budget,texas,99,0,314.0,17.8473,12.5728
optionB_budget0.90_beta0.0400_gamma0.50,carbonscaler_budget,texas,100,0,306.0,20.2266,20.265
optionB_budget0.90_beta0.0400_gamma0.50,carbonscaler_budget,texas,101,0,293.0,25.3695,37.6186
optionB_budget0.90_beta0.0400_gamma0.50,carbonscaler_budget,texas,102,0,279.0,46.1218,42.7089
optionB_budget0.90_beta0.0400_gamma0.50,carbonscaler_budget,texas,103,0,269.0,42.5633,62.9481
optionB_budget0.90_beta0.0400_gamma0.50,carbonscaler_budget,texas,104,0,265.0,43.3251,44.635
optionB_budget0.90_beta0.0400_gamma0.50,carbonscaler_budget,texas,105,0,265.0,43.3409,36.1985
optionB_budget0.90_beta0.0400_gamma0.50,carbonscaler_budget,texas,106,0,277.0,39.7885,35.6915
optionB_budget0.90_beta0.0400_gamma0.50,carbonscaler_budget,texas,107,0,290.0,38.4195,54.5078
optionB_budget0.90_beta0.0400_gamma0.50,carbonscaler_budget,texas,108,0,288.0,41.0196,58.5198
optionB_budget0.90_beta0.0400_gamma0.50,carbonscaler_budget,texas,109,1,223.0,40.8977,42.5473
optionB_budget0.90_beta0.0400_gamma0.50,carbonscaler_budget,texas,110,2,190.0,30.6921,267.8003
optionB_budget0.90_beta0.0400_gamma0.50,carbonscaler_budget,texas,111,1,190.0,40.2258,59.8233
optionB_budget0.90_beta0.0400_gamma0.50,carbonscaler_budget,texas,112,0,197.0,62.7982,57.4675
optionB_budget0.90_beta0.0400_gamma0.50,carbonscaler_budget,texas,113,0,207.0,84.2836,92.8026
optionB_budget0.90_beta0.0400_gamma0.50,carbonscaler_budget,texas,114,0,223.0,77.9912,70.2472
optionB_budget0.90_beta0.0400_gamma0.50,carbonscaler_budget,texas,115,0,237.0,60.8673,71.062
optionB_budget0.90_beta0.0400_gamma0.50,carbonscaler_budget,texas,116,0,242.0,52.0251,68.0758
optionB_budget0.90_beta0.0400_gamma0.50,carbonscaler_budget,texas,117,0,243.0,32.9567,15.8549
optionB_budget0.90_beta0.0400_gamma0.50,carbonscaler_budget,texas,118,0,275.0,25.6767,14.3177
optionB_budget0.90_beta0.0400_gamma0.50,carbonscaler_budget,texas,119,0,294.0,18.2446,28.757
optionB_budget0.90_beta0.0400_gamma0.50,carbonscaler_budget,texas,120,0,326.0,5.2222,38.4575
optionB_budget0.90_beta0.0400_gamma0.50,carbonscaler_budget,texas,121,0,327.0,6.3899,0.0
optionB_budget0.90_beta0.0400_gamma0.50,carbonscaler_budget,texas,122,0,323.0,1.2094,0.0
optionB_budget0.90_beta0.0400_gamma0.50,carbonscaler_budget,texas,123,0,317.0,2.5663,19.9849
optionB_budget0.90_beta0.0400_gamma0.50,carbonscaler_budget,texas,124,0,309.0,2.44,5.4982
optionB_budget0.90_beta0.0400_gamma0.50,carbonscaler_budget,texas,125,0,297.0,6.3236,4.4277
optionB_budget0.90_beta0.0400_gamma0.50,carbonscaler_budget,texas,126,1,284.0,0.0723,0.0
optionB_budget0.90_beta0.0400_gamma0.50,carbonscaler_budget,texas,127,1,271.0,2.1025,10.9873
optionB_budget0.90_beta0.0400_gamma0.50,carbonscaler_budget,texas,128,1,260.0,7.2852,2.7008
optionB_budget0.90_beta0.0400_gamma0.50,carbonscaler_budget,texas,129,1,264.0,7.7837,0.0
optionB_budget0.90_beta0.0400_gamma0.50,carbonscaler_budget,texas,130,1,263.0,7.3438,7.0744
optionB_budget0.90_beta0.0400_gamma0.50,carbonscaler_budget,texas,131,0,283.0,68.1531,349.2377
optionB_budget0.90_beta0.0400_gamma0.50,carbonscaler_budget,texas,132,1,290.0,7.7668,7.3921
optionB_budget0.90_beta0.0400_gamma0.50,carbonscaler_budget,texas,133,0,263.0,21.6033,40.6759
optionB_budget0.90_beta0.0400_gamma0.50,carbonscaler_budget,texas,134,1,245.0,27.8341,30.7104
optionB_budget0.90_beta0.0400_gamma0.50,carbonscaler_budget,texas,135,0,227.0,78.3788,290.532
optionB_budget0.90_beta0.0400_gamma0.50,carbonscaler_budget,texas,136,1,216.0,42.505,35.5581
optionB_budget0.90_beta0.0400_gamma0.50,carbonscaler_budget,texas,137,0,217.0,58.3833,39.0562
optionB_budget0.90_beta0.0400_gamma0.50,carbonscaler_budget,texas,138,0,239.0,65.7881,62.0908
optionB_budget0.90_beta0.0400_gamma0.50,carbonscaler_budget,texas,139,0,264.0,58.9557,66.9049
optionB_budget0.90_beta0.0400_gamma0.50,carbonscaler_budget,texas,140,0,268.0,53.3514,39.9203
optionB_budget0.90_beta0.0400_gamma0.50,carbonscaler_budget,texas,141,0,279.0,44.3403,37.2205
optionB_budget0.90_beta0.0400_gamma0.50,carbonscaler_budget,texas,142,0,289.0,29.2887,27.4594
optionB_budget0.90_beta0.0400_gamma0.50,carbonscaler_budget,texas,143,0,298.0,24.2492,20.7722
optionB_budget0.90_beta0.0400_gamma0.50,carbonscaler_budget,texas,144,0,379.0,13.5149,18.6664
optionB_budget0.90_beta0.0400_gamma0.50,carbonscaler_budget,texas,145,0,422.0,14.6108,27.7585
optionB_budget0.90_beta0.0400_gamma0.50,carbonscaler_budget,texas,146,0,427.0,14.7061,16.5099
optionB_budget0.90_beta0.0400_gamma0.50,carbonscaler_budget,texas,147,0,430.0,13.4113,9.6439
optionB_budget0.90_beta0.0400_gamma0.50,carbonscaler_budget,texas,148,0,424.0,17.8445,32.3596
optionB_budget0.90_beta0.0400_gamma0.50,carbonscaler_budget,texas,149,0,403.0,21.4911,23.4308
optionB_budget0.90_beta0.0400_gamma0.50,carbonscaler_budget,texas,150,0,399.0,28.0862,50.3212
optionB_budget0.90_beta0.0400_gamma0.50,carbonscaler_budget,texas,151,0,395.0,32.9188,7.5227
optionB_budget0.90_beta0.0400_gamma0.50,carbonscaler_budget,texas,152,0,398.0,25.434,18.3216
optionB_budget0.90_beta0.0400_gamma0.50,carbonscaler_budget,texas,153,0,407.0,23.9134,22.3007
optionB_budget0.90_beta0.0400_gamma0.50,carbonscaler_budget,texas,154,0,413.0,25.7573,38.1317
optionB_budget0.90_beta0.0400_gamma0.50,carbonscaler_budget,texas,155,0,421.0,20.3674,2.4598
optionB_budget0.90_beta0.0400_gamma0.50,carbonscaler_budget,texas,156,0,395.0,16.8689,0.0
optionB_budget0.90_beta0.0400_gamma0.50,carbonscaler_budget,texas,157,1,245.0,18.549,30.6115
optionB_budget0.90_beta0.0400_gamma0.50,carbonscaler_budget,texas,158,2,192.0,20.2695,21.8638
optionB_budget0.90_beta0.0400_gamma0.50,carbonscaler_budget,texas,159,2,175.0,24.7179,22.8081
optionB_budget0.90_beta0.0400_gamma0.50,carbonscaler_budget,texas,160,2,166.0,32.791,19.9428
optionB_budget0.90_beta0.0400_gamma0.50,carbonscaler_budget,texas,161,1,173.0,57.6742,43.3433
optionB_budget0.90_beta0.0400_gamma0.50,carbonscaler_budget,texas,162,1,174.0,71.8744,74.7083
optionB_budget0.90_beta0.0400_gamma0.50,carbonscaler_budget,texas,163,0,184.0,79.4686,88.9617
optionB_budget0.90_beta0.0400_gamma0.50,carbonscaler_budget,texas,164,1,192.0,62.1385,41.1144
optionB_budget0.90_beta0.0400_gamma0.50,carbonscaler_budget,texas,165,1,206.0,53.9103,45.5056
optionB_budget0.90_beta0.0400_gamma0.50,carbonscaler_budget,texas,166,1,225.0,37.0536,44.8039
optionB_budget0.90_beta0.0400_gamma0.50,carbonscaler_budget,texas,167,0,300.0,23.9403,21.661
optionB_budget0.90_beta0.01_gamma0.10,carbonscaler_budget,texas,0,0,340.0,2.7171,19.7835
optionB_budget0.90_beta0.01_gamma0.10,carbonscaler_budget,texas,1,0,334.0,1.3449,0.0
optionB_budget0.90_beta0.01_gamma0.10,carbonscaler_budget,texas,2,0,325.0,5.195,2.3688
optionB_budget0.90_beta0.01_gamma0.10,carbonscaler_budget,texas,3,0,322.0,9.8611,10.1846
optionB_budget0.90_beta0.01_gamma0.10,carbonscaler_budget,texas,4,0,304.0,11.8125,28.564
optionB_budget0.90_beta0.01_gamma0.10,carbonscaler_budget,texas,5,0,293.0,19.294,23.3675
optionB_budget0.90_beta0.01_gamma0.10,carbonscaler_budget,texas,6,0,284.0,36.2998,38.29
optionB_budget0.90_beta0.01_gamma0.10,carbonscaler_budget,texas,7,0,290.0,27.5667,24.2296
optionB_budget0.90_beta0.01_gamma0.10,carbonscaler_budget,texas,8,0,303.0,24.4315,29.0522
optionB_budget0.90_beta0.01_gamma0.10,carbonscaler_budget,texas,9,0,301.0,28.8027,32.8135
optionB_budget0.90_beta0.01_gamma0.10,carbonscaler_budget,texas,10,0,308.0,24.4636,346.7163
optionB_budget0.90_beta0.01_gamma0.10,carbonscaler_budget,texas,11,0,336.0,33.6767,42.589
optionB_budget0.90_beta0.01_gamma0.10,carbonscaler_budget,texas,12,0,335.0,39.1998,51.1686
optionB_budget0.90_beta0.01_gamma0.10,carbonscaler_budget,texas,13,0,298.0,34.3063,49.4026
optionB_budget0.90_beta0.01_gamma0.10,carbonscaler_budget,texas,14,0,277.0,39.569,59.8679
optionB_budget0.90_beta0.01_gamma0.10,carbonscaler_budget,texas,15,0,263.0,42.2112,35.1634
optionB_budget0.90_beta0.01_gamma0.10,carbonscaler_budget,texas,16,0,254.0,57.9068,60.3454
optionB_budget0.90_beta0.01_gamma0.10,carbonscaler_budget,texas,17,0,255.0,80.1899,74.5939
optionB_budget0.90_beta0.01_gamma0.10,carbonscaler_budget,texas,18,0,261.0,106.0488,109.2037
optionB_budget0.90_beta0.01_gamma0.10,carbonscaler_budget,texas,19,0,268.0,132.8887,128.107
optionB_budget0.90_beta0.01_gamma0.10,carbonscaler_budget,texas,20,0,271.0,82.9492,67.0797
optionB_budget0.90_beta0.01_gamma0.10,carbonscaler_budget,texas,21,0,267.0,51.7139,56.594
optionB_budget0.90_beta0.01_gamma0.10,carbonscaler_budget,texas,22,0,282.0,38.4622,42.51
optionB_budget0.90_beta0.01_gamma0.10,carbonscaler_budget,texas,23,0,322.0,32.1526,19.0312
optionB_budget0.90_beta0.01_gamma0.10,carbonscaler_budget,texas,24,0,350.0,27.1545,35.3576
optionB_budget0.90_beta0.01_gamma0.10,carbonscaler_budget,texas,25,0,357.0,25.651,27.8965
optionB_budget0.90_beta0.01_gamma0.10,carbonscaler_budget,texas,26,0,353.0,22.6984,32.4946
optionB_budget0.90_beta0.01_gamma0.10,carbonscaler_budget,texas,27,0,344.0,20.159,14.3143
optionB_budget0.90_beta0.01_gamma0.10,carbonscaler_budget,texas,28,0,332.0,25.3854,12.5368
optionB_budget0.90_beta0.01_gamma0.10,carbonscaler_budget,texas,29,0,328.0,18.0291,7.9323
optionB_budget0.90_beta0.01_gamma0.10,carbonscaler_budget,texas,30,0,321.0,37.5367,38.1242
optionB_budget0.90_beta0.01_gamma0.10,carbonscaler_budget,texas,31,0,314.0,37.8823,59.8233
optionB_budget0.90_beta0.01_gamma0.10,carbonscaler_budget,texas,32,0,309.0,39.1592,39.1137
optionB_budget0.90_beta0.01_gamma0.10,carbonscaler_budget,texas,33,0,315.0,39.3607,23.0984
optionB_budget0.90_beta0.01_gamma0.10,carbonscaler_budget,texas,34,0,316.0,33.5461,30.0204
optionB_budget0.90_beta0.01_gamma0.10,carbonscaler_budget,texas,35,0,329.0,38.9839,42.4006
optionB_budget0.90_beta0.01_gamma0.10,carbonscaler_budget,texas,36,0,338.0,37.4294,24.2808
optionB_budget0.90_beta0.01_gamma0.10,carbonscaler_budget,texas,37,0,310.0,46.9012,48.6362
optionB_budget0.90_beta0.01_gamma0.10,carbonscaler_budget,texas,38,0,287.0,47.7789,44.1446
optionB_budget0.90_beta0.01_gamma0.10,carbonscaler_budget,texas,39,0,262.0,54.3735,57.7048
optionB_budget0.90_beta0.01_gamma0.10,carbonscaler_budget,texas,40,0,249.0,65.643,68.6683
optionB_budget0.90_beta0.01_gamma0.10,carbonscaler_budget,texas,41,0,231.0,105.9408,170.0045
optionB_budget0.90_beta0.01_gamma0.10,carbonscaler_budget,texas,42,0,227.0,114.5104,133.0124
optionB_budget0.90_beta0.01_gamma0.10,carbonscaler_budget,texas,43,0,230.0,101.7509,117.7481
optionB_budget0.90_beta0.01_gamma0.10,carbonscaler_budget,texas,44,0,237.0,76.1179,93.6385
optionB_budget0.90_beta0.01_gamma0.10,carbonscaler_budget,texas,45,0,263.0,51.1903,40.3689
optionB_budget0.90_beta0.01_gamma0.10,carbonscaler_budget,texas,46,0,291.0,43.5465,51.2038
optionB_budget0.90_beta0.01_gamma0.10,carbonscaler_budget,texas,47,0,321.0,34.4971,20.1495
optionB_budget0.90_beta0.01_gamma0.10,carbonscaler_budget,texas,48,0,335.0,14.1867,0.0
optionB_budget0.90_beta0.01_gamma0.10,carbonscaler_budget,texas,49,0,332.0,12.514,0.0
optionB_budget0.90_beta0.01_gamma0.10,carbonscaler_budget,texas,50,0,335.0,18.1734,0.3184
optionB_budget0.90_beta0.01_gamma0.10,carbonscaler_budget,texas,51,0,338.0,13.2219,3.6162
optionB_budget0.90_beta0.01_gamma0.10,carbonscaler_budget,texas,52,0,335.0,14.8731,0.0
optionB_budget0.90_beta0.01_gamma0.10,carbonscaler_budget,texas,53,0,329.0,21.9972,17.4564
optionB_budget0.90_beta0.01_gamma0.10,carbonscaler_budget,texas,54,0,341.0,36.8532,22.2035
optionB_budget0.90_beta0.01_gamma0.10,carbonscaler_budget,texas,55,0,337.0,39.3156,41.3215
optionB_budget0.90_beta0.01_gamma0.10,carbonscaler_budget,texas,56,0,341.0,42.147,40.4768
optionB_budget0.90_beta0.01_gamma0.10,carbonscaler_budget,texas,57,0,353.0,41.8353,44.7207
optionB_budget0.90_beta0.01_gamma0.10,carbonscaler_budget,texas,58,0,374.0,34.4659,39.4489
optionB_budget0.90_beta0.01_gamma0.10,carbonscaler_budget,texas,59,0,377.0,42.167,12.681
optionB_budget0.90_beta0.01_gamma0.10,carbonscaler_budget,texas,60,0,375.0,42.8955,49.4809
optionB_budget0.90_beta0.01_gamma0.10,carbonscaler_budget,texas,61,0,338.0,46.3812,38.699
optionB_budget0.90_beta0.01_gamma0.10,carbonscaler_budget,texas,62,0,274.0,59.523,46.6407
optionB_budget0.90_beta0.01_gamma0.10,carbonscaler_budget,texas,63,0,225.0,65.1294,70.1304
optionB_budget0.90_beta0.01_gamma0.10,carbonscaler_budget,texas,64,0,212.0,140.0144,360.7781
optionB_budget0.90_beta0.01_gamma0.10,carbonscaler_budget,texas,65,0,229.0,93.3096,87.9547
optionB_budget0.90_beta0.01_gamma0.10,carbonscaler_budget,texas,66,0,241.0,129.2569,126.1099
optionB_budget0.90_beta0.01_gamma0.10,carbonscaler_budget,texas,67,0,254.0,122.9289,109.0783
optionB_budget0.90_beta0.01_gamma0.10,carbonscaler_budget,texas,68,0,265.0,75.3539,80.136
optionB_budget0.90_beta0.01_gamma0.10,carbonscaler_budget,texas,69,0,282.0,53.4538,76.4252
optionB_budget0.90_beta0.01_gamma0.10,carbonscaler_budget,texas,70,0,288.0,42.2364,69.2432
optionB_budget0.90_beta0.01_gamma0.10,carbonscaler_budget,texas,71,0,303.0,33.4643,51.6772
optionB_budget0.90_beta0.01_gamma0.10,carbonscaler_budget,texas,72,0,371.0,16.4338,12.6414
optionB_budget0.90_beta0.01_gamma0.10,carbonscaler_budget,texas,73,0,403.0,17.3869,13.1691
optionB_budget0.90_beta0.01_gamma0.10,carbonscaler_budget,texas,74,0,399.0,15.7237,12.5321
optionB_budget0.90_beta0.01_gamma0.10,carbonscaler_budget,texas,75,0,395.0,20.3812,0.0
optionB_budget0.90_beta0.01_gamma0.10,carbonscaler_budget,texas,76,0,387.0,22.3649,38.2147
optionB_budget0.90_beta0.01_gamma0.10,carbonscaler_budget,texas,77,0,376.0,19.1267,35.3487
optionB_budget0.90_beta0.01_gamma0.10,carbonscaler_budget,texas,78,0,363.0,30.7259,32.2717
optionB_budget0.90_beta0.01_gamma0.10,carbonscaler_budget,texas,79,0,351.0,39.3837,27.5496
optionB_budget0.90_beta0.01_gamma0.10,carbonscaler_budget,texas,80,0,355.0,46.5555,46.829
optionB_budget0.90_beta0.01_gamma0.10,carbonscaler_budget,texas,81,0,362.0,35.974,35.4505
optionB_budget0.90_beta0.01_gamma0.10,carbonscaler_budget,texas,82,0,383.0,34.0064,57.6727
optionB_budget0.90_beta0.01_gamma0.10,carbonscaler_budget,texas,83,0,390.0,31.9067,26.548
optionB_budget0.90_beta0.01_gamma0.10,carbonscaler_budget,texas,84,0,368.0,34.962,5.3596
optionB_budget0.90_beta0.01_gamma0.10,carbonscaler_budget,texas,85,0,280.0,34.0586,35.4138
optionB_budget0.90_beta0.01_gamma0.10,carbonscaler_budget,texas,86,1,230.0,43.4345,47.6732
optionB_budget0.90_beta0.01_gamma0.10,carbonscaler_budget,texas,87,1,214.0,51.8063,41.0602
optionB_budget0.90_beta0.01_gamma0.10,carbonscaler_budget,texas,88,1,206.0,53.9044,54.4479
optionB_budget0.90_beta0.01_gamma0.10,carbonscaler_budget,texas,89,1,201.0,88.3612,76.3964
optionB_budget0.90_beta0.01_gamma0.10,carbonscaler_budget,texas,90,0,199.0,136.7502,141.8339
optionB_budget0.90_beta0.01_gamma0.10,carbonscaler_budget,texas,91,0,200.0,126.6723,117.884
optionB_budget0.90_beta0.01_gamma0.10,carbonscaler_budget,texas,92,1,209.0,76.3944,69.0769
optionB_budget0.90_beta0.01_gamma0.10,carbonscaler_budget,texas,93,1,220.0,47.4043,37.6151
optionB_budget0.90_beta0.01_gamma0.10,carbonscaler_budget,texas,94,0,232.0,39.7365,34.2156
optionB_budget0.90_beta0.01_gamma0.10,carbonscaler_budget,texas,95,0,266.0,27.425,15.5748
optionB_budget0.90_beta0.01_gamma0.10,carbonscaler_budget,texas,96,0,322.0,25.0826,47.2503
optionB_budget0.90_beta0.01_gamma0.10,carbonscaler_budget,texas,97,0,328.0,17.0995,24.4525
optionB_budget0.90_beta0.01_gamma0.10,carbonscaler_budget,texas,98,0,321.0,25.5646,17.0378
optionB_budget0.90_beta0.01_gamma0.10,carbonscaler_budget,texas,99,0,314.0,17.8473,12.5728
optionB_budget0.90_beta0.01_gamma0.10,carbonscaler_budget,texas,100,0,306.0,20.2266,20.265
optionB_budget0.90_beta0.01_gamma0.10,carbonscaler_budget,texas,101,0,293.0,25.3695,37.6186
optionB_budget0.90_beta0.01_gamma0.10,carbonscaler_budget,texas,102,0,279.0,46.1218,42.7089
optionB_budget0.90_beta0.01_gamma0.10,carbonscaler_budget,texas,103,0,269.0,42.5633,62.9481
optionB_budget0.90_beta0.01_gamma0.10,carbonscaler_budget,texas,104,0,265.0,43.3251,44.635
optionB_budget0.90_beta0.01_gamma0.10,carbonscaler_budget,texas,105,0,265.0,43.3409,36.1985
optionB_budget0.90_beta0.01_gamma0.10,carbonscaler_budget,texas,106,0,277.0,39.7885,35.6915
optionB_budget0.90_beta0.01_gamma0.10,carbonscaler_budget,texas,107,0,290.0,38.4195,54.5078
optionB_budget0.90_beta0.01_gamma0.10,carbonscaler_budget,texas,108,0,288.0,41.0196,58.5198
optionB_budget0.90_beta0.01_gamma0.10,carbonscaler_budget,texas,109,1,223.0,40.8977,42.5473
optionB_budget0.90_beta0.01_gamma0.10,carbonscaler_budget,texas,110,1,190.0,30.6921,267.8003
optionB_budget0.90_beta0.01_gamma0.10,carbonscaler_budget,texas,111,1,190.0,40.2258,59.8233
optionB_budget0.90_beta0.01_gamma0.10,carbonscaler_budget,texas,112,1,197.0,62.7982,57.4675
optionB_budget0.90_beta0.01_gamma0.10,carbonscaler_budget,texas,113,1,207.0,84.2836,92.8026
optionB_budget0.90_beta0.01_gamma0.10,carbonscaler_budget,texas,114,0,223.0,77.9912,70.2472
optionB_budget0.90_beta0.01_gamma0.10,carbonscaler_budget,texas,115,0,237.0,60.8673,71.062
optionB_budget0.90_beta0.01_gamma0.10,carbonscaler_budget,texas,116,0,242.0,52.0251,68.0758
optionB_budget0.90_beta0.01_gamma0.10,carbonscaler_budget,texas,117,0,243.0,32.9567,15.8549
optionB_budget0.90_beta0.01_gamma0.10,carbonscaler_budget,texas,118,0,275.0,25.6767,14.3177
optionB_budget0.90_beta0.01_gamma0.10,carbonscaler_budget,texas,119,0,294.0,18.2446,28.757
optionB_budget0.90_beta0.01_gamma0.10,carbonscaler_budget,texas,120,0,326.0,5.2222,38.4575
optionB_budget0.90_beta0.01_gamma0.10,carbonscaler_budget,texas,121,0,327.0,6.3899,0.0
optionB_budget0.90_beta0.01_gamma0.10,carbonscaler_budget,texas,122,0,323.0,1.2094,0.0
optionB_budget0.90_beta0.01_gamma0.10,carbonscaler_budget,texas,123,0,317.0,2.5663,19.9849
optionB_budget0.90_beta0.01_gamma0.10,carbonscaler_budget,texas,124,0,309.0,2.44,5.4982
optionB_budget0.90_beta0.01_gamma0.10,carbonscaler_budget,texas,125,0,297.0,6.3236,4.4277
optionB_budget0.90_beta0.01_gamma0.10,carbonscaler_budget,texas,126,0,284.0,0.0723,0.0
optionB_budget0.90_beta0.01_gamma0.10,carbonscaler_budget,texas,127,0,271.0,2.1025,10.9873
optionB_budget0.90_beta0.01_gamma0.10,carbonscaler_budget,texas,128,0,260.0,7.2852,2.7008
optionB_budget0.90_beta0.01_gamma0.10,carbonscaler_budget,texas,129,0,264.0,7.7837,0.0
optionB_budget0.90_beta0.01_gamma0.10,carbonscaler_budget,texas,130,0,263.0,7.3438,7.0744
optionB_budget0.90_beta0.01_gamma0.10,carbonscaler_budget,texas,131,0,283.0,68.1531,349.2377
optionB_budget0.90_beta0.01_gamma0.10,carbonscaler_budget,texas,132,0,290.0,7.7668,7.3921
optionB_budget0.90_beta0.01_gamma0.10,carbonscaler_budget,texas,133,0,263.0,21.6033,40.6759
optionB_budget0.90_beta0.01_gamma0.10,carbonscaler_budget,texas,134,0,245.0,27.8341,30.7104
optionB_budget0.90_beta0.01_gamma0.10,carbonscaler_budget,texas,135,0,227.0,78.3788,290.532
optionB_budget0.90_beta0.01_gamma0.10,carbonscaler_budget,texas,136,1,216.0,42.505,35.5581
optionB_budget0.90_beta0.01_gamma0.10,carbonscaler_budget,texas,137,1,217.0,58.3833,39.0562
optionB_budget0.90_beta0.01_gamma0.10,carbonscaler_budget,texas,138,0,239.0,65.7881,62.0908
optionB_budget0.90_beta0.01_gamma0.10,carbonscaler_budget,texas,139,0,264.0,58.9557,66.9049
optionB_budget0.90_beta0.01_gamma0.10,carbonscaler_budget,texas,140,0,268.0,53.3514,39.9203
optionB_budget0.90_beta0.01_gamma0.10,carbonscaler_budget,texas,141,0,279.0,44.3403,37.2205
optionB_budget0.90_beta0.01_gamma0.10,carbonscaler_budget,texas,142,0,289.0,29.2887,27.4594
optionB_budget0.90_beta0.01_gamma0.10,carbonscaler_budget,texas,143,0,298.0,24.2492,20.7722
optionB_budget0.90_beta0.01_gamma0.10,carbonscaler_budget,texas,144,0,379.0,13.5149,18.6664
optionB_budget0.90_beta0.01_gamma0.10,carbonscaler_budget,texas,145,0,422.0,14.6108,27.7585
optionB_budget0.90_beta0.01_gamma0.10,carbonscaler_budget,texas,146,0,427.0,14.7061,16.5099
optionB_budget0.90_beta0.01_gamma0.10,carbonscaler_budget,texas,147,0,430.0,13.4113,9.6439
optionB_budget0.90_beta0.01_gamma0.10,carbonscaler_budget,texas,148,0,424.0,17.8445,32.3596
optionB_budget0.90_beta0.01_gamma0.10,carbonscaler_budget,texas,149,0,403.0,21.4911,23.4308
optionB_budget0.90_beta0.01_gamma0.10,carbonscaler_budget,texas,150,0,399.0,28.0862,50.3212
optionB_budget0.90_beta0.01_gamma0.10,carbonscaler_budget,texas,151,0,395.0,32.9188,7.5227
optionB_budget0.90_beta0.01_gamma0.10,carbonscaler_budget,texas,152,0,398.0,25.434,18.3216
optionB_budget0.90_beta0.01_gamma0.10,carbonscaler_budget,texas,153,0,407.0,23.9134,22.3007
optionB_budget0.90_beta0.01_gamma0.10,carbonscaler_budget,texas,154,0,413.0,25.7573,38.1317
optionB_budget0.90_beta0.01_gamma0.10,carbonscaler_budget,texas,155,0,421.0,20.3674,2.4598
optionB_budget0.90_beta0.01_gamma0.10,carbonscaler_budget,texas,156,0,395.0,16.8689,0.0
optionB_budget0.90_beta0.01_gamma0.10,carbonscaler_budget,texas,157,0,245.0,18.549,30.6115
optionB_budget0.90_beta0.01_gamma0.10,carbonscaler_budget,texas,158,1,192.0,20.2695,21.8638
optionB_budget0.90_beta0.01_gamma0.10,carbonscaler_budget,texas,159,2,175.0,24.7179,22.8081
optionB_budget0.90_beta0.01_gamma0.10,carbonscaler_budget,texas,160,2,166.0,32.791,19.9428
optionB_budget0.90_beta0.01_gamma0.10,carbonscaler_budget,texas,161,2,173.0,57.6742,43.3433
optionB_budget0.90_beta0.01_gamma0.10,carbonscaler_budget,texas,162,1,174.0,71.8744,74.7083
optionB_budget0.90_beta0.01_gamma0.10,carbonscaler_budget,texas,163,1,184.0,79.4686,88.9617
optionB_budget0.90_beta0.01_gamma0.10,carbonscaler_budget,texas,164,1,192.0,62.1385,41.1144
optionB_budget0.90_beta0.01_gamma0.10,carbonscaler_budget,texas,165,1,206.0,53.9103,45.5056
optionB_budget0.90_beta0.01_gamma0.10,carbonscaler_budget,texas,166,1,225.0,37.0536,44.8039
optionB_budget0.90_beta0.01_gamma0.10,carbonscaler_budget,texas,167,0,300.0,23.9403,21.661
optionB_budget0.90_beta0.01_gamma0.25,carbonscaler_budget,texas,0,0,340.0,2.7171,19.7835
optionB_budget0.90_beta0.01_gamma0.25,carbonscaler_budget,texas,1,0,334.0,1.3449,0.0
optionB_budget0.90_beta0.01_gamma0.25,carbonscaler_budget,texas,2,0,325.0,5.195,2.3688
optionB_budget0.90_beta0.01_gamma0.25,carbonscaler_budget,texas,3,0,322.0,9.8611,10.1846
optionB_budget0.90_beta0.01_gamma0.25,carbonscaler_budget,texas,4,0,304.0,11.8125,28.564
optionB_budget0.90_beta0.01_gamma0.25,carbonscaler_budget,texas,5,0,293.0,19.294,23.3675
optionB_budget0.90_beta0.01_gamma0.25,carbonscaler_budget,texas,6,0,284.0,36.2998,38.29
optionB_budget0.90_beta0.01_gamma0.25,carbonscaler_budget,texas,7,0,290.0,27.5667,24.2296
optionB_budget0.90_beta0.01_gamma0.25,carbonscaler_budget,texas,8,0,303.0,24.4315,29.0522
optionB_budget0.90_beta0.01_gamma0.25,carbonscaler_budget,texas,9,0,301.0,28.8027,32.8135
optionB_budget0.90_beta0.01_gamma0.25,carbonscaler_budget,texas,10,0,308.0,24.4636,346.7163
optionB_budget0.90_beta0.01_gamma0.25,carbonscaler_budget,texas,11,0,336.0,33.6767,42.589
optionB_budget0.90_beta0.01_gamma0.25,carbonscaler_budget,texas,12,0,335.0,39.1998,51.1686
optionB_budget0.90_beta0.01_gamma0.25,carbonscaler_budget,texas,13,0,298.0,34.3063,49.4026
optionB_budget0.90_beta0.01_gamma0.25,carbonscaler_budget,texas,14,0,277.0,39.569,59.8679
optionB_budget0.90_beta0.01_gamma0.25,carbonscaler_budget,texas,15,0,263.0,42.2112,35.1634
optionB_budget0.90_beta0.01_gamma0.25,carbonscaler_budget,texas,16,0,254.0,57.9068,60.3454
optionB_budget0.90_beta0.01_gamma0.25,carbonscaler_budget,texas,17,0,255.0,80.1899,74.5939
optionB_budget0.90_beta0.01_gamma0.25,carbonscaler_budget,texas,18,0,261.0,106.0488,109.2037
optionB_budget0.90_beta0.01_gamma0.25,carbonscaler_budget,texas,19,0,268.0,132.8887,128.107
optionB_budget0.90_beta0.01_gamma0.25,carbonscaler_budget,texas,20,0,271.0,82.9492,67.0797
optionB_budget0.90_beta0.01_gamma0.25,carbonscaler_budget,texas,21,0,267.0,51.7139,56.594
optionB_budget0.90_beta0.01_gamma0.25,carbonscaler_budget,texas,22,0,282.0,38.4622,42.51
optionB_budget0.90_beta0.01_gamma0.25,carbonscaler_budget,texas,23,0,322.0,32.1526,19.0312
optionB_budget0.90_beta0.01_gamma0.25,carbonscaler_budget,texas,24,0,350.0,27.1545,35.3576
optionB_budget0.90_beta0.01_gamma0.25,carbonscaler_budget,texas,25,0,357.0,25.651,27.8965
optionB_budget0.90_beta0.01_gamma0.25,carbonscaler_budget,texas,26,0,353.0,22.6984,32.4946
optionB_budget0.90_beta0.01_gamma0.25,carbonscaler_budget,texas,27,0,344.0,20.159,14.3143
optionB_budget0.90_beta0.01_gamma0.25,carbonscaler_budget,texas,28,0,332.0,25.3854,12.5368
optionB_budget0.90_beta0.01_gamma0.25,carbonscaler_budget,texas,29,0,328.0,18.0291,7.9323
optionB_budget0.90_beta0.01_gamma0.25,carbonscaler_budget,texas,30,0,321.0,37.5367,38.1242
optionB_budget0.90_beta0.01_gamma0.25,carbonscaler_budget,texas,31,0,314.0,37.8823,59.8233
optionB_budget0.90_beta0.01_gamma0.25,carbonscaler_budget,texas,32,0,309.0,39.1592,39.1137
optionB_budget0.90_beta0.01_gamma0.25,carbonscaler_budget,texas,33,0,315.0,39.3607,23.0984
optionB_budget0.90_beta0.01_gamma0.25,carbonscaler_budget,texas,34,0,316.0,33.5461,30.0204
optionB_budget0.90_beta0.01_gamma0.25,carbonscaler_budget,texas,35,0,329.0,38.9839,42.4006
optionB_budget0.90_beta0.01_gamma0.25,carbonscaler_budget,texas,36,0,338.0,37.4294,24.2808
optionB_budget0.90_beta0.01_gamma0.25,carbonscaler_budget,texas,37,0,310.0,46.9012,48.6362
optionB_budget0.90_beta0.01_gamma0.25,carbonscaler_budget,texas,38,0,287.0,47.7789,44.1446
optionB_budget0.90_beta0.01_gamma0.25,carbonscaler_budget,texas,39,0,262.0,54.3735,57.7048
optionB_budget0.90_beta0.01_gamma0.25,carbonscaler_budget,texas,40,0,249.0,65.643,68.6683
optionB_budget0.90_beta0.01_gamma0.25,carbonscaler_budget,texas,41,0,231.0,105.9408,170.0045
optionB_budget0.90_beta0.01_gamma0.25,carbonscaler_budget,texas,42,0,227.0,114.5104,133.0124
optionB_budget0.90_beta0.01_gamma0.25,carbonscaler_budget,texas,43,0,230.0,101.7509,117.7481
optionB_budget0.90_beta0.01_gamma0.25,carbonscaler_budget,texas,44,0,237.0,76.1179,93.6385
optionB_budget0.90_beta0.01_gamma0.25,carbonscaler_budget,texas,45,0,263.0,51.1903,40.3689
optionB_budget0.90_beta0.01_gamma0.25,carbonscaler_budget,texas,46,0,291.0,43.5465,51.2038
optionB_budget0.90_beta0.01_gamma0.25,carbonscaler_budget,texas,47,0,321.0,34.4971,20.1495
optionB_budget0.90_beta0.01_gamma0.25,carbonscaler_budget,texas,48,0,335.0,14.1867,0.0
optionB_budget0.90_beta0.01_gamma0.25,carbonscaler_budget,texas,49,0,332.0,12.514,0.0
optionB_budget0.90_beta0.01_gamma0.25,carbonscaler_budget,texas,50,0,335.0,18.1734,0.3184
optionB_budget0.90_beta0.01_gamma0.25,carbonscaler_budget,texas,51,0,338.0,13.2219,3.6162
optionB_budget0.90_beta0.01_gamma0.25,carbonscaler_budget,texas,52,0,335.0,14.8731,0.0
optionB_budget0.90_beta0.01_gamma0.25,carbonscaler_budget,texas,53,0,329.0,21.9972,17.4564
optionB_budget0.90_beta0.01_gamma0.25,carbonscaler_budget,texas,54,0,341.0,36.8532,22.2035
optionB_budget0.90_beta0.01_gamma0.25,carbonscaler_budget,texas,55,0,337.0,39.3156,41.3215
optionB_budget0.90_beta0.01_gamma0.25,carbonscaler_budget,texas,56,0,341.0,42.147,40.4768
optionB_budget0.90_beta0.01_gamma0.25,carbonscaler_budget,texas,57,0,353.0,41.8353,44.7207
optionB_budget0.90_beta0.01_gamma0.25,carbonscaler_budget,texas,58,0,374.0,34.4659,39.4489
optionB_budget0.90_beta0.01_gamma0.25,carbonscaler_budget,texas,59,0,377.0,42.167,12.681
optionB_budget0.90_beta0.01_gamma0.25,carbonscaler_budget,texas,60,0,375.0,42.8955,49.4809
optionB_budget0.90_beta0.01_gamma0.25,carbonscaler_budget,texas,61,0,338.0,46.3812,38.699
optionB_budget0.90_beta0.01_gamma0.25,carbonscaler_budget,texas,62,0,274.0,59.523,46.6407
optionB_budget0.90_beta0.01_gamma0.25,carbonscaler_budget,texas,63,0,225.0,65.1294,70.1304
optionB_budget0.90_beta0.01_gamma0.25,carbonscaler_budget,texas,64,0,212.0,140.0144,360.7781
optionB_budget0.90_beta0.01_gamma0.25,carbonscaler_budget,texas,65,0,229.0,93.3096,87.9547
optionB_budget0.90_beta0.01_gamma0.25,carbonscaler_budget,texas,66,0,241.0,129.2569,126.1099
optionB_budget0.90_beta0.01_gamma0.25,carbonscaler_budget,texas,67,0,254.0,122.9289,109.0783
optionB_budget0.90_beta0.01_gamma0.25,carbonscaler_budget,texas,68,0,265.0,75.3539,80.136
optionB_budget0.90_beta0.01_gamma0.25,carbonscaler_budget,texas,69,0,282.0,53.4538,76.4252
optionB_budget0.90_beta0.01_gamma0.25,carbonscaler_budget,texas,70,0,288.0,42.2364,69.2432
optionB_budget0.90_beta0.01_gamma0.25,carbonscaler_budget,texas,71,0,303.0,33.4643,51.6772
optionB_budget0.90_beta0.01_gamma0.25,carbonscaler_budget,texas,72,0,371.0,16.4338,12.6414
optionB_budget0.90_beta0.01_gamma0.25,carbonscaler_budget,texas,73,0,403.0,17.3869,13.1691
optionB_budget0.90_beta0.01_gamma0.25,carbonscaler_budget,texas,74,0,399.0,15.7237,12.5321
optionB_budget0.90_beta0.01_gamma0.25,carbonscaler_budget,texas,75,0,395.0,20.3812,0.0
optionB_budget0.90_beta0.01_gamma0.25,carbonscaler_budget,texas,76,0,387.0,22.3649,38.2147
optionB_budget0.90_beta0.01_gamma0.25,carbonscaler_budget,texas,77,0,376.0,19.1267,35.3487
optionB_budget0.90_beta0.01_gamma0.25,carbonscaler_budget,texas,78,0,363.0,30.7259,32.2717
optionB_budget0.90_beta0.01_gamma0.25,carbonscaler_budget,texas,79,0,351.0,39.3837,27.5496
optionB_budget0.90_beta0.01_gamma0.25,carbonscaler_budget,texas,80,0,355.0,46.5555,46.829
optionB_budget0.90_beta0.01_gamma0.25,carbonscaler_budget,texas,81,0,362.0,35.974,35.4505
optionB_budget0.90_beta0.01_gamma0.25,carbonscaler_budget,texas,82,0,383.0,34.0064,57.6727
optionB_budget0.90_beta0.01_gamma0.25,carbonscaler_budget,texas,83,0,390.0,31.9067,26.548
optionB_budget0.90_beta0.01_gamma0.25,carbonscaler_budget,texas,84,0,368.0,34.962,5.3596
optionB_budget0.90_beta0.01_gamma0.25,carbonscaler_budget,texas,85,0,280.0,34.0586,35.4138
optionB_budget0.90_beta0.01_gamma0.25,carbonscaler_budget,texas,86,1,230.0,43.4345,47.6732
optionB_budget0.90_beta0.01_gamma0.25,carbonscaler_budget,texas,87,1,214.0,51.8063,41.0602
optionB_budget0.90_beta0.01_gamma0.25,carbonscaler_budget,texas,88,1,206.0,53.9044,54.4479
optionB_budget0.90_beta0.01_gamma0.25,carbonscaler_budget,texas,89,1,201.0,88.3612,76.3964
optionB_budget0.90_beta0.01_gamma0.25,carbonscaler_budget,texas,90,0,199.0,136.7502,141.8339
optionB_budget0.90_beta0.01_gamma0.25,carbonscaler_budget,texas,91,0,200.0,126.6723,117.884
optionB_budget0.90_beta0.01_gamma0.25,carbonscaler_budget,texas,92,1,209.0,76.3944,69.0769
optionB_budget0.90_beta0.01_gamma0.25,carbonscaler_budget,texas,93,1,220.0,47.4043,37.6151
optionB_budget0.90_beta0.01_gamma0.25,carbonscaler_budget,texas,94,0,232.0,39.7365,34.2156
optionB_budget0.90_beta0.01_gamma0.25,carbonscaler_budget,texas,95,0,266.0,27.425,15.5748
optionB_budget0.90_beta0.01_gamma0.25,carbonscaler_budget,texas,96,0,322.0,25.0826,47.2503
optionB_budget0.90_beta0.01_gamma0.25,carbonscaler_budget,texas,97,0,328.0,17.0995,24.4525
optionB_budget0.90_beta0.01_gamma0.25,carbonscaler_budget,texas,98,0,321.0,25.5646,17.0378
optionB_budget0.90_beta0.01_gamma0.25,carbonscaler_budget,texas,99,0,314.0,17.8473,12.5728
optionB_budget0.90_beta0.01_gamma0.25,carbonscaler_budget,texas,100,0,306.0,20.2266,20.265
optionB_budget0.90_beta0.01_gamma0.25,carbonscaler_budget,texas,101,0,293.0,25.3695,37.6186
optionB_budget0.90_beta0.01_gamma0.25,carbonscaler_budget,texas,102,0,279.0,46.1218,42.7089
optionB_budget0.90_beta0.01_gamma0.25,carbonscaler_budget,texas,103,0,269.0,42.5633,62.9481
optionB_budget0.90_beta0.01_gamma0.25,carbonscaler_budget,texas,104,0,265.0,43.3251,44.635
optionB_budget0.90_beta0.01_gamma0.25,carbonscaler_budget,texas,105,0,265.0,43.3409,36.1985
optionB_budget0.90_beta0.01_gamma0.25,carbonscaler_budget,texas,106,0,277.0,39.7885,35.6915
optionB_budget0.90_beta0.01_gamma0.25,carbonscaler_budget,texas,107,0,290.0,38.4195,54.5078
optionB_budget0.90_beta0.01_gamma0.25,carbonscaler_budget,texas,108,0,288.0,41.0196,58.5198
optionB_budget0.90_beta0.01_gamma0.25,carbonscaler_budget,texas,109,1,223.0,40.8977,42.5473
optionB_budget0.90_beta0.01_gamma0.25,carbonscaler_budget,texas,110,1,190.0,30.6921,267.8003
optionB_budget0.90_beta0.01_gamma0.25,carbonscaler_budget,texas,111,1,190.0,40.2258,59.8233
optionB_budget0.90_beta0.01_gamma0.25,carbonscaler_budget,texas,112,1,197.0,62.7982,57.4675
optionB_budget0.90_beta0.01_gamma0.25,carbonscaler_budget,texas,113,1,207.0,84.2836,92.8026
optionB_budget0.90_beta0.01_gamma0.25,carbonscaler_budget,texas,114,0,223.0,77.9912,70.2472
optionB_budget0.90_beta0.01_gamma0.25,carbonscaler_budget,texas,115,0,237.0,60.8673,71.062
optionB_budget0.90_beta0.01_gamma0.25,carbonscaler_budget,texas,116,0,242.0,52.0251,68.0758
optionB_budget0.90_beta0.01_gamma0.25,carbonscaler_budget,texas,117,0,243.0,32.9567,15.8549
optionB_budget0.90_beta0.01_gamma0.25,carbonscaler_budget,texas,118,0,275.0,25.6767,14.3177
optionB_budget0.90_beta0.01_gamma0.25,carbonscaler_budget,texas,119,0,294.0,18.2446,28.757
optionB_budget0.90_beta0.01_gamma0.25,carbonscaler_budget,texas,120,0,326.0,5.2222,38.4575
optionB_budget0.90_beta0.01_gamma0.25,carbonscaler_budget,texas,121,0,327.0,6.3899,0.0
optionB_budget0.90_beta0.01_gamma0.25,carbonscaler_budget,texas,122,0,323.0,1.2094,0.0
optionB_budget0.90_beta0.01_gamma0.25,carbonscaler_budget,texas,123,0,317.0,2.5663,19.9849
optionB_budget0.90_beta0.01_gamma0.25,carbonscaler_budget,texas,124,0,309.0,2.44,5.4982
optionB_budget0.90_beta0.01_gamma0.25,carbonscaler_budget,texas,125,0,297.0,6.3236,4.4277
optionB_budget0.90_beta0.01_gamma0.25,carbonscaler_budget,texas,126,0,284.0,0.0723,0.0
optionB_budget0.90_beta0.01_gamma0.25,carbonscaler_budget,texas,127,0,271.0,2.1025,10.9873
optionB_budget0.90_beta0.01_gamma0.25,carbonscaler_budget,texas,128,0,260.0,7.2852,2.7008
optionB_budget0.90_beta0.01_gamma0.25,carbonscaler_budget,texas,129,0,264.0,7.7837,0.0
optionB_budget0.90_beta0.01_gamma0.25,carbonscaler_budget,texas,130,0,263.0,7.3438,7.0744
optionB_budget0.90_beta0.01_gamma0.25,carbonscaler_budget,texas,131,0,283.0,68.1531,349.2377
optionB_budget0.90_beta0.01_gamma0.25,carbonscaler_budget,texas,132,0,290.0,7.7668,7.3921
optionB_budget0.90_beta0.01_gamma0.25,carbonscaler_budget,texas,133,0,263.0,21.6033,40.6759
optionB_budget0.90_beta0.01_gamma0.25,carbonscaler_budget,texas,134,0,245.0,27.8341,30.7104
optionB_budget0.90_beta0.01_gamma0.25,carbonscaler_budget,texas,135,0,227.0,78.3788,290.532
optionB_budget0.90_beta0.01_gamma0.25,carbonscaler_budget,texas,136,1,216.0,42.505,35.5581
optionB_budget0.90_beta0.01_gamma0.25,carbonscaler_budget,texas,137,1,217.0,58.3833,39.0562
optionB_budget0.90_beta0.01_gamma0.25,carbonscaler_budget,texas,138,0,239.0,65.7881,62.0908
optionB_budget0.90_beta0.01_gamma0.25,carbonscaler_budget,texas,139,0,264.0,58.9557,66.9049
optionB_budget0.90_beta0.01_gamma0.25,carbonscaler_budget,texas,140,0,268.0,53.3514,39.9203
optionB_budget0.90_beta0.01_gamma0.25,carbonscaler_budget,texas,141,0,279.0,44.3403,37.2205
optionB_budget0.90_beta0.01_gamma0.25,carbonscaler_budget,texas,142,0,289.0,29.2887,27.4594
optionB_budget0.90_beta0.01_gamma0.25,carbonscaler_budget,texas,143,0,298.0,24.2492,20.7722
optionB_budget0.90_beta0.01_gamma0.25,carbonscaler_budget,texas,144,0,379.0,13.5149,18.6664
optionB_budget0.90_beta0.01_gamma0.25,carbonscaler_budget,texas,145,0,422.0,14.6108,27.7585
optionB_budget0.90_beta0.01_gamma0.25,carbonscaler_budget,texas,146,0,427.0,14.7061,16.5099
optionB_budget0.90_beta0.01_gamma0.25,carbonscaler_budget,texas,147,0,430.0,13.4113,9.6439
optionB_budget0.90_beta0.01_gamma0.25,carbonscaler_budget,texas,148,0,424.0,17.8445,32.3596
optionB_budget0.90_beta0.01_gamma0.25,carbonscaler_budget,texas,149,0,403.0,21.4911,23.4308
optionB_budget0.90_beta0.01_gamma0.25,carbonscaler_budget,texas,150,0,399.0,28.0862,50.3212
optionB_budget0.90_beta0.01_gamma0.25,carbonscaler_budget,texas,151,0,395.0,32.9188,7.5227
optionB_budget0.90_beta0.01_gamma0.25,carbonscaler_budget,texas,152,0,398.0,25.434,18.3216
optionB_budget0.90_beta0.01_gamma0.25,carbonscaler_budget,texas,153,0,407.0,23.9134,22.3007
optionB_budget0.90_beta0.01_gamma0.25,carbonscaler_budget,texas,154,0,413.0,25.7573,38.1317
optionB_budget0.90_beta0.01_gamma0.25,carbonscaler_budget,texas,155,0,421.0,20.3674,2.4598
optionB_budget0.90_beta0.01_gamma0.25,carbonscaler_budget,texas,156,0,395.0,16.8689,0.0
optionB_budget0.90_beta0.01_gamma0.25,carbonscaler_budget,texas,157,0,245.0,18.549,30.6115
optionB_budget0.90_beta0.01_gamma0.25,carbonscaler_budget,texas,158,1,192.0,20.2695,21.8638
optionB_budget0.90_beta0.01_gamma0.25,carbonscaler_budget,texas,159,2,175.0,24.7179,22.8081
optionB_budget0.90_beta0.01_gamma0.25,carbonscaler_budget,texas,160,2,166.0,32.791,19.9428
optionB_budget0.90_beta0.01_gamma0.25,carbonscaler_budget,texas,161,2,173.0,57.6742,43.3433
optionB_budget0.90_beta0.01_gamma0.25,carbonscaler_budget,texas,162,1,174.0,71.8744,74.7083
optionB_budget0.90_beta0.01_gamma0.25,carbonscaler_budget,texas,163,1,184.0,79.4686,88.9617
optionB_budget0.90_beta0.01_gamma0.25,carbonscaler_budget,texas,164,1,192.0,62.1385,41.1144
optionB_budget0.90_beta0.01_gamma0.25,carbonscaler_budget,texas,165,1,206.0,53.9103,45.5056
optionB_budget0.90_beta0.01_gamma0.25,carbonscaler_budget,texas,166,1,225.0,37.0536,44.8039
optionB_budget0.90_beta0.01_gamma0.25,carbonscaler_budget,texas,167,0,300.0,23.9403,21.661
optionB_budget0.90_beta0.01_gamma0.50,carbonscaler_budget,texas,0,0,340.0,2.7171,19.7835
optionB_budget0.90_beta0.01_gamma0.50,carbonscaler_budget,texas,1,0,334.0,1.3449,0.0
optionB_budget0.90_beta0.01_gamma0.50,carbonscaler_budget,texas,2,0,325.0,5.195,2.3688
optionB_budget0.90_beta0.01_gamma0.50,carbonscaler_budget,texas,3,0,322.0,9.8611,10.1846
optionB_budget0.90_beta0.01_gamma0.50,carbonscaler_budget,texas,4,0,304.0,11.8125,28.564
optionB_budget0.90_beta0.01_gamma0.50,carbonscaler_budget,texas,5,0,293.0,19.294,23.3675
optionB_budget0.90_beta0.01_gamma0.50,carbonscaler_budget,texas,6,0,284.0,36.2998,38.29
optionB_budget0.90_beta0.01_gamma0.50,carbonscaler_budget,texas,7,0,290.0,27.5667,24.2296
optionB_budget0.90_beta0.01_gamma0.50,carbonscaler_budget,texas,8,0,303.0,24.4315,29.0522
optionB_budget0.90_beta0.01_gamma0.50,carbonscaler_budget,texas,9,0,301.0,28.8027,32.8135
optionB_budget0.90_beta0.01_gamma0.50,carbonscaler_budget,texas,10,0,308.0,24.4636,346.7163
optionB_budget0.90_beta0.01_gamma0.50,carbonscaler_budget,texas,11,0,336.0,33.6767,42.589
optionB_budget0.90_beta0.01_gamma0.50,carbonscaler_budget,texas,12,0,335.0,39.1998,51.1686
optionB_budget0.90_beta0.01_gamma0.50,carbonscaler_budget,texas,13,0,298.0,34.3063,49.4026
optionB_budget0.90_beta0.01_gamma0.50,carbonscaler_budget,texas,14,0,277.0,39.569,59.8679
optionB_budget0.90_beta0.01_gamma0.50,carbonscaler_budget,texas,15,0,263.0,42.2112,35.1634
optionB_budget0.90_beta0.01_gamma0.50,carbonscaler_budget,texas,16,0,254.0,57.9068,60.3454
optionB_budget0.90_beta0.01_gamma0.50,carbonscaler_budget,texas,17,0,255.0,80.1899,74.5939
optionB_budget0.90_beta0.01_gamma0.50,carbonscaler_budget,texas,18,0,261.0,106.0488,109.2037
optionB_budget0.90_beta0.01_gamma0.50,carbonscaler_budget,texas,19,0,268.0,132.8887,128.107
optionB_budget0.90_beta0.01_gamma0.50,carbonscaler_budget,texas,20,0,271.0,82.9492,67.0797
optionB_budget0.90_beta0.01_gamma0.50,carbonscaler_budget,texas,21,0,267.0,51.7139,56.594
optionB_budget0.90_beta0.01_gamma0.50,carbonscaler_budget,texas,22,0,282.0,38.4622,42.51
optionB_budget0.90_beta0.01_gamma0.50,carbonscaler_budget,texas,23,0,322.0,32.1526,19.0312
optionB_budget0.90_beta0.01_gamma0.50,carbonscaler_budget,texas,24,0,350.0,27.1545,35.3576
optionB_budget0.90_beta0.01_gamma0.50,carbonscaler_budget,texas,25,0,357.0,25.651,27.8965
optionB_budget0.90_beta0.01_gamma0.50,carbonscaler_budget,texas,26,0,353.0,22.6984,32.4946
optionB_budget0.90_beta0.01_gamma0.50,carbonscaler_budget,texas,27,0,344.0,20.159,14.3143
optionB_budget0.90_beta0.01_gamma0.50,carbonscaler_budget,texas,28,0,332.0,25.3854,12.5368
optionB_budget0.90_beta0.01_gamma0.50,carbonscaler_budget,texas,29,0,328.0,18.0291,7.9323
optionB_budget0.90_beta0.01_gamma0.50,carbonscaler_budget,texas,30,0,321.0,37.5367,38.1242
optionB_budget0.90_beta0.01_gamma0.50,carbonscaler_budget,texas,31,0,314.0,37.8823,59.8233
optionB_budget0.90_beta0.01_gamma0.50,carbonscaler_budget,texas,32,0,309.0,39.1592,39.1137
optionB_budget0.90_beta0.01_gamma0.50,carbonscaler_budget,texas,33,0,315.0,39.3607,23.0984
optionB_budget0.90_beta0.01_gamma0.50,carbonscaler_budget,texas,34,0,316.0,33.5461,30.0204
optionB_budget0.90_beta0.01_gamma0.50,carbonscaler_budget,texas,35,0,329.0,38.9839,42.4006
optionB_budget0.90_beta0.01_gamma0.50,carbonscaler_budget,texas,36,0,338.0,37.4294,24.2808
optionB_budget0.90_beta0.01_gamma0.50,carbonscaler_budget,texas,37,0,310.0,46.9012,48.6362
optionB_budget0.90_beta0.01_gamma0.50,carbonscaler_budget,texas,38,0,287.0,47.7789,44.1446
optionB_budget0.90_beta0.01_gamma0.50,carbonscaler_budget,texas,39,0,262.0,54.3735,57.7048
optionB_budget0.90_beta0.01_gamma0.50,carbonscaler_budget,texas,40,0,249.0,65.643,68.6683
optionB_budget0.90_beta0.01_gamma0.50,carbonscaler_budget,texas,41,0,231.0,105.9408,170.0045
optionB_budget0.90_beta0.01_gamma0.50,carbonscaler_budget,texas,42,0,227.0,114.5104,133.0124
optionB_budget0.90_beta0.01_gamma0.50,carbonscaler_budget,texas,43,0,230.0,101.7509,117.7481
optionB_budget0.90_beta0.01_gamma0.50,carbonscaler_budget,texas,44,0,237.0,76.1179,93.6385
optionB_budget0.90_beta0.01_gamma0.50,carbonscaler_budget,texas,45,0,263.0,51.1903,40.3689
optionB_budget0.90_beta0.01_gamma0.50,carbonscaler_budget,texas,46,0,291.0,43.5465,51.2038
optionB_budget0.90_beta0.01_gamma0.50,carbonscaler_budget,texas,47,0,321.0,34.4971,20.1495
optionB_budget0.90_beta0.01_gamma0.50,carbonscaler_budget,texas,48,0,335.0,14.1867,0.0
optionB_budget0.90_beta0.01_gamma0.50,carbonscaler_budget,texas,49,0,332.0,12.514,0.0
optionB_budget0.90_beta0.01_gamma0.50,carbonscaler_budget,texas,50,0,335.0,18.1734,0.3184
optionB_budget0.90_beta0.01_gamma0.50,carbonscaler_budget,texas,51,0,338.0,13.2219,3.6162
optionB_budget0.90_beta0.01_gamma0.50,carbonscaler_budget,texas,52,0,335.0,14.8731,0.0
optionB_budget0.90_beta0.01_gamma0.50,carbonscaler_budget,texas,53,0,329.0,21.9972,17.4564
optionB_budget0.90_beta0.01_gamma0.50,carbonscaler_budget,texas,54,0,341.0,36.8532,22.2035
optionB_budget0.90_beta0.01_gamma0.50,carbonscaler_budget,texas,55,0,337.0,39.3156,41.3215
optionB_budget0.90_beta0.01_gamma0.50,carbonscaler_budget,texas,56,0,341.0,42.147,40.4768
optionB_budget0.90_beta0.01_gamma0.50,carbonscaler_budget,texas,57,0,353.0,41.8353,44.7207
optionB_budget0.90_beta0.01_gamma0.50,carbonscaler_budget,texas,58,0,374.0,34.4659,39.4489
optionB_budget0.90_beta0.01_gamma0.50,carbonscaler_budget,texas,59,0,377.0,42.167,12.681
optionB_budget0.90_beta0.01_gamma0.50,carbonscaler_budget,texas,60,0,375.0,42.8955,49.4809
optionB_budget0.90_beta0.01_gamma0.50,carbonscaler_budget,texas,61,0,338.0,46.3812,38.699
optionB_budget0.90_beta0.01_gamma0.50,carbonscaler_budget,texas,62,0,274.0,59.523,46.6407
optionB_budget0.90_beta0.01_gamma0.50,carbonscaler_budget,texas,63,0,225.0,65.1294,70.1304
optionB_budget0.90_beta0.01_gamma0.50,carbonscaler_budget,texas,64,0,212.0,140.0144,360.7781
optionB_budget0.90_beta0.01_gamma0.50,carbonscaler_budget,texas,65,0,229.0,93.3096,87.9547
optionB_budget0.90_beta0.01_gamma0.50,carbonscaler_budget,texas,66,0,241.0,129.2569,126.1099
optionB_budget0.90_beta0.01_gamma0.50,carbonscaler_budget,texas,67,0,254.0,122.9289,109.0783
optionB_budget0.90_beta0.01_gamma0.50,carbonscaler_budget,texas,68,0,265.0,75.3539,80.136
optionB_budget0.90_beta0.01_gamma0.50,carbonscaler_budget,texas,69,0,282.0,53.4538,76.4252
optionB_budget0.90_beta0.01_gamma0.50,carbonscaler_budget,texas,70,0,288.0,42.2364,69.2432
optionB_budget0.90_beta0.01_gamma0.50,carbonscaler_budget,texas,71,0,303.0,33.4643,51.6772
optionB_budget0.90_beta0.01_gamma0.50,carbonscaler_budget,texas,72,0,371.0,16.4338,12.6414
optionB_budget0.90_beta0.01_gamma0.50,carbonscaler_budget,texas,73,0,403.0,17.3869,13.1691
optionB_budget0.90_beta0.01_gamma0.50,carbonscaler_budget,texas,74,0,399.0,15.7237,12.5321
optionB_budget0.90_beta0.01_gamma0.50,carbonscaler_budget,texas,75,0,395.0,20.3812,0.0
optionB_budget0.90_beta0.01_gamma0.50,carbonscaler_budget,texas,76,0,387.0,22.3649,38.2147
optionB_budget0.90_beta0.01_gamma0.50,carbonscaler_budget,texas,77,0,376.0,19.1267,35.3487
optionB_budget0.90_beta0.01_gamma0.50,carbonscaler_budget,texas,78,0,363.0,30.7259,32.2717
optionB_budget0.90_beta0.01_gamma0.50,carbonscaler_budget,texas,79,0,351.0,39.3837,27.5496
optionB_budget0.90_beta0.01_gamma0.50,carbonscaler_budget,texas,80,0,355.0,46.5555,46.829
optionB_budget0.90_beta0.01_gamma0.50,carbonscaler_budget,texas,81,0,362.0,35.974,35.4505
optionB_budget0.90_beta0.01_gamma0.50,carbonscaler_budget,texas,82,0,383.0,34.0064,57.6727
optionB_budget0.90_beta0.01_gamma0.50,carbonscaler_budget,texas,83,0,390.0,31.9067,26.548
optionB_budget0.90_beta0.01_gamma0.50,carbonscaler_budget,texas,84,0,368.0,34.962,5.3596
optionB_budget0.90_beta0.01_gamma0.50,carbonscaler_budget,texas,85,0,280.0,34.0586,35.4138
optionB_budget0.90_beta0.01_gamma0.50,carbonscaler_budget,texas,86,1,230.0,43.4345,47.6732
optionB_budget0.90_beta0.01_gamma0.50,carbonscaler_budget,texas,87,1,214.0,51.8063,41.0602
optionB_budget0.90_beta0.01_gamma0.50,carbonscaler_budget,texas,88,1,206.0,53.9044,54.4479
optionB_budget0.90_beta0.01_gamma0.50,carbonscaler_budget,texas,89,1,201.0,88.3612,76.3964
optionB_budget0.90_beta0.01_gamma0.50,carbonscaler_budget,texas,90,0,199.0,136.7502,141.8339
optionB_budget0.90_beta0.01_gamma0.50,carbonscaler_budget,texas,91,0,200.0,126.6723,117.884
optionB_budget0.90_beta0.01_gamma0.50,carbonscaler_budget,texas,92,1,209.0,76.3944,69.0769
optionB_budget0.90_beta0.01_gamma0.50,carbonscaler_budget,texas,93,1,220.0,47.4043,37.6151
optionB_budget0.90_beta0.01_gamma0.50,carbonscaler_budget,texas,94,0,232.0,39.7365,34.2156
optionB_budget0.90_beta0.01_gamma0.50,carbonscaler_budget,texas,95,0,266.0,27.425,15.5748
optionB_budget0.90_beta0.01_gamma0.50,carbonscaler_budget,texas,96,0,322.0,25.0826,47.2503
optionB_budget0.90_beta0.01_gamma0.50,carbonscaler_budget,texas,97,0,328.0,17.0995,24.4525
optionB_budget0.90_beta0.01_gamma0.50,carbonscaler_budget,texas,98,0,321.0,25.5646,17.0378
optionB_budget0.90_beta0.01_gamma0.50,carbonscaler_budget,texas,99,0,314.0,17.8473,12.5728
optionB_budget0.90_beta0.01_gamma0.50,carbonscaler_budget,texas,100,0,306.0,20.2266,20.265
optionB_budget0.90_beta0.01_gamma0.50,carbonscaler_budget,texas,101,0,293.0,25.3695,37.6186
optionB_budget0.90_beta0.01_gamma0.50,carbonscaler_budget,texas,102,0,279.0,46.1218,42.7089
optionB_budget0.90_beta0.01_gamma0.50,carbonscaler_budget,texas,103,0,269.0,42.5633,62.9481
optionB_budget0.90_beta0.01_gamma0.50,carbonscaler_budget,texas,104,0,265.0,43.3251,44.635
optionB_budget0.90_beta0.01_gamma0.50,carbonscaler_budget,texas,105,0,265.0,43.3409,36.1985
optionB_budget0.90_beta0.01_gamma0.50,carbonscaler_budget,texas,106,0,277.0,39.7885,35.6915
optionB_budget0.90_beta0.01_gamma0.50,carbonscaler_budget,texas,107,0,290.0,38.4195,54.5078
optionB_budget0.90_beta0.01_gamma0.50,carbonscaler_budget,texas,108,0,288.0,41.0196,58.5198
optionB_budget0.90_beta0.01_gamma0.50,carbonscaler_budget,texas,109,1,223.0,40.8977,42.5473
optionB_budget0.90_beta0.01_gamma0.50,carbonscaler_budget,texas,110,1,190.0,30.6921,267.8003
optionB_budget0.90_beta0.01_gamma0.50,carbonscaler_budget,texas,111,1,190.0,40.2258,59.8233
optionB_budget0.90_beta0.01_gamma0.50,carbonscaler_budget,texas,112,1,197.0,62.7982,57.4675
optionB_budget0.90_beta0.01_gamma0.50,carbonscaler_budget,texas,113,1,207.0,84.2836,92.8026
optionB_budget0.90_beta0.01_gamma0.50,carbonscaler_budget,texas,114,0,223.0,77.9912,70.2472
optionB_budget0.90_beta0.01_gamma0.50,carbonscaler_budget,texas,115,0,237.0,60.8673,71.062
optionB_budget0.90_beta0.01_gamma0.50,carbonscaler_budget,texas,116,0,242.0,52.0251,68.0758
optionB_budget0.90_beta0.01_gamma0.50,carbonscaler_budget,texas,117,0,243.0,32.9567,15.8549
optionB_budget0.90_beta0.01_gamma0.50,carbonscaler_budget,texas,118,0,275.0,25.6767,14.3177
optionB_budget0.90_beta0.01_gamma0.50,carbonscaler_budget,texas,119,0,294.0,18.2446,28.757
optionB_budget0.90_beta0.01_gamma0.50,carbonscaler_budget,texas,120,0,326.0,5.2222,38.4575
optionB_budget0.90_beta0.01_gamma0.50,carbonscaler_budget,texas,121,0,327.0,6.3899,0.0
optionB_budget0.90_beta0.01_gamma0.50,carbonscaler_budget,texas,122,0,323.0,1.2094,0.0
optionB_budget0.90_beta0.01_gamma0.50,carbonscaler_budget,texas,123,0,317.0,2.5663,19.9849
optionB_budget0.90_beta0.01_gamma0.50,carbonscaler_budget,texas,124,0,309.0,2.44,5.4982
optionB_budget0.90_beta0.01_gamma0.50,carbonscaler_budget,texas,125,0,297.0,6.3236,4.4277
optionB_budget0.90_beta0.01_gamma0.50,carbonscaler_budget,texas,126,0,284.0,0.0723,0.0
optionB_budget0.90_beta0.01_gamma0.50,carbonscaler_budget,texas,127,0,271.0,2.1025,10.9873
optionB_budget0.90_beta0.01_gamma0.50,carbonscaler_budget,texas,128,0,260.0,7.2852,2.7008
optionB_budget0.90_beta0.01_gamma0.50,carbonscaler_budget,texas,129,0,264.0,7.7837,0.0
optionB_budget0.90_beta0.01_gamma0.50,carbonscaler_budget,texas,130,0,263.0,7.3438,7.0744
optionB_budget0.90_beta0.01_gamma0.50,carbonscaler_budget,texas,131,0,283.0,68.1531,349.2377
optionB_budget0.90_beta0.01_gamma0.50,carbonscaler_budget,texas,132,0,290.0,7.7668,7.3921
optionB_budget0.90_beta0.01_gamma0.50,carbonscaler_budget,texas,133,0,263.0,21.6033,40.6759
optionB_budget0.90_beta0.01_gamma0.50,carbonscaler_budget,texas,134,0,245.0,27.8341,30.7104
optionB_budget0.90_beta0.01_gamma0.50,carbonscaler_budget,texas,135,0,227.0,78.3788,290.532
optionB_budget0.90_beta0.01_gamma0.50,carbonscaler_budget,texas,136,1,216.0,42.505,35.5581
optionB_budget0.90_beta0.01_gamma0.50,carbonscaler_budget,texas,137,1,217.0,58.3833,39.0562
optionB_budget0.90_beta0.01_gamma0.50,carbonscaler_budget,texas,138,0,239.0,65.7881,62.0908
optionB_budget0.90_beta0.01_gamma0.50,carbonscaler_budget,texas,139,0,264.0,58.9557,66.9049
optionB_budget0.90_beta0.01_gamma0.50,carbonscaler_budget,texas,140,0,268.0,53.3514,39.9203
optionB_budget0.90_beta0.01_gamma0.50,carbonscaler_budget,texas,141,0,279.0,44.3403,37.2205
optionB_budget0.90_beta0.01_gamma0.50,carbonscaler_budget,texas,142,0,289.0,29.2887,27.4594
optionB_budget0.90_beta0.01_gamma0.50,carbonscaler_budget,texas,143,0,298.0,24.2492,20.7722
optionB_budget0.90_beta0.01_gamma0.50,carbonscaler_budget,texas,144,0,379.0,13.5149,18.6664
optionB_budget0.90_beta0.01_gamma0.50,carbonscaler_budget,texas,145,0,422.0,14.6108,27.7585
optionB_budget0.90_beta0.01_gamma0.50,carbonscaler_budget,texas,146,0,427.0,14.7061,16.5099
optionB_budget0.90_beta0.01_gamma0.50,carbonscaler_budget,texas,147,0,430.0,13.4113,9.6439
optionB_budget0.90_beta0.01_gamma0.50,carbonscaler_budget,texas,148,0,424.0,17.8445,32.3596
optionB_budget0.90_beta0.01_gamma0.50,carbonscaler_budget,texas,149,0,403.0,21.4911,23.4308
optionB_budget0.90_beta0.01_gamma0.50,carbonscaler_budget,texas,150,0,399.0,28.0862,50.3212
optionB_budget0.90_beta0.01_gamma0.50,carbonscaler_budget,texas,151,0,395.0,32.9188,7.5227
optionB_budget0.90_beta0.01_gamma0.50,carbonscaler_budget,texas,152,0,398.0,25.434,18.3216
optionB_budget0.90_beta0.01_gamma0.50,carbonscaler_budget,texas,153,0,407.0,23.9134,22.3007
optionB_budget0.90_beta0.01_gamma0.50,carbonscaler_budget,texas,154,0,413.0,25.7573,38.1317
optionB_budget0.90_beta0.01_gamma0.50,carbonscaler_budget,texas,155,0,421.0,20.3674,2.4598
optionB_budget0.90_beta0.01_gamma0.50,carbonscaler_budget,texas,156,0,395.0,16.8689,0.0
optionB_budget0.90_beta0.01_gamma0.50,carbonscaler_budget,texas,157,0,245.0,18.549,30.6115
optionB_budget0.90_beta0.01_gamma0.50,carbonscaler_budget,texas,158,1,192.0,20.2695,21.8638
optionB_budget0.90_beta0.01_gamma0.50,carbonscaler_budget,texas,159,2,175.0,24.7179,22.8081
optionB_budget0.90_beta0.01_gamma0.50,carbonscaler_budget,texas,160,2,166.0,32.791,19.9428
optionB_budget0.90_beta0.01_gamma0.50,carbonscaler_budget,texas,161,2,173.0,57.6742,43.3433
optionB_budget0.90_beta0.01_gamma0.50,carbonscaler_budget,texas,162,1,174.0,71.8744,74.7083
optionB_budget0.90_beta0.01_gamma0.50,carbonscaler_budget,texas,163,1,184.0,79.4686,88.9617
optionB_budget0.90_beta0.01_gamma0.50,carbonscaler_budget,texas,164,1,192.0,62.1385,41.1144
optionB_budget0.90_beta0.01_gamma0.50,carbonscaler_budget,texas,165,1,206.0,53.9103,45.5056
optionB_budget0.90_beta0.01_gamma0.50,carbonscaler_budget,texas,166,1,225.0,37.0536,44.8039
optionB_budget0.90_beta0.01_gamma0.50,carbonscaler_budget,texas,167,0,300.0,23.9403,21.661
optionB_budget0.90_beta0.01_gamma0.75,carbonscaler_budget,texas,0,0,340.0,2.7171,19.7835
optionB_budget0.90_beta0.01_gamma0.75,carbonscaler_budget,texas,1,0,334.0,1.3449,0.0
optionB_budget0.90_beta0.01_gamma0.75,carbonscaler_budget,texas,2,0,325.0,5.195,2.3688
optionB_budget0.90_beta0.01_gamma0.75,carbonscaler_budget,texas,3,0,322.0,9.8611,10.1846
optionB_budget0.90_beta0.01_gamma0.75,carbonscaler_budget,texas,4,0,304.0,11.8125,28.564
optionB_budget0.90_beta0.01_gamma0.75,carbonscaler_budget,texas,5,0,293.0,19.294,23.3675
optionB_budget0.90_beta0.01_gamma0.75,carbonscaler_budget,texas,6,0,284.0,36.2998,38.29
optionB_budget0.90_beta0.01_gamma0.75,carbonscaler_budget,texas,7,0,290.0,27.5667,24.2296
optionB_budget0.90_beta0.01_gamma0.75,carbonscaler_budget,texas,8,0,303.0,24.4315,29.0522
optionB_budget0.90_beta0.01_gamma0.75,carbonscaler_budget,texas,9,0,301.0,28.8027,32.8135
optionB_budget0.90_beta0.01_gamma0.75,carbonscaler_budget,texas,10,0,308.0,24.4636,346.7163
optionB_budget0.90_beta0.01_gamma0.75,carbonscaler_budget,texas,11,0,336.0,33.6767,42.589
optionB_budget0.90_beta0.01_gamma0.75,carbonscaler_budget,texas,12,0,335.0,39.1998,51.1686
optionB_budget0.90_beta0.01_gamma0.75,carbonscaler_budget,texas,13,0,298.0,34.3063,49.4026
optionB_budget0.90_beta0.01_gamma0.75,carbonscaler_budget,texas,14,0,277.0,39.569,59.8679
optionB_budget0.90_beta0.01_gamma0.75,carbonscaler_budget,texas,15,0,263.0,42.2112,35.1634
optionB_budget0.90_beta0.01_gamma0.75,carbonscaler_budget,texas,16,0,254.0,57.9068,60.3454
optionB_budget0.90_beta0.01_gamma0.75,carbonscaler_budget,texas,17,0,255.0,80.1899,74.5939
optionB_budget0.90_beta0.01_gamma0.75,carbonscaler_budget,texas,18,0,261.0,106.0488,109.2037
optionB_budget0.90_beta0.01_gamma0.75,carbonscaler_budget,texas,19,0,268.0,132.8887,128.107
optionB_budget0.90_beta0.01_gamma0.75,carbonscaler_budget,texas,20,0,271.0,82.9492,67.0797
optionB_budget0.90_beta0.01_gamma0.75,carbonscaler_budget,texas,21,0,267.0,51.7139,56.594
optionB_budget0.90_beta0.01_gamma0.75,carbonscaler_budget,texas,22,0,282.0,38.4622,42.51
optionB_budget0.90_beta0.01_gamma0.75,carbonscaler_budget,texas,23,0,322.0,32.1526,19.0312
optionB_budget0.90_beta0.01_gamma0.75,carbonscaler_budget,texas,24,0,350.0,27.1545,35.3576
optionB_budget0.90_beta0.01_gamma0.75,carbonscaler_budget,texas,25,0,357.0,25.651,27.8965
optionB_budget0.90_beta0.01_gamma0.75,carbonscaler_budget,texas,26,0,353.0,22.6984,32.4946
optionB_budget0.90_beta0.01_gamma0.75,carbonscaler_budget,texas,27,0,344.0,20.159,14.3143
optionB_budget0.90_beta0.01_gamma0.75,carbonscaler_budget,texas,28,0,332.0,25.3854,12.5368
optionB_budget0.90_beta0.01_gamma0.75,carbonscaler_budget,texas,29,0,328.0,18.0291,7.9323
optionB_budget0.90_beta0.01_gamma0.75,carbonscaler_budget,texas,30,0,321.0,37.5367,38.1242
optionB_budget0.90_beta0.01_gamma0.75,carbonscaler_budget,texas,31,0,314.0,37.8823,59.8233
optionB_budget0.90_beta0.01_gamma0.75,carbonscaler_budget,texas,32,0,309.0,39.1592,39.1137
optionB_budget0.90_beta0.01_gamma0.75,carbonscaler_budget,texas,33,0,315.0,39.3607,23.0984
optionB_budget0.90_beta0.01_gamma0.75,carbonscaler_budget,texas,34,0,316.0,33.5461,30.0204
optionB_budget0.90_beta0.01_gamma0.75,carbonscaler_budget,texas,35,0,329.0,38.9839,42.4006
optionB_budget0.90_beta0.01_gamma0.75,carbonscaler_budget,texas,36,0,338.0,37.4294,24.2808
optionB_budget0.90_beta0.01_gamma0.75,carbonscaler_budget,texas,37,0,310.0,46.9012,48.6362
optionB_budget0.90_beta0.01_gamma0.75,carbonscaler_budget,texas,38,0,287.0,47.7789,44.1446
optionB_budget0.90_beta0.01_gamma0.75,carbonscaler_budget,texas,39,0,262.0,54.3735,57.7048
optionB_budget0.90_beta0.01_gamma0.75,carbonscaler_budget,texas,40,0,249.0,65.643,68.6683
optionB_budget0.90_beta0.01_gamma0.75,carbonscaler_budget,texas,41,0,231.0,105.9408,170.0045
optionB_budget0.90_beta0.01_gamma0.75,carbonscaler_budget,texas,42,0,227.0,114.5104,133.0124
optionB_budget0.90_beta0.01_gamma0.75,carbonscaler_budget,texas,43,0,230.0,101.7509,117.7481
optionB_budget0.90_beta0.01_gamma0.75,carbonscaler_budget,texas,44,0,237.0,76.1179,93.6385
optionB_budget0.90_beta0.01_gamma0.75,carbonscaler_budget,texas,45,0,263.0,51.1903,40.3689
optionB_budget0.90_beta0.01_gamma0.75,carbonscaler_budget,texas,46,0,291.0,43.5465,51.2038
optionB_budget0.90_beta0.01_gamma0.75,carbonscaler_budget,texas,47,0,321.0,34.4971,20.1495
optionB_budget0.90_beta0.01_gamma0.75,carbonscaler_budget,texas,48,0,335.0,14.1867,0.0
optionB_budget0.90_beta0.01_gamma0.75,carbonscaler_budget,texas,49,0,332.0,12.514,0.0
optionB_budget0.90_beta0.01_gamma0.75,carbonscaler_budget,texas,50,0,335.0,18.1734,0.3184
optionB_budget0.90_beta0.01_gamma0.75,carbonscaler_budget,texas,51,0,338.0,13.2219,3.6162
optionB_budget0.90_beta0.01_gamma0.75,carbonscaler_budget,texas,52,0,335.0,14.8731,0.0
optionB_budget0.90_beta0.01_gamma0.75,carbonscaler_budget,texas,53,0,329.0,21.9972,17.4564
optionB_budget0.90_beta0.01_gamma0.75,carbonscaler_budget,texas,54,0,341.0,36.8532,22.2035
optionB_budget0.90_beta0.01_gamma0.75,carbonscaler_budget,texas,55,0,337.0,39.3156,41.3215
optionB_budget0.90_beta0.01_gamma0.75,carbonscaler_budget,texas,56,0,341.0,42.147,40.4768
optionB_budget0.90_beta0.01_gamma0.75,carbonscaler_budget,texas,57,0,353.0,41.8353,44.7207
optionB_budget0.90_beta0.01_gamma0.75,carbonscaler_budget,texas,58,0,374.0,34.4659,39.4489
optionB_budget0.90_beta0.01_gamma0.75,carbonscaler_budget,texas,59,0,377.0,42.167,12.681
optionB_budget0.90_beta0.01_gamma0.75,carbonscaler_budget,texas,60,0,375.0,42.8955,49.4809
optionB_budget0.90_beta0.01_gamma0.75,carbonscaler_budget,texas,61,0,338.0,46.3812,38.699
optionB_budget0.90_beta0.01_gamma0.75,carbonscaler_budget,texas,62,0,274.0,59.523,46.6407
optionB_budget0.90_beta0.01_gamma0.75,carbonscaler_budget,texas,63,0,225.0,65.1294,70.1304
optionB_budget0.90_beta0.01_gamma0.75,carbonscaler_budget,texas,64,0,212.0,140.0144,360.7781
optionB_budget0.90_beta0.01_gamma0.75,carbonscaler_budget,texas,65,0,229.0,93.3096,87.9547
optionB_budget0.90_beta0.01_gamma0.75,carbonscaler_budget,texas,66,0,241.0,129.2569,126.1099
optionB_budget0.90_beta0.01_gamma0.75,carbonscaler_budget,texas,67,0,254.0,122.9289,109.0783
optionB_budget0.90_beta0.01_gamma0.75,carbonscaler_budget,texas,68,0,265.0,75.3539,80.136
optionB_budget0.90_beta0.01_gamma0.75,carbonscaler_budget,texas,69,0,282.0,53.4538,76.4252
optionB_budget0.90_beta0.01_gamma0.75,carbonscaler_budget,texas,70,0,288.0,42.2364,69.2432
optionB_budget0.90_beta0.01_gamma0.75,carbonscaler_budget,texas,71,0,303.0,33.4643,51.6772
optionB_budget0.90_beta0.01_gamma0.75,carbonscaler_budget,texas,72,0,371.0,16.4338,12.6414
optionB_budget0.90_beta0.01_gamma0.75,carbonscaler_budget,texas,73,0,403.0,17.3869,13.1691
optionB_budget0.90_beta0.01_gamma0.75,carbonscaler_budget,texas,74,0,399.0,15.7237,12.5321
optionB_budget0.90_beta0.01_gamma0.75,carbonscaler_budget,texas,75,0,395.0,20.3812,0.0
optionB_budget0.90_beta0.01_gamma0.75,carbonscaler_budget,texas,76,0,387.0,22.3649,38.2147
optionB_budget0.90_beta0.01_gamma0.75,carbonscaler_budget,texas,77,0,376.0,19.1267,35.3487
optionB_budget0.90_beta0.01_gamma0.75,carbonscaler_budget,texas,78,0,363.0,30.7259,32.2717
optionB_budget0.90_beta0.01_gamma0.75,carbonscaler_budget,texas,79,0,351.0,39.3837,27.5496
optionB_budget0.90_beta0.01_gamma0.75,carbonscaler_budget,texas,80,0,355.0,46.5555,46.829
optionB_budget0.90_beta0.01_gamma0.75,carbonscaler_budget,texas,81,0,362.0,35.974,35.4505
optionB_budget0.90_beta0.01_gamma0.75,carbonscaler_budget,texas,82,0,383.0,34.0064,57.6727
optionB_budget0.90_beta0.01_gamma0.75,carbonscaler_budget,texas,83,0,390.0,31.9067,26.548
optionB_budget0.90_beta0.01_gamma0.75,carbonscaler_budget,texas,84,0,368.0,34.962,5.3596
optionB_budget0.90_beta0.01_gamma0.75,carbonscaler_budget,texas,85,0,280.0,34.0586,35.4138
optionB_budget0.90_beta0.01_gamma0.75,carbonscaler_budget,texas,86,1,230.0,43.4345,47.6732
optionB_budget0.90_beta0.01_gamma0.75,carbonscaler_budget,texas,87,1,214.0,51.8063,41.0602
optionB_budget0.90_beta0.01_gamma0.75,carbonscaler_budget,texas,88,1,206.0,53.9044,54.4479
optionB_budget0.90_beta0.01_gamma0.75,carbonscaler_budget,texas,89,1,201.0,88.3612,76.3964
optionB_budget0.90_beta0.01_gamma0.75,carbonscaler_budget,texas,90,0,199.0,136.7502,141.8339
optionB_budget0.90_beta0.01_gamma0.75,carbonscaler_budget,texas,91,0,200.0,126.6723,117.884
optionB_budget0.90_beta0.01_gamma0.75,carbonscaler_budget,texas,92,1,209.0,76.3944,69.0769
optionB_budget0.90_beta0.01_gamma0.75,carbonscaler_budget,texas,93,1,220.0,47.4043,37.6151
optionB_budget0.90_beta0.01_gamma0.75,carbonscaler_budget,texas,94,0,232.0,39.7365,34.2156
optionB_budget0.90_beta0.01_gamma0.75,carbonscaler_budget,texas,95,0,266.0,27.425,15.5748
optionB_budget0.90_beta0.01_gamma0.75,carbonscaler_budget,texas,96,0,322.0,25.0826,47.2503
optionB_budget0.90_beta0.01_gamma0.75,carbonscaler_budget,texas,97,0,328.0,17.0995,24.4525
optionB_budget0.90_beta0.01_gamma0.75,carbonscaler_budget,texas,98,0,321.0,25.5646,17.0378
optionB_budget0.90_beta0.01_gamma0.75,carbonscaler_budget,texas,99,0,314.0,17.8473,12.5728
optionB_budget0.90_beta0.01_gamma0.75,carbonscaler_budget,texas,100,0,306.0,20.2266,20.265
optionB_budget0.90_beta0.01_gamma0.75,carbonscaler_budget,texas,101,0,293.0,25.3695,37.6186
optionB_budget0.90_beta0.01_gamma0.75,carbonscaler_budget,texas,102,0,279.0,46.1218,42.7089
optionB_budget0.90_beta0.01_gamma0.75,carbonscaler_budget,texas,103,0,269.0,42.5633,62.9481
optionB_budget0.90_beta0.01_gamma0.75,carbonscaler_budget,texas,104,0,265.0,43.3251,44.635
optionB_budget0.90_beta0.01_gamma0.75,carbonscaler_budget,texas,105,0,265.0,43.3409,36.1985
optionB_budget0.90_beta0.01_gamma0.75,carbonscaler_budget,texas,106,0,277.0,39.7885,35.6915
optionB_budget0.90_beta0.01_gamma0.75,carbonscaler_budget,texas,107,0,290.0,38.4195,54.5078
optionB_budget0.90_beta0.01_gamma0.75,carbonscaler_budget,texas,108,0,288.0,41.0196,58.5198
optionB_budget0.90_beta0.01_gamma0.75,carbonscaler_budget,texas,109,1,223.0,40.8977,42.5473
optionB_budget0.90_beta0.01_gamma0.75,carbonscaler_budget,texas,110,1,190.0,30.6921,267.8003
optionB_budget0.90_beta0.01_gamma0.75,carbonscaler_budget,texas,111,1,190.0,40.2258,59.8233
optionB_budget0.90_beta0.01_gamma0.75,carbonscaler_budget,texas,112,1,197.0,62.7982,57.4675
optionB_budget0.90_beta0.01_gamma0.75,carbonscaler_budget,texas,113,1,207.0,84.2836,92.8026
optionB_budget0.90_beta0.01_gamma0.75,carbonscaler_budget,texas,114,0,223.0,77.9912,70.2472
optionB_budget0.90_beta0.01_gamma0.75,carbonscaler_budget,texas,115,0,237.0,60.8673,71.062
optionB_budget0.90_beta0.01_gamma0.75,carbonscaler_budget,texas,116,0,242.0,52.0251,68.0758
optionB_budget0.90_beta0.01_gamma0.75,carbonscaler_budget,texas,117,0,243.0,32.9567,15.8549
optionB_budget0.90_beta0.01_gamma0.75,carbonscaler_budget,texas,118,0,275.0,25.6767,14.3177
optionB_budget0.90_beta0.01_gamma0.75,carbonscaler_budget,texas,119,0,294.0,18.2446,28.757
optionB_budget0.90_beta0.01_gamma0.75,carbonscaler_budget,texas,120,0,326.0,5.2222,38.4575
optionB_budget0.90_beta0.01_gamma0.75,carbonscaler_budget,texas,121,0,327.0,6.3899,0.0
optionB_budget0.90_beta0.01_gamma0.75,carbonscaler_budget,texas,122,0,323.0,1.2094,0.0
optionB_budget0.90_beta0.01_gamma0.75,carbonscaler_budget,texas,123,0,317.0,2.5663,19.9849
optionB_budget0.90_beta0.01_gamma0.75,carbonscaler_budget,texas,124,0,309.0,2.44,5.4982
optionB_budget0.90_beta0.01_gamma0.75,carbonscaler_budget,texas,125,0,297.0,6.3236,4.4277
optionB_budget0.90_beta0.01_gamma0.75,carbonscaler_budget,texas,126,0,284.0,0.0723,0.0
optionB_budget0.90_beta0.01_gamma0.75,carbonscaler_budget,texas,127,0,271.0,2.1025,10.9873
optionB_budget0.90_beta0.01_gamma0.75,carbonscaler_budget,texas,128,0,260.0,7.2852,2.7008
optionB_budget0.90_beta0.01_gamma0.75,carbonscaler_budget,texas,129,0,264.0,7.7837,0.0
optionB_budget0.90_beta0.01_gamma0.75,carbonscaler_budget,texas,130,0,263.0,7.3438,7.0744
optionB_budget0.90_beta0.01_gamma0.75,carbonscaler_budget,texas,131,0,283.0,68.1531,349.2377
optionB_budget0.90_beta0.01_gamma0.75,carbonscaler_budget,texas,132,0,290.0,7.7668,7.3921
optionB_budget0.90_beta0.01_gamma0.75,carbonscaler_budget,texas,133,0,263.0,21.6033,40.6759
optionB_budget0.90_beta0.01_gamma0.75,carbonscaler_budget,texas,134,0,245.0,27.8341,30.7104
optionB_budget0.90_beta0.01_gamma0.75,carbonscaler_budget,texas,135,0,227.0,78.3788,290.532
optionB_budget0.90_beta0.01_gamma0.75,carbonscaler_budget,texas,136,1,216.0,42.505,35.5581
optionB_budget0.90_beta0.01_gamma0.75,carbonscaler_budget,texas,137,1,217.0,58.3833,39.0562
optionB_budget0.90_beta0.01_gamma0.75,carbonscaler_budget,texas,138,0,239.0,65.7881,62.0908
optionB_budget0.90_beta0.01_gamma0.75,carbonscaler_budget,texas,139,0,264.0,58.9557,66.9049
optionB_budget0.90_beta0.01_gamma0.75,carbonscaler_budget,texas,140,0,268.0,53.3514,39.9203
optionB_budget0.90_beta0.01_gamma0.75,carbonscaler_budget,texas,141,0,279.0,44.3403,37.2205
optionB_budget0.90_beta0.01_gamma0.75,carbonscaler_budget,texas,142,0,289.0,29.2887,27.4594
optionB_budget0.90_beta0.01_gamma0.75,carbonscaler_budget,texas,143,0,298.0,24.2492,20.7722
optionB_budget0.90_beta0.01_gamma0.75,carbonscaler_budget,texas,144,0,379.0,13.5149,18.6664
optionB_budget0.90_beta0.01_gamma0.75,carbonscaler_budget,texas,145,0,422.0,14.6108,27.7585
optionB_budget0.90_beta0.01_gamma0.75,carbonscaler_budget,texas,146,0,427.0,14.7061,16.5099
optionB_budget0.90_beta0.01_gamma0.75,carbonscaler_budget,texas,147,0,430.0,13.4113,9.6439
optionB_budget0.90_beta0.01_gamma0.75,carbonscaler_budget,texas,148,0,424.0,17.8445,32.3596
optionB_budget0.90_beta0.01_gamma0.75,carbonscaler_budget,texas,149,0,403.0,21.4911,23.4308
optionB_budget0.90_beta0.01_gamma0.75,carbonscaler_budget,texas,150,0,399.0,28.0862,50.3212
optionB_budget0.90_beta0.01_gamma0.75,carbonscaler_budget,texas,151,0,395.0,32.9188,7.5227
optionB_budget0.90_beta0.01_gamma0.75,carbonscaler_budget,texas,152,0,398.0,25.434,18.3216
optionB_budget0.90_beta0.01_gamma0.75,carbonscaler_budget,texas,153,0,407.0,23.9134,22.3007
optionB_budget0.90_beta0.01_gamma0.75,carbonscaler_budget,texas,154,0,413.0,25.7573,38.1317
optionB_budget0.90_beta0.01_gamma0.75,carbonscaler_budget,texas,155,0,421.0,20.3674,2.4598
optionB_budget0.90_beta0.01_gamma0.75,carbonscaler_budget,texas,156,0,395.0,16.8689,0.0
optionB_budget0.90_beta0.01_gamma0.75,carbonscaler_budget,texas,157,0,245.0,18.549,30.6115
optionB_budget0.90_beta0.01_gamma0.75,carbonscaler_budget,texas,158,1,192.0,20.2695,21.8638
optionB_budget0.90_beta0.01_gamma0.75,carbonscaler_budget,texas,159,2,175.0,24.7179,22.8081
optionB_budget0.90_beta0.01_gamma0.75,carbonscaler_budget,texas,160,2,166.0,32.791,19.9428
optionB_budget0.90_beta0.01_gamma0.75,carbonscaler_budget,texas,161,2,173.0,57.6742,43.3433
optionB_budget0.90_beta0.01_gamma0.75,carbonscaler_budget,texas,162,1,174.0,71.8744,74.7083
optionB_budget0.90_beta0.01_gamma0.75,carbonscaler_budget,texas,163,1,184.0,79.4686,88.9617
optionB_budget0.90_beta0.01_gamma0.75,carbonscaler_budget,texas,164,1,192.0,62.1385,41.1144
optionB_budget0.90_beta0.01_gamma0.75,carbonscaler_budget,texas,165,1,206.0,53.9103,45.5056
optionB_budget0.90_beta0.01_gamma0.75,carbonscaler_budget,texas,166,1,225.0,37.0536,44.8039
optionB_budget0.90_beta0.01_gamma0.75,carbonscaler_budget,texas,167,0,300.0,23.9403,21.661
optionB_budget0.90_beta0.01_gamma1.00,carbonscaler_budget,texas,0,0,340.0,2.7171,19.7835
optionB_budget0.90_beta0.01_gamma1.00,carbonscaler_budget,texas,1,0,334.0,1.3449,0.0
optionB_budget0.90_beta0.01_gamma1.00,carbonscaler_budget,texas,2,0,325.0,5.195,2.3688
optionB_budget0.90_beta0.01_gamma1.00,carbonscaler_budget,texas,3,0,322.0,9.8611,10.1846
optionB_budget0.90_beta0.01_gamma1.00,carbonscaler_budget,texas,4,0,304.0,11.8125,28.564
optionB_budget0.90_beta0.01_gamma1.00,carbonscaler_budget,texas,5,0,293.0,19.294,23.3675
optionB_budget0.90_beta0.01_gamma1.00,carbonscaler_budget,texas,6,0,284.0,36.2998,38.29
optionB_budget0.90_beta0.01_gamma1.00,carbonscaler_budget,texas,7,0,290.0,27.5667,24.2296
optionB_budget0.90_beta0.01_gamma1.00,carbonscaler_budget,texas,8,0,303.0,24.4315,29.0522
optionB_budget0.90_beta0.01_gamma1.00,carbonscaler_budget,texas,9,0,301.0,28.8027,32.8135
optionB_budget0.90_beta0.01_gamma1.00,carbonscaler_budget,texas,10,0,308.0,24.4636,346.7163
optionB_budget0.90_beta0.01_gamma1.00,carbonscaler_budget,texas,11,0,336.0,33.6767,42.589
optionB_budget0.90_beta0.01_gamma1.00,carbonscaler_budget,texas,12,0,335.0,39.1998,51.1686
optionB_budget0.90_beta0.01_gamma1.00,carbonscaler_budget,texas,13,0,298.0,34.3063,49.4026
optionB_budget0.90_beta0.01_gamma1.00,carbonscaler_budget,texas,14,0,277.0,39.569,59.8679
optionB_budget0.90_beta0.01_gamma1.00,carbonscaler_budget,texas,15,0,263.0,42.2112,35.1634
optionB_budget0.90_beta0.01_gamma1.00,carbonscaler_budget,texas,16,0,254.0,57.9068,60.3454
optionB_budget0.90_beta0.01_gamma1.00,carbonscaler_budget,texas,17,0,255.0,80.1899,74.5939
optionB_budget0.90_beta0.01_gamma1.00,carbonscaler_budget,texas,18,0,261.0,106.0488,109.2037
optionB_budget0.90_beta0.01_gamma1.00,carbonscaler_budget,texas,19,0,268.0,132.8887,128.107
optionB_budget0.90_beta0.01_gamma1.00,carbonscaler_budget,texas,20,0,271.0,82.9492,67.0797
optionB_budget0.90_beta0.01_gamma1.00,carbonscaler_budget,texas,21,0,267.0,51.7139,56.594
optionB_budget0.90_beta0.01_gamma1.00,carbonscaler_budget,texas,22,0,282.0,38.4622,42.51
optionB_budget0.90_beta0.01_gamma1.00,carbonscaler_budget,texas,23,0,322.0,32.1526,19.0312
optionB_budget0.90_beta0.01_gamma1.00,carbonscaler_budget,texas,24,0,350.0,27.1545,35.3576
optionB_budget0.90_beta0.01_gamma1.00,carbonscaler_budget,texas,25,0,357.0,25.651,27.8965
optionB_budget0.90_beta0.01_gamma1.00,carbonscaler_budget,texas,26,0,353.0,22.6984,32.4946
optionB_budget0.90_beta0.01_gamma1.00,carbonscaler_budget,texas,27,0,344.0,20.159,14.3143
optionB_budget0.90_beta0.01_gamma1.00,carbonscaler_budget,texas,28,0,332.0,25.3854,12.5368
optionB_budget0.90_beta0.01_gamma1.00,carbonscaler_budget,texas,29,0,328.0,18.0291,7.9323
optionB_budget0.90_beta0.01_gamma1.00,carbonscaler_budget,texas,30,0,321.0,37.5367,38.1242
optionB_budget0.90_beta0.01_gamma1.00,carbonscaler_budget,texas,31,0,314.0,37.8823,59.8233
optionB_budget0.90_beta0.01_gamma1.00,carbonscaler_budget,texas,32,0,309.0,39.1592,39.1137
optionB_budget0.90_beta0.01_gamma1.00,carbonscaler_budget,texas,33,0,315.0,39.3607,23.0984
optionB_budget0.90_beta0.01_gamma1.00,carbonscaler_budget,texas,34,0,316.0,33.5461,30.0204
optionB_budget0.90_beta0.01_gamma1.00,carbonscaler_budget,texas,35,0,329.0,38.9839,42.4006
optionB_budget0.90_beta0.01_gamma1.00,carbonscaler_budget,texas,36,0,338.0,37.4294,24.2808
optionB_budget0.90_beta0.01_gamma1.00,carbonscaler_budget,texas,37,0,310.0,46.9012,48.6362
optionB_budget0.90_beta0.01_gamma1.00,carbonscaler_budget,texas,38,0,287.0,47.7789,44.1446
optionB_budget0.90_beta0.01_gamma1.00,carbonscaler_budget,texas,39,0,262.0,54.3735,57.7048
optionB_budget0.90_beta0.01_gamma1.00,carbonscaler_budget,texas,40,0,249.0,65.643,68.6683
optionB_budget0.90_beta0.01_gamma1.00,carbonscaler_budget,texas,41,0,231.0,105.9408,170.0045
optionB_budget0.90_beta0.01_gamma1.00,carbonscaler_budget,texas,42,0,227.0,114.5104,133.0124
optionB_budget0.90_beta0.01_gamma1.00,carbonscaler_budget,texas,43,0,230.0,101.7509,117.7481
optionB_budget0.90_beta0.01_gamma1.00,carbonscaler_budget,texas,44,0,237.0,76.1179,93.6385
optionB_budget0.90_beta0.01_gamma1.00,carbonscaler_budget,texas,45,0,263.0,51.1903,40.3689
optionB_budget0.90_beta0.01_gamma1.00,carbonscaler_budget,texas,46,0,291.0,43.5465,51.2038
optionB_budget0.90_beta0.01_gamma1.00,carbonscaler_budget,texas,47,0,321.0,34.4971,20.1495
optionB_budget0.90_beta0.01_gamma1.00,carbonscaler_budget,texas,48,0,335.0,14.1867,0.0
optionB_budget0.90_beta0.01_gamma1.00,carbonscaler_budget,texas,49,0,332.0,12.514,0.0
optionB_budget0.90_beta0.01_gamma1.00,carbonscaler_budget,texas,50,0,335.0,18.1734,0.3184
optionB_budget0.90_beta0.01_gamma1.00,carbonscaler_budget,texas,51,0,338.0,13.2219,3.6162
optionB_budget0.90_beta0.01_gamma1.00,carbonscaler_budget,texas,52,0,335.0,14.8731,0.0
optionB_budget0.90_beta0.01_gamma1.00,carbonscaler_budget,texas,53,0,329.0,21.9972,17.4564
optionB_budget0.90_beta0.01_gamma1.00,carbonscaler_budget,texas,54,0,341.0,36.8532,22.2035
optionB_budget0.90_beta0.01_gamma1.00,carbonscaler_budget,texas,55,0,337.0,39.3156,41.3215
optionB_budget0.90_beta0.01_gamma1.00,carbonscaler_budget,texas,56,0,341.0,42.147,40.4768
optionB_budget0.90_beta0.01_gamma1.00,carbonscaler_budget,texas,57,0,353.0,41.8353,44.7207
optionB_budget0.90_beta0.01_gamma1.00,carbonscaler_budget,texas,58,0,374.0,34.4659,39.4489
optionB_budget0.90_beta0.01_gamma1.00,carbonscaler_budget,texas,59,0,377.0,42.167,12.681
optionB_budget0.90_beta0.01_gamma1.00,carbonscaler_budget,texas,60,0,375.0,42.8955,49.4809
optionB_budget0.90_beta0.01_gamma1.00,carbonscaler_budget,texas,61,0,338.0,46.3812,38.699
optionB_budget0.90_beta0.01_gamma1.00,carbonscaler_budget,texas,62,0,274.0,59.523,46.6407
optionB_budget0.90_beta0.01_gamma1.00,carbonscaler_budget,texas,63,0,225.0,65.1294,70.1304
optionB_budget0.90_beta0.01_gamma1.00,carbonscaler_budget,texas,64,0,212.0,140.0144,360.7781
optionB_budget0.90_beta0.01_gamma1.00,carbonscaler_budget,texas,65,0,229.0,93.3096,87.9547
optionB_budget0.90_beta0.01_gamma1.00,carbonscaler_budget,texas,66,0,241.0,129.2569,126.1099
optionB_budget0.90_beta0.01_gamma1.00,carbonscaler_budget,texas,67,0,254.0,122.9289,109.0783
optionB_budget0.90_beta0.01_gamma1.00,carbonscaler_budget,texas,68,0,265.0,75.3539,80.136
optionB_budget0.90_beta0.01_gamma1.00,carbonscaler_budget,texas,69,0,282.0,53.4538,76.4252
optionB_budget0.90_beta0.01_gamma1.00,carbonscaler_budget,texas,70,0,288.0,42.2364,69.2432
optionB_budget0.90_beta0.01_gamma1.00,carbonscaler_budget,texas,71,0,303.0,33.4643,51.6772
optionB_budget0.90_beta0.01_gamma1.00,carbonscaler_budget,texas,72,0,371.0,16.4338,12.6414
optionB_budget0.90_beta0.01_gamma1.00,carbonscaler_budget,texas,73,0,403.0,17.3869,13.1691
optionB_budget0.90_beta0.01_gamma1.00,carbonscaler_budget,texas,74,0,399.0,15.7237,12.5321
optionB_budget0.90_beta0.01_gamma1.00,carbonscaler_budget,texas,75,0,395.0,20.3812,0.0
optionB_budget0.90_beta0.01_gamma1.00,carbonscaler_budget,texas,76,0,387.0,22.3649,38.2147
optionB_budget0.90_beta0.01_gamma1.00,carbonscaler_budget,texas,77,0,376.0,19.1267,35.3487
optionB_budget0.90_beta0.01_gamma1.00,carbonscaler_budget,texas,78,0,363.0,30.7259,32.2717
optionB_budget0.90_beta0.01_gamma1.00,carbonscaler_budget,texas,79,0,351.0,39.3837,27.5496
optionB_budget0.90_beta0.01_gamma1.00,carbonscaler_budget,texas,80,0,355.0,46.5555,46.829
optionB_budget0.90_beta0.01_gamma1.00,carbonscaler_budget,texas,81,0,362.0,35.974,35.4505
optionB_budget0.90_beta0.01_gamma1.00,carbonscaler_budget,texas,82,0,383.0,34.0064,57.6727
optionB_budget0.90_beta0.01_gamma1.00,carbonscaler_budget,texas,83,0,390.0,31.9067,26.548
optionB_budget0.90_beta0.01_gamma1.00,carbonscaler_budget,texas,84,0,368.0,34.962,5.3596
optionB_budget0.90_beta0.01_gamma1.00,carbonscaler_budget,texas,85,0,280.0,34.0586,35.4138
optionB_budget0.90_beta0.01_gamma1.00,carbonscaler_budget,texas,86,1,230.0,43.4345,47.6732
optionB_budget0.90_beta0.01_gamma1.00,carbonscaler_budget,texas,87,1,214.0,51.8063,41.0602
optionB_budget0.90_beta0.01_gamma1.00,carbonscaler_budget,texas,88,1,206.0,53.9044,54.4479
optionB_budget0.90_beta0.01_gamma1.00,carbonscaler_budget,texas,89,1,201.0,88.3612,76.3964
optionB_budget0.90_beta0.01_gamma1.00,carbonscaler_budget,texas,90,0,199.0,136.7502,141.8339
optionB_budget0.90_beta0.01_gamma1.00,carbonscaler_budget,texas,91,0,200.0,126.6723,117.884
optionB_budget0.90_beta0.01_gamma1.00,carbonscaler_budget,texas,92,1,209.0,76.3944,69.0769
optionB_budget0.90_beta0.01_gamma1.00,carbonscaler_budget,texas,93,1,220.0,47.4043,37.6151
optionB_budget0.90_beta0.01_gamma1.00,carbonscaler_budget,texas,94,0,232.0,39.7365,34.2156
optionB_budget0.90_beta0.01_gamma1.00,carbonscaler_budget,texas,95,0,266.0,27.425,15.5748
optionB_budget0.90_beta0.01_gamma1.00,carbonscaler_budget,texas,96,0,322.0,25.0826,47.2503
optionB_budget0.90_beta0.01_gamma1.00,carbonscaler_budget,texas,97,0,328.0,17.0995,24.4525
optionB_budget0.90_beta0.01_gamma1.00,carbonscaler_budget,texas,98,0,321.0,25.5646,17.0378
optionB_budget0.90_beta0.01_gamma1.00,carbonscaler_budget,texas,99,0,314.0,17.8473,12.5728
optionB_budget0.90_beta0.01_gamma1.00,carbonscaler_budget,texas,100,0,306.0,20.2266,20.265
optionB_budget0.90_beta0.01_gamma1.00,carbonscaler_budget,texas,101,0,293.0,25.3695,37.6186
optionB_budget0.90_beta0.01_gamma1.00,carbonscaler_budget,texas,102,0,279.0,46.1218,42.7089
optionB_budget0.90_beta0.01_gamma1.00,carbonscaler_budget,texas,103,0,269.0,42.5633,62.9481
optionB_budget0.90_beta0.01_gamma1.00,carbonscaler_budget,texas,104,0,265.0,43.3251,44.635
optionB_budget0.90_beta0.01_gamma1.00,carbonscaler_budget,texas,105,0,265.0,43.3409,36.1985
optionB_budget0.90_beta0.01_gamma1.00,carbonscaler_budget,texas,106,0,277.0,39.7885,35.6915
optionB_budget0.90_beta0.01_gamma1.00,carbonscaler_budget,texas,107,0,290.0,38.4195,54.5078
optionB_budget0.90_beta0.01_gamma1.00,carbonscaler_budget,texas,108,0,288.0,41.0196,58.5198
optionB_budget0.90_beta0.01_gamma1.00,carbonscaler_budget,texas,109,1,223.0,40.8977,42.5473
optionB_budget0.90_beta0.01_gamma1.00,carbonscaler_budget,texas,110,1,190.0,30.6921,267.8003
optionB_budget0.90_beta0.01_gamma1.00,carbonscaler_budget,texas,111,1,190.0,40.2258,59.8233
optionB_budget0.90_beta0.01_gamma1.00,carbonscaler_budget,texas,112,1,197.0,62.7982,57.4675
optionB_budget0.90_beta0.01_gamma1.00,carbonscaler_budget,texas,113,1,207.0,84.2836,92.8026
optionB_budget0.90_beta0.01_gamma1.00,carbonscaler_budget,texas,114,0,223.0,77.9912,70.2472
optionB_budget0.90_beta0.01_gamma1.00,carbonscaler_budget,texas,115,0,237.0,60.8673,71.062
optionB_budget0.90_beta0.01_gamma1.00,carbonscaler_budget,texas,116,0,242.0,52.0251,68.0758
optionB_budget0.90_beta0.01_gamma1.00,carbonscaler_budget,texas,117,0,243.0,32.9567,15.8549
optionB_budget0.90_beta0.01_gamma1.00,carbonscaler_budget,texas,118,0,275.0,25.6767,14.3177
optionB_budget0.90_beta0.01_gamma1.00,carbonscaler_budget,texas,119,0,294.0,18.2446,28.757
optionB_budget0.90_beta0.01_gamma1.00,carbonscaler_budget,texas,120,0,326.0,5.2222,38.4575
optionB_budget0.90_beta0.01_gamma1.00,carbonscaler_budget,texas,121,0,327.0,6.3899,0.0
optionB_budget0.90_beta0.01_gamma1.00,carbonscaler_budget,texas,122,0,323.0,1.2094,0.0
optionB_budget0.90_beta0.01_gamma1.00,carbonscaler_budget,texas,123,0,317.0,2.5663,19.9849
optionB_budget0.90_beta0.01_gamma1.00,carbonscaler_budget,texas,124,0,309.0,2.44,5.4982
optionB_budget0.90_beta0.01_gamma1.00,carbonscaler_budget,texas,125,0,297.0,6.3236,4.4277
optionB_budget0.90_beta0.01_gamma1.00,carbonscaler_budget,texas,126,0,284.0,0.0723,0.0
optionB_budget0.90_beta0.01_gamma1.00,carbonscaler_budget,texas,127,0,271.0,2.1025,10.9873
optionB_budget0.90_beta0.01_gamma1.00,carbonscaler_budget,texas,128,0,260.0,7.2852,2.7008
optionB_budget0.90_beta0.01_gamma1.00,carbonscaler_budget,texas,129,0,264.0,7.7837,0.0
optionB_budget0.90_beta0.01_gamma1.00,carbonscaler_budget,texas,130,0,263.0,7.3438,7.0744
optionB_budget0.90_beta0.01_gamma1.00,carbonscaler_budget,texas,131,0,283.0,68.1531,349.2377
optionB_budget0.90_beta0.01_gamma1.00,carbonscaler_budget,texas,132,0,290.0,7.7668,7.3921
optionB_budget0.90_beta0.01_gamma1.00,carbonscaler_budget,texas,133,0,263.0,21.6033,40.6759
optionB_budget0.90_beta0.01_gamma1.00,carbonscaler_budget,texas,134,0,245.0,27.8341,30.7104
optionB_budget0.90_beta0.01_gamma1.00,carbonscaler_budget,texas,135,0,227.0,78.3788,290.532
optionB_budget0.90_beta0.01_gamma1.00,carbonscaler_budget,texas,136,1,216.0,42.505,35.5581
optionB_budget0.90_beta0.01_gamma1.00,carbonscaler_budget,texas,137,1,217.0,58.3833,39.0562
optionB_budget0.90_beta0.01_gamma1.00,carbonscaler_budget,texas,138,0,239.0,65.7881,62.0908
optionB_budget0.90_beta0.01_gamma1.00,carbonscaler_budget,texas,139,0,264.0,58.9557,66.9049
optionB_budget0.90_beta0.01_gamma1.00,carbonscaler_budget,texas,140,0,268.0,53.3514,39.9203
optionB_budget0.90_beta0.01_gamma1.00,carbonscaler_budget,texas,141,0,279.0,44.3403,37.2205
optionB_budget0.90_beta0.01_gamma1.00,carbonscaler_budget,texas,142,0,289.0,29.2887,27.4594
optionB_budget0.90_beta0.01_gamma1.00,carbonscaler_budget,texas,143,0,298.0,24.2492,20.7722
optionB_budget0.90_beta0.01_gamma1.00,carbonscaler_budget,texas,144,0,379.0,13.5149,18.6664
optionB_budget0.90_beta0.01_gamma1.00,carbonscaler_budget,texas,145,0,422.0,14.6108,27.7585
optionB_budget0.90_beta0.01_gamma1.00,carbonscaler_budget,texas,146,0,427.0,14.7061,16.5099
optionB_budget0.90_beta0.01_gamma1.00,carbonscaler_budget,texas,147,0,430.0,13.4113,9.6439
optionB_budget0.90_beta0.01_gamma1.00,carbonscaler_budget,texas,148,0,424.0,17.8445,32.3596
optionB_budget0.90_beta0.01_gamma1.00,carbonscaler_budget,texas,149,0,403.0,21.4911,23.4308
optionB_budget0.90_beta0.01_gamma1.00,carbonscaler_budget,texas,150,0,399.0,28.0862,50.3212
optionB_budget0.90_beta0.01_gamma1.00,carbonscaler_budget,texas,151,0,395.0,32.9188,7.5227
optionB_budget0.90_beta0.01_gamma1.00,carbonscaler_budget,texas,152,0,398.0,25.434,18.3216
optionB_budget0.90_beta0.01_gamma1.00,carbonscaler_budget,texas,153,0,407.0,23.9134,22.3007
optionB_budget0.90_beta0.01_gamma1.00,carbonscaler_budget,texas,154,0,413.0,25.7573,38.1317
optionB_budget0.90_beta0.01_gamma1.00,carbonscaler_budget,texas,155,0,421.0,20.3674,2.4598
optionB_budget0.90_beta0.01_gamma1.00,carbonscaler_budget,texas,156,0,395.0,16.8689,0.0
optionB_budget0.90_beta0.01_gamma1.00,carbonscaler_budget,texas,157,0,245.0,18.549,30.6115
optionB_budget0.90_beta0.01_gamma1.00,carbonscaler_budget,texas,158,1,192.0,20.2695,21.8638
optionB_budget0.90_beta0.01_gamma1.00,carbonscaler_budget,texas,159,2,175.0,24.7179,22.8081
optionB_budget0.90_beta0.01_gamma1.00,carbonscaler_budget,texas,160,2,166.0,32.791,19.9428
optionB_budget0.90_beta0.01_gamma1.00,carbonscaler_budget,texas,161,2,173.0,57.6742,43.3433
optionB_budget0.90_beta0.01_gamma1.00,carbonscaler_budget,texas,162,1,174.0,71.8744,74.7083
optionB_budget0.90_beta0.01_gamma1.00,carbonscaler_budget,texas,163,1,184.0,79.4686,88.9617
optionB_budget0.90_beta0.01_gamma1.00,carbonscaler_budget,texas,164,1,192.0,62.1385,41.1144
optionB_budget0.90_beta0.01_gamma1.00,carbonscaler_budget,texas,165,1,206.0,53.9103,45.5056
optionB_budget0.90_beta0.01_gamma1.00,carbonscaler_budget,texas,166,1,225.0,37.0536,44.8039
optionB_budget0.90_beta0.01_gamma1.00,carbonscaler_budget,texas,167,0,300.0,23.9403,21.661
optionC_lambda0.50,carbonscaler_weighted,texas,0,1,340.0,2.7171,19.7835
optionC_lambda0.50,carbonscaler_weighted,texas,1,2,334.0,1.3449,0.0
optionC_lambda0.50,carbonscaler_weighted,texas,2,1,325.0,5.195,2.3688
optionC_lambda0.50,carbonscaler_weighted,texas,3,0,322.0,9.8611,10.1846
optionC_lambda0.50,carbonscaler_weighted,texas,4,0,304.0,11.8125,28.564
optionC_lambda0.50,carbonscaler_weighted,texas,5,0,293.0,19.294,23.3675
optionC_lambda0.50,carbonscaler_weighted,texas,6,0,284.0,36.2998,38.29
optionC_lambda0.50,carbonscaler_weighted,texas,7,0,290.0,27.5667,24.2296
optionC_lambda0.50,carbonscaler_weighted,texas,8,0,303.0,24.4315,29.0522
optionC_lambda0.50,carbonscaler_weighted,texas,9,0,301.0,28.8027,32.8135
optionC_lambda0.50,carbonscaler_weighted,texas,10,0,308.0,24.4636,346.7163
optionC_lambda0.50,carbonscaler_weighted,texas,11,0,336.0,33.6767,42.589
optionC_lambda0.50,carbonscaler_weighted,texas,12,0,335.0,39.1998,51.1686
optionC_lambda0.50,carbonscaler_weighted,texas,13,0,298.0,34.3063,49.4026
optionC_lambda0.50,carbonscaler_weighted,texas,14,0,277.0,39.569,59.8679
optionC_lambda0.50,carbonscaler_weighted,texas,15,0,263.0,42.2112,35.1634
optionC_lambda0.50,carbonscaler_weighted,texas,16,0,254.0,57.9068,60.3454
optionC_lambda0.50,carbonscaler_weighted,texas,17,0,255.0,80.1899,74.5939
optionC_lambda0.50,carbonscaler_weighted,texas,18,0,261.0,106.0488,109.2037
optionC_lambda0.50,carbonscaler_weighted,texas,19,0,268.0,132.8887,128.107
optionC_lambda0.50,carbonscaler_weighted,texas,20,0,271.0,82.9492,67.0797
optionC_lambda0.50,carbonscaler_weighted,texas,21,0,267.0,51.7139,56.594
optionC_lambda0.50,carbonscaler_weighted,texas,22,0,282.0,38.4622,42.51
optionC_lambda0.50,carbonscaler_weighted,texas,23,0,322.0,32.1526,19.0312
optionC_lambda0.50,carbonscaler_weighted,texas,24,0,350.0,27.1545,35.3576
optionC_lambda0.50,carbonscaler_weighted,texas,25,0,357.0,25.651,27.8965
optionC_lambda0.50,carbonscaler_weighted,texas,26,0,353.0,22.6984,32.4946
optionC_lambda0.50,carbonscaler_weighted,texas,27,0,344.0,20.159,14.3143
optionC_lambda0.50,carbonscaler_weighted,texas,28,0,332.0,25.3854,12.5368
optionC_lambda0.50,carbonscaler_weighted,texas,29,0,328.0,18.0291,7.9323
optionC_lambda0.50,carbonscaler_weighted,texas,30,0,321.0,37.5367,38.1242
optionC_lambda0.50,carbonscaler_weighted,texas,31,0,314.0,37.8823,59.8233
optionC_lambda0.50,carbonscaler_weighted,texas,32,0,309.0,39.1592,39.1137
optionC_lambda0.50,carbonscaler_weighted,texas,33,0,315.0,39.3607,23.0984
optionC_lambda0.50,carbonscaler_weighted,texas,34,0,316.0,33.5461,30.0204
optionC_lambda0.50,carbonscaler_weighted,texas,35,0,329.0,38.9839,42.4006
optionC_lambda0.50,carbonscaler_weighted,texas,36,0,338.0,37.4294,24.2808
optionC_lambda0.50,carbonscaler_weighted,texas,37,0,310.0,46.9012,48.6362
optionC_lambda0.50,carbonscaler_weighted,texas,38,0,287.0,47.7789,44.1446
optionC_lambda0.50,carbonscaler_weighted,texas,39,0,262.0,54.3735,57.7048
optionC_lambda0.50,carbonscaler_weighted,texas,40,0,249.0,65.643,68.6683
optionC_lambda0.50,carbonscaler_weighted,texas,41,0,231.0,105.9408,170.0045
optionC_lambda0.50,carbonscaler_weighted,texas,42,0,227.0,114.5104,133.0124
optionC_lambda0.50,carbonscaler_weighted,texas,43,0,230.0,101.7509,117.7481
optionC_lambda0.50,carbonscaler_weighted,texas,44,0,237.0,76.1179,93.6385
optionC_lambda0.50,carbonscaler_weighted,texas,45,0,263.0,51.1903,40.3689
optionC_lambda0.50,carbonscaler_weighted,texas,46,0,291.0,43.5465,51.2038
optionC_lambda0.50,carbonscaler_weighted,texas,47,0,321.0,34.4971,20.1495
optionC_lambda0.50,carbonscaler_weighted,texas,48,0,335.0,14.1867,0.0
optionC_lambda0.50,carbonscaler_weighted,texas,49,0,332.0,12.514,0.0
optionC_lambda0.50,carbonscaler_weighted,texas,50,0,335.0,18.1734,0.3184
optionC_lambda0.50,carbonscaler_weighted,texas,51,0,338.0,13.2219,3.6162
optionC_lambda0.50,carbonscaler_weighted,texas,52,0,335.0,14.8731,0.0
optionC_lambda0.50,carbonscaler_weighted,texas,53,0,329.0,21.9972,17.4564
optionC_lambda0.50,carbonscaler_weighted,texas,54,0,341.0,36.8532,22.2035
optionC_lambda0.50,carbonscaler_weighted,texas,55,0,337.0,39.3156,41.3215
optionC_lambda0.50,carbonscaler_weighted,texas,56,0,341.0,42.147,40.4768
optionC_lambda0.50,carbonscaler_weighted,texas,57,0,353.0,41.8353,44.7207
optionC_lambda0.50,carbonscaler_weighted,texas,58,0,374.0,34.4659,39.4489
optionC_lambda0.50,carbonscaler_weighted,texas,59,0,377.0,42.167,12.681
optionC_lambda0.50,carbonscaler_weighted,texas,60,0,375.0,42.8955,49.4809
optionC_lambda0.50,carbonscaler_weighted,texas,61,0,338.0,46.3812,38.699
optionC_lambda0.50,carbonscaler_weighted,texas,62,0,274.0,59.523,46.6407
optionC_lambda0.50,carbonscaler_weighted,texas,63,0,225.0,65.1294,70.1304
optionC_lambda0.50,carbonscaler_weighted,texas,64,0,212.0,140.0144,360.7781
optionC_lambda0.50,carbonscaler_weighted,texas,65,0,229.0,93.3096,87.9547
optionC_lambda0.50,carbonscaler_weighted,texas,66,0,241.0,129.2569,126.1099
optionC_lambda0.50,carbonscaler_weighted,texas,67,0,254.0,122.9289,109.0783
optionC_lambda0.50,carbonscaler_weighted,texas,68,0,265.0,75.3539,80.136
optionC_lambda0.50,carbonscaler_weighted,texas,69,0,282.0,53.4538,76.4252
optionC_lambda0.50,carbonscaler_weighted,texas,70,0,288.0,42.2364,69.2432
optionC_lambda0.50,carbonscaler_weighted,texas,71,0,303.0,33.4643,51.6772
optionC_lambda0.50,carbonscaler_weighted,texas,72,0,371.0,16.4338,12.6414
optionC_lambda0.50,carbonscaler_weighted,texas,73,0,403.0,17.3869,13.1691
optionC_lambda0.50,carbonscaler_weighted,texas,74,0,399.0,15.7237,12.5321
optionC_lambda0.50,carbonscaler_weighted,texas,75,0,395.0,20.3812,0.0
optionC_lambda0.50,carbonscaler_weighted,texas,76,0,387.0,22.3649,38.2147
optionC_lambda0.50,carbonscaler_weighted,texas,77,0,376.0,19.1267,35.3487
optionC_lambda0.50,carbonscaler_weighted,texas,78,0,363.0,30.7259,32.2717
optionC_lambda0.50,carbonscaler_weighted,texas,79,0,351.0,39.3837,27.5496
optionC_lambda0.50,carbonscaler_weighted,texas,80,0,355.0,46.5555,46.829
optionC_lambda0.50,carbonscaler_weighted,texas,81,0,362.0,35.974,35.4505
optionC_lambda0.50,carbonscaler_weighted,texas,82,0,383.0,34.0064,57.6727
optionC_lambda0.50,carbonscaler_weighted,texas,83,0,390.0,31.9067,26.548
optionC_lambda0.50,carbonscaler_weighted,texas,84,0,368.0,34.962,5.3596
optionC_lambda0.50,carbonscaler_weighted,texas,85,0,280.0,34.0586,35.4138
optionC_lambda0.50,carbonscaler_weighted,texas,86,0,230.0,43.4345,47.6732
optionC_lambda0.50,carbonscaler_weighted,texas,87,0,214.0,51.8063,41.0602
optionC_lambda0.50,carbonscaler_weighted,texas,88,0,206.0,53.9044,54.4479
optionC_lambda0.50,carbonscaler_weighted,texas,89,0,201.0,88.3612,76.3964
optionC_lambda0.50,carbonscaler_weighted,texas,90,0,199.0,136.7502,141.8339
optionC_lambda0.50,carbonscaler_weighted,texas,91,0,200.0,126.6723,117.884
optionC_lambda0.50,carbonscaler_weighted,texas,92,0,209.0,76.3944,69.0769
optionC_lambda0.50,carbonscaler_weighted,texas,93,0,220.0,47.4043,37.6151
optionC_lambda0.50,carbonscaler_weighted,texas,94,0,232.0,39.7365,34.2156
optionC_lambda0.50,carbonscaler_weighted,texas,95,0,266.0,27.425,15.5748
optionC_lambda0.50,carbonscaler_weighted,texas,96,0,322.0,25.0826,47.2503
optionC_lambda0.50,carbonscaler_weighted,texas,97,0,328.0,17.0995,24.4525
optionC_lambda0.50,carbonscaler_weighted,texas,98,0,321.0,25.5646,17.0378
optionC_lambda0.50,carbonscaler_weighted,texas,99,0,314.0,17.8473,12.5728
optionC_lambda0.50,carbonscaler_weighted,texas,100,0,306.0,20.2266,20.265
optionC_lambda0.50,carbonscaler_weighted,texas,101,0,293.0,25.3695,37.6186
optionC_lambda0.50,carbonscaler_weighted,texas,102,0,279.0,46.1218,42.7089
optionC_lambda0.50,carbonscaler_weighted,texas,103,0,269.0,42.5633,62.9481
optionC_lambda0.50,carbonscaler_weighted,texas,104,0,265.0,43.3251,44.635
optionC_lambda0.50,carbonscaler_weighted,texas,105,0,265.0,43.3409,36.1985
optionC_lambda0.50,carbonscaler_weighted,texas,106,0,277.0,39.7885,35.6915
optionC_lambda0.50,carbonscaler_weighted,texas,107,0,290.0,38.4195,54.5078
optionC_lambda0.50,carbonscaler_weighted,texas,108,0,288.0,41.0196,58.5198
optionC_lambda0.50,carbonscaler_weighted,texas,109,0,223.0,40.8977,42.5473
optionC_lambda0.50,carbonscaler_weighted,texas,110,0,190.0,30.6921,267.8003
optionC_lambda0.50,carbonscaler_weighted,texas,111,0,190.0,40.2258,59.8233
optionC_lambda0.50,carbonscaler_weighted,texas,112,0,197.0,62.7982,57.4675
optionC_lambda0.50,carbonscaler_weighted,texas,113,0,207.0,84.2836,92.8026
optionC_lambda0.50,carbonscaler_weighted,texas,114,0,223.0,77.9912,70.2472
optionC_lambda0.50,carbonscaler_weighted,texas,115,0,237.0,60.8673,71.062
optionC_lambda0.50,carbonscaler_weighted,texas,116,0,242.0,52.0251,68.0758
optionC_lambda0.50,carbonscaler_weighted,texas,117,0,243.0,32.9567,15.8549
optionC_lambda0.50,carbonscaler_weighted,texas,118,0,275.0,25.6767,14.3177
optionC_lambda0.50,carbonscaler_weighted,texas,119,0,294.0,18.2446,28.757
optionC_lambda0.50,carbonscaler_weighted,texas,120,1,326.0,5.2222,38.4575
optionC_lambda0.50,carbonscaler_weighted,texas,121,0,327.0,6.3899,0.0
optionC_lambda0.50,carbonscaler_weighted,texas,122,2,323.0,1.2094,0.0
optionC_lambda0.50,carbonscaler_weighted,texas,123,2,317.0,2.5663,19.9849
optionC_lambda0.50,carbonscaler_weighted,texas,124,2,309.0,2.44,5.4982
optionC_lambda0.50,carbonscaler_weighted,texas,125,2,297.0,6.3236,4.4277
optionC_lambda0.50,carbonscaler_weighted,texas,126,2,284.0,0.0723,0.0
optionC_lambda0.50,carbonscaler_weighted,texas,127,2,271.0,2.1025,10.9873
optionC_lambda0.50,carbonscaler_weighted,texas,128,2,260.0,7.2852,2.7008
optionC_lambda0.50,carbonscaler_weighted,texas,129,2,264.0,7.7837,0.0
optionC_lambda0.50,carbonscaler_weighted,texas,130,2,263.0,7.3438,7.0744
optionC_lambda0.50,carbonscaler_weighted,texas,131,0,283.0,68.1531,349.2377
optionC_lambda0.50,carbonscaler_weighted,texas,132,2,290.0,7.7668,7.3921
optionC_lambda0.50,carbonscaler_weighted,texas,133,0,263.0,21.6033,40.6759
optionC_lambda0.50,carbonscaler_weighted,texas,134,0,245.0,27.8341,30.7104
optionC_lambda0.50,carbonscaler_weighted,texas,135,0,227.0,78.3788,290.532
optionC_lambda0.50,carbonscaler_weighted,texas,136,0,216.0,42.505,35.5581
optionC_lambda0.50,carbonscaler_weighted,texas,137,0,217.0,58.3833,39.0562
optionC_lambda0.50,carbonscaler_weighted,texas,138,0,239.0,65.7881,62.0908
optionC_lambda0.50,carbonscaler_weighted,texas,139,0,264.0,58.9557,66.9049
optionC_lambda0.50,carbonscaler_weighted,texas,140,0,268.0,53.3514,39.9203
optionC_lambda0.50,carbonscaler_weighted,texas,141,0,279.0,44.3403,37.2205
optionC_lambda0.50,carbonscaler_weighted,texas,142,0,289.0,29.2887,27.4594
optionC_lambda0.50,carbonscaler_weighted,texas,143,0,298.0,24.2492,20.7722
optionC_lambda0.50,carbonscaler_weighted,texas,144,0,379.0,13.5149,18.6664
optionC_lambda0.50,carbonscaler_weighted,texas,145,0,422.0,14.6108,27.7585
optionC_lambda0.50,carbonscaler_weighted,texas,146,0,427.0,14.7061,16.5099
optionC_lambda0.50,carbonscaler_weighted,texas,147,0,430.0,13.4113,9.6439
optionC_lambda0.50,carbonscaler_weighted,texas,148,0,424.0,17.8445,32.3596
optionC_lambda0.50,carbonscaler_weighted,texas,149,0,403.0,21.4911,23.4308
optionC_lambda0.50,carbonscaler_weighted,texas,150,0,399.0,28.0862,50.3212
optionC_lambda0.50,carbonscaler_weighted,texas,151,0,395.0,32.9188,7.5227
optionC_lambda0.50,carbonscaler_weighted,texas,152,0,398.0,25.434,18.3216
optionC_lambda0.50,carbonscaler_weighted,texas,153,0,407.0,23.9134,22.3007
optionC_lambda0.50,carbonscaler_weighted,texas,154,0,413.0,25.7573,38.1317
optionC_lambda0.50,carbonscaler_weighted,texas,155,0,421.0,20.3674,2.4598
optionC_lambda0.50,carbonscaler_weighted,texas,156,0,395.0,16.8689,0.0
optionC_lambda0.50,carbonscaler_weighted,texas,157,0,245.0,18.549,30.6115
optionC_lambda0.50,carbonscaler_weighted,texas,158,1,192.0,20.2695,21.8638
optionC_lambda0.50,carbonscaler_weighted,texas,159,0,175.0,24.7179,22.8081
optionC_lambda0.50,carbonscaler_weighted,texas,160,0,166.0,32.791,19.9428
optionC_lambda0.50,carbonscaler_weighted,texas,161,0,173.0,57.6742,43.3433
optionC_lambda0.50,carbonscaler_weighted,texas,162,0,174.0,71.8744,74.7083
optionC_lambda0.50,carbonscaler_weighted,texas,163,0,184.0,79.4686,88.9617
optionC_lambda0.50,carbonscaler_weighted,texas,164,0,192.0,62.1385,41.1144
optionC_lambda0.50,carbonscaler_weighted,texas,165,0,206.0,53.9103,45.5056
optionC_lambda0.50,carbonscaler_weighted,texas,166,0,225.0,37.0536,44.8039
optionC_lambda0.50,carbonscaler_weighted,texas,167,0,300.0,23.9403,21.661
optionC_lambda0.60,carbonscaler_weighted,texas,0,0,340.0,2.7171,19.7835
optionC_lambda0.60,carbonscaler_weighted,texas,1,1,334.0,1.3449,0.0
optionC_lambda0.60,carbonscaler_weighted,texas,2,0,325.0,5.195,2.3688
optionC_lambda0.60,carbonscaler_weighted,texas,3,0,322.0,9.8611,10.1846
optionC_lambda0.60,carbonscaler_weighted,texas,4,0,304.0,11.8125,28.564
optionC_lambda0.60,carbonscaler_weighted,texas,5,0,293.0,19.294,23.3675
optionC_lambda0.60,carbonscaler_weighted,texas,6,0,284.0,36.2998,38.29
optionC_lambda0.60,carbonscaler_weighted,texas,7,0,290.0,27.5667,24.2296
optionC_lambda0.60,carbonscaler_weighted,texas,8,0,303.0,24.4315,29.0522
optionC_lambda0.60,carbonscaler_weighted,texas,9,0,301.0,28.8027,32.8135
optionC_lambda0.60,carbonscaler_weighted,texas,10,0,308.0,24.4636,346.7163
optionC_lambda0.60,carbonscaler_weighted,texas,11,0,336.0,33.6767,42.589
optionC_lambda0.60,carbonscaler_weighted,texas,12,0,335.0,39.1998,51.1686
optionC_lambda0.60,carbonscaler_weighted,texas,13,0,298.0,34.3063,49.4026
optionC_lambda0.60,carbonscaler_weighted,texas,14,0,277.0,39.569,59.8679
optionC_lambda0.60,carbonscaler_weighted,texas,15,0,263.0,42.2112,35.1634
optionC_lambda0.60,carbonscaler_weighted,texas,16,0,254.0,57.9068,60.3454
optionC_lambda0.60,carbonscaler_weighted,texas,17,0,255.0,80.1899,74.5939
optionC_lambda0.60,carbonscaler_weighted,texas,18,0,261.0,106.0488,109.2037
optionC_lambda0.60,carbonscaler_weighted,texas,19,0,268.0,132.8887,128.107
optionC_lambda0.60,carbonscaler_weighted,texas,20,0,271.0,82.9492,67.0797
optionC_lambda0.60,carbonscaler_weighted,texas,21,0,267.0,51.7139,56.594
optionC_lambda0.60,carbonscaler_weighted,texas,22,0,282.0,38.4622,42.51
optionC_lambda0.60,carbonscaler_weighted,texas,23,0,322.0,32.1526,19.0312
optionC_lambda0.60,carbonscaler_weighted,texas,24,0,350.0,27.1545,35.3576
optionC_lambda0.60,carbonscaler_weighted,texas,25,0,357.0,25.651,27.8965
optionC_lambda0.60,carbonscaler_weighted,texas,26,0,353.0,22.6984,32.4946
optionC_lambda0.60,carbonscaler_weighted,texas,27,0,344.0,20.159,14.3143
optionC_lambda0.60,carbonscaler_weighted,texas,28,0,332.0,25.3854,12.5368
optionC_lambda0.60,carbonscaler_weighted,texas,29,0,328.0,18.0291,7.9323
optionC_lambda0.60,carbonscaler_weighted,texas,30,0,321.0,37.5367,38.1242
optionC_lambda0.60,carbonscaler_weighted,texas,31,0,314.0,37.8823,59.8233
optionC_lambda0.60,carbonscaler_weighted,texas,32,0,309.0,39.1592,39.1137
optionC_lambda0.60,carbonscaler_weighted,texas,33,0,315.0,39.3607,23.0984
optionC_lambda0.60,carbonscaler_weighted,texas,34,0,316.0,33.5461,30.0204
optionC_lambda0.60,carbonscaler_weighted,texas,35,0,329.0,38.9839,42.4006
optionC_lambda0.60,carbonscaler_weighted,texas,36,0,338.0,37.4294,24.2808
optionC_lambda0.60,carbonscaler_weighted,texas,37,0,310.0,46.9012,48.6362
optionC_lambda0.60,carbonscaler_weighted,texas,38,0,287.0,47.7789,44.1446
optionC_lambda0.60,carbonscaler_weighted,texas,39,0,262.0,54.3735,57.7048
optionC_lambda0.60,carbonscaler_weighted,texas,40,0,249.0,65.643,68.6683
optionC_lambda0.60,carbonscaler_weighted,texas,41,0,231.0,105.9408,170.0045
optionC_lambda0.60,carbonscaler_weighted,texas,42,0,227.0,114.5104,133.0124
optionC_lambda0.60,carbonscaler_weighted,texas,43,0,230.0,101.7509,117.7481
optionC_lambda0.60,carbonscaler_weighted,texas,44,0,237.0,76.1179,93.6385
optionC_lambda0.60,carbonscaler_weighted,texas,45,0,263.0,51.1903,40.3689
optionC_lambda0.60,carbonscaler_weighted,texas,46,0,291.0,43.5465,51.2038
optionC_lambda0.60,carbonscaler_weighted,texas,47,0,321.0,34.4971,20.1495
optionC_lambda0.60,carbonscaler_weighted,texas,48,0,335.0,14.1867,0.0
optionC_lambda0.60,carbonscaler_weighted,texas,49,0,332.0,12.514,0.0
optionC_lambda0.60,carbonscaler_weighted,texas,50,0,335.0,18.1734,0.3184
optionC_lambda0.60,carbonscaler_weighted,texas,51,0,338.0,13.2219,3.6162
optionC_lambda0.60,carbonscaler_weighted,texas,52,0,335.0,14.8731,0.0
optionC_lambda0.60,carbonscaler_weighted,texas,53,0,329.0,21.9972,17.4564
optionC_lambda0.60,carbonscaler_weighted,texas,54,0,341.0,36.8532,22.2035
optionC_lambda0.60,carbonscaler_weighted,texas,55,0,337.0,39.3156,41.3215
optionC_lambda0.60,carbonscaler_weighted,texas,56,0,341.0,42.147,40.4768
optionC_lambda0.60,carbonscaler_weighted,texas,57,0,353.0,41.8353,44.7207
optionC_lambda0.60,carbonscaler_weighted,texas,58,0,374.0,34.4659,39.4489
optionC_lambda0.60,carbonscaler_weighted,texas,59,0,377.0,42.167,12.681
optionC_lambda0.60,carbonscaler_weighted,texas,60,0,375.0,42.8955,49.4809
optionC_lambda0.60,carbonscaler_weighted,texas,61,0,338.0,46.3812,38.699
optionC_lambda0.60,carbonscaler_weighted,texas,62,0,274.0,59.523,46.6407
optionC_lambda0.60,carbonscaler_weighted,texas,63,0,225.0,65.1294,70.1304
optionC_lambda0.60,carbonscaler_weighted,texas,64,0,212.0,140.0144,360.7781
optionC_lambda0.60,carbonscaler_weighted,texas,65,0,229.0,93.3096,87.9547
optionC_lambda0.60,carbonscaler_weighted,texas,66,0,241.0,129.2569,126.1099
optionC_lambda0.60,carbonscaler_weighted,texas,67,0,254.0,122.9289,109.0783
optionC_lambda0.60,carbonscaler_weighted,texas,68,0,265.0,75.3539,80.136
optionC_lambda0.60,carbonscaler_weighted,texas,69,0,282.0,53.4538,76.4252
optionC_lambda0.60,carbonscaler_weighted,texas,70,0,288.0,42.2364,69.2432
optionC_lambda0.60,carbonscaler_weighted,texas,71,0,303.0,33.4643,51.6772
optionC_lambda0.60,carbonscaler_weighted,texas,72,0,371.0,16.4338,12.6414
optionC_lambda0.60,carbonscaler_weighted,texas,73,0,403.0,17.3869,13.1691
optionC_lambda0.60,carbonscaler_weighted,texas,74,0,399.0,15.7237,12.5321
optionC_lambda0.60,carbonscaler_weighted,texas,75,0,395.0,20.3812,0.0
optionC_lambda0.60,carbonscaler_weighted,texas,76,0,387.0,22.3649,38.2147
optionC_lambda0.60,carbonscaler_weighted,texas,77,0,376.0,19.1267,35.3487
optionC_lambda0.60,carbonscaler_weighted,texas,78,0,363.0,30.7259,32.2717
optionC_lambda0.60,carbonscaler_weighted,texas,79,0,351.0,39.3837,27.5496
optionC_lambda0.60,carbonscaler_weighted,texas,80,0,355.0,46.5555,46.829
optionC_lambda0.60,carbonscaler_weighted,texas,81,0,362.0,35.974,35.4505
optionC_lambda0.60,carbonscaler_weighted,texas,82,0,383.0,34.0064,57.6727
optionC_lambda0.60,carbonscaler_weighted,texas,83,0,390.0,31.9067,26.548
optionC_lambda0.60,carbonscaler_weighted,texas,84,0,368.0,34.962,5.3596
optionC_lambda0.60,carbonscaler_weighted,texas,85,0,280.0,34.0586,35.4138
optionC_lambda0.60,carbonscaler_weighted,texas,86,0,230.0,43.4345,47.6732
optionC_lambda0.60,carbonscaler_weighted,texas,87,0,214.0,51.8063,41.0602
optionC_lambda0.60,carbonscaler_weighted,texas,88,0,206.0,53.9044,54.4479
optionC_lambda0.60,carbonscaler_weighted,texas,89,0,201.0,88.3612,76.3964
optionC_lambda0.60,carbonscaler_weighted,texas,90,0,199.0,136.7502,141.8339
optionC_lambda0.60,carbonscaler_weighted,texas,91,0,200.0,126.6723,117.884
optionC_lambda0.60,carbonscaler_weighted,texas,92,0,209.0,76.3944,69.0769
optionC_lambda0.60,carbonscaler_weighted,texas,93,0,220.0,47.4043,37.6151
optionC_lambda0.60,carbonscaler_weighted,texas,94,0,232.0,39.7365,34.2156
optionC_lambda0.60,carbonscaler_weighted,texas,95,0,266.0,27.425,15.5748
optionC_lambda0.60,carbonscaler_weighted,texas,96,0,322.0,25.0826,47.2503
optionC_lambda0.60,carbonscaler_weighted,texas,97,0,328.0,17.0995,24.4525
optionC_lambda0.60,carbonscaler_weighted,texas,98,0,321.0,25.5646,17.0378
optionC_lambda0.60,carbonscaler_weighted,texas,99,0,314.0,17.8473,12.5728
optionC_lambda0.60,carbonscaler_weighted,texas,100,0,306.0,20.2266,20.265
optionC_lambda0.60,carbonscaler_weighted,texas,101,0,293.0,25.3695,37.6186
optionC_lambda0.60,carbonscaler_weighted,texas,102,0,279.0,46.1218,42.7089
optionC_lambda0.60,carbonscaler_weighted,texas,103,0,269.0,42.5633,62.9481
optionC_lambda0.60,carbonscaler_weighted,texas,104,0,265.0,43.3251,44.635
optionC_lambda0.60,carbonscaler_weighted,texas,105,0,265.0,43.3409,36.1985
optionC_lambda0.60,carbonscaler_weighted,texas,106,0,277.0,39.7885,35.6915
optionC_lambda0.60,carbonscaler_weighted,texas,107,0,290.0,38.4195,54.5078
optionC_lambda0.60,carbonscaler_weighted,texas,108,0,288.0,41.0196,58.5198
optionC_lambda0.60,carbonscaler_weighted,texas,109,0,223.0,40.8977,42.5473
optionC_lambda0.60,carbonscaler_weighted,texas,110,0,190.0,30.6921,267.8003
optionC_lambda0.60,carbonscaler_weighted,texas,111,0,190.0,40.2258,59.8233
optionC_lambda0.60,carbonscaler_weighted,texas,112,0,197.0,62.7982,57.4675
optionC_lambda0.60,carbonscaler_weighted,texas,113,0,207.0,84.2836,92.8026
optionC_lambda0.60,carbonscaler_weighted,texas,114,0,223.0,77.9912,70.2472
optionC_lambda0.60,carbonscaler_weighted,texas,115,0,237.0,60.8673,71.062
optionC_lambda0.60,carbonscaler_weighted,texas,116,0,242.0,52.0251,68.0758
optionC_lambda0.60,carbonscaler_weighted,texas,117,0,243.0,32.9567,15.8549
optionC_lambda0.60,carbonscaler_weighted,texas,118,0,275.0,25.6767,14.3177
optionC_lambda0.60,carbonscaler_weighted,texas,119,0,294.0,18.2446,28.757
optionC_lambda0.60,carbonscaler_weighted,texas,120,0,326.0,5.2222,38.4575
optionC_lambda0.60,carbonscaler_weighted,texas,121,0,327.0,6.3899,0.0
optionC_lambda0.60,carbonscaler_weighted,texas,122,2,323.0,1.2094,0.0
optionC_lambda0.60,carbonscaler_weighted,texas,123,2,317.0,2.5663,19.9849
optionC_lambda0.60,carbonscaler_weighted,texas,124,2,309.0,2.44,5.4982
optionC_lambda0.60,carbonscaler_weighted,texas,125,2,297.0,6.3236,4.4277
optionC_lambda0.60,carbonscaler_weighted,texas,126,2,284.0,0.0723,0.0
optionC_lambda0.60,carbonscaler_weighted,texas,127,2,271.0,2.1025,10.9873
optionC_lambda0.60,carbonscaler_weighted,texas,128,2,260.0,7.2852,2.7008
optionC_lambda0.60,carbonscaler_weighted,texas,129,2,264.0,7.7837,0.0
optionC_lambda0.60,carbonscaler_weighted,texas,130,2,263.0,7.3438,7.0744
optionC_lambda0.60,carbonscaler_weighted,texas,131,0,283.0,68.1531,349.2377
optionC_lambda0.60,carbonscaler_weighted,texas,132,1,290.0,7.7668,7.3921
optionC_lambda0.60,carbonscaler_weighted,texas,133,0,263.0,21.6033,40.6759
optionC_lambda0.60,carbonscaler_weighted,texas,134,0,245.0,27.8341,30.7104
optionC_lambda0.60,carbonscaler_weighted,texas,135,0,227.0,78.3788,290.532
optionC_lambda0.60,carbonscaler_weighted,texas,136,0,216.0,42.505,35.5581
optionC_lambda0.60,carbonscaler_weighted,texas,137,0,217.0,58.3833,39.0562
optionC_lambda0.60,carbonscaler_weighted,texas,138,0,239.0,65.7881,62.0908
optionC_lambda0.60,carbonscaler_weighted,texas,139,0,264.0,58.9557,66.9049
optionC_lambda0.60,carbonscaler_weighted,texas,140,0,268.0,53.3514,39.9203
optionC_lambda0.60,carbonscaler_weighted,texas,141,0,279.0,44.3403,37.2205
optionC_lambda0.60,carbonscaler_weighted,texas,142,0,289.0,29.2887,27.4594
optionC_lambda0.60,carbonscaler_weighted,texas,143,0,298.0,24.2492,20.7722
optionC_lambda0.60,carbonscaler_weighted,texas,144,0,379.0,13.5149,18.6664
optionC_lambda0.60,carbonscaler_weighted,texas,145,0,422.0,14.6108,27.7585
optionC_lambda0.60,carbonscaler_weighted,texas,146,0,427.0,14.7061,16.5099
optionC_lambda0.60,carbonscaler_weighted,texas,147,0,430.0,13.4113,9.6439
optionC_lambda0.60,carbonscaler_weighted,texas,148,0,424.0,17.8445,32.3596
optionC_lambda0.60,carbonscaler_weighted,texas,149,0,403.0,21.4911,23.4308
optionC_lambda0.60,carbonscaler_weighted,texas,150,0,399.0,28.0862,50.3212
optionC_lambda0.60,carbonscaler_weighted,texas,151,0,395.0,32.9188,7.5227
optionC_lambda0.60,carbonscaler_weighted,texas,152,0,398.0,25.434,18.3216
optionC_lambda0.60,carbonscaler_weighted,texas,153,0,407.0,23.9134,22.3007
optionC_lambda0.60,carbonscaler_weighted,texas,154,0,413.0,25.7573,38.1317
optionC_lambda0.60,carbonscaler_weighted,texas,155,0,421.0,20.3674,2.4598
optionC_lambda0.60,carbonscaler_weighted,texas,156,0,395.0,16.8689,0.0
optionC_lambda0.60,carbonscaler_weighted,texas,157,1,245.0,18.549,30.6115
optionC_lambda0.60,carbonscaler_weighted,texas,158,2,192.0,20.2695,21.8638
optionC_lambda0.60,carbonscaler_weighted,texas,159,2,175.0,24.7179,22.8081
optionC_lambda0.60,carbonscaler_weighted,texas,160,1,166.0,32.791,19.9428
optionC_lambda0.60,carbonscaler_weighted,texas,161,0,173.0,57.6742,43.3433
optionC_lambda0.60,carbonscaler_weighted,texas,162,0,174.0,71.8744,74.7083
optionC_lambda0.60,carbonscaler_weighted,texas,163,0,184.0,79.4686,88.9617
optionC_lambda0.60,carbonscaler_weighted,texas,164,0,192.0,62.1385,41.1144
optionC_lambda0.60,carbonscaler_weighted,texas,165,0,206.0,53.9103,45.5056
optionC_lambda0.60,carbonscaler_weighted,texas,166,0,225.0,37.0536,44.8039
optionC_lambda0.60,carbonscaler_weighted,texas,167,0,300.0,23.9403,21.661
optionC_lambda0.70,carbonscaler_weighted,texas,0,0,340.0,2.7171,19.7835
optionC_lambda0.70,carbonscaler_weighted,texas,1,0,334.0,1.3449,0.0
optionC_lambda0.70,carbonscaler_weighted,texas,2,0,325.0,5.195,2.3688
optionC_lambda0.70,carbonscaler_weighted,texas,3,0,322.0,9.8611,10.1846
optionC_lambda0.70,carbonscaler_weighted,texas,4,0,304.0,11.8125,28.564
optionC_lambda0.70,carbonscaler_weighted,texas,5,0,293.0,19.294,23.3675
optionC_lambda0.70,carbonscaler_weighted,texas,6,0,284.0,36.2998,38.29
optionC_lambda0.70,carbonscaler_weighted,texas,7,0,290.0,27.5667,24.2296
optionC_lambda0.70,carbonscaler_weighted,texas,8,0,303.0,24.4315,29.0522
optionC_lambda0.70,carbonscaler_weighted,texas,9,0,301.0,28.8027,32.8135
optionC_lambda0.70,carbonscaler_weighted,texas,10,0,308.0,24.4636,346.7163
optionC_lambda0.70,carbonscaler_weighted,texas,11,0,336.0,33.6767,42.589
optionC_lambda0.70,carbonscaler_weighted,texas,12,0,335.0,39.1998,51.1686
optionC_lambda0.70,carbonscaler_weighted,texas,13,0,298.0,34.3063,49.4026
optionC_lambda0.70,carbonscaler_weighted,texas,14,0,277.0,39.569,59.8679
optionC_lambda0.70,carbonscaler_weighted,texas,15,0,263.0,42.2112,35.1634
optionC_lambda0.70,carbonscaler_weighted,texas,16,0,254.0,57.9068,60.3454
optionC_lambda0.70,carbonscaler_weighted,texas,17,0,255.0,80.1899,74.5939
optionC_lambda0.70,carbonscaler_weighted,texas,18,0,261.0,106.0488,109.2037
optionC_lambda0.70,carbonscaler_weighted,texas,19,0,268.0,132.8887,128.107
optionC_lambda0.70,carbonscaler_weighted,texas,20,0,271.0,82.9492,67.0797
optionC_lambda0.70,carbonscaler_weighted,texas,21,0,267.0,51.7139,56.594
optionC_lambda0.70,carbonscaler_weighted,texas,22,0,282.0,38.4622,42.51
optionC_lambda0.70,carbonscaler_weighted,texas,23,0,322.0,32.1526,19.0312
optionC_lambda0.70,carbonscaler_weighted,texas,24,0,350.0,27.1545,35.3576
optionC_lambda0.70,carbonscaler_weighted,texas,25,0,357.0,25.651,27.8965
optionC_lambda0.70,carbonscaler_weighted,texas,26,0,353.0,22.6984,32.4946
optionC_lambda0.70,carbonscaler_weighted,texas,27,0,344.0,20.159,14.3143
optionC_lambda0.70,carbonscaler_weighted,texas,28,0,332.0,25.3854,12.5368
optionC_lambda0.70,carbonscaler_weighted,texas,29,0,328.0,18.0291,7.9323
optionC_lambda0.70,carbonscaler_weighted,texas,30,0,321.0,37.5367,38.1242
optionC_lambda0.70,carbonscaler_weighted,texas,31,0,314.0,37.8823,59.8233
optionC_lambda0.70,carbonscaler_weighted,texas,32,0,309.0,39.1592,39.1137
optionC_lambda0.70,carbonscaler_weighted,texas,33,0,315.0,39.3607,23.0984
optionC_lambda0.70,carbonscaler_weighted,texas,34,0,316.0,33.5461,30.0204
optionC_lambda0.70,carbonscaler_weighted,texas,35,0,329.0,38.9839,42.4006
optionC_lambda0.70,carbonscaler_weighted,texas,36,0,338.0,37.4294,24.2808
optionC_lambda0.70,carbonscaler_weighted,texas,37,0,310.0,46.9012,48.6362
optionC_lambda0.70,carbonscaler_weighted,texas,38,0,287.0,47.7789,44.1446
optionC_lambda0.70,carbonscaler_weighted,texas,39,0,262.0,54.3735,57.7048
optionC_lambda0.70,carbonscaler_weighted,texas,40,0,249.0,65.643,68.6683
optionC_lambda0.70,carbonscaler_weighted,texas,41,0,231.0,105.9408,170.0045
optionC_lambda0.70,carbonscaler_weighted,texas,42,0,227.0,114.5104,133.0124
optionC_lambda0.70,carbonscaler_weighted,texas,43,0,230.0,101.7509,117.7481
optionC_lambda0.70,carbonscaler_weighted,texas,44,0,237.0,76.1179,93.6385
optionC_lambda0.70,carbonscaler_weighted,texas,45,0,263.0,51.1903,40.3689
optionC_lambda0.70,carbonscaler_weighted,texas,46,0,291.0,43.5465,51.2038
optionC_lambda0.70,carbonscaler_weighted,texas,47,0,321.0,34.4971,20.1495
optionC_lambda0.70,carbonscaler_weighted,texas,48,0,335.0,14.1867,0.0
optionC_lambda0.70,carbonscaler_weighted,texas,49,0,332.0,12.514,0.0
optionC_lambda0.70,carbonscaler_weighted,texas,50,0,335.0,18.1734,0.3184
optionC_lambda0.70,carbonscaler_weighted,texas,51,0,338.0,13.2219,3.6162
optionC_lambda0.70,carbonscaler_weighted,texas,52,0,335.0,14.8731,0.0
optionC_lambda0.70,carbonscaler_weighted,texas,53,0,329.0,21.9972,17.4564
optionC_lambda0.70,carbonscaler_weighted,texas,54,0,341.0,36.8532,22.2035
optionC_lambda0.70,carbonscaler_weighted,texas,55,0,337.0,39.3156,41.3215
optionC_lambda0.70,carbonscaler_weighted,texas,56,0,341.0,42.147,40.4768
optionC_lambda0.70,carbonscaler_weighted,texas,57,0,353.0,41.8353,44.7207
optionC_lambda0.70,carbonscaler_weighted,texas,58,0,374.0,34.4659,39.4489
optionC_lambda0.70,carbonscaler_weighted,texas,59,0,377.0,42.167,12.681
optionC_lambda0.70,carbonscaler_weighted,texas,60,0,375.0,42.8955,49.4809
optionC_lambda0.70,carbonscaler_weighted,texas,61,0,338.0,46.3812,38.699
optionC_lambda0.70,carbonscaler_weighted,texas,62,0,274.0,59.523,46.6407
optionC_lambda0.70,carbonscaler_weighted,texas,63,0,225.0,65.1294,70.1304
optionC_lambda0.70,carbonscaler_weighted,texas,64,0,212.0,140.0144,360.7781
optionC_lambda0.70,carbonscaler_weighted,texas,65,0,229.0,93.3096,87.9547
optionC_lambda0.70,carbonscaler_weighted,texas,66,0,241.0,129.2569,126.1099
optionC_lambda0.70,carbonscaler_weighted,texas,67,0,254.0,122.9289,109.0783
optionC_lambda0.70,carbonscaler_weighted,texas,68,0,265.0,75.3539,80.136
optionC_lambda0.70,carbonscaler_weighted,texas,69,0,282.0,53.4538,76.4252
optionC_lambda0.70,carbonscaler_weighted,texas,70,0,288.0,42.2364,69.2432
optionC_lambda0.70,carbonscaler_weighted,texas,71,0,303.0,33.4643,51.6772
optionC_lambda0.70,carbonscaler_weighted,texas,72,0,371.0,16.4338,12.6414
optionC_lambda0.70,carbonscaler_weighted,texas,73,0,403.0,17.3869,13.1691
optionC_lambda0.70,carbonscaler_weighted,texas,74,0,399.0,15.7237,12.5321
optionC_lambda0.70,carbonscaler_weighted,texas,75,0,395.0,20.3812,0.0
optionC_lambda0.70,carbonscaler_weighted,texas,76,0,387.0,22.3649,38.2147
optionC_lambda0.70,carbonscaler_weighted,texas,77,0,376.0,19.1267,35.3487
optionC_lambda0.70,carbonscaler_weighted,texas,78,0,363.0,30.7259,32.2717
optionC_lambda0.70,carbonscaler_weighted,texas,79,0,351.0,39.3837,27.5496
optionC_lambda0.70,carbonscaler_weighted,texas,80,0,355.0,46.5555,46.829
optionC_lambda0.70,carbonscaler_weighted,texas,81,0,362.0,35.974,35.4505
optionC_lambda0.70,carbonscaler_weighted,texas,82,0,383.0,34.0064,57.6727
optionC_lambda0.70,carbonscaler_weighted,texas,83,0,390.0,31.9067,26.548
optionC_lambda0.70,carbonscaler_weighted,texas,84,0,368.0,34.962,5.3596
optionC_lambda0.70,carbonscaler_weighted,texas,85,0,280.0,34.0586,35.4138
optionC_lambda0.70,carbonscaler_weighted,texas,86,0,230.0,43.4345,47.6732
optionC_lambda0.70,carbonscaler_weighted,texas,87,0,214.0,51.8063,41.0602
optionC_lambda0.70,carbonscaler_weighted,texas,88,0,206.0,53.9044,54.4479
optionC_lambda0.70,carbonscaler_weighted,texas,89,0,201.0,88.3612,76.3964
optionC_lambda0.70,carbonscaler_weighted,texas,90,0,199.0,136.7502,141.8339
optionC_lambda0.70,carbonscaler_weighted,texas,91,0,200.0,126.6723,117.884
optionC_lambda0.70,carbonscaler_weighted,texas,92,0,209.0,76.3944,69.0769
optionC_lambda0.70,carbonscaler_weighted,texas,93,0,220.0,47.4043,37.6151
optionC_lambda0.70,carbonscaler_weighted,texas,94,0,232.0,39.7365,34.2156
optionC_lambda0.70,carbonscaler_weighted,texas,95,0,266.0,27.425,15.5748
optionC_lambda0.70,carbonscaler_weighted,texas,96,0,322.0,25.0826,47.2503
optionC_lambda0.70,carbonscaler_weighted,texas,97,0,328.0,17.0995,24.4525
optionC_lambda0.70,carbonscaler_weighted,texas,98,0,321.0,25.5646,17.0378
optionC_lambda0.70,carbonscaler_weighted,texas,99,0,314.0,17.8473,12.5728
optionC_lambda0.70,carbonscaler_weighted,texas,100,0,306.0,20.2266,20.265
optionC_lambda0.70,carbonscaler_weighted,texas,101,0,293.0,25.3695,37.6186
optionC_lambda0.70,carbonscaler_weighted,texas,102,0,279.0,46.1218,42.7089
optionC_lambda0.70,carbonscaler_weighted,texas,103,0,269.0,42.5633,62.9481
optionC_lambda0.70,carbonscaler_weighted,texas,104,0,265.0,43.3251,44.635
optionC_lambda0.70,carbonscaler_weighted,texas,105,0,265.0,43.3409,36.1985
optionC_lambda0.70,carbonscaler_weighted,texas,106,0,277.0,39.7885,35.6915
optionC_lambda0.70,carbonscaler_weighted,texas,107,0,290.0,38.4195,54.5078
optionC_lambda0.70,carbonscaler_weighted,texas,108,0,288.0,41.0196,58.5198
optionC_lambda0.70,carbonscaler_weighted,texas,109,0,223.0,40.8977,42.5473
optionC_lambda0.70,carbonscaler_weighted,texas,110,2,190.0,30.6921,267.8003
optionC_lambda0.70,carbonscaler_weighted,texas,111,1,190.0,40.2258,59.8233
optionC_lambda0.70,carbonscaler_weighted,texas,112,0,197.0,62.7982,57.4675
optionC_lambda0.70,carbonscaler_weighted,texas,113,0,207.0,84.2836,92.8026
optionC_lambda0.70,carbonscaler_weighted,texas,114,0,223.0,77.9912,70.2472
optionC_lambda0.70,carbonscaler_weighted,texas,115,0,237.0,60.8673,71.062
optionC_lambda0.70,carbonscaler_weighted,texas,116,0,242.0,52.0251,68.0758
optionC_lambda0.70,carbonscaler_weighted,texas,117,0,243.0,32.9567,15.8549
optionC_lambda0.70,carbonscaler_weighted,texas,118,0,275.0,25.6767,14.3177
optionC_lambda0.70,carbonscaler_weighted,texas,119,0,294.0,18.2446,28.757
optionC_lambda0.70,carbonscaler_weighted,texas,120,0,326.0,5.2222,38.4575
optionC_lambda0.70,carbonscaler_weighted,texas,121,0,327.0,6.3899,0.0
optionC_lambda0.70,carbonscaler_weighted,texas,122,1,323.0,1.2094,0.0
optionC_lambda0.70,carbonscaler_weighted,texas,123,1,317.0,2.5663,19.9849
optionC_lambda0.70,carbonscaler_weighted,texas,124,1,309.0,2.44,5.4982
optionC_lambda0.70,carbonscaler_weighted,texas,125,1,297.0,6.3236,4.4277
optionC_lambda0.70,carbonscaler_weighted,texas,126,2,284.0,0.0723,0.0
optionC_lambda0.70,carbonscaler_weighted,texas,127,2,271.0,2.1025,10.9873
optionC_lambda0.70,carbonscaler_weighted,texas,128,2,260.0,7.2852,2.7008
optionC_lambda0.70,carbonscaler_weighted,texas,129,2,264.0,7.7837,0.0
optionC_lambda0.70,carbonscaler_weighted,texas,130,2,263.0,7.3438,7.0744
optionC_lambda0.70,carbonscaler_weighted,texas,131,0,283.0,68.1531,349.2377
optionC_lambda0.70,carbonscaler_weighted,texas,132,1,290.0,7.7668,7.3921
optionC_lambda0.70,carbonscaler_weighted,texas,133,0,263.0,21.6033,40.6759
optionC_lambda0.70,carbonscaler_weighted,texas,134,0,245.0,27.8341,30.7104
optionC_lambda0.70,carbonscaler_weighted,texas,135,0,227.0,78.3788,290.532
optionC_lambda0.70,carbonscaler_weighted,texas,136,0,216.0,42.505,35.5581
optionC_lambda0.70,carbonscaler_weighted,texas,137,0,217.0,58.3833,39.0562
optionC_lambda0.70,carbonscaler_weighted,texas,138,0,239.0,65.7881,62.0908
optionC_lambda0.70,carbonscaler_weighted,texas,139,0,264.0,58.9557,66.9049
optionC_lambda0.70,carbonscaler_weighted,texas,140,0,268.0,53.3514,39.9203
optionC_lambda0.70,carbonscaler_weighted,texas,141,0,279.0,44.3403,37.2205
optionC_lambda0.70,carbonscaler_weighted,texas,142,0,289.0,29.2887,27.4594
optionC_lambda0.70,carbonscaler_weighted,texas,143,0,298.0,24.2492,20.7722
optionC_lambda0.70,carbonscaler_weighted,texas,144,0,379.0,13.5149,18.6664
optionC_lambda0.70,carbonscaler_weighted,texas,145,0,422.0,14.6108,27.7585
optionC_lambda0.70,carbonscaler_weighted,texas,146,0,427.0,14.7061,16.5099
optionC_lambda0.70,carbonscaler_weighted,texas,147,0,430.0,13.4113,9.6439
optionC_lambda0.70,carbonscaler_weighted,texas,148,0,424.0,17.8445,32.3596
optionC_lambda0.70,carbonscaler_weighted,texas,149,0,403.0,21.4911,23.4308
optionC_lambda0.70,carbonscaler_weighted,texas,150,0,399.0,28.0862,50.3212
optionC_lambda0.70,carbonscaler_weighted,texas,151,0,395.0,32.9188,7.5227
optionC_lambda0.70,carbonscaler_weighted,texas,152,0,398.0,25.434,18.3216
optionC_lambda0.70,carbonscaler_weighted,texas,153,0,407.0,23.9134,22.3007
optionC_lambda0.70,carbonscaler_weighted,texas,154,0,413.0,25.7573,38.1317
optionC_lambda0.70,carbonscaler_weighted,texas,155,0,421.0,20.3674,2.4598
optionC_lambda0.70,carbonscaler_weighted,texas,156,0,395.0,16.8689,0.0
optionC_lambda0.70,carbonscaler_weighted,texas,157,2,245.0,18.549,30.6115
optionC_lambda0.70,carbonscaler_weighted,texas,158,2,192.0,20.2695,21.8638
optionC_lambda0.70,carbonscaler_weighted,texas,159,2,175.0,24.7179,22.8081
optionC_lambda0.70,carbonscaler_weighted,texas,160,2,166.0,32.791,19.9428
optionC_lambda0.70,carbonscaler_weighted,texas,161,0,173.0,57.6742,43.3433
optionC_lambda0.70,carbonscaler_weighted,texas,162,0,174.0,71.8744,74.7083
optionC_lambda0.70,carbonscaler_weighted,texas,163,0,184.0,79.4686,88.9617
optionC_lambda0.70,carbonscaler_weighted,texas,164,0,192.0,62.1385,41.1144
optionC_lambda0.70,carbonscaler_weighted,texas,165,0,206.0,53.9103,45.5056
optionC_lambda0.70,carbonscaler_weighted,texas,166,0,225.0,37.0536,44.8039
optionC_lambda0.70,carbonscaler_weighted,texas,167,0,300.0,23.9403,21.661
optionC_lambda0.80,carbonscaler_weighted,texas,0,0,340.0,2.7171,19.7835
optionC_lambda0.80,carbonscaler_weighted,texas,1,0,334.0,1.3449,0.0
optionC_lambda0.80,carbonscaler_weighted,texas,2,0,325.0,5.195,2.3688
optionC_lambda0.80,carbonscaler_weighted,texas,3,0,322.0,9.8611,10.1846
optionC_lambda0.80,carbonscaler_weighted,texas,4,0,304.0,11.8125,28.564
optionC_lambda0.80,carbonscaler_weighted,texas,5,0,293.0,19.294,23.3675
optionC_lambda0.80,carbonscaler_weighted,texas,6,0,284.0,36.2998,38.29
optionC_lambda0.80,carbonscaler_weighted,texas,7,0,290.0,27.5667,24.2296
optionC_lambda0.80,carbonscaler_weighted,texas,8,0,303.0,24.4315,29.0522
optionC_lambda0.80,carbonscaler_weighted,texas,9,0,301.0,28.8027,32.8135
optionC_lambda0.80,carbonscaler_weighted,texas,10,0,308.0,24.4636,346.7163
optionC_lambda0.80,carbonscaler_weighted,texas,11,0,336.0,33.6767,42.589
optionC_lambda0.80,carbonscaler_weighted,texas,12,0,335.0,39.1998,51.1686
optionC_lambda0.80,carbonscaler_weighted,texas,13,0,298.0,34.3063,49.4026
optionC_lambda0.80,carbonscaler_weighted,texas,14,0,277.0,39.569,59.8679
optionC_lambda0.80,carbonscaler_weighted,texas,15,0,263.0,42.2112,35.1634
optionC_lambda0.80,carbonscaler_weighted,texas,16,0,254.0,57.9068,60.3454
optionC_lambda0.80,carbonscaler_weighted,texas,17,0,255.0,80.1899,74.5939
optionC_lambda0.80,carbonscaler_weighted,texas,18,0,261.0,106.0488,109.2037
optionC_lambda0.80,carbonscaler_weighted,texas,19,0,268.0,132.8887,128.107
optionC_lambda0.80,carbonscaler_weighted,texas,20,0,271.0,82.9492,67.0797
optionC_lambda0.80,carbonscaler_weighted,texas,21,0,267.0,51.7139,56.594
optionC_lambda0.80,carbonscaler_weighted,texas,22,0,282.0,38.4622,42.51
optionC_lambda0.80,carbonscaler_weighted,texas,23,0,322.0,32.1526,19.0312
optionC_lambda0.80,carbonscaler_weighted,texas,24,0,350.0,27.1545,35.3576
optionC_lambda0.80,carbonscaler_weighted,texas,25,0,357.0,25.651,27.8965
optionC_lambda0.80,carbonscaler_weighted,texas,26,0,353.0,22.6984,32.4946
optionC_lambda0.80,carbonscaler_weighted,texas,27,0,344.0,20.159,14.3143
optionC_lambda0.80,carbonscaler_weighted,texas,28,0,332.0,25.3854,12.5368
optionC_lambda0.80,carbonscaler_weighted,texas,29,0,328.0,18.0291,7.9323
optionC_lambda0.80,carbonscaler_weighted,texas,30,0,321.0,37.5367,38.1242
optionC_lambda0.80,carbonscaler_weighted,texas,31,0,314.0,37.8823,59.8233
optionC_lambda0.80,carbonscaler_weighted,texas,32,0,309.0,39.1592,39.1137
optionC_lambda0.80,carbonscaler_weighted,texas,33,0,315.0,39.3607,23.0984
optionC_lambda0.80,carbonscaler_weighted,texas,34,0,316.0,33.5461,30.0204
optionC_lambda0.80,carbonscaler_weighted,texas,35,0,329.0,38.9839,42.4006
optionC_lambda0.80,carbonscaler_weighted,texas,36,0,338.0,37.4294,24.2808
optionC_lambda0.80,carbonscaler_weighted,texas,37,0,310.0,46.9012,48.6362
optionC_lambda0.80,carbonscaler_weighted,texas,38,0,287.0,47.7789,44.1446
optionC_lambda0.80,carbonscaler_weighted,texas,39,0,262.0,54.3735,57.7048
optionC_lambda0.80,carbonscaler_weighted,texas,40,0,249.0,65.643,68.6683
optionC_lambda0.80,carbonscaler_weighted,texas,41,0,231.0,105.9408,170.0045
optionC_lambda0.80,carbonscaler_weighted,texas,42,0,227.0,114.5104,133.0124
optionC_lambda0.80,carbonscaler_weighted,texas,43,0,230.0,101.7509,117.7481
optionC_lambda0.80,carbonscaler_weighted,texas,44,0,237.0,76.1179,93.6385
optionC_lambda0.80,carbonscaler_weighted,texas,45,0,263.0,51.1903,40.3689
optionC_lambda0.80,carbonscaler_weighted,texas,46,0,291.0,43.5465,51.2038
optionC_lambda0.80,carbonscaler_weighted,texas,47,0,321.0,34.4971,20.1495
optionC_lambda0.80,carbonscaler_weighted,texas,48,0,335.0,14.1867,0.0
optionC_lambda0.80,carbonscaler_weighted,texas,49,0,332.0,12.514,0.0
optionC_lambda0.80,carbonscaler_weighted,texas,50,0,335.0,18.1734,0.3184
optionC_lambda0.80,carbonscaler_weighted,texas,51,0,338.0,13.2219,3.6162
optionC_lambda0.80,carbonscaler_weighted,texas,52,0,335.0,14.8731,0.0
optionC_lambda0.80,carbonscaler_weighted,texas,53,0,329.0,21.9972,17.4564
optionC_lambda0.80,carbonscaler_weighted,texas,54,0,341.0,36.8532,22.2035
optionC_lambda0.80,carbonscaler_weighted,texas,55,0,337.0,39.3156,41.3215
optionC_lambda0.80,carbonscaler_weighted,texas,56,0,341.0,42.147,40.4768
optionC_lambda0.80,carbonscaler_weighted,texas,57,0,353.0,41.8353,44.7207
optionC_lambda0.80,carbonscaler_weighted,texas,58,0,374.0,34.4659,39.4489
optionC_lambda0.80,carbonscaler_weighted,texas,59,0,377.0,42.167,12.681
optionC_lambda0.80,carbonscaler_weighted,texas,60,0,375.0,42.8955,49.4809
optionC_lambda0.80,carbonscaler_weighted,texas,61,0,338.0,46.3812,38.699
optionC_lambda0.80,carbonscaler_weighted,texas,62,0,274.0,59.523,46.6407
optionC_lambda0.80,carbonscaler_weighted,texas,63,0,225.0,65.1294,70.1304
optionC_lambda0.80,carbonscaler_weighted,texas,64,0,212.0,140.0144,360.7781
optionC_lambda0.80,carbonscaler_weighted,texas,65,0,229.0,93.3096,87.9547
optionC_lambda0.80,carbonscaler_weighted,texas,66,0,241.0,129.2569,126.1099
optionC_lambda0.80,carbonscaler_weighted,texas,67,0,254.0,122.9289,109.0783
optionC_lambda0.80,carbonscaler_weighted,texas,68,0,265.0,75.3539,80.136
optionC_lambda0.80,carbonscaler_weighted,texas,69,0,282.0,53.4538,76.4252
optionC_lambda0.80,carbonscaler_weighted,texas,70,0,288.0,42.2364,69.2432
optionC_lambda0.80,carbonscaler_weighted,texas,71,0,303.0,33.4643,51.6772
optionC_lambda0.80,carbonscaler_weighted,texas,72,0,371.0,16.4338,12.6414
optionC_lambda0.80,carbonscaler_weighted,texas,73,0,403.0,17.3869,13.1691
optionC_lambda0.80,carbonscaler_weighted,texas,74,0,399.0,15.7237,12.5321
optionC_lambda0.80,carbonscaler_weighted,texas,75,0,395.0,20.3812,0.0
optionC_lambda0.80,carbonscaler_weighted,texas,76,0,387.0,22.3649,38.2147
optionC_lambda0.80,carbonscaler_weighted,texas,77,0,376.0,19.1267,35.3487
optionC_lambda0.80,carbonscaler_weighted,texas,78,0,363.0,30.7259,32.2717
optionC_lambda0.80,carbonscaler_weighted,texas,79,0,351.0,39.3837,27.5496
optionC_lambda0.80,carbonscaler_weighted,texas,80,0,355.0,46.5555,46.829
optionC_lambda0.80,carbonscaler_weighted,texas,81,0,362.0,35.974,35.4505
optionC_lambda0.80,carbonscaler_weighted,texas,82,0,383.0,34.0064,57.6727
optionC_lambda0.80,carbonscaler_weighted,texas,83,0,390.0,31.9067,26.548
optionC_lambda0.80,carbonscaler_weighted,texas,84,0,368.0,34.962,5.3596
optionC_lambda0.80,carbonscaler_weighted,texas,85,0,280.0,34.0586,35.4138
optionC_lambda0.80,carbonscaler_weighted,texas,86,0,230.0,43.4345,47.6732
optionC_lambda0.80,carbonscaler_weighted,texas,87,0,214.0,51.8063,41.0602
optionC_lambda0.80,carbonscaler_weighted,texas,88,0,206.0,53.9044,54.4479
optionC_lambda0.80,carbonscaler_weighted,texas,89,0,201.0,88.3612,76.3964
optionC_lambda0.80,carbonscaler_weighted,texas,90,0,199.0,136.7502,141.8339
optionC_lambda0.80,carbonscaler_weighted,texas,91,0,200.0,126.6723,117.884
optionC_lambda0.80,carbonscaler_weighted,texas,92,0,209.0,76.3944,69.0769
optionC_lambda0.80,carbonscaler_weighted,texas,93,0,220.0,47.4043,37.6151
optionC_lambda0.80,carbonscaler_weighted,texas,94,0,232.0,39.7365,34.2156
optionC_lambda0.80,carbonscaler_weighted,texas,95,0,266.0,27.425,15.5748
optionC_lambda0.80,carbonscaler_weighted,texas,96,0,322.0,25.0826,47.2503
optionC_lambda0.80,carbonscaler_weighted,texas,97,0,328.0,17.0995,24.4525
optionC_lambda0.80,carbonscaler_weighted,texas,98,0,321.0,25.5646,17.0378
optionC_lambda0.80,carbonscaler_weighted,texas,99,0,314.0,17.8473,12.5728
optionC_lambda0.80,carbonscaler_weighted,texas,100,0,306.0,20.2266,20.265
optionC_lambda0.80,carbonscaler_weighted,texas,101,0,293.0,25.3695,37.6186
optionC_lambda0.80,carbonscaler_weighted,texas,102,0,279.0,46.1218,42.7089
optionC_lambda0.80,carbonscaler_weighted,texas,103,0,269.0,42.5633,62.9481
optionC_lambda0.80,carbonscaler_weighted,texas,104,0,265.0,43.3251,44.635
optionC_lambda0.80,carbonscaler_weighted,texas,105,0,265.0,43.3409,36.1985
optionC_lambda0.80,carbonscaler_weighted,texas,106,0,277.0,39.7885,35.6915
optionC_lambda0.80,carbonscaler_weighted,texas,107,0,290.0,38.4195,54.5078
optionC_lambda0.80,carbonscaler_weighted,texas,108,0,288.0,41.0196,58.5198
optionC_lambda0.80,carbonscaler_weighted,texas,109,0,223.0,40.8977,42.5473
optionC_lambda0.80,carbonscaler_weighted,texas,110,2,190.0,30.6921,267.8003
optionC_lambda0.80,carbonscaler_weighted,texas,111,2,190.0,40.2258,59.8233
optionC_lambda0.80,carbonscaler_weighted,texas,112,0,197.0,62.7982,57.4675
optionC_lambda0.80,carbonscaler_weighted,texas,113,0,207.0,84.2836,92.8026
optionC_lambda0.80,carbonscaler_weighted,texas,114,0,223.0,77.9912,70.2472
optionC_lambda0.80,carbonscaler_weighted,texas,115,0,237.0,60.8673,71.062
optionC_lambda0.80,carbonscaler_weighted,texas,116,0,242.0,52.0251,68.0758
optionC_lambda0.80,carbonscaler_weighted,texas,117,0,243.0,32.9567,15.8549
optionC_lambda0.80,carbonscaler_weighted,texas,118,0,275.0,25.6767,14.3177
optionC_lambda0.80,carbonscaler_weighted,texas,119,0,294.0,18.2446,28.757
optionC_lambda0.80,carbonscaler_weighted,texas,120,0,326.0,5.2222,38.4575
optionC_lambda0.80,carbonscaler_weighted,texas,121,0,327.0,6.3899,0.0
optionC_lambda0.80,carbonscaler_weighted,texas,122,0,323.0,1.2094,0.0
optionC_lambda0.80,carbonscaler_weighted,texas,123,0,317.0,2.5663,19.9849
optionC_lambda0.80,carbonscaler_weighted,texas,124,0,309.0,2.44,5.4982
optionC_lambda0.80,carbonscaler_weighted,texas,125,0,297.0,6.3236,4.4277
optionC_lambda0.80,carbonscaler_weighted,texas,126,2,284.0,0.0723,0.0
optionC_lambda0.80,carbonscaler_weighted,texas,127,2,271.0,2.1025,10.9873
optionC_lambda0.80,carbonscaler_weighted,texas,128,2,260.0,7.2852,2.7008
optionC_lambda0.80,carbonscaler_weighted,texas,129,2,264.0,7.7837,0.0
optionC_lambda0.80,carbonscaler_weighted,texas,130,2,263.0,7.3438,7.0744
optionC_lambda0.80,carbonscaler_weighted,texas,131,0,283.0,68.1531,349.2377
optionC_lambda0.80,carbonscaler_weighted,texas,132,0,290.0,7.7668,7.3921
optionC_lambda0.80,carbonscaler_weighted,texas,133,0,263.0,21.6033,40.6759
optionC_lambda0.80,carbonscaler_weighted,texas,134,1,245.0,27.8341,30.7104
optionC_lambda0.80,carbonscaler_weighted,texas,135,0,227.0,78.3788,290.532
optionC_lambda0.80,carbonscaler_weighted,texas,136,1,216.0,42.505,35.5581
optionC_lambda0.80,carbonscaler_weighted,texas,137,0,217.0,58.3833,39.0562
optionC_lambda0.80,carbonscaler_weighted,texas,138,0,239.0,65.7881,62.0908
optionC_lambda0.80,carbonscaler_weighted,texas,139,0,264.0,58.9557,66.9049
optionC_lambda0.80,carbonscaler_weighted,texas,140,0,268.0,53.3514,39.9203
optionC_lambda0.80,carbonscaler_weighted,texas,141,0,279.0,44.3403,37.2205
optionC_lambda0.80,carbonscaler_weighted,texas,142,0,289.0,29.2887,27.4594
optionC_lambda0.80,carbonscaler_weighted,texas,143,0,298.0,24.2492,20.7722
optionC_lambda0.80,carbonscaler_weighted,texas,144,0,379.0,13.5149,18.6664
optionC_lambda0.80,carbonscaler_weighted,texas,145,0,422.0,14.6108,27.7585
optionC_lambda0.80,carbonscaler_weighted,texas,146,0,427.0,14.7061,16.5099
optionC_lambda0.80,carbonscaler_weighted,texas,147,0,430.0,13.4113,9.6439
optionC_lambda0.80,carbonscaler_weighted,texas,148,0,424.0,17.8445,32.3596
optionC_lambda0.80,carbonscaler_weighted,texas,149,0,403.0,21.4911,23.4308
optionC_lambda0.80,carbonscaler_weighted,texas,150,0,399.0,28.0862,50.3212
optionC_lambda0.80,carbonscaler_weighted,texas,151,0,395.0,32.9188,7.5227
optionC_lambda0.80,carbonscaler_weighted,texas,152,0,398.0,25.434,18.3216
optionC_lambda0.80,carbonscaler_weighted,texas,153,0,407.0,23.9134,22.3007
optionC_lambda0.80,carbonscaler_weighted,texas,154,0,413.0,25.7573,38.1317
optionC_lambda0.80,carbonscaler_weighted,texas,155,0,421.0,20.3674,2.4598
optionC_lambda0.80,carbonscaler_weighted,texas,156,0,395.0,16.8689,0.0
optionC_lambda0.80,carbonscaler_weighted,texas,157,2,245.0,18.549,30.6115
optionC_lambda0.80,carbonscaler_weighted,texas,158,2,192.0,20.2695,21.8638
optionC_lambda0.80,carbonscaler_weighted,texas,159,2,175.0,24.7179,22.8081
optionC_lambda0.80,carbonscaler_weighted,texas,160,2,166.0,32.791,19.9428
optionC_lambda0.80,carbonscaler_weighted,texas,161,1,173.0,57.6742,43.3433
optionC_lambda0.80,carbonscaler_weighted,texas,162,0,174.0,71.8744,74.7083
optionC_lambda0.80,carbonscaler_weighted,texas,163,0,184.0,79.4686,88.9617
optionC_lambda0.80,carbonscaler_weighted,texas,164,0,192.0,62.1385,41.1144
optionC_lambda0.80,carbonscaler_weighted,texas,165,0,206.0,53.9103,45.5056
optionC_lambda0.80,carbonscaler_weighted,texas,166,1,225.0,37.0536,44.8039
optionC_lambda0.80,carbonscaler_weighted,texas,167,0,300.0,23.9403,21.661
optionC_lambda0.90,carbonscaler_weighted,texas,0,0,340.0,2.7171,19.7835
optionC_lambda0.90,carbonscaler_weighted,texas,1,0,334.0,1.3449,0.0
optionC_lambda0.90,carbonscaler_weighted,texas,2,0,325.0,5.195,2.3688
optionC_lambda0.90,carbonscaler_weighted,texas,3,0,322.0,9.8611,10.1846
optionC_lambda0.90,carbonscaler_weighted,texas,4,0,304.0,11.8125,28.564
optionC_lambda0.90,carbonscaler_weighted,texas,5,0,293.0,19.294,23.3675
optionC_lambda0.90,carbonscaler_weighted,texas,6,0,284.0,36.2998,38.29
optionC_lambda0.90,carbonscaler_weighted,texas,7,0,290.0,27.5667,24.2296
optionC_lambda0.90,carbonscaler_weighted,texas,8,0,303.0,24.4315,29.0522
optionC_lambda0.90,carbonscaler_weighted,texas,9,0,301.0,28.8027,32.8135
optionC_lambda0.90,carbonscaler_weighted,texas,10,0,308.0,24.4636,346.7163
optionC_lambda0.90,carbonscaler_weighted,texas,11,0,336.0,33.6767,42.589
optionC_lambda0.90,carbonscaler_weighted,texas,12,0,335.0,39.1998,51.1686
optionC_lambda0.90,carbonscaler_weighted,texas,13,0,298.0,34.3063,49.4026
optionC_lambda0.90,carbonscaler_weighted,texas,14,0,277.0,39.569,59.8679
optionC_lambda0.90,carbonscaler_weighted,texas,15,0,263.0,42.2112,35.1634
optionC_lambda0.90,carbonscaler_weighted,texas,16,0,254.0,57.9068,60.3454
optionC_lambda0.90,carbonscaler_weighted,texas,17,0,255.0,80.1899,74.5939
optionC_lambda0.90,carbonscaler_weighted,texas,18,0,261.0,106.0488,109.2037
optionC_lambda0.90,carbonscaler_weighted,texas,19,0,268.0,132.8887,128.107
optionC_lambda0.90,carbonscaler_weighted,texas,20,0,271.0,82.9492,67.0797
optionC_lambda0.90,carbonscaler_weighted,texas,21,0,267.0,51.7139,56.594
optionC_lambda0.90,carbonscaler_weighted,texas,22,0,282.0,38.4622,42.51
optionC_lambda0.90,carbonscaler_weighted,texas,23,0,322.0,32.1526,19.0312
optionC_lambda0.90,carbonscaler_weighted,texas,24,0,350.0,27.1545,35.3576
optionC_lambda0.90,carbonscaler_weighted,texas,25,0,357.0,25.651,27.8965
optionC_lambda0.90,carbonscaler_weighted,texas,26,0,353.0,22.6984,32.4946
optionC_lambda0.90,carbonscaler_weighted,texas,27,0,344.0,20.159,14.3143
optionC_lambda0.90,carbonscaler_weighted,texas,28,0,332.0,25.3854,12.5368
optionC_lambda0.90,carbonscaler_weighted,texas,29,0,328.0,18.0291,7.9323
optionC_lambda0.90,carbonscaler_weighted,texas,30,0,321.0,37.5367,38.1242
optionC_lambda0.90,carbonscaler_weighted,texas,31,0,314.0,37.8823,59.8233
optionC_lambda0.90,carbonscaler_weighted,texas,32,0,309.0,39.1592,39.1137
optionC_lambda0.90,carbonscaler_weighted,texas,33,0,315.0,39.3607,23.0984
optionC_lambda0.90,carbonscaler_weighted,texas,34,0,316.0,33.5461,30.0204
optionC_lambda0.90,carbonscaler_weighted,texas,35,0,329.0,38.9839,42.4006
optionC_lambda0.90,carbonscaler_weighted,texas,36,0,338.0,37.4294,24.2808
optionC_lambda0.90,carbonscaler_weighted,texas,37,0,310.0,46.9012,48.6362
optionC_lambda0.90,carbonscaler_weighted,texas,38,0,287.0,47.7789,44.1446
optionC_lambda0.90,carbonscaler_weighted,texas,39,0,262.0,54.3735,57.7048
optionC_lambda0.90,carbonscaler_weighted,texas,40,0,249.0,65.643,68.6683
optionC_lambda0.90,carbonscaler_weighted,texas,41,0,231.0,105.9408,170.0045
optionC_lambda0.90,carbonscaler_weighted,texas,42,0,227.0,114.5104,133.0124
optionC_lambda0.90,carbonscaler_weighted,texas,43,0,230.0,101.7509,117.7481
optionC_lambda0.90,carbonscaler_weighted,texas,44,0,237.0,76.1179,93.6385
optionC_lambda0.90,carbonscaler_weighted,texas,45,0,263.0,51.1903,40.3689
optionC_lambda0.90,carbonscaler_weighted,texas,46,0,291.0,43.5465,51.2038
optionC_lambda0.90,carbonscaler_weighted,texas,47,0,321.0,34.4971,20.1495
optionC_lambda0.90,carbonscaler_weighted,texas,48,0,335.0,14.1867,0.0
optionC_lambda0.90,carbonscaler_weighted,texas,49,0,332.0,12.514,0.0
optionC_lambda0.90,carbonscaler_weighted,texas,50,0,335.0,18.1734,0.3184
optionC_lambda0.90,carbonscaler_weighted,texas,51,0,338.0,13.2219,3.6162
optionC_lambda0.90,carbonscaler_weighted,texas,52,0,335.0,14.8731,0.0
optionC_lambda0.90,carbonscaler_weighted,texas,53,0,329.0,21.9972,17.4564
optionC_lambda0.90,carbonscaler_weighted,texas,54,0,341.0,36.8532,22.2035
optionC_lambda0.90,carbonscaler_weighted,texas,55,0,337.0,39.3156,41.3215
optionC_lambda0.90,carbonscaler_weighted,texas,56,0,341.0,42.147,40.4768
optionC_lambda0.90,carbonscaler_weighted,texas,57,0,353.0,41.8353,44.7207
optionC_lambda0.90,carbonscaler_weighted,texas,58,0,374.0,34.4659,39.4489
optionC_lambda0.90,carbonscaler_weighted,texas,59,0,377.0,42.167,12.681
optionC_lambda0.90,carbonscaler_weighted,texas,60,0,375.0,42.8955,49.4809
optionC_lambda0.90,carbonscaler_weighted,texas,61,0,338.0,46.3812,38.699
optionC_lambda0.90,carbonscaler_weighted,texas,62,0,274.0,59.523,46.6407
optionC_lambda0.90,carbonscaler_weighted,texas,63,0,225.0,65.1294,70.1304
optionC_lambda0.90,carbonscaler_weighted,texas,64,0,212.0,140.0144,360.7781
optionC_lambda0.90,carbonscaler_weighted,texas,65,0,229.0,93.3096,87.9547
optionC_lambda0.90,carbonscaler_weighted,texas,66,0,241.0,129.2569,126.1099
optionC_lambda0.90,carbonscaler_weighted,texas,67,0,254.0,122.9289,109.0783
optionC_lambda0.90,carbonscaler_weighted,texas,68,0,265.0,75.3539,80.136
optionC_lambda0.90,carbonscaler_weighted,texas,69,0,282.0,53.4538,76.4252
optionC_lambda0.90,carbonscaler_weighted,texas,70,0,288.0,42.2364,69.2432
optionC_lambda0.90,carbonscaler_weighted,texas,71,0,303.0,33.4643,51.6772
optionC_lambda0.90,carbonscaler_weighted,texas,72,0,371.0,16.4338,12.6414
optionC_lambda0.90,carbonscaler_weighted,texas,73,0,403.0,17.3869,13.1691
optionC_lambda0.90,carbonscaler_weighted,texas,74,0,399.0,15.7237,12.5321
optionC_lambda0.90,carbonscaler_weighted,texas,75,0,395.0,20.3812,0.0
optionC_lambda0.90,carbonscaler_weighted,texas,76,0,387.0,22.3649,38.2147
optionC_lambda0.90,carbonscaler_weighted,texas,77,0,376.0,19.1267,35.3487
optionC_lambda0.90,carbonscaler_weighted,texas,78,0,363.0,30.7259,32.2717
optionC_lambda0.90,carbonscaler_weighted,texas,79,0,351.0,39.3837,27.5496
optionC_lambda0.90,carbonscaler_weighted,texas,80,0,355.0,46.5555,46.829
optionC_lambda0.90,carbonscaler_weighted,texas,81,0,362.0,35.974,35.4505
optionC_lambda0.90,carbonscaler_weighted,texas,82,0,383.0,34.0064,57.6727
optionC_lambda0.90,carbonscaler_weighted,texas,83,0,390.0,31.9067,26.548
optionC_lambda0.90,carbonscaler_weighted,texas,84,0,368.0,34.962,5.3596
optionC_lambda0.90,carbonscaler_weighted,texas,85,0,280.0,34.0586,35.4138
optionC_lambda0.90,carbonscaler_weighted,texas,86,0,230.0,43.4345,47.6732
optionC_lambda0.90,carbonscaler_weighted,texas,87,1,214.0,51.8063,41.0602
optionC_lambda0.90,carbonscaler_weighted,texas,88,1,206.0,53.9044,54.4479
optionC_lambda0.90,carbonscaler_weighted,texas,89,0,201.0,88.3612,76.3964
optionC_lambda0.90,carbonscaler_weighted,texas,90,0,199.0,136.7502,141.8339
optionC_lambda0.90,carbonscaler_weighted,texas,91,0,200.0,126.6723,117.884
optionC_lambda0.90,carbonscaler_weighted,texas,92,0,209.0,76.3944,69.0769
optionC_lambda0.90,carbonscaler_weighted,texas,93,1,220.0,47.4043,37.6151
optionC_lambda0.90,carbonscaler_weighted,texas,94,0,232.0,39.7365,34.2156
optionC_lambda0.90,carbonscaler_weighted,texas,95,0,266.0,27.425,15.5748
optionC_lambda0.90,carbonscaler_weighted,texas,96,0,322.0,25.0826,47.2503
optionC_lambda0.90,carbonscaler_weighted,texas,97,0,328.0,17.0995,24.4525
optionC_lambda0.90,carbonscaler_weighted,texas,98,0,321.0,25.5646,17.0378
optionC_lambda0.90,carbonscaler_weighted,texas,99,0,314.0,17.8473,12.5728
optionC_lambda0.90,carbonscaler_weighted,texas,100,0,306.0,20.2266,20.265
optionC_lambda0.90,carbonscaler_weighted,texas,101,0,293.0,25.3695,37.6186
optionC_lambda0.90,carbonscaler_weighted,texas,102,0,279.0,46.1218,42.7089
optionC_lambda0.90,carbonscaler_weighted,texas,103,0,269.0,42.5633,62.9481
optionC_lambda0.90,carbonscaler_weighted,texas,104,0,265.0,43.3251,44.635
optionC_lambda0.90,carbonscaler_weighted,texas,105,0,265.0,43.3409,36.1985
optionC_lambda0.90,carbonscaler_weighted,texas,106,0,277.0,39.7885,35.6915
optionC_lambda0.90,carbonscaler_weighted,texas,107,0,290.0,38.4195,54.5078
optionC_lambda0.90,carbonscaler_weighted,texas,108,0,288.0,41.0196,58.5198
optionC_lambda0.90,carbonscaler_weighted,texas,109,1,223.0,40.8977,42.5473
optionC_lambda0.90,carbonscaler_weighted,texas,110,2,190.0,30.6921,267.8003
optionC_lambda0.90,carbonscaler_weighted,texas,111,2,190.0,40.2258,59.8233
optionC_lambda0.90,carbonscaler_weighted,texas,112,1,197.0,62.7982,57.4675
optionC_lambda0.90,carbonscaler_weighted,texas,113,0,207.0,84.2836,92.8026
optionC_lambda0.90,carbonscaler_weighted,texas,114,0,223.0,77.9912,70.2472
optionC_lambda0.90,carbonscaler_weighted,texas,115,0,237.0,60.8673,71.062
optionC_lambda0.90,carbonscaler_weighted,texas,116,0,242.0,52.0251,68.0758
optionC_lambda0.90,carbonscaler_weighted,texas,117,0,243.0,32.9567,15.8549
optionC_lambda0.90,carbonscaler_weighted,texas,118,0,275.0,25.6767,14.3177
optionC_lambda0.90,carbonscaler_weighted,texas,119,0,294.0,18.2446,28.757
optionC_lambda0.90,carbonscaler_weighted,texas,120,0,326.0,5.2222,38.4575
optionC_lambda0.90,carbonscaler_weighted,texas,121,0,327.0,6.3899,0.0
optionC_lambda0.90,carbonscaler_weighted,texas,122,0,323.0,1.2094,0.0
optionC_lambda0.90,carbonscaler_weighted,texas,123,0,317.0,2.5663,19.9849
optionC_lambda0.90,carbonscaler_weighted,texas,124,0,309.0,2.44,5.4982
optionC_lambda0.90,carbonscaler_weighted,texas,125,0,297.0,6.3236,4.4277
optionC_lambda0.90,carbonscaler_weighted,texas,126,0,284.0,0.0723,0.0
optionC_lambda0.90,carbonscaler_weighted,texas,127,0,271.0,2.1025,10.9873
optionC_lambda0.90,carbonscaler_weighted,texas,128,0,260.0,7.2852,2.7008
optionC_lambda0.90,carbonscaler_weighted,texas,129,0,264.0,7.7837,0.0
optionC_lambda0.90,carbonscaler_weighted,texas,130,0,263.0,7.3438,7.0744
optionC_lambda0.90,carbonscaler_weighted,texas,131,0,283.0,68.1531,349.2377
optionC_lambda0.90,carbonscaler_weighted,texas,132,0,290.0,7.7668,7.3921
optionC_lambda0.90,carbonscaler_weighted,texas,133,0,263.0,21.6033,40.6759
optionC_lambda0.90,carbonscaler_weighted,texas,134,0,245.0,27.8341,30.7104
optionC_lambda0.90,carbonscaler_weighted,texas,135,0,227.0,78.3788,290.532
optionC_lambda0.90,carbonscaler_weighted,texas,136,1,216.0,42.505,35.5581
optionC_lambda0.90,carbonscaler_weighted,texas,137,0,217.0,58.3833,39.0562
optionC_lambda0.90,carbonscaler_weighted,texas,138,0,239.0,65.7881,62.0908
optionC_lambda0.90,carbonscaler_weighted,texas,139,0,264.0,58.9557,66.9049
optionC_lambda0.90,carbonscaler_weighted,texas,140,0,268.0,53.3514,39.9203
optionC_lambda0.90,carbonscaler_weighted,texas,141,0,279.0,44.3403,37.2205
optionC_lambda0.90,carbonscaler_weighted,texas,142,0,289.0,29.2887,27.4594
optionC_lambda0.90,carbonscaler_weighted,texas,143,0,298.0,24.2492,20.7722
optionC_lambda0.90,carbonscaler_weighted,texas,144,0,379.0,13.5149,18.6664
optionC_lambda0.90,carbonscaler_weighted,texas,145,0,422.0,14.6108,27.7585
optionC_lambda0.90,carbonscaler_weighted,texas,146,0,427.0,14.7061,16.5099
optionC_lambda0.90,carbonscaler_weighted,texas,147,0,430.0,13.4113,9.6439
optionC_lambda0.90,carbonscaler_weighted,texas,148,0,424.0,17.8445,32.3596
optionC_lambda0.90,carbonscaler_weighted,texas,149,0,403.0,21.4911,23.4308
optionC_lambda0.90,carbonscaler_weighted,texas,150,0,399.0,28.0862,50.3212
optionC_lambda0.90,carbonscaler_weighted,texas,151,0,395.0,32.9188,7.5227
optionC_lambda0.90,carbonscaler_weighted,texas,152,0,398.0,25.434,18.3216
optionC_lambda0.90,carbonscaler_weighted,texas,153,0,407.0,23.9134,22.3007
optionC_lambda0.90,carbonscaler_weighted,texas,154,0,413.0,25.7573,38.1317
optionC_lambda0.90,carbonscaler_weighted,texas,155,0,421.0,20.3674,2.4598
optionC_lambda0.90,carbonscaler_weighted,texas,156,0,395.0,16.8689,0.0
optionC_lambda0.90,carbonscaler_weighted,texas,157,1,245.0,18.549,30.6115
optionC_lambda0.90,carbonscaler_weighted,texas,158,2,192.0,20.2695,21.8638
optionC_lambda0.90,carbonscaler_weighted,texas,159,2,175.0,24.7179,22.8081
optionC_lambda0.90,carbonscaler_weighted,texas,160,2,166.0,32.791,19.9428
optionC_lambda0.90,carbonscaler_weighted,texas,161,2,173.0,57.6742,43.3433
optionC_lambda0.90,carbonscaler_weighted,texas,162,2,174.0,71.8744,74.7083
optionC_lambda0.90,carbonscaler_weighted,texas,163,1,184.0,79.4686,88.9617
optionC_lambda0.90,carbonscaler_weighted,texas,164,2,192.0,62.1385,41.1144
optionC_lambda0.90,carbonscaler_weighted,texas,165,1,206.0,53.9103,45.5056
optionC_lambda0.90,carbonscaler_weighted,texas,166,1,225.0,37.0536,44.8039
optionC_lambda0.90,carbonscaler_weighted,texas,167,0,300.0,23.9403,21.661
