policy,policy_name,sector_slug,slot_index,scale,carbon_intensity,day_ahead_price,real_time_price
carbonscaler_base,carbonscaler,ontario,0,0,96.0,34.12,35.80416666666667
carbonscaler_base,carbonscaler,ontario,1,0,93.0,33.93,32.50666666666667
carbonscaler_base,carbonscaler,ontario,2,0,91.0,32.78,29.21166666666667
carbonscaler_base,carbonscaler,ontario,3,0,82.0,32.88,36.03666666666667
carbonscaler_base,carbonscaler,ontario,4,0,78.0,32.86,25.73
carbonscaler_base,carbonscaler,ontario,5,0,81.0,40.47,45.36666666666667
carbonscaler_base,carbonscaler,ontario,6,0,77.0,52.14,102.27499999999999
carbonscaler_base,carbonscaler,ontario,7,0,71.0,66.48,53.160000000000004
carbonscaler_base,carbonscaler,ontario,8,0,81.0,51.82,53.555
carbonscaler_base,carbonscaler,ontario,9,0,83.0,44.14,36.879999999999995
carbonscaler_base,carbonscaler,ontario,10,0,104.0,36.6,38.26083333333334
carbonscaler_base,carbonscaler,ontario,11,0,117.0,35.22,40.7575
carbonscaler_base,carbonscaler,ontario,12,0,114.0,34.66,38.3575
carbonscaler_base,carbonscaler,ontario,13,0,112.0,32.23,34.17666666666667
carbonscaler_base,carbonscaler,ontario,14,0,103.0,33.76,26.48
carbonscaler_base,carbonscaler,ontario,15,0,98.0,34.79,36.7575
carbonscaler_base,carbonscaler,ontario,16,0,104.0,36.54,76.7375
carbonscaler_base,carbonscaler,ontario,17,0,101.0,54.15,153.96083333333334
carbonscaler_base,carbonscaler,ontario,18,0,104.0,72.5,138.94416666666666
carbonscaler_base,carbonscaler,ontario,19,0,90.0,80.22,252.46333333333334
carbonscaler_base,carbonscaler,ontario,20,0,91.0,54.11,179.91
carbonscaler_base,carbonscaler,ontario,21,0,112.0,45.86,373.7825
carbonscaler_base,carbonscaler,ontario,22,0,119.0,45.59,72.18666666666665
carbonscaler_base,carbonscaler,ontario,23,0,122.0,36.35,43.05083333333334
carbonscaler_base,carbonscaler,ontario,24,0,128.0,49.5,50.95249999999999
carbonscaler_base,carbonscaler,ontario,25,0,126.0,50.56,53.87166666666667
carbonscaler_base,carbonscaler,ontario,26,0,131.0,50.09,53.149166666666666
carbonscaler_base,carbonscaler,ontario,27,0,133.0,49.92,51.583333333333336
carbonscaler_base,carbonscaler,ontario,28,0,130.0,50.55,55.78916666666667
carbonscaler_base,carbonscaler,ontario,29,0,135.0,58.51,55.83583333333333
carbonscaler_base,carbonscaler,ontario,30,0,139.0,92.97,167.33333333333334
carbonscaler_base,carbonscaler,ontario,31,0,137.0,71.53,38.432500000000005
carbonscaler_base,carbonscaler,ontario,32,0,139.0,53.23,30.5325
carbonscaler_base,carbonscaler,ontario,33,0,140.0,35.6,18.877499999999998
carbonscaler_base,carbonscaler,ontario,34,0,140.0,29.4,19.4025
carbonscaler_base,carbonscaler,ontario,35,0,149.0,27.13,22.310000000000002
carbonscaler_base,carbonscaler,ontario,36,0,136.0,23.38,20.80333333333333
carbonscaler_base,carbonscaler,ontario,37,0,120.0,21.95,21.33583333333333
carbonscaler_base,carbonscaler,ontario,38,0,103.0,27.25,16.563333333333333
carbonscaler_base,carbonscaler,ontario,39,0,100.0,33.03,31.710833333333337
carbonscaler_base,carbonscaler,ontario,40,0,105.0,42.56,46.28416666666667
carbonscaler_base,carbonscaler,ontario,41,0,100.0,59.51,61.23500000000001
carbonscaler_base,carbonscaler,ontario,42,0,103.0,75.66,40.50416666666667
carbonscaler_base,carbonscaler,ontario,43,0,97.0,71.03,47.211666666666666
carbonscaler_base,carbonscaler,ontario,44,0,114.0,54.71,45.3975
carbonscaler_base,carbonscaler,ontario,45,0,131.0,45.67,41.26166666666666
carbonscaler_base,carbonscaler,ontario,46,0,141.0,42.05,44.14083333333334
carbonscaler_base,carbonscaler,ontario,47,0,138.0,37.7,31.816666666666666
carbonscaler_base,carbonscaler,ontario,48,0,141.0,50.05,27.543333333333333
carbonscaler_base,carbonscaler,ontario,49,0,140.0,49.87,38.13
carbonscaler_base,carbonscaler,ontario,50,0,139.0,48.33,34.494166666666665
carbonscaler_base,carbonscaler,ontario,51,0,138.0,48.46,47.105
carbonscaler_base,carbonscaler,ontario,52,0,121.0,46.68,45.96666666666667
carbonscaler_base,carbonscaler,ontario,53,0,109.0,61.85,36.67333333333333
carbonscaler_base,carbonscaler,ontario,54,0,119.0,96.77,43.79
carbonscaler_base,carbonscaler,ontario,55,0,122.0,84.26,39.11666666666667
carbonscaler_base,carbonscaler,ontario,56,0,131.0,57.34,46.31
carbonscaler_base,carbonscaler,ontario,57,0,132.0,52.12,46.74166666666667
carbonscaler_base,carbonscaler,ontario,58,0,131.0,50.86,22.308333333333334
carbonscaler_base,carbonscaler,ontario,59,0,135.0,45.87,17.453333333333333
carbonscaler_base,carbonscaler,ontario,60,0,132.0,38.4,15.573333333333332
carbonscaler_base,carbonscaler,ontario,61,0,123.0,34.62,19.00166666666667
carbonscaler_base,carbonscaler,ontario,62,0,119.0,33.74,29.050833333333333
carbonscaler_base,carbonscaler,ontario,63,0,100.0,39.97,41.73500000000001
carbonscaler_base,carbonscaler,ontario,64,0,91.0,49.4,51.74250000000001
carbonscaler_base,carbonscaler,ontario,65,0,92.0,57.3,39.9225
carbonscaler_base,carbonscaler,ontario,66,0,91.0,60.26,35.43
carbonscaler_base,carbonscaler,ontario,67,0,102.0,50.96,33.013333333333335
carbonscaler_base,carbonscaler,ontario,68,0,121.0,42.52,22.65416666666667
carbonscaler_base,carbonscaler,ontario,69,0,128.0,42.16,29.563333333333333
carbonscaler_base,carbonscaler,ontario,70,0,122.0,36.22,26.64
carbonscaler_base,carbonscaler,ontario,71,0,113.0,34.01,24.523333333333337
carbonscaler_base,carbonscaler,ontario,72,0,102.0,29.33,14.720833333333333
carbonscaler_base,carbonscaler,ontario,73,0,90.0,25.27,8.13
carbonscaler_base,carbonscaler,ontario,74,0,84.0,29.42,1.6991666666666667
carbonscaler_base,carbonscaler,ontario,75,0,73.0,30.84,2.9633333333333334
carbonscaler_base,carbonscaler,ontario,76,0,70.0,31.25,16.435833333333335
carbonscaler_base,carbonscaler,ontario,77,1,61.0,35.81,126.48833333333334
carbonscaler_base,carbonscaler,ontario,78,1,61.0,50.69,78.3725
carbonscaler_base,carbonscaler,ontario,79,0,62.0,49.64,40.18916666666667
carbonscaler_base,carbonscaler,ontario,80,0,67.0,43.2,35.16833333333333
carbonscaler_base,carbonscaler,ontario,81,0,74.0,34.83,36.946666666666665
carbonscaler_base,carbonscaler,ontario,82,0,97.0,33.46,48.73500000000001
carbonscaler_base,carbonscaler,ontario,83,0,110.0,33.77,49.08416666666667
carbonscaler_base,carbonscaler,ontario,84,0,105.0,34.25,60.63666666666666
carbonscaler_base,carbonscaler,ontario,85,0,99.0,33.34,49.995
carbonscaler_base,carbonscaler,ontario,86,0,94.0,33.49,80.68249999999999
carbonscaler_base,carbonscaler,ontario,87,0,105.0,35.49,37.122499999999995
carbonscaler_base,carbonscaler,ontario,88,0,101.0,39.92,30.870833333333334
carbonscaler_base,carbonscaler,ontario,89,0,105.0,51.75,35.86666666666667
carbonscaler_base,carbonscaler,ontario,90,0,102.0,53.87,41.671666666666674
carbonscaler_base,carbonscaler,ontario,91,0,105.0,51.13,39.7125
carbonscaler_base,carbonscaler,ontario,92,0,96.0,43.3,81.51666666666667
carbonscaler_base,carbonscaler,ontario,93,0,88.0,34.09,73.72666666666667
carbonscaler_base,carbonscaler,ontario,94,0,92.0,33.57,22.382499999999997
carbonscaler_base,carbonscaler,ontario,95,0,99.0,25.92,14.896666666666667
carbonscaler_base,carbonscaler,ontario,96,0,98.0,20.25,19.5625
carbonscaler_base,carbonscaler,ontario,97,0,93.0,26.64,21.86916666666667
carbonscaler_base,carbonscaler,ontario,98,0,81.0,26.35,10.735
carbonscaler_base,carbonscaler,ontario,99,0,66.0,25.55,16.831666666666667
carbonscaler_base,carbonscaler,ontario,100,1,56.0,32.85,22.901666666666667
carbonscaler_base,carbonscaler,ontario,101,2,54.0,38.31,29.686666666666667
carbonscaler_base,carbonscaler,ontario,102,2,54.0,61.06,48.30500000000001
carbonscaler_base,carbonscaler,ontario,103,1,55.0,63.3,37.83083333333333
carbonscaler_base,carbonscaler,ontario,104,1,60.0,49.64,28.733333333333334
carbonscaler_base,carbonscaler,ontario,105,0,68.0,50.72,34.39
carbonscaler_base,carbonscaler,ontario,106,0,83.0,43.94,33.968333333333334
carbonscaler_base,carbonscaler,ontario,107,0,99.0,33.65,48.071666666666665
carbonscaler_base,carbonscaler,ontario,108,0,96.0,33.16,33.02
carbonscaler_base,carbonscaler,ontario,109,0,84.0,33.64,32.66
carbonscaler_base,carbonscaler,ontario,110,0,93.0,33.81,14.861666666666666
carbonscaler_base,carbonscaler,ontario,111,0,94.0,34.99,27.951666666666668
carbonscaler_base,carbonscaler,ontario,112,0,106.0,49.27,33.82666666666667
carbonscaler_base,carbonscaler,ontario,113,0,100.0,56.53,44.190000000000005
carbonscaler_base,carbonscaler,ontario,114,0,97.0,61.98,64.0925
carbonscaler_base,carbonscaler,ontario,115,0,85.0,65.2,57.855
carbonscaler_base,carbonscaler,ontario,116,0,88.0,54.99,81.01
carbonscaler_base,carbonscaler,ontario,117,0,93.0,51.87,85.02333333333333
carbonscaler_base,carbonscaler,ontario,118,0,103.0,44.61,56.237500000000004
carbonscaler_base,carbonscaler,ontario,119,0,112.0,35.48,40.678333333333335
carbonscaler_base,carbonscaler,ontario,120,0,117.0,50.77,50.10583333333333
carbonscaler_base,carbonscaler,ontario,121,0,119.0,44.81,49.906666666666666
carbonscaler_base,carbonscaler,ontario,122,0,121.0,41.05,49.04916666666667
carbonscaler_base,carbonscaler,ontario,123,0,120.0,36.4,42.1925
carbonscaler_base,carbonscaler,ontario,124,0,108.0,39.47,40.28333333333334
carbonscaler_base,carbonscaler,ontario,125,0,105.0,48.66,40.70166666666667
carbonscaler_base,carbonscaler,ontario,126,0,105.0,55.67,33.23416666666667
carbonscaler_base,carbonscaler,ontario,127,0,101.0,50.09,32.46333333333333
carbonscaler_base,carbonscaler,ontario,128,0,91.0,41.62,28.154999999999998
carbonscaler_base,carbonscaler,ontario,129,0,87.0,41.6,18.684166666666666
carbonscaler_base,carbonscaler,ontario,130,0,89.0,40.42,35.85
carbonscaler_base,carbonscaler,ontario,131,0,83.0,37.73,25.226666666666663
carbonscaler_base,carbonscaler,ontario,132,0,80.0,33.78,31.930000000000003
carbonscaler_base,carbonscaler,ontario,133,0,77.0,33.67,11.112499999999999
carbonscaler_base,carbonscaler,ontario,134,0,72.0,33.04,1.5358333333333334
carbonscaler_base,carbonscaler,ontario,135,0,82.0,33.9,4.765833333333333
carbonscaler_base,carbonscaler,ontario,136,0,77.0,37.62,11.858333333333334
carbonscaler_base,carbonscaler,ontario,137,0,80.0,51.24,25.142500000000002
carbonscaler_base,carbonscaler,ontario,138,0,76.0,59.05,41.8525
carbonscaler_base,carbonscaler,ontario,139,0,75.0,59.44,50.66416666666667
carbonscaler_base,carbonscaler,ontario,140,0,75.0,50.49,49.836666666666666
carbonscaler_base,carbonscaler,ontario,141,0,72.0,39.53,41.318333333333335
carbonscaler_base,carbonscaler,ontario,142,0,73.0,35.54,43.805
carbonscaler_base,carbonscaler,ontario,143,0,87.0,33.98,25.075000000000003
carbonscaler_base,carbonscaler,ontario,144,0,95.0,36.79,34.35333333333333
carbonscaler_base,carbonscaler,ontario,145,0,94.0,34.4,26.6925
carbonscaler_base,carbonscaler,ontario,146,0,91.0,35.47,48.468333333333334
carbonscaler_base,carbonscaler,ontario,147,0,88.0,34.36,54.5375
carbonscaler_base,carbonscaler,ontario,148,0,73.0,37.11,51.11166666666667
carbonscaler_base,carbonscaler,ontario,149,1,61.0,42.79,50.39833333333333
carbonscaler_base,carbonscaler,ontario,150,2,52.0,47.76,51.104166666666664
carbonscaler_base,carbonscaler,ontario,151,0,62.0,40.18,37.81666666666667
carbonscaler_base,carbonscaler,ontario,152,0,70.0,33.89,37.10916666666667
carbonscaler_base,carbonscaler,ontario,153,0,68.0,33.36,21.173333333333336
carbonscaler_base,carbonscaler,ontario,154,0,66.0,31.41,6.423333333333333
carbonscaler_base,carbonscaler,ontario,155,0,68.0,28.78,9.073333333333332
carbonscaler_base,carbonscaler,ontario,156,0,61.0,26.25,15.920833333333334
carbonscaler_base,carbonscaler,ontario,157,1,55.0,20.77,20.026666666666667
carbonscaler_base,carbonscaler,ontario,158,2,52.0,23.43,15.846666666666666
carbonscaler_base,carbonscaler,ontario,159,2,53.0,28.38,21.236666666666668
carbonscaler_base,carbonscaler,ontario,160,2,53.0,37.9,47.1975
carbonscaler_base,carbonscaler,ontario,161,2,52.0,50.42,60.70416666666667
carbonscaler_base,carbonscaler,ontario,162,2,51.0,56.41,40.975
carbonscaler_base,carbonscaler,ontario,163,2,52.0,55.68,43.34166666666667
carbonscaler_base,carbonscaler,ontario,164,1,56.0,46.19,37.44916666666667
carbonscaler_base,carbonscaler,ontario,165,0,73.0,35.74,34.56166666666667
carbonscaler_base,carbonscaler,ontario,166,0,80.0,35.59,37.74583333333333
carbonscaler_base,carbonscaler,ontario,167,0,77.0,35.8,22.585833333333337
price_only,price_only,ontario,0,0,96.0,34.12,35.80416666666667
price_only,price_only,ontario,1,0,93.0,33.93,32.50666666666667
price_only,price_only,ontario,2,0,91.0,32.78,29.21166666666667
price_only,price_only,ontario,3,0,82.0,32.88,36.03666666666667
price_only,price_only,ontario,4,0,78.0,32.86,25.73
price_only,price_only,ontario,5,0,81.0,40.47,45.36666666666667
price_only,price_only,ontario,6,0,77.0,52.14,102.27499999999999
price_only,price_only,ontario,7,0,71.0,66.48,53.160000000000004
price_only,price_only,ontario,8,0,81.0,51.82,53.555
price_only,price_only,ontario,9,0,83.0,44.14,36.879999999999995
price_only,price_only,ontario,10,0,104.0,36.6,38.26083333333334
price_only,price_only,ontario,11,0,117.0,35.22,40.7575
price_only,price_only,ontario,12,0,114.0,34.66,38.3575
price_only,price_only,ontario,13,0,112.0,32.23,34.17666666666667
price_only,price_only,ontario,14,0,103.0,33.76,26.48
price_only,price_only,ontario,15,0,98.0,34.79,36.7575
price_only,price_only,ontario,16,0,104.0,36.54,76.7375
price_only,price_only,ontario,17,0,101.0,54.15,153.96083333333334
price_only,price_only,ontario,18,0,104.0,72.5,138.94416666666666
price_only,price_only,ontario,19,0,90.0,80.22,252.46333333333334
price_only,price_only,ontario,20,0,91.0,54.11,179.91
price_only,price_only,ontario,21,0,112.0,45.86,373.7825
price_only,price_only,ontario,22,0,119.0,45.59,72.18666666666665
price_only,price_only,ontario,23,0,122.0,36.35,43.05083333333334
price_only,price_only,ontario,24,0,128.0,49.5,50.95249999999999
price_only,price_only,ontario,25,0,126.0,50.56,53.87166666666667
price_only,price_only,ontario,26,0,131.0,50.09,53.149166666666666
price_only,price_only,ontario,27,0,133.0,49.92,51.583333333333336
price_only,price_only,ontario,28,0,130.0,50.55,55.78916666666667
price_only,price_only,ontario,29,0,135.0,58.51,55.83583333333333
price_only,price_only,ontario,30,0,139.0,92.97,167.33333333333334
price_only,price_only,ontario,31,0,137.0,71.53,38.432500000000005
price_only,price_only,ontario,32,0,139.0,53.23,30.5325
price_only,price_only,ontario,33,0,140.0,35.6,18.877499999999998
price_only,price_only,ontario,34,0,140.0,29.4,19.4025
price_only,price_only,ontario,35,2,149.0,27.13,22.310000000000002
price_only,price_only,ontario,36,2,136.0,23.38,20.80333333333333
price_only,price_only,ontario,37,2,120.0,21.95,21.33583333333333
price_only,price_only,ontario,38,1,103.0,27.25,16.563333333333333
price_only,price_only,ontario,39,0,100.0,33.03,31.710833333333337
price_only,price_only,ontario,40,0,105.0,42.56,46.28416666666667
price_only,price_only,ontario,41,0,100.0,59.51,61.23500000000001
price_only,price_only,ontario,42,0,103.0,75.66,40.50416666666667
price_only,price_only,ontario,43,0,97.0,71.03,47.211666666666666
price_only,price_only,ontario,44,0,114.0,54.71,45.3975
price_only,price_only,ontario,45,0,131.0,45.67,41.26166666666666
price_only,price_only,ontario,46,0,141.0,42.05,44.14083333333334
price_only,price_only,ontario,47,0,138.0,37.7,31.816666666666666
price_only,price_only,ontario,48,0,141.0,50.05,27.543333333333333
price_only,price_only,ontario,49,0,140.0,49.87,38.13
price_only,price_only,ontario,50,0,139.0,48.33,34.494166666666665
price_only,price_only,ontario,51,0,138.0,48.46,47.105
price_only,price_only,ontario,52,0,121.0,46.68,45.96666666666667
price_only,price_only,ontario,53,0,109.0,61.85,36.67333333333333
price_only,price_only,ontario,54,0,119.0,96.77,43.79
price_only,price_only,ontario,55,0,122.0,84.26,39.11666666666667
price_only,price_only,ontario,56,0,131.0,57.34,46.31
price_only,price_only,ontario,57,0,132.0,52.12,46.74166666666667
price_only,price_only,ontario,58,0,131.0,50.86,22.308333333333334
price_only,price_only,ontario,59,0,135.0,45.87,17.453333333333333
price_only,price_only,ontario,60,0,132.0,38.4,15.573333333333332
price_only,price_only,ontario,61,0,123.0,34.62,19.00166666666667
price_only,price_only,ontario,62,0,119.0,33.74,29.050833333333333
price_only,price_only,ontario,63,0,100.0,39.97,41.73500000000001
price_only,price_only,ontario,64,0,91.0,49.4,51.74250000000001
price_only,price_only,ontario,65,0,92.0,57.3,39.9225
price_only,price_only,ontario,66,0,91.0,60.26,35.43
price_only,price_only,ontario,67,0,102.0,50.96,33.013333333333335
price_only,price_only,ontario,68,0,121.0,42.52,22.65416666666667
price_only,price_only,ontario,69,0,128.0,42.16,29.563333333333333
price_only,price_only,ontario,70,0,122.0,36.22,26.64
price_only,price_only,ontario,71,0,113.0,34.01,24.523333333333337
price_only,price_only,ontario,72,0,102.0,29.33,14.720833333333333
price_only,price_only,ontario,73,2,90.0,25.27,8.13
price_only,price_only,ontario,74,0,84.0,29.42,1.6991666666666667
price_only,price_only,ontario,75,0,73.0,30.84,2.9633333333333334
price_only,price_only,ontario,76,0,70.0,31.25,16.435833333333335
price_only,price_only,ontario,77,0,61.0,35.81,126.48833333333334
price_only,price_only,ontario,78,0,61.0,50.69,78.3725
price_only,price_only,ontario,79,0,62.0,49.64,40.18916666666667
price_only,price_only,ontario,80,0,67.0,43.2,35.16833333333333
price_only,price_only,ontario,81,0,74.0,34.83,36.946666666666665
price_only,price_only,ontario,82,0,97.0,33.46,48.73500000000001
price_only,price_only,ontario,83,0,110.0,33.77,49.08416666666667
price_only,price_only,ontario,84,0,105.0,34.25,60.63666666666666
price_only,price_only,ontario,85,0,99.0,33.34,49.995
price_only,price_only,ontario,86,0,94.0,33.49,80.68249999999999
price_only,price_only,ontario,87,0,105.0,35.49,37.122499999999995
price_only,price_only,ontario,88,0,101.0,39.92,30.870833333333334
price_only,price_only,ontario,89,0,105.0,51.75,35.86666666666667
price_only,price_only,ontario,90,0,102.0,53.87,41.671666666666674
price_only,price_only,ontario,91,0,105.0,51.13,39.7125
price_only,price_only,ontario,92,0,96.0,43.3,81.51666666666667
price_only,price_only,ontario,93,0,88.0,34.09,73.72666666666667
price_only,price_only,ontario,94,0,92.0,33.57,22.382499999999997
price_only,price_only,ontario,95,2,99.0,25.92,14.896666666666667
price_only,price_only,ontario,96,2,98.0,20.25,19.5625
price_only,price_only,ontario,97,2,93.0,26.64,21.86916666666667
price_only,price_only,ontario,98,2,81.0,26.35,10.735
price_only,price_only,ontario,99,2,66.0,25.55,16.831666666666667
price_only,price_only,ontario,100,0,56.0,32.85,22.901666666666667
price_only,price_only,ontario,101,0,54.0,38.31,29.686666666666667
price_only,price_only,ontario,102,0,54.0,61.06,48.30500000000001
price_only,price_only,ontario,103,0,55.0,63.3,37.83083333333333
price_only,price_only,ontario,104,0,60.0,49.64,28.733333333333334
price_only,price_only,ontario,105,0,68.0,50.72,34.39
price_only,price_only,ontario,106,0,83.0,43.94,33.968333333333334
price_only,price_only,ontario,107,0,99.0,33.65,48.071666666666665
price_only,price_only,ontario,108,0,96.0,33.16,33.02
price_only,price_only,ontario,109,0,84.0,33.64,32.66
price_only,price_only,ontario,110,0,93.0,33.81,14.861666666666666
price_only,price_only,ontario,111,0,94.0,34.99,27.951666666666668
price_only,price_only,ontario,112,0,106.0,49.27,33.82666666666667
price_only,price_only,ontario,113,0,100.0,56.53,44.190000000000005
price_only,price_only,ontario,114,0,97.0,61.98,64.0925
price_only,price_only,ontario,115,0,85.0,65.2,57.855
price_only,price_only,ontario,116,0,88.0,54.99,81.01
price_only,price_only,ontario,117,0,93.0,51.87,85.02333333333333
price_only,price_only,ontario,118,0,103.0,44.61,56.237500000000004
price_only,price_only,ontario,119,0,112.0,35.48,40.678333333333335
price_only,price_only,ontario,120,0,117.0,50.77,50.10583333333333
price_only,price_only,ontario,121,0,119.0,44.81,49.906666666666666
price_only,price_only,ontario,122,0,121.0,41.05,49.04916666666667
price_only,price_only,ontario,123,0,120.0,36.4,42.1925
price_only,price_only,ontario,124,0,108.0,39.47,40.28333333333334
price_only,price_only,ontario,125,0,105.0,48.66,40.70166666666667
price_only,price_only,ontario,126,0,105.0,55.67,33.23416666666667
price_only,price_only,ontario,127,0,101.0,50.09,32.46333333333333
price_only,price_only,ontario,128,0,91.0,41.62,28.154999999999998
price_only,price_only,ontario,129,0,87.0,41.6,18.684166666666666
price_only,price_only,ontario,130,0,89.0,40.42,35.85
price_only,price_only,ontario,131,0,83.0,37.73,25.226666666666663
price_only,price_only,ontario,132,0,80.0,33.78,31.930000000000003
price_only,price_only,ontario,133,0,77.0,33.67,11.112499999999999
price_only,price_only,ontario,134,0,72.0,33.04,1.5358333333333334
price_only,price_only,ontario,135,0,82.0,33.9,4.765833333333333
price_only,price_only,ontario,136,0,77.0,37.62,11.858333333333334
price_only,price_only,ontario,137,0,80.0,51.24,25.142500000000002
price_only,price_only,ontario,138,0,76.0,59.05,41.8525
price_only,price_only,ontario,139,0,75.0,59.44,50.66416666666667
price_only,price_only,ontario,140,0,75.0,50.49,49.836666666666666
price_only,price_only,ontario,141,0,72.0,39.53,41.318333333333335
price_only,price_only,ontario,142,0,73.0,35.54,43.805
price_only,price_only,ontario,143,0,87.0,33.98,25.075000000000003
price_only,price_only,ontario,144,0,95.0,36.79,34.35333333333333
price_only,price_only,ontario,145,0,94.0,34.4,26.6925
price_only,price_only,ontario,146,0,91.0,35.47,48.468333333333334
price_only,price_only,ontario,147,0,88.0,34.36,54.5375
price_only,price_only,ontario,148,0,73.0,37.11,51.11166666666667
price_only,price_only,ontario,149,0,61.0,42.79,50.39833333333333
price_only,price_only,ontario,150,0,52.0,47.76,51.104166666666664
price_only,price_only,ontario,151,0,62.0,40.18,37.81666666666667
price_only,price_only,ontario,152,0,70.0,33.89,37.10916666666667
price_only,price_only,ontario,153,0,68.0,33.36,21.173333333333336
price_only,price_only,ontario,154,0,66.0,31.41,6.423333333333333
price_only,price_only,ontario,155,0,68.0,28.78,9.073333333333332
price_only,price_only,ontario,156,2,61.0,26.25,15.920833333333334
price_only,price_only,ontario,157,2,55.0,20.77,20.026666666666667
price_only,price_only,ontario,158,2,52.0,23.43,15.846666666666666
price_only,price_only,ontario,159,1,53.0,28.38,21.236666666666668
price_only,price_only,ontario,160,0,53.0,37.9,47.1975
price_only,price_only,ontario,161,0,52.0,50.42,60.70416666666667
price_only,price_only,ontario,162,0,51.0,56.41,40.975
price_only,price_only,ontario,163,0,52.0,55.68,43.34166666666667
price_only,price_only,ontario,164,0,56.0,46.19,37.44916666666667
price_only,price_only,ontario,165,0,73.0,35.74,34.56166666666667
price_only,price_only,ontario,166,0,80.0,35.59,37.74583333333333
price_only,price_only,ontario,167,0,77.0,35.8,22.585833333333337
optionA_tie_0.01,carbonscaler_price_tiebreak,ontario,0,0,96.0,34.12,35.80416666666667
optionA_tie_0.01,carbonscaler_price_tiebreak,ontario,1,0,93.0,33.93,32.50666666666667
optionA_tie_0.01,carbonscaler_price_tiebreak,ontario,2,0,91.0,32.78,29.21166666666667
optionA_tie_0.01,carbonscaler_price_tiebreak,ontario,3,0,82.0,32.88,36.03666666666667
optionA_tie_0.01,carbonscaler_price_tiebreak,ontario,4,0,78.0,32.86,25.73
optionA_tie_0.01,carbonscaler_price_tiebreak,ontario,5,0,81.0,40.47,45.36666666666667
optionA_tie_0.01,carbonscaler_price_tiebreak,ontario,6,0,77.0,52.14,102.27499999999999
optionA_tie_0.01,carbonscaler_price_tiebreak,ontario,7,0,71.0,66.48,53.160000000000004
optionA_tie_0.01,carbonscaler_price_tiebreak,ontario,8,0,81.0,51.82,53.555
optionA_tie_0.01,carbonscaler_price_tiebreak,ontario,9,0,83.0,44.14,36.879999999999995
optionA_tie_0.01,carbonscaler_price_tiebreak,ontario,10,0,104.0,36.6,38.26083333333334
optionA_tie_0.01,carbonscaler_price_tiebreak,ontario,11,0,117.0,35.22,40.7575
optionA_tie_0.01,carbonscaler_price_tiebreak,ontario,12,0,114.0,34.66,38.3575
optionA_tie_0.01,carbonscaler_price_tiebreak,ontario,13,0,112.0,32.23,34.17666666666667
optionA_tie_0.01,carbonscaler_price_tiebreak,ontario,14,0,103.0,33.76,26.48
optionA_tie_0.01,carbonscaler_price_tiebreak,ontario,15,0,98.0,34.79,36.7575
optionA_tie_0.01,carbonscaler_price_tiebreak,ontario,16,0,104.0,36.54,76.7375
optionA_tie_0.01,carbonscaler_price_tiebreak,ontario,17,0,101.0,54.15,153.96083333333334
optionA_tie_0.01,carbonscaler_price_tiebreak,ontario,18,0,104.0,72.5,138.94416666666666
optionA_tie_0.01,carbonscaler_price_tiebreak,ontario,19,0,90.0,80.22,252.46333333333334
optionA_tie_0.01,carbonscaler_price_tiebreak,ontario,20,0,91.0,54.11,179.91
optionA_tie_0.01,carbonscaler_price_tiebreak,ontario,21,0,112.0,45.86,373.7825
optionA_tie_0.01,carbonscaler_price_tiebreak,ontario,22,0,119.0,45.59,72.18666666666665
optionA_tie_0.01,carbonscaler_price_tiebreak,ontario,23,0,122.0,36.35,43.05083333333334
optionA_tie_0.01,carbonscaler_price_tiebreak,ontario,24,0,128.0,49.5,50.95249999999999
optionA_tie_0.01,carbonscaler_price_tiebreak,ontario,25,0,126.0,50.56,53.87166666666667
optionA_tie_0.01,carbonscaler_price_tiebreak,ontario,26,0,131.0,50.09,53.149166666666666
optionA_tie_0.01,carbonscaler_price_tiebreak,ontario,27,0,133.0,49.92,51.583333333333336
optionA_tie_0.01,carbonscaler_price_tiebreak,ontario,28,0,130.0,50.55,55.78916666666667
optionA_tie_0.01,carbonscaler_price_tiebreak,ontario,29,0,135.0,58.51,55.83583333333333
optionA_tie_0.01,carbonscaler_price_tiebreak,ontario,30,0,139.0,92.97,167.33333333333334
optionA_tie_0.01,carbonscaler_price_tiebreak,ontario,31,0,137.0,71.53,38.432500000000005
optionA_tie_0.01,carbonscaler_price_tiebreak,ontario,32,0,139.0,53.23,30.5325
optionA_tie_0.01,carbonscaler_price_tiebreak,ontario,33,0,140.0,35.6,18.877499999999998
optionA_tie_0.01,carbonscaler_price_tiebreak,ontario,34,0,140.0,29.4,19.4025
optionA_tie_0.01,carbonscaler_price_tiebreak,ontario,35,0,149.0,27.13,22.310000000000002
optionA_tie_0.01,carbonscaler_price_tiebreak,ontario,36,0,136.0,23.38,20.80333333333333
optionA_tie_0.01,carbonscaler_price_tiebreak,ontario,37,0,120.0,21.95,21.33583333333333
optionA_tie_0.01,carbonscaler_price_tiebreak,ontario,38,0,103.0,27.25,16.563333333333333
optionA_tie_0.01,carbonscaler_price_tiebreak,ontario,39,0,100.0,33.03,31.710833333333337
optionA_tie_0.01,carbonscaler_price_tiebreak,ontario,40,0,105.0,42.56,46.28416666666667
optionA_tie_0.01,carbonscaler_price_tiebreak,ontario,41,0,100.0,59.51,61.23500000000001
optionA_tie_0.01,carbonscaler_price_tiebreak,ontario,42,0,103.0,75.66,40.50416666666667
optionA_tie_0.01,carbonscaler_price_tiebreak,ontario,43,0,97.0,71.03,47.211666666666666
optionA_tie_0.01,carbonscaler_price_tiebreak,ontario,44,0,114.0,54.71,45.3975
optionA_tie_0.01,carbonscaler_price_tiebreak,ontario,45,0,131.0,45.67,41.26166666666666
optionA_tie_0.01,carbonscaler_price_tiebreak,ontario,46,0,141.0,42.05,44.14083333333334
optionA_tie_0.01,carbonscaler_price_tiebreak,ontario,47,0,138.0,37.7,31.816666666666666
optionA_tie_0.01,carbonscaler_price_tiebreak,ontario,48,0,141.0,50.05,27.543333333333333
optionA_tie_0.01,carbonscaler_price_tiebreak,ontario,49,0,140.0,49.87,38.13
optionA_tie_0.01,carbonscaler_price_tiebreak,ontario,50,0,139.0,48.33,34.494166666666665
optionA_tie_0.01,carbonscaler_price_tiebreak,ontario,51,0,138.0,48.46,47.105
optionA_tie_0.01,carbonscaler_price_tiebreak,ontario,52,0,121.0,46.68,45.96666666666667
optionA_tie_0.01,carbonscaler_price_tiebreak,ontario,53,0,109.0,61.85,36.67333333333333
optionA_tie_0.01,carbonscaler_price_tiebreak,ontario,54,0,119.0,96.77,43.79
optionA_tie_0.01,carbonscaler_price_tiebreak,ontario,55,0,122.0,84.26,39.11666666666667
optionA_tie_0.01,carbonscaler_price_tiebreak,ontario,56,0,131.0,57.34,46.31
optionA_tie_0.01,carbonscaler_price_tiebreak,ontario,57,0,132.0,52.12,46.74166666666667
optionA_tie_0.01,carbonscaler_price_tiebreak,ontario,58,0,131.0,50.86,22.308333333333334
optionA_tie_0.01,carbonscaler_price_tiebreak,ontario,59,0,135.0,45.87,17.453333333333333
optionA_tie_0.01,carbonscaler_price_tiebreak,ontario,60,0,132.0,38.4,15.573333333333332
optionA_tie_0.01,carbonscaler_price_tiebreak,ontario,61,0,123.0,34.62,19.00166666666667
optionA_tie_0.01,carbonscaler_price_tiebreak,ontario,62,0,119.0,33.74,29.050833333333333
optionA_tie_0.01,carbonscaler_price_tiebreak,ontario,63,0,100.0,39.97,41.73500000000001
optionA_tie_0.01,carbonscaler_price_tiebreak,ontario,64,0,91.0,49.4,51.74250000000001
optionA_tie_0.01,carbonscaler_price_tiebreak,ontario,65,0,92.0,57.3,39.9225
optionA_tie_0.01,carbonscaler_price_tiebreak,ontario,66,0,91.0,60.26,35.43
optionA_tie_0.01,carbonscaler_price_tiebreak,ontario,67,0,102.0,50.96,33.013333333333335
optionA_tie_0.01,carbonscaler_price_tiebreak,ontario,68,0,121.0,42.52,22.65416666666667
optionA_tie_0.01,carbonscaler_price_tiebreak,ontario,69,0,128.0,42.16,29.563333333333333
optionA_tie_0.01,carbonscaler_price_tiebreak,ontario,70,0,122.0,36.22,26.64
optionA_tie_0.01,carbonscaler_price_tiebreak,ontario,71,0,113.0,34.01,24.523333333333337
optionA_tie_0.01,carbonscaler_price_tiebreak,ontario,72,0,102.0,29.33,14.720833333333333
optionA_tie_0.01,carbonscaler_price_tiebreak,ontario,73,0,90.0,25.27,8.13
optionA_tie_0.01,carbonscaler_price_tiebreak,ontario,74,0,84.0,29.42,1.6991666666666667
optionA_tie_0.01,carbonscaler_price_tiebreak,ontario,75,0,73.0,30.84,2.9633333333333334
optionA_tie_0.01,carbonscaler_price_tiebreak,ontario,76,0,70.0,31.25,16.435833333333335
optionA_tie_0.01,carbonscaler_price_tiebreak,ontario,77,1,61.0,35.81,126.48833333333334
optionA_tie_0.01,carbonscaler_price_tiebreak,ontario,78,0,61.0,50.69,78.3725
optionA_tie_0.01,carbonscaler_price_tiebreak,ontario,79,0,62.0,49.64,40.18916666666667
optionA_tie_0.01,carbonscaler_price_tiebreak,ontario,80,0,67.0,43.2,35.16833333333333
optionA_tie_0.01,carbonscaler_price_tiebreak,ontario,81,0,74.0,34.83,36.946666666666665
optionA_tie_0.01,carbonscaler_price_tiebreak,ontario,82,0,97.0,33.46,48.73500000000001
optionA_tie_0.01,carbonscaler_price_tiebreak,ontario,83,0,110.0,33.77,49.08416666666667
optionA_tie_0.01,carbonscaler_price_tiebreak,ontario,84,0,105.0,34.25,60.63666666666666
optionA_tie_0.01,carbonscaler_price_tiebreak,ontario,85,0,99.0,33.34,49.995
optionA_tie_0.01,carbonscaler_price_tiebreak,ontario,86,0,94.0,33.49,80.68249999999999
optionA_tie_0.01,carbonscaler_price_tiebreak,ontario,87,0,105.0,35.49,37.122499999999995
optionA_tie_0.01,carbonscaler_price_tiebreak,ontario,88,0,101.0,39.92,30.870833333333334
optionA_tie_0.01,carbonscaler_price_tiebreak,ontario,89,0,105.0,51.75,35.86666666666667
optionA_tie_0.01,carbonscaler_price_tiebreak,ontario,90,0,102.0,53.87,41.671666666666674
optionA_tie_0.01,carbonscaler_price_tiebreak,ontario,91,0,105.0,51.13,39.7125
optionA_tie_0.01,carbonscaler_price_tiebreak,ontario,92,0,96.0,43.3,81.51666666666667
optionA_tie_0.01,carbonscaler_price_tiebreak,ontario,93,0,88.0,34.09,73.72666666666667
optionA_tie_0.01,carbonscaler_price_tiebreak,ontario,94,0,92.0,33.57,22.382499999999997
optionA_tie_0.01,carbonscaler_price_tiebreak,ontario,95,0,99.0,25.92,14.896666666666667
optionA_tie_0.01,carbonscaler_price_tiebreak,ontario,96,0,98.0,20.25,19.5625
optionA_tie_0.01,carbonscaler_price_tiebreak,ontario,97,0,93.0,26.64,21.86916666666667
optionA_tie_0.01,carbonscaler_price_tiebreak,ontario,98,0,81.0,26.35,10.735
optionA_tie_0.01,carbonscaler_price_tiebreak,ontario,99,0,66.0,25.55,16.831666666666667
optionA_tie_0.01,carbonscaler_price_tiebreak,ontario,100,1,56.0,32.85,22.901666666666667
optionA_tie_0.01,carbonscaler_price_tiebreak,ontario,101,2,54.0,38.31,29.686666666666667
optionA_tie_0.01,carbonscaler_price_tiebreak,ontario,102,2,54.0,61.06,48.30500000000001
optionA_tie_0.01,carbonscaler_price_tiebreak,ontario,103,1,55.0,63.3,37.83083333333333
optionA_tie_0.01,carbonscaler_price_tiebreak,ontario,104,1,60.0,49.64,28.733333333333334
optionA_tie_0.01,carbonscaler_price_tiebreak,ontario,105,0,68.0,50.72,34.39
optionA_tie_0.01,carbonscaler_price_tiebreak,ontario,106,0,83.0,43.94,33.968333333333334
optionA_tie_0.01,carbonscaler_price_tiebreak,ontario,107,0,99.0,33.65,48.071666666666665
optionA_tie_0.01,carbonscaler_price_tiebreak,ontario,108,0,96.0,33.16,33.02
optionA_tie_0.01,carbonscaler_price_tiebreak,ontario,109,0,84.0,33.64,32.66
optionA_tie_0.01,carbonscaler_price_tiebreak,ontario,110,0,93.0,33.81,14.861666666666666
optionA_tie_0.01,carbonscaler_price_tiebreak,ontario,111,0,94.0,34.99,27.951666666666668
optionA_tie_0.01,carbonscaler_price_tiebreak,ontario,112,0,106.0,49.27,33.82666666666667
optionA_tie_0.01,carbonscaler_price_tiebreak,ontario,113,0,100.0,56.53,44.190000000000005
optionA_tie_0.01,carbonscaler_price_tiebreak,ontario,114,0,97.0,61.98,64.0925
optionA_tie_0.01,carbonscaler_price_tiebreak,ontario,115,0,85.0,65.2,57.855
optionA_tie_0.01,carbonscaler_price_tiebreak,ontario,116,0,88.0,54.99,81.01
optionA_tie_0.01,carbonscaler_price_tiebreak,ontario,117,0,93.0,51.87,85.02333333333333
optionA_tie_0.01,carbonscaler_price_tiebreak,ontario,118,0,103.0,44.61,56.237500000000004
optionA_tie_0.01,carbonscaler_price_tiebreak,ontario,119,0,112.0,35.48,40.678333333333335
optionA_tie_0.01,carbonscaler_price_tiebreak,ontario,120,0,117.0,50.77,50.10583333333333
optionA_tie_0.01,carbonscaler_price_tiebreak,ontario,121,0,119.0,44.81,49.906666666666666
optionA_tie_0.01,carbonscaler_price_tiebreak,ontario,122,0,121.0,41.05,49.04916666666667
optionA_tie_0.01,carbonscaler_price_tiebreak,ontario,123,0,120.0,36.4,42.1925
optionA_tie_0.01,carbonscaler_price_tiebreak,ontario,124,0,108.0,39.47,40.28333333333334
optionA_tie_0.01,carbonscaler_price_tiebreak,ontario,125,0,105.0,48.66,40.70166666666667
optionA_tie_0.01,carbonscaler_price_tiebreak,ontario,126,0,105.0,55.67,33.23416666666667
optionA_tie_0.01,carbonscaler_price_tiebreak,ontario,127,0,101.0,50.09,32.46333333333333
optionA_tie_0.01,carbonscaler_price_tiebreak,ontario,128,0,91.0,41.62,28.154999999999998
optionA_tie_0.01,carbonscaler_price_tiebreak,ontario,129,0,87.0,41.6,18.684166666666666
optionA_tie_0.01,carbonscaler_price_tiebreak,ontario,130,0,89.0,40.42,35.85
optionA_tie_0.01,carbonscaler_price_tiebreak,ontario,131,0,83.0,37.73,25.226666666666663
optionA_tie_0.01,carbonscaler_price_tiebreak,ontario,132,0,80.0,33.78,31.930000000000003
optionA_tie_0.01,carbonscaler_price_tiebreak,ontario,133,0,77.0,33.67,11.112499999999999
optionA_tie_0.01,carbonscaler_price_tiebreak,ontario,134,0,72.0,33.04,1.5358333333333334
optionA_tie_0.01,carbonscaler_price_tiebreak,ontario,135,0,82.0,33.9,4.765833333333333
optionA_tie_0.01,carbonscaler_price_tiebreak,ontario,136,0,77.0,37.62,11.858333333333334
optionA_tie_0.01,carbonscaler_price_tiebreak,ontario,137,0,80.0,51.24,25.142500000000002
optionA_tie_0.01,carbonscaler_price_tiebreak,ontario,138,0,76.0,59.05,41.8525
optionA_tie_0.01,carbonscaler_price_tiebreak,ontario,139,0,75.0,59.44,50.66416666666667
optionA_tie_0.01,carbonscaler_price_tiebreak,ontario,140,0,75.0,50.49,49.836666666666666
optionA_tie_0.01,carbonscaler_price_tiebreak,ontario,141,0,72.0,39.53,41.318333333333335
optionA_tie_0.01,carbonscaler_price_tiebreak,ontario,142,0,73.0,35.54,43.805
optionA_tie_0.01,carbonscaler_price_tiebreak,ontario,143,0,87.0,33.98,25.075000000000003
optionA_tie_0.01,carbonscaler_price_tiebreak,ontario,144,0,95.0,36.79,34.35333333333333
optionA_tie_0.01,carbonscaler_price_tiebreak,ontario,145,0,94.0,34.4,26.6925
optionA_tie_0.01,carbonscaler_price_tiebreak,ontario,146,0,91.0,35.47,48.468333333333334
optionA_tie_0.01,carbonscaler_price_tiebreak,ontario,147,0,88.0,34.36,54.5375
optionA_tie_0.01,carbonscaler_price_tiebreak,ontario,148,0,73.0,37.11,51.11166666666667
optionA_tie_0.01,carbonscaler_price_tiebreak,ontario,149,0,61.0,42.79,50.39833333333333
optionA_tie_0.01,carbonscaler_price_tiebreak,ontario,150,2,52.0,47.76,51.104166666666664
optionA_tie_0.01,carbonscaler_price_tiebreak,ontario,151,0,62.0,40.18,37.81666666666667
optionA_tie_0.01,carbonscaler_price_tiebreak,ontario,152,0,70.0,33.89,37.10916666666667
optionA_tie_0.01,carbonscaler_price_tiebreak,ontario,153,0,68.0,33.36,21.173333333333336
optionA_tie_0.01,carbonscaler_price_tiebreak,ontario,154,0,66.0,31.41,6.423333333333333
optionA_tie_0.01,carbonscaler_price_tiebreak,ontario,155,0,68.0,28.78,9.073333333333332
optionA_tie_0.01,carbonscaler_price_tiebreak,ontario,156,1,61.0,26.25,15.920833333333334
optionA_tie_0.01,carbonscaler_price_tiebreak,ontario,157,2,55.0,20.77,20.026666666666667
optionA_tie_0.01,carbonscaler_price_tiebreak,ontario,158,2,52.0,23.43,15.846666666666666
optionA_tie_0.01,carbonscaler_price_tiebreak,ontario,159,2,53.0,28.38,21.236666666666668
optionA_tie_0.01,carbonscaler_price_tiebreak,ontario,160,2,53.0,37.9,47.1975
optionA_tie_0.01,carbonscaler_price_tiebreak,ontario,161,2,52.0,50.42,60.70416666666667
optionA_tie_0.01,carbonscaler_price_tiebreak,ontario,162,2,51.0,56.41,40.975
optionA_tie_0.01,carbonscaler_price_tiebreak,ontario,163,2,52.0,55.68,43.34166666666667
optionA_tie_0.01,carbonscaler_price_tiebreak,ontario,164,1,56.0,46.19,37.44916666666667
optionA_tie_0.01,carbonscaler_price_tiebreak,ontario,165,0,73.0,35.74,34.56166666666667
optionA_tie_0.01,carbonscaler_price_tiebreak,ontario,166,0,80.0,35.59,37.74583333333333
optionA_tie_0.01,carbonscaler_price_tiebreak,ontario,167,0,77.0,35.8,22.585833333333337
optionA_tie_0.03,carbonscaler_price_tiebreak,ontario,0,0,96.0,34.12,35.80416666666667
optionA_tie_0.03,carbonscaler_price_tiebreak,ontario,1,0,93.0,33.93,32.50666666666667
optionA_tie_0.03,carbonscaler_price_tiebreak,ontario,2,0,91.0,32.78,29.21166666666667
optionA_tie_0.03,carbonscaler_price_tiebreak,ontario,3,0,82.0,32.88,36.03666666666667
optionA_tie_0.03,carbonscaler_price_tiebreak,ontario,4,0,78.0,32.86,25.73
optionA_tie_0.03,carbonscaler_price_tiebreak,ontario,5,0,81.0,40.47,45.36666666666667
optionA_tie_0.03,carbonscaler_price_tiebreak,ontario,6,0,77.0,52.14,102.27499999999999
optionA_tie_0.03,carbonscaler_price_tiebreak,ontario,7,0,71.0,66.48,53.160000000000004
optionA_tie_0.03,carbonscaler_price_tiebreak,ontario,8,0,81.0,51.82,53.555
optionA_tie_0.03,carbonscaler_price_tiebreak,ontario,9,0,83.0,44.14,36.879999999999995
optionA_tie_0.03,carbonscaler_price_tiebreak,ontario,10,0,104.0,36.6,38.26083333333334
optionA_tie_0.03,carbonscaler_price_tiebreak,ontario,11,0,117.0,35.22,40.7575
optionA_tie_0.03,carbonscaler_price_tiebreak,ontario,12,0,114.0,34.66,38.3575
optionA_tie_0.03,carbonscaler_price_tiebreak,ontario,13,0,112.0,32.23,34.17666666666667
optionA_tie_0.03,carbonscaler_price_tiebreak,ontario,14,0,103.0,33.76,26.48
optionA_tie_0.03,carbonscaler_price_tiebreak,ontario,15,0,98.0,34.79,36.7575
optionA_tie_0.03,carbonscaler_price_tiebreak,ontario,16,0,104.0,36.54,76.7375
optionA_tie_0.03,carbonscaler_price_tiebreak,ontario,17,0,101.0,54.15,153.96083333333334
optionA_tie_0.03,carbonscaler_price_tiebreak,ontario,18,0,104.0,72.5,138.94416666666666
optionA_tie_0.03,carbonscaler_price_tiebreak,ontario,19,0,90.0,80.22,252.46333333333334
optionA_tie_0.03,carbonscaler_price_tiebreak,ontario,20,0,91.0,54.11,179.91
optionA_tie_0.03,carbonscaler_price_tiebreak,ontario,21,0,112.0,45.86,373.7825
optionA_tie_0.03,carbonscaler_price_tiebreak,ontario,22,0,119.0,45.59,72.18666666666665
optionA_tie_0.03,carbonscaler_price_tiebreak,ontario,23,0,122.0,36.35,43.05083333333334
optionA_tie_0.03,carbonscaler_price_tiebreak,ontario,24,0,128.0,49.5,50.95249999999999
optionA_tie_0.03,carbonscaler_price_tiebreak,ontario,25,0,126.0,50.56,53.87166666666667
optionA_tie_0.03,carbonscaler_price_tiebreak,ontario,26,0,131.0,50.09,53.149166666666666
optionA_tie_0.03,carbonscaler_price_tiebreak,ontario,27,0,133.0,49.92,51.583333333333336
optionA_tie_0.03,carbonscaler_price_tiebreak,ontario,28,0,130.0,50.55,55.78916666666667
optionA_tie_0.03,carbonscaler_price_tiebreak,ontario,29,0,135.0,58.51,55.83583333333333
optionA_tie_0.03,carbonscaler_price_tiebreak,ontario,30,0,139.0,92.97,167.33333333333334
optionA_tie_0.03,carbonscaler_price_tiebreak,ontario,31,0,137.0,71.53,38.432500000000005
optionA_tie_0.03,carbonscaler_price_tiebreak,ontario,32,0,139.0,53.23,30.5325
optionA_tie_0.03,carbonscaler_price_tiebreak,ontario,33,0,140.0,35.6,18.877499999999998
optionA_tie_0.03,carbonscaler_price_tiebreak,ontario,34,0,140.0,29.4,19.4025
optionA_tie_0.03,carbonscaler_price_tiebreak,ontario,35,0,149.0,27.13,22.310000000000002
optionA_tie_0.03,carbonscaler_price_tiebreak,ontario,36,0,136.0,23.38,20.80333333333333
optionA_tie_0.03,carbonscaler_price_tiebreak,ontario,37,0,120.0,21.95,21.33583333333333
optionA_tie_0.03,carbonscaler_price_tiebreak,ontario,38,0,103.0,27.25,16.563333333333333
optionA_tie_0.03,carbonscaler_price_tiebreak,ontario,39,0,100.0,33.03,31.710833333333337
optionA_tie_0.03,carbonscaler_price_tiebreak,ontario,40,0,105.0,42.56,46.28416666666667
optionA_tie_0.03,carbonscaler_price_tiebreak,ontario,41,0,100.0,59.51,61.23500000000001
optionA_tie_0.03,carbonscaler_price_tiebreak,ontario,42,0,103.0,75.66,40.50416666666667
optionA_tie_0.03,carbonscaler_price_tiebreak,ontario,43,0,97.0,71.03,47.211666666666666
optionA_tie_0.03,carbonscaler_price_tiebreak,ontario,44,0,114.0,54.71,45.3975
optionA_tie_0.03,carbonscaler_price_tiebreak,ontario,45,0,131.0,45.67,41.26166666666666
optionA_tie_0.03,carbonscaler_price_tiebreak,ontario,46,0,141.0,42.05,44.14083333333334
optionA_tie_0.03,carbonscaler_price_tiebreak,ontario,47,0,138.0,37.7,31.816666666666666
optionA_tie_0.03,carbonscaler_price_tiebreak,ontario,48,0,141.0,50.05,27.543333333333333
optionA_tie_0.03,carbonscaler_price_tiebreak,ontario,49,0,140.0,49.87,38.13
optionA_tie_0.03,carbonscaler_price_tiebreak,ontario,50,0,139.0,48.33,34.494166666666665
optionA_tie_0.03,carbonscaler_price_tiebreak,ontario,51,0,138.0,48.46,47.105
optionA_tie_0.03,carbonscaler_price_tiebreak,ontario,52,0,121.0,46.68,45.96666666666667
optionA_tie_0.03,carbonscaler_price_tiebreak,ontario,53,0,109.0,61.85,36.67333333333333
optionA_tie_0.03,carbonscaler_price_tiebreak,ontario,54,0,119.0,96.77,43.79
optionA_tie_0.03,carbonscaler_price_tiebreak,ontario,55,0,122.0,84.26,39.11666666666667
optionA_tie_0.03,carbonscaler_price_tiebreak,ontario,56,0,131.0,57.34,46.31
optionA_tie_0.03,carbonscaler_price_tiebreak,ontario,57,0,132.0,52.12,46.74166666666667
optionA_tie_0.03,carbonscaler_price_tiebreak,ontario,58,0,131.0,50.86,22.308333333333334
optionA_tie_0.03,carbonscaler_price_tiebreak,ontario,59,0,135.0,45.87,17.453333333333333
optionA_tie_0.03,carbonscaler_price_tiebreak,ontario,60,0,132.0,38.4,15.573333333333332
optionA_tie_0.03,carbonscaler_price_tiebreak,ontario,61,0,123.0,34.62,19.00166666666667
optionA_tie_0.03,carbonscaler_price_tiebreak,ontario,62,0,119.0,33.74,29.050833333333333
optionA_tie_0.03,carbonscaler_price_tiebreak,ontario,63,0,100.0,39.97,41.73500000000001
optionA_tie_0.03,carbonscaler_price_tiebreak,ontario,64,0,91.0,49.4,51.74250000000001
optionA_tie_0.03,carbonscaler_price_tiebreak,ontario,65,0,92.0,57.3,39.9225
optionA_tie_0.03,carbonscaler_price_tiebreak,ontario,66,0,91.0,60.26,35.43
optionA_tie_0.03,carbonscaler_price_tiebreak,ontario,67,0,102.0,50.96,33.013333333333335
optionA_tie_0.03,carbonscaler_price_tiebreak,ontario,68,0,121.0,42.52,22.65416666666667
optionA_tie_0.03,carbonscaler_price_tiebreak,ontario,69,0,128.0,42.16,29.563333333333333
optionA_tie_0.03,carbonscaler_price_tiebreak,ontario,70,0,122.0,36.22,26.64
optionA_tie_0.03,carbonscaler_price_tiebreak,ontario,71,0,113.0,34.01,24.523333333333337
optionA_tie_0.03,carbonscaler_price_tiebreak,ontario,72,0,102.0,29.33,14.720833333333333
optionA_tie_0.03,carbonscaler_price_tiebreak,ontario,73,0,90.0,25.27,8.13
optionA_tie_0.03,carbonscaler_price_tiebreak,ontario,74,0,84.0,29.42,1.6991666666666667
optionA_tie_0.03,carbonscaler_price_tiebreak,ontario,75,0,73.0,30.84,2.9633333333333334
optionA_tie_0.03,carbonscaler_price_tiebreak,ontario,76,0,70.0,31.25,16.435833333333335
optionA_tie_0.03,carbonscaler_price_tiebreak,ontario,77,1,61.0,35.81,126.48833333333334
optionA_tie_0.03,carbonscaler_price_tiebreak,ontario,78,0,61.0,50.69,78.3725
optionA_tie_0.03,carbonscaler_price_tiebreak,ontario,79,0,62.0,49.64,40.18916666666667
optionA_tie_0.03,carbonscaler_price_tiebreak,ontario,80,0,67.0,43.2,35.16833333333333
optionA_tie_0.03,carbonscaler_price_tiebreak,ontario,81,0,74.0,34.83,36.946666666666665
optionA_tie_0.03,carbonscaler_price_tiebreak,ontario,82,0,97.0,33.46,48.73500000000001
optionA_tie_0.03,carbonscaler_price_tiebreak,ontario,83,0,110.0,33.77,49.08416666666667
optionA_tie_0.03,carbonscaler_price_tiebreak,ontario,84,0,105.0,34.25,60.63666666666666
optionA_tie_0.03,carbonscaler_price_tiebreak,ontario,85,0,99.0,33.34,49.995
optionA_tie_0.03,carbonscaler_price_tiebreak,ontario,86,0,94.0,33.49,80.68249999999999
optionA_tie_0.03,carbonscaler_price_tiebreak,ontario,87,0,105.0,35.49,37.122499999999995
optionA_tie_0.03,carbonscaler_price_tiebreak,ontario,88,0,101.0,39.92,30.870833333333334
optionA_tie_0.03,carbonscaler_price_tiebreak,ontario,89,0,105.0,51.75,35.86666666666667
optionA_tie_0.03,carbonscaler_price_tiebreak,ontario,90,0,102.0,53.87,41.671666666666674
optionA_tie_0.03,carbonscaler_price_tiebreak,ontario,91,0,105.0,51.13,39.7125
optionA_tie_0.03,carbonscaler_price_tiebreak,ontario,92,0,96.0,43.3,81.51666666666667
optionA_tie_0.03,carbonscaler_price_tiebreak,ontario,93,0,88.0,34.09,73.72666666666667
optionA_tie_0.03,carbonscaler_price_tiebreak,ontario,94,0,92.0,33.57,22.382499999999997
optionA_tie_0.03,carbonscaler_price_tiebreak,ontario,95,0,99.0,25.92,14.896666666666667
optionA_tie_0.03,carbonscaler_price_tiebreak,ontario,96,0,98.0,20.25,19.5625
optionA_tie_0.03,carbonscaler_price_tiebreak,ontario,97,0,93.0,26.64,21.86916666666667
optionA_tie_0.03,carbonscaler_price_tiebreak,ontario,98,0,81.0,26.35,10.735
optionA_tie_0.03,carbonscaler_price_tiebreak,ontario,99,0,66.0,25.55,16.831666666666667
optionA_tie_0.03,carbonscaler_price_tiebreak,ontario,100,1,56.0,32.85,22.901666666666667
optionA_tie_0.03,carbonscaler_price_tiebreak,ontario,101,2,54.0,38.31,29.686666666666667
optionA_tie_0.03,carbonscaler_price_tiebreak,ontario,102,1,54.0,61.06,48.30500000000001
optionA_tie_0.03,carbonscaler_price_tiebreak,ontario,103,1,55.0,63.3,37.83083333333333
optionA_tie_0.03,carbonscaler_price_tiebreak,ontario,104,1,60.0,49.64,28.733333333333334
optionA_tie_0.03,carbonscaler_price_tiebreak,ontario,105,0,68.0,50.72,34.39
optionA_tie_0.03,carbonscaler_price_tiebreak,ontario,106,0,83.0,43.94,33.968333333333334
optionA_tie_0.03,carbonscaler_price_tiebreak,ontario,107,0,99.0,33.65,48.071666666666665
optionA_tie_0.03,carbonscaler_price_tiebreak,ontario,108,0,96.0,33.16,33.02
optionA_tie_0.03,carbonscaler_price_tiebreak,ontario,109,0,84.0,33.64,32.66
optionA_tie_0.03,carbonscaler_price_tiebreak,ontario,110,0,93.0,33.81,14.861666666666666
optionA_tie_0.03,carbonscaler_price_tiebreak,ontario,111,0,94.0,34.99,27.951666666666668
optionA_tie_0.03,carbonscaler_price_tiebreak,ontario,112,0,106.0,49.27,33.82666666666667
optionA_tie_0.03,carbonscaler_price_tiebreak,ontario,113,0,100.0,56.53,44.190000000000005
optionA_tie_0.03,carbonscaler_price_tiebreak,ontario,114,0,97.0,61.98,64.0925
optionA_tie_0.03,carbonscaler_price_tiebreak,ontario,115,0,85.0,65.2,57.855
optionA_tie_0.03,carbonscaler_price_tiebreak,ontario,116,0,88.0,54.99,81.01
optionA_tie_0.03,carbonscaler_price_tiebreak,ontario,117,0,93.0,51.87,85.02333333333333
optionA_tie_0.03,carbonscaler_price_tiebreak,ontario,118,0,103.0,44.61,56.237500000000004
optionA_tie_0.03,carbonscaler_price_tiebreak,ontario,119,0,112.0,35.48,40.678333333333335
optionA_tie_0.03,carbonscaler_price_tiebreak,ontario,120,0,117.0,50.77,50.10583333333333
optionA_tie_0.03,carbonscaler_price_tiebreak,ontario,121,0,119.0,44.81,49.906666666666666
optionA_tie_0.03,carbonscaler_price_tiebreak,ontario,122,0,121.0,41.05,49.04916666666667
optionA_tie_0.03,carbonscaler_price_tiebreak,ontario,123,0,120.0,36.4,42.1925
optionA_tie_0.03,carbonscaler_price_tiebreak,ontario,124,0,108.0,39.47,40.28333333333334
optionA_tie_0.03,carbonscaler_price_tiebreak,ontario,125,0,105.0,48.66,40.70166666666667
optionA_tie_0.03,carbonscaler_price_tiebreak,ontario,126,0,105.0,55.67,33.23416666666667
optionA_tie_0.03,carbonscaler_price_tiebreak,ontario,127,0,101.0,50.09,32.46333333333333
optionA_tie_0.03,carbonscaler_price_tiebreak,ontario,128,0,91.0,41.62,28.154999999999998
optionA_tie_0.03,carbonscaler_price_tiebreak,ontario,129,0,87.0,41.6,18.684166666666666
optionA_tie_0.03,carbonscaler_price_tiebreak,ontario,130,0,89.0,40.42,35.85
optionA_tie_0.03,carbonscaler_price_tiebreak,ontario,131,0,83.0,37.73,25.226666666666663
optionA_tie_0.03,carbonscaler_price_tiebreak,ontario,132,0,80.0,33.78,31.930000000000003
optionA_tie_0.03,carbonscaler_price_tiebreak,ontario,133,0,77.0,33.67,11.112499999999999
optionA_tie_0.03,carbonscaler_price_tiebreak,ontario,134,0,72.0,33.04,1.5358333333333334
optionA_tie_0.03,carbonscaler_price_tiebreak,ontario,135,0,82.0,33.9,4.765833333333333
optionA_tie_0.03,carbonscaler_price_tiebreak,ontario,136,0,77.0,37.62,11.858333333333334
optionA_tie_0.03,carbonscaler_price_tiebreak,ontario,137,0,80.0,51.24,25.142500000000002
optionA_tie_0.03,carbonscaler_price_tiebreak,ontario,138,0,76.0,59.05,41.8525
optionA_tie_0.03,carbonscaler_price_tiebreak,ontario,139,0,75.0,59.44,50.66416666666667
optionA_tie_0.03,carbonscaler_price_tiebreak,ontario,140,0,75.0,50.49,49.836666666666666
optionA_tie_0.03,carbonscaler_price_tiebreak,ontario,141,0,72.0,39.53,41.318333333333335
optionA_tie_0.03,carbonscaler_price_tiebreak,ontario,142,0,73.0,35.54,43.805
optionA_tie_0.03,carbonscaler_price_tiebreak,ontario,143,0,87.0,33.98,25.075000000000003
optionA_tie_0.03,carbonscaler_price_tiebreak,ontario,144,0,95.0,36.79,34.35333333333333
optionA_tie_0.03,carbonscaler_price_tiebreak,ontario,145,0,94.0,34.4,26.6925
optionA_tie_0.03,carbonscaler_price_tiebreak,ontario,146,0,91.0,35.47,48.468333333333334
optionA_tie_0.03,carbonscaler_price_tiebreak,ontario,147,0,88.0,34.36,54.5375
optionA_tie_0.03,carbonscaler_price_tiebreak,ontario,148,0,73.0,37.11,51.11166666666667
optionA_tie_0.03,carbonscaler_price_tiebreak,ontario,149,1,61.0,42.79,50.39833333333333
optionA_tie_0.03,carbonscaler_price_tiebreak,ontario,150,2,52.0,47.76,51.104166666666664
optionA_tie_0.03,carbonscaler_price_tiebreak,ontario,151,0,62.0,40.18,37.81666666666667
optionA_tie_0.03,carbonscaler_price_tiebreak,ontario,152,0,70.0,33.89,37.10916666666667
optionA_tie_0.03,carbonscaler_price_tiebreak,ontario,153,0,68.0,33.36,21.173333333333336
optionA_tie_0.03,carbonscaler_price_tiebreak,ontario,154,0,66.0,31.41,6.423333333333333
optionA_tie_0.03,carbonscaler_price_tiebreak,ontario,155,0,68.0,28.78,9.073333333333332
optionA_tie_0.03,carbonscaler_price_tiebreak,ontario,156,1,61.0,26.25,15.920833333333334
optionA_tie_0.03,carbonscaler_price_tiebreak,ontario,157,2,55.0,20.77,20.026666666666667
optionA_tie_0.03,carbonscaler_price_tiebreak,ontario,158,2,52.0,23.43,15.846666666666666
optionA_tie_0.03,carbonscaler_price_tiebreak,ontario,159,2,53.0,28.38,21.236666666666668
optionA_tie_0.03,carbonscaler_price_tiebreak,ontario,160,2,53.0,37.9,47.1975
optionA_tie_0.03,carbonscaler_price_tiebreak,ontario,161,2,52.0,50.42,60.70416666666667
optionA_tie_0.03,carbonscaler_price_tiebreak,ontario,162,2,51.0,56.41,40.975
optionA_tie_0.03,carbonscaler_price_tiebreak,ontario,163,2,52.0,55.68,43.34166666666667
optionA_tie_0.03,carbonscaler_price_tiebreak,ontario,164,1,56.0,46.19,37.44916666666667
optionA_tie_0.03,carbonscaler_price_tiebreak,ontario,165,0,73.0,35.74,34.56166666666667
optionA_tie_0.03,carbonscaler_price_tiebreak,ontario,166,0,80.0,35.59,37.74583333333333
optionA_tie_0.03,carbonscaler_price_tiebreak,ontario,167,0,77.0,35.8,22.585833333333337
optionA_tie_0.05,carbonscaler_price_tiebreak,ontario,0,0,96.0,34.12,35.80416666666667
optionA_tie_0.05,carbonscaler_price_tiebreak,ontario,1,0,93.0,33.93,32.50666666666667
optionA_tie_0.05,carbonscaler_price_tiebreak,ontario,2,0,91.0,32.78,29.21166666666667
optionA_tie_0.05,carbonscaler_price_tiebreak,ontario,3,0,82.0,32.88,36.03666666666667
optionA_tie_0.05,carbonscaler_price_tiebreak,ontario,4,0,78.0,32.86,25.73
optionA_tie_0.05,carbonscaler_price_tiebreak,ontario,5,0,81.0,40.47,45.36666666666667
optionA_tie_0.05,carbonscaler_price_tiebreak,ontario,6,0,77.0,52.14,102.27499999999999
optionA_tie_0.05,carbonscaler_price_tiebreak,ontario,7,0,71.0,66.48,53.160000000000004
optionA_tie_0.05,carbonscaler_price_tiebreak,ontario,8,0,81.0,51.82,53.555
optionA_tie_0.05,carbonscaler_price_tiebreak,ontario,9,0,83.0,44.14,36.879999999999995
optionA_tie_0.05,carbonscaler_price_tiebreak,ontario,10,0,104.0,36.6,38.26083333333334
optionA_tie_0.05,carbonscaler_price_tiebreak,ontario,11,0,117.0,35.22,40.7575
optionA_tie_0.05,carbonscaler_price_tiebreak,ontario,12,0,114.0,34.66,38.3575
optionA_tie_0.05,carbonscaler_price_tiebreak,ontario,13,0,112.0,32.23,34.17666666666667
optionA_tie_0.05,carbonscaler_price_tiebreak,ontario,14,0,103.0,33.76,26.48
optionA_tie_0.05,carbonscaler_price_tiebreak,ontario,15,0,98.0,34.79,36.7575
optionA_tie_0.05,carbonscaler_price_tiebreak,ontario,16,0,104.0,36.54,76.7375
optionA_tie_0.05,carbonscaler_price_tiebreak,ontario,17,0,101.0,54.15,153.96083333333334
optionA_tie_0.05,carbonscaler_price_tiebreak,ontario,18,0,104.0,72.5,138.94416666666666
optionA_tie_0.05,carbonscaler_price_tiebreak,ontario,19,0,90.0,80.22,252.46333333333334
optionA_tie_0.05,carbonscaler_price_tiebreak,ontario,20,0,91.0,54.11,179.91
optionA_tie_0.05,carbonscaler_price_tiebreak,ontario,21,0,112.0,45.86,373.7825
optionA_tie_0.05,carbonscaler_price_tiebreak,ontario,22,0,119.0,45.59,72.18666666666665
optionA_tie_0.05,carbonscaler_price_tiebreak,ontario,23,0,122.0,36.35,43.05083333333334
optionA_tie_0.05,carbonscaler_price_tiebreak,ontario,24,0,128.0,49.5,50.95249999999999
optionA_tie_0.05,carbonscaler_price_tiebreak,ontario,25,0,126.0,50.56,53.87166666666667
optionA_tie_0.05,carbonscaler_price_tiebreak,ontario,26,0,131.0,50.09,53.149166666666666
optionA_tie_0.05,carbonscaler_price_tiebreak,ontario,27,0,133.0,49.92,51.583333333333336
optionA_tie_0.05,carbonscaler_price_tiebreak,ontario,28,0,130.0,50.55,55.78916666666667
optionA_tie_0.05,carbonscaler_price_tiebreak,ontario,29,0,135.0,58.51,55.83583333333333
optionA_tie_0.05,carbonscaler_price_tiebreak,ontario,30,0,139.0,92.97,167.33333333333334
optionA_tie_0.05,carbonscaler_price_tiebreak,ontario,31,0,137.0,71.53,38.432500000000005
optionA_tie_0.05,carbonscaler_price_tiebreak,ontario,32,0,139.0,53.23,30.5325
optionA_tie_0.05,carbonscaler_price_tiebreak,ontario,33,0,140.0,35.6,18.877499999999998
optionA_tie_0.05,carbonscaler_price_tiebreak,ontario,34,0,140.0,29.4,19.4025
optionA_tie_0.05,carbonscaler_price_tiebreak,ontario,35,0,149.0,27.13,22.310000000000002
optionA_tie_0.05,carbonscaler_price_tiebreak,ontario,36,0,136.0,23.38,20.80333333333333
optionA_tie_0.05,carbonscaler_price_tiebreak,ontario,37,0,120.0,21.95,21.33583333333333
optionA_tie_0.05,carbonscaler_price_tiebreak,ontario,38,0,103.0,27.25,16.563333333333333
optionA_tie_0.05,carbonscaler_price_tiebreak,ontario,39,0,100.0,33.03,31.710833333333337
optionA_tie_0.05,carbonscaler_price_tiebreak,ontario,40,0,105.0,42.56,46.28416666666667
optionA_tie_0.05,carbonscaler_price_tiebreak,ontario,41,0,100.0,59.51,61.23500000000001
optionA_tie_0.05,carbonscaler_price_tiebreak,ontario,42,0,103.0,75.66,40.50416666666667
optionA_tie_0.05,carbonscaler_price_tiebreak,ontario,43,0,97.0,71.03,47.211666666666666
optionA_tie_0.05,carbonscaler_price_tiebreak,ontario,44,0,114.0,54.71,45.3975
optionA_tie_0.05,carbonscaler_price_tiebreak,ontario,45,0,131.0,45.67,41.26166666666666
optionA_tie_0.05,carbonscaler_price_tiebreak,ontario,46,0,141.0,42.05,44.14083333333334
optionA_tie_0.05,carbonscaler_price_tiebreak,ontario,47,0,138.0,37.7,31.816666666666666
optionA_tie_0.05,carbonscaler_price_tiebreak,ontario,48,0,141.0,50.05,27.543333333333333
optionA_tie_0.05,carbonscaler_price_tiebreak,ontario,49,0,140.0,49.87,38.13
optionA_tie_0.05,carbonscaler_price_tiebreak,ontario,50,0,139.0,48.33,34.494166666666665
optionA_tie_0.05,carbonscaler_price_tiebreak,ontario,51,0,138.0,48.46,47.105
optionA_tie_0.05,carbonscaler_price_tiebreak,ontario,52,0,121.0,46.68,45.96666666666667
optionA_tie_0.05,carbonscaler_price_tiebreak,ontario,53,0,109.0,61.85,36.67333333333333
optionA_tie_0.05,carbonscaler_price_tiebreak,ontario,54,0,119.0,96.77,43.79
optionA_tie_0.05,carbonscaler_price_tiebreak,ontario,55,0,122.0,84.26,39.11666666666667
optionA_tie_0.05,carbonscaler_price_tiebreak,ontario,56,0,131.0,57.34,46.31
optionA_tie_0.05,carbonscaler_price_tiebreak,ontario,57,0,132.0,52.12,46.74166666666667
optionA_tie_0.05,carbonscaler_price_tiebreak,ontario,58,0,131.0,50.86,22.308333333333334
optionA_tie_0.05,carbonscaler_price_tiebreak,ontario,59,0,135.0,45.87,17.453333333333333
optionA_tie_0.05,carbonscaler_price_tiebreak,ontario,60,0,132.0,38.4,15.573333333333332
optionA_tie_0.05,carbonscaler_price_tiebreak,ontario,61,0,123.0,34.62,19.00166666666667
optionA_tie_0.05,carbonscaler_price_tiebreak,ontario,62,0,119.0,33.74,29.050833333333333
optionA_tie_0.05,carbonscaler_price_tiebreak,ontario,63,0,100.0,39.97,41.73500000000001
optionA_tie_0.05,carbonscaler_price_tiebreak,ontario,64,0,91.0,49.4,51.74250000000001
optionA_tie_0.05,carbonscaler_price_tiebreak,ontario,65,0,92.0,57.3,39.9225
optionA_tie_0.05,carbonscaler_price_tiebreak,ontario,66,0,91.0,60.26,35.43
optionA_tie_0.05,carbonscaler_price_tiebreak,ontario,67,0,102.0,50.96,33.013333333333335
optionA_tie_0.05,carbonscaler_price_tiebreak,ontario,68,0,121.0,42.52,22.65416666666667
optionA_tie_0.05,carbonscaler_price_tiebreak,ontario,69,0,128.0,42.16,29.563333333333333
optionA_tie_0.05,carbonscaler_price_tiebreak,ontario,70,0,122.0,36.22,26.64
optionA_tie_0.05,carbonscaler_price_tiebreak,ontario,71,0,113.0,34.01,24.523333333333337
optionA_tie_0.05,carbonscaler_price_tiebreak,ontario,72,0,102.0,29.33,14.720833333333333
optionA_tie_0.05,carbonscaler_price_tiebreak,ontario,73,0,90.0,25.27,8.13
optionA_tie_0.05,carbonscaler_price_tiebreak,ontario,74,0,84.0,29.42,1.6991666666666667
optionA_tie_0.05,carbonscaler_price_tiebreak,ontario,75,0,73.0,30.84,2.9633333333333334
optionA_tie_0.05,carbonscaler_price_tiebreak,ontario,76,0,70.0,31.25,16.435833333333335
optionA_tie_0.05,carbonscaler_price_tiebreak,ontario,77,1,61.0,35.81,126.48833333333334
optionA_tie_0.05,carbonscaler_price_tiebreak,ontario,78,1,61.0,50.69,78.3725
optionA_tie_0.05,carbonscaler_price_tiebreak,ontario,79,0,62.0,49.64,40.18916666666667
optionA_tie_0.05,carbonscaler_price_tiebreak,ontario,80,0,67.0,43.2,35.16833333333333
optionA_tie_0.05,carbonscaler_price_tiebreak,ontario,81,0,74.0,34.83,36.946666666666665
optionA_tie_0.05,carbonscaler_price_tiebreak,ontario,82,0,97.0,33.46,48.73500000000001
optionA_tie_0.05,carbonscaler_price_tiebreak,ontario,83,0,110.0,33.77,49.08416666666667
optionA_tie_0.05,carbonscaler_price_tiebreak,ontario,84,0,105.0,34.25,60.63666666666666
optionA_tie_0.05,carbonscaler_price_tiebreak,ontario,85,0,99.0,33.34,49.995
optionA_tie_0.05,carbonscaler_price_tiebreak,ontario,86,0,94.0,33.49,80.68249999999999
optionA_tie_0.05,carbonscaler_price_tiebreak,ontario,87,0,105.0,35.49,37.122499999999995
optionA_tie_0.05,carbonscaler_price_tiebreak,ontario,88,0,101.0,39.92,30.870833333333334
optionA_tie_0.05,carbonscaler_price_tiebreak,ontario,89,0,105.0,51.75,35.86666666666667
optionA_tie_0.05,carbonscaler_price_tiebreak,ontario,90,0,102.0,53.87,41.671666666666674
optionA_tie_0.05,carbonscaler_price_tiebreak,ontario,91,0,105.0,51.13,39.7125
optionA_tie_0.05,carbonscaler_price_tiebreak,ontario,92,0,96.0,43.3,81.51666666666667
optionA_tie_0.05,carbonscaler_price_tiebreak,ontario,93,0,88.0,34.09,73.72666666666667
optionA_tie_0.05,carbonscaler_price_tiebreak,ontario,94,0,92.0,33.57,22.382499999999997
optionA_tie_0.05,carbonscaler_price_tiebreak,ontario,95,0,99.0,25.92,14.896666666666667
optionA_tie_0.05,carbonscaler_price_tiebreak,ontario,96,0,98.0,20.25,19.5625
optionA_tie_0.05,carbonscaler_price_tiebreak,ontario,97,0,93.0,26.64,21.86916666666667
optionA_tie_0.05,carbonscaler_price_tiebreak,ontario,98,0,81.0,26.35,10.735
optionA_tie_0.05,carbonscaler_price_tiebreak,ontario,99,0,66.0,25.55,16.831666666666667
optionA_tie_0.05,carbonscaler_price_tiebreak,ontario,100,1,56.0,32.85,22.901666666666667
optionA_tie_0.05,carbonscaler_price_tiebreak,ontario,101,2,54.0,38.31,29.686666666666667
optionA_tie_0.05,carbonscaler_price_tiebreak,ontario,102,1,54.0,61.06,48.30500000000001
optionA_tie_0.05,carbonscaler_price_tiebreak,ontario,103,1,55.0,63.3,37.83083333333333
optionA_tie_0.05,carbonscaler_price_tiebreak,ontario,104,1,60.0,49.64,28.733333333333334
optionA_tie_0.05,carbonscaler_price_tiebreak,ontario,105,0,68.0,50.72,34.39
optionA_tie_0.05,carbonscaler_price_tiebreak,ontario,106,0,83.0,43.94,33.968333333333334
optionA_tie_0.05,carbonscaler_price_tiebreak,ontario,107,0,99.0,33.65,48.071666666666665
optionA_tie_0.05,carbonscaler_price_tiebreak,ontario,108,0,96.0,33.16,33.02
optionA_tie_0.05,carbonscaler_price_tiebreak,ontario,109,0,84.0,33.64,32.66
optionA_tie_0.05,carbonscaler_price_tiebreak,ontario,110,0,93.0,33.81,14.861666666666666
optionA_tie_0.05,carbonscaler_price_tiebreak,ontario,111,0,94.0,34.99,27.951666666666668
optionA_tie_0.05,carbonscaler_price_tiebreak,ontario,112,0,106.0,49.27,33.82666666666667
optionA_tie_0.05,carbonscaler_price_tiebreak,ontario,113,0,100.0,56.53,44.190000000000005
optionA_tie_0.05,carbonscaler_price_tiebreak,ontario,114,0,97.0,61.98,64.0925
optionA_tie_0.05,carbonscaler_price_tiebreak,ontario,115,0,85.0,65.2,57.855
optionA_tie_0.05,carbonscaler_price_tiebreak,ontario,116,0,88.0,54.99,81.01
optionA_tie_0.05,carbonscaler_price_tiebreak,ontario,117,0,93.0,51.87,85.02333333333333
optionA_tie_0.05,carbonscaler_price_tiebreak,ontario,118,0,103.0,44.61,56.237500000000004
optionA_tie_0.05,carbonscaler_price_tiebreak,ontario,119,0,112.0,35.48,40.678333333333335
optionA_tie_0.05,carbonscaler_price_tiebreak,ontario,120,0,117.0,50.77,50.10583333333333
optionA_tie_0.05,carbonscaler_price_tiebreak,ontario,121,0,119.0,44.81,49.906666666666666
optionA_tie_0.05,carbonscaler_price_tiebreak,ontario,122,0,121.0,41.05,49.04916666666667
optionA_tie_0.05,carbonscaler_price_tiebreak,ontario,123,0,120.0,36.4,42.1925
optionA_tie_0.05,carbonscaler_price_tiebreak,ontario,124,0,108.0,39.47,40.28333333333334
optionA_tie_0.05,carbonscaler_price_tiebreak,ontario,125,0,105.0,48.66,40.70166666666667
optionA_tie_0.05,carbonscaler_price_tiebreak,ontario,126,0,105.0,55.67,33.23416666666667
optionA_tie_0.05,carbonscaler_price_tiebreak,ontario,127,0,101.0,50.09,32.46333333333333
optionA_tie_0.05,carbonscaler_price_tiebreak,ontario,128,0,91.0,41.62,28.154999999999998
optionA_tie_0.05,carbonscaler_price_tiebreak,ontario,129,0,87.0,41.6,18.684166666666666
optionA_tie_0.05,carbonscaler_price_tiebreak,ontario,130,0,89.0,40.42,35.85
optionA_tie_0.05,carbonscaler_price_tiebreak,ontario,131,0,83.0,37.73,25.226666666666663
optionA_tie_0.05,carbonscaler_price_tiebreak,ontario,132,0,80.0,33.78,31.930000000000003
optionA_tie_0.05,carbonscaler_price_tiebreak,ontario,133,0,77.0,33.67,11.112499999999999
optionA_tie_0.05,carbonscaler_price_tiebreak,ontario,134,0,72.0,33.04,1.5358333333333334
optionA_tie_0.05,carbonscaler_price_tiebreak,ontario,135,0,82.0,33.9,4.765833333333333
optionA_tie_0.05,carbonscaler_price_tiebreak,ontario,136,0,77.0,37.62,11.858333333333334
optionA_tie_0.05,carbonscaler_price_tiebreak,ontario,137,0,80.0,51.24,25.142500000000002
optionA_tie_0.05,carbonscaler_price_tiebreak,ontario,138,0,76.0,59.05,41.8525
optionA_tie_0.05,carbonscaler_price_tiebreak,ontario,139,0,75.0,59.44,50.66416666666667
optionA_tie_0.05,carbonscaler_price_tiebreak,ontario,140,0,75.0,50.49,49.836666666666666
optionA_tie_0.05,carbonscaler_price_tiebreak,ontario,141,0,72.0,39.53,41.318333333333335
optionA_tie_0.05,carbonscaler_price_tiebreak,ontario,142,0,73.0,35.54,43.805
optionA_tie_0.05,carbonscaler_price_tiebreak,ontario,143,0,87.0,33.98,25.075000000000003
optionA_tie_0.05,carbonscaler_price_tiebreak,ontario,144,0,95.0,36.79,34.35333333333333
optionA_tie_0.05,carbonscaler_price_tiebreak,ontario,145,0,94.0,34.4,26.6925
optionA_tie_0.05,carbonscaler_price_tiebreak,ontario,146,0,91.0,35.47,48.468333333333334
optionA_tie_0.05,carbonscaler_price_tiebreak,ontario,147,0,88.0,34.36,54.5375
optionA_tie_0.05,carbonscaler_price_tiebreak,ontario,148,0,73.0,37.11,51.11166666666667
optionA_tie_0.05,carbonscaler_price_tiebreak,ontario,149,1,61.0,42.79,50.39833333333333
optionA_tie_0.05,carbonscaler_price_tiebreak,ontario,150,2,52.0,47.76,51.104166666666664
optionA_tie_0.05,carbonscaler_price_tiebreak,ontario,151,0,62.0,40.18,37.81666666666667
optionA_tie_0.05,carbonscaler_price_tiebreak,ontario,152,0,70.0,33.89,37.10916666666667
optionA_tie_0.05,carbonscaler_price_tiebreak,ontario,153,0,68.0,33.36,21.173333333333336
optionA_tie_0.05,carbonscaler_price_tiebreak,ontario,154,0,66.0,31.41,6.423333333333333
optionA_tie_0.05,carbonscaler_price_tiebreak,ontario,155,0,68.0,28.78,9.073333333333332
optionA_tie_0.05,carbonscaler_price_tiebreak,ontario,156,1,61.0,26.25,15.920833333333334
optionA_tie_0.05,carbonscaler_price_tiebreak,ontario,157,1,55.0,20.77,20.026666666666667
optionA_tie_0.05,carbonscaler_price_tiebreak,ontario,158,2,52.0,23.43,15.846666666666666
optionA_tie_0.05,carbonscaler_price_tiebreak,ontario,159,2,53.0,28.38,21.236666666666668
optionA_tie_0.05,carbonscaler_price_tiebreak,ontario,160,2,53.0,37.9,47.1975
optionA_tie_0.05,carbonscaler_price_tiebreak,ontario,161,2,52.0,50.42,60.70416666666667
optionA_tie_0.05,carbonscaler_price_tiebreak,ontario,162,2,51.0,56.41,40.975
optionA_tie_0.05,carbonscaler_price_tiebreak,ontario,163,1,52.0,55.68,43.34166666666667
optionA_tie_0.05,carbonscaler_price_tiebreak,ontario,164,1,56.0,46.19,37.44916666666667
optionA_tie_0.05,carbonscaler_price_tiebreak,ontario,165,0,73.0,35.74,34.56166666666667
optionA_tie_0.05,carbonscaler_price_tiebreak,ontario,166,0,80.0,35.59,37.74583333333333
optionA_tie_0.05,carbonscaler_price_tiebreak,ontario,167,0,77.0,35.8,22.585833333333337
optionA_tie_0.10,carbonscaler_price_tiebreak,ontario,0,0,96.0,34.12,35.80416666666667
optionA_tie_0.10,carbonscaler_price_tiebreak,ontario,1,0,93.0,33.93,32.50666666666667
optionA_tie_0.10,carbonscaler_price_tiebreak,ontario,2,0,91.0,32.78,29.21166666666667
optionA_tie_0.10,carbonscaler_price_tiebreak,ontario,3,0,82.0,32.88,36.03666666666667
optionA_tie_0.10,carbonscaler_price_tiebreak,ontario,4,0,78.0,32.86,25.73
optionA_tie_0.10,carbonscaler_price_tiebreak,ontario,5,0,81.0,40.47,45.36666666666667
optionA_tie_0.10,carbonscaler_price_tiebreak,ontario,6,0,77.0,52.14,102.27499999999999
optionA_tie_0.10,carbonscaler_price_tiebreak,ontario,7,0,71.0,66.48,53.160000000000004
optionA_tie_0.10,carbonscaler_price_tiebreak,ontario,8,0,81.0,51.82,53.555
optionA_tie_0.10,carbonscaler_price_tiebreak,ontario,9,0,83.0,44.14,36.879999999999995
optionA_tie_0.10,carbonscaler_price_tiebreak,ontario,10,0,104.0,36.6,38.26083333333334
optionA_tie_0.10,carbonscaler_price_tiebreak,ontario,11,0,117.0,35.22,40.7575
optionA_tie_0.10,carbonscaler_price_tiebreak,ontario,12,0,114.0,34.66,38.3575
optionA_tie_0.10,carbonscaler_price_tiebreak,ontario,13,0,112.0,32.23,34.17666666666667
optionA_tie_0.10,carbonscaler_price_tiebreak,ontario,14,0,103.0,33.76,26.48
optionA_tie_0.10,carbonscaler_price_tiebreak,ontario,15,0,98.0,34.79,36.7575
optionA_tie_0.10,carbonscaler_price_tiebreak,ontario,16,0,104.0,36.54,76.7375
optionA_tie_0.10,carbonscaler_price_tiebreak,ontario,17,0,101.0,54.15,153.96083333333334
optionA_tie_0.10,carbonscaler_price_tiebreak,ontario,18,0,104.0,72.5,138.94416666666666
optionA_tie_0.10,carbonscaler_price_tiebreak,ontario,19,0,90.0,80.22,252.46333333333334
optionA_tie_0.10,carbonscaler_price_tiebreak,ontario,20,0,91.0,54.11,179.91
optionA_tie_0.10,carbonscaler_price_tiebreak,ontario,21,0,112.0,45.86,373.7825
optionA_tie_0.10,carbonscaler_price_tiebreak,ontario,22,0,119.0,45.59,72.18666666666665
optionA_tie_0.10,carbonscaler_price_tiebreak,ontario,23,0,122.0,36.35,43.05083333333334
optionA_tie_0.10,carbonscaler_price_tiebreak,ontario,24,0,128.0,49.5,50.95249999999999
optionA_tie_0.10,carbonscaler_price_tiebreak,ontario,25,0,126.0,50.56,53.87166666666667
optionA_tie_0.10,carbonscaler_price_tiebreak,ontario,26,0,131.0,50.09,53.149166666666666
optionA_tie_0.10,carbonscaler_price_tiebreak,ontario,27,0,133.0,49.92,51.583333333333336
optionA_tie_0.10,carbonscaler_price_tiebreak,ontario,28,0,130.0,50.55,55.78916666666667
optionA_tie_0.10,carbonscaler_price_tiebreak,ontario,29,0,135.0,58.51,55.83583333333333
optionA_tie_0.10,carbonscaler_price_tiebreak,ontario,30,0,139.0,92.97,167.33333333333334
optionA_tie_0.10,carbonscaler_price_tiebreak,ontario,31,0,137.0,71.53,38.432500000000005
optionA_tie_0.10,carbonscaler_price_tiebreak,ontario,32,0,139.0,53.23,30.5325
optionA_tie_0.10,carbonscaler_price_tiebreak,ontario,33,0,140.0,35.6,18.877499999999998
optionA_tie_0.10,carbonscaler_price_tiebreak,ontario,34,0,140.0,29.4,19.4025
optionA_tie_0.10,carbonscaler_price_tiebreak,ontario,35,0,149.0,27.13,22.310000000000002
optionA_tie_0.10,carbonscaler_price_tiebreak,ontario,36,0,136.0,23.38,20.80333333333333
optionA_tie_0.10,carbonscaler_price_tiebreak,ontario,37,0,120.0,21.95,21.33583333333333
optionA_tie_0.10,carbonscaler_price_tiebreak,ontario,38,0,103.0,27.25,16.563333333333333
optionA_tie_0.10,carbonscaler_price_tiebreak,ontario,39,0,100.0,33.03,31.710833333333337
optionA_tie_0.10,carbonscaler_price_tiebreak,ontario,40,0,105.0,42.56,46.28416666666667
optionA_tie_0.10,carbonscaler_price_tiebreak,ontario,41,0,100.0,59.51,61.23500000000001
optionA_tie_0.10,carbonscaler_price_tiebreak,ontario,42,0,103.0,75.66,40.50416666666667
optionA_tie_0.10,carbonscaler_price_tiebreak,ontario,43,0,97.0,71.03,47.211666666666666
optionA_tie_0.10,carbonscaler_price_tiebreak,ontario,44,0,114.0,54.71,45.3975
optionA_tie_0.10,carbonscaler_price_tiebreak,ontario,45,0,131.0,45.67,41.26166666666666
optionA_tie_0.10,carbonscaler_price_tiebreak,ontario,46,0,141.0,42.05,44.14083333333334
optionA_tie_0.10,carbonscaler_price_tiebreak,ontario,47,0,138.0,37.7,31.816666666666666
optionA_tie_0.10,carbonscaler_price_tiebreak,ontario,48,0,141.0,50.05,27.543333333333333
optionA_tie_0.10,carbonscaler_price_tiebreak,ontario,49,0,140.0,49.87,38.13
optionA_tie_0.10,carbonscaler_price_tiebreak,ontario,50,0,139.0,48.33,34.494166666666665
optionA_tie_0.10,carbonscaler_price_tiebreak,ontario,51,0,138.0,48.46,47.105
optionA_tie_0.10,carbonscaler_price_tiebreak,ontario,52,0,121.0,46.68,45.96666666666667
optionA_tie_0.10,carbonscaler_price_tiebreak,ontario,53,0,109.0,61.85,36.67333333333333
optionA_tie_0.10,carbonscaler_price_tiebreak,ontario,54,0,119.0,96.77,43.79
optionA_tie_0.10,carbonscaler_price_tiebreak,ontario,55,0,122.0,84.26,39.11666666666667
optionA_tie_0.10,carbonscaler_price_tiebreak,ontario,56,0,131.0,57.34,46.31
optionA_tie_0.10,carbonscaler_price_tiebreak,ontario,57,0,132.0,52.12,46.74166666666667
optionA_tie_0.10,carbonscaler_price_tiebreak,ontario,58,0,131.0,50.86,22.308333333333334
optionA_tie_0.10,carbonscaler_price_tiebreak,ontario,59,0,135.0,45.87,17.453333333333333
optionA_tie_0.10,carbonscaler_price_tiebreak,ontario,60,0,132.0,38.4,15.573333333333332
optionA_tie_0.10,carbonscaler_price_tiebreak,ontario,61,0,123.0,34.62,19.00166666666667
optionA_tie_0.10,carbonscaler_price_tiebreak,ontario,62,0,119.0,33.74,29.050833333333333
optionA_tie_0.10,carbonscaler_price_tiebreak,ontario,63,0,100.0,39.97,41.73500000000001
optionA_tie_0.10,carbonscaler_price_tiebreak,ontario,64,0,91.0,49.4,51.74250000000001
optionA_tie_0.10,carbonscaler_price_tiebreak,ontario,65,0,92.0,57.3,39.9225
optionA_tie_0.10,carbonscaler_price_tiebreak,ontario,66,0,91.0,60.26,35.43
optionA_tie_0.10,carbonscaler_price_tiebreak,ontario,67,0,102.0,50.96,33.013333333333335
optionA_tie_0.10,carbonscaler_price_tiebreak,ontario,68,0,121.0,42.52,22.65416666666667
optionA_tie_0.10,carbonscaler_price_tiebreak,ontario,69,0,128.0,42.16,29.563333333333333
optionA_tie_0.10,carbonscaler_price_tiebreak,ontario,70,0,122.0,36.22,26.64
optionA_tie_0.10,carbonscaler_price_tiebreak,ontario,71,0,113.0,34.01,24.523333333333337
optionA_tie_0.10,carbonscaler_price_tiebreak,ontario,72,0,102.0,29.33,14.720833333333333
optionA_tie_0.10,carbonscaler_price_tiebreak,ontario,73,0,90.0,25.27,8.13
optionA_tie_0.10,carbonscaler_price_tiebreak,ontario,74,0,84.0,29.42,1.6991666666666667
optionA_tie_0.10,carbonscaler_price_tiebreak,ontario,75,0,73.0,30.84,2.9633333333333334
optionA_tie_0.10,carbonscaler_price_tiebreak,ontario,76,0,70.0,31.25,16.435833333333335
optionA_tie_0.10,carbonscaler_price_tiebreak,ontario,77,1,61.0,35.81,126.48833333333334
optionA_tie_0.10,carbonscaler_price_tiebreak,ontario,78,1,61.0,50.69,78.3725
optionA_tie_0.10,carbonscaler_price_tiebreak,ontario,79,0,62.0,49.64,40.18916666666667
optionA_tie_0.10,carbonscaler_price_tiebreak,ontario,80,0,67.0,43.2,35.16833333333333
optionA_tie_0.10,carbonscaler_price_tiebreak,ontario,81,0,74.0,34.83,36.946666666666665
optionA_tie_0.10,carbonscaler_price_tiebreak,ontario,82,0,97.0,33.46,48.73500000000001
optionA_tie_0.10,carbonscaler_price_tiebreak,ontario,83,0,110.0,33.77,49.08416666666667
optionA_tie_0.10,carbonscaler_price_tiebreak,ontario,84,0,105.0,34.25,60.63666666666666
optionA_tie_0.10,carbonscaler_price_tiebreak,ontario,85,0,99.0,33.34,49.995
optionA_tie_0.10,carbonscaler_price_tiebreak,ontario,86,0,94.0,33.49,80.68249999999999
optionA_tie_0.10,carbonscaler_price_tiebreak,ontario,87,0,105.0,35.49,37.122499999999995
optionA_tie_0.10,carbonscaler_price_tiebreak,ontario,88,0,101.0,39.92,30.870833333333334
optionA_tie_0.10,carbonscaler_price_tiebreak,ontario,89,0,105.0,51.75,35.86666666666667
optionA_tie_0.10,carbonscaler_price_tiebreak,ontario,90,0,102.0,53.87,41.671666666666674
optionA_tie_0.10,carbonscaler_price_tiebreak,ontario,91,0,105.0,51.13,39.7125
optionA_tie_0.10,carbonscaler_price_tiebreak,ontario,92,0,96.0,43.3,81.51666666666667
optionA_tie_0.10,carbonscaler_price_tiebreak,ontario,93,0,88.0,34.09,73.72666666666667
optionA_tie_0.10,carbonscaler_price_tiebreak,ontario,94,0,92.0,33.57,22.382499999999997
optionA_tie_0.10,carbonscaler_price_tiebreak,ontario,95,0,99.0,25.92,14.896666666666667
optionA_tie_0.10,carbonscaler_price_tiebreak,ontario,96,0,98.0,20.25,19.5625
optionA_tie_0.10,carbonscaler_price_tiebreak,ontario,97,0,93.0,26.64,21.86916666666667
optionA_tie_0.10,carbonscaler_price_tiebreak,ontario,98,0,81.0,26.35,10.735
optionA_tie_0.10,carbonscaler_price_tiebreak,ontario,99,0,66.0,25.55,16.831666666666667
optionA_tie_0.10,carbonscaler_price_tiebreak,ontario,100,1,56.0,32.85,22.901666666666667
optionA_tie_0.10,carbonscaler_price_tiebreak,ontario,101,2,54.0,38.31,29.686666666666667
optionA_tie_0.10,carbonscaler_price_tiebreak,ontario,102,2,54.0,61.06,48.30500000000001
optionA_tie_0.10,carbonscaler_price_tiebreak,ontario,103,0,55.0,63.3,37.83083333333333
optionA_tie_0.10,carbonscaler_price_tiebreak,ontario,104,1,60.0,49.64,28.733333333333334
optionA_tie_0.10,carbonscaler_price_tiebreak,ontario,105,0,68.0,50.72,34.39
optionA_tie_0.10,carbonscaler_price_tiebreak,ontario,106,0,83.0,43.94,33.968333333333334
optionA_tie_0.10,carbonscaler_price_tiebreak,ontario,107,0,99.0,33.65,48.071666666666665
optionA_tie_0.10,carbonscaler_price_tiebreak,ontario,108,0,96.0,33.16,33.02
optionA_tie_0.10,carbonscaler_price_tiebreak,ontario,109,0,84.0,33.64,32.66
optionA_tie_0.10,carbonscaler_price_tiebreak,ontario,110,0,93.0,33.81,14.861666666666666
optionA_tie_0.10,carbonscaler_price_tiebreak,ontario,111,0,94.0,34.99,27.951666666666668
optionA_tie_0.10,carbonscaler_price_tiebreak,ontario,112,0,106.0,49.27,33.82666666666667
optionA_tie_0.10,carbonscaler_price_tiebreak,ontario,113,0,100.0,56.53,44.190000000000005
optionA_tie_0.10,carbonscaler_price_tiebreak,ontario,114,0,97.0,61.98,64.0925
optionA_tie_0.10,carbonscaler_price_tiebreak,ontario,115,0,85.0,65.2,57.855
optionA_tie_0.10,carbonscaler_price_tiebreak,ontario,116,0,88.0,54.99,81.01
optionA_tie_0.10,carbonscaler_price_tiebreak,ontario,117,0,93.0,51.87,85.02333333333333
optionA_tie_0.10,carbonscaler_price_tiebreak,ontario,118,0,103.0,44.61,56.237500000000004
optionA_tie_0.10,carbonscaler_price_tiebreak,ontario,119,0,112.0,35.48,40.678333333333335
optionA_tie_0.10,carbonscaler_price_tiebreak,ontario,120,0,117.0,50.77,50.10583333333333
optionA_tie_0.10,carbonscaler_price_tiebreak,ontario,121,0,119.0,44.81,49.906666666666666
optionA_tie_0.10,carbonscaler_price_tiebreak,ontario,122,0,121.0,41.05,49.04916666666667
optionA_tie_0.10,carbonscaler_price_tiebreak,ontario,123,0,120.0,36.4,42.1925
optionA_tie_0.10,carbonscaler_price_tiebreak,ontario,124,0,108.0,39.47,40.28333333333334
optionA_tie_0.10,carbonscaler_price_tiebreak,ontario,125,0,105.0,48.66,40.70166666666667
optionA_tie_0.10,carbonscaler_price_tiebreak,ontario,126,0,105.0,55.67,33.23416666666667
optionA_tie_0.10,carbonscaler_price_tiebreak,ontario,127,0,101.0,50.09,32.46333333333333
optionA_tie_0.10,carbonscaler_price_tiebreak,ontario,128,0,91.0,41.62,28.154999999999998
optionA_tie_0.10,carbonscaler_price_tiebreak,ontario,129,0,87.0,41.6,18.684166666666666
optionA_tie_0.10,carbonscaler_price_tiebreak,ontario,130,0,89.0,40.42,35.85
optionA_tie_0.10,carbonscaler_price_tiebreak,ontario,131,0,83.0,37.73,25.226666666666663
optionA_tie_0.10,carbonscaler_price_tiebreak,ontario,132,0,80.0,33.78,31.930000000000003
optionA_tie_0.10,carbonscaler_price_tiebreak,ontario,133,0,77.0,33.67,11.112499999999999
optionA_tie_0.10,carbonscaler_price_tiebreak,ontario,134,0,72.0,33.04,1.5358333333333334
optionA_tie_0.10,carbonscaler_price_tiebreak,ontario,135,0,82.0,33.9,4.765833333333333
optionA_tie_0.10,carbonscaler_price_tiebreak,ontario,136,0,77.0,37.62,11.858333333333334
optionA_tie_0.10,carbonscaler_price_tiebreak,ontario,137,0,80.0,51.24,25.142500000000002
optionA_tie_0.10,carbonscaler_price_tiebreak,ontario,138,0,76.0,59.05,41.8525
optionA_tie_0.10,carbonscaler_price_tiebreak,ontario,139,0,75.0,59.44,50.66416666666667
optionA_tie_0.10,carbonscaler_price_tiebreak,ontario,140,0,75.0,50.49,49.836666666666666
optionA_tie_0.10,carbonscaler_price_tiebreak,ontario,141,0,72.0,39.53,41.318333333333335
optionA_tie_0.10,carbonscaler_price_tiebreak,ontario,142,0,73.0,35.54,43.805
optionA_tie_0.10,carbonscaler_price_tiebreak,ontario,143,0,87.0,33.98,25.075000000000003
optionA_tie_0.10,carbonscaler_price_tiebreak,ontario,144,0,95.0,36.79,34.35333333333333
optionA_tie_0.10,carbonscaler_price_tiebreak,ontario,145,0,94.0,34.4,26.6925
optionA_tie_0.10,carbonscaler_price_tiebreak,ontario,146,0,91.0,35.47,48.468333333333334
optionA_tie_0.10,carbonscaler_price_tiebreak,ontario,147,0,88.0,34.36,54.5375
optionA_tie_0.10,carbonscaler_price_tiebreak,ontario,148,0,73.0,37.11,51.11166666666667
optionA_tie_0.10,carbonscaler_price_tiebreak,ontario,149,1,61.0,42.79,50.39833333333333
optionA_tie_0.10,carbonscaler_price_tiebreak,ontario,150,2,52.0,47.76,51.104166666666664
optionA_tie_0.10,carbonscaler_price_tiebreak,ontario,151,0,62.0,40.18,37.81666666666667
optionA_tie_0.10,carbonscaler_price_tiebreak,ontario,152,0,70.0,33.89,37.10916666666667
optionA_tie_0.10,carbonscaler_price_tiebreak,ontario,153,0,68.0,33.36,21.173333333333336
optionA_tie_0.10,carbonscaler_price_tiebreak,ontario,154,0,66.0,31.41,6.423333333333333
optionA_tie_0.10,carbonscaler_price_tiebreak,ontario,155,0,68.0,28.78,9.073333333333332
optionA_tie_0.10,carbonscaler_price_tiebreak,ontario,156,1,61.0,26.25,15.920833333333334
optionA_tie_0.10,carbonscaler_price_tiebreak,ontario,157,1,55.0,20.77,20.026666666666667
optionA_tie_0.10,carbonscaler_price_tiebreak,ontario,158,2,52.0,23.43,15.846666666666666
optionA_tie_0.10,carbonscaler_price_tiebreak,ontario,159,2,53.0,28.38,21.236666666666668
optionA_tie_0.10,carbonscaler_price_tiebreak,ontario,160,2,53.0,37.9,47.1975
optionA_tie_0.10,carbonscaler_price_tiebreak,ontario,161,2,52.0,50.42,60.70416666666667
optionA_tie_0.10,carbonscaler_price_tiebreak,ontario,162,2,51.0,56.41,40.975
optionA_tie_0.10,carbonscaler_price_tiebreak,ontario,163,2,52.0,55.68,43.34166666666667
optionA_tie_0.10,carbonscaler_price_tiebreak,ontario,164,1,56.0,46.19,37.44916666666667
optionA_tie_0.10,carbonscaler_price_tiebreak,ontario,165,0,73.0,35.74,34.56166666666667
optionA_tie_0.10,carbonscaler_price_tiebreak,ontario,166,0,80.0,35.59,37.74583333333333
optionA_tie_0.10,carbonscaler_price_tiebreak,ontario,167,0,77.0,35.8,22.585833333333337
optionA_tie_0.20,carbonscaler_price_tiebreak,ontario,0,0,96.0,34.12,35.80416666666667
optionA_tie_0.20,carbonscaler_price_tiebreak,ontario,1,0,93.0,33.93,32.50666666666667
optionA_tie_0.20,carbonscaler_price_tiebreak,ontario,2,0,91.0,32.78,29.21166666666667
optionA_tie_0.20,carbonscaler_price_tiebreak,ontario,3,0,82.0,32.88,36.03666666666667
optionA_tie_0.20,carbonscaler_price_tiebreak,ontario,4,0,78.0,32.86,25.73
optionA_tie_0.20,carbonscaler_price_tiebreak,ontario,5,0,81.0,40.47,45.36666666666667
optionA_tie_0.20,carbonscaler_price_tiebreak,ontario,6,0,77.0,52.14,102.27499999999999
optionA_tie_0.20,carbonscaler_price_tiebreak,ontario,7,0,71.0,66.48,53.160000000000004
optionA_tie_0.20,carbonscaler_price_tiebreak,ontario,8,0,81.0,51.82,53.555
optionA_tie_0.20,carbonscaler_price_tiebreak,ontario,9,0,83.0,44.14,36.879999999999995
optionA_tie_0.20,carbonscaler_price_tiebreak,ontario,10,0,104.0,36.6,38.26083333333334
optionA_tie_0.20,carbonscaler_price_tiebreak,ontario,11,0,117.0,35.22,40.7575
optionA_tie_0.20,carbonscaler_price_tiebreak,ontario,12,0,114.0,34.66,38.3575
optionA_tie_0.20,carbonscaler_price_tiebreak,ontario,13,0,112.0,32.23,34.17666666666667
optionA_tie_0.20,carbonscaler_price_tiebreak,ontario,14,0,103.0,33.76,26.48
optionA_tie_0.20,carbonscaler_price_tiebreak,ontario,15,0,98.0,34.79,36.7575
optionA_tie_0.20,carbonscaler_price_tiebreak,ontario,16,0,104.0,36.54,76.7375
optionA_tie_0.20,carbonscaler_price_tiebreak,ontario,17,0,101.0,54.15,153.96083333333334
optionA_tie_0.20,carbonscaler_price_tiebreak,ontario,18,0,104.0,72.5,138.94416666666666
optionA_tie_0.20,carbonscaler_price_tiebreak,ontario,19,0,90.0,80.22,252.46333333333334
optionA_tie_0.20,carbonscaler_price_tiebreak,ontario,20,0,91.0,54.11,179.91
optionA_tie_0.20,carbonscaler_price_tiebreak,ontario,21,0,112.0,45.86,373.7825
optionA_tie_0.20,carbonscaler_price_tiebreak,ontario,22,0,119.0,45.59,72.18666666666665
optionA_tie_0.20,carbonscaler_price_tiebreak,ontario,23,0,122.0,36.35,43.05083333333334
optionA_tie_0.20,carbonscaler_price_tiebreak,ontario,24,0,128.0,49.5,50.95249999999999
optionA_tie_0.20,carbonscaler_price_tiebreak,ontario,25,0,126.0,50.56,53.87166666666667
optionA_tie_0.20,carbonscaler_price_tiebreak,ontario,26,0,131.0,50.09,53.149166666666666
optionA_tie_0.20,carbonscaler_price_tiebreak,ontario,27,0,133.0,49.92,51.583333333333336
optionA_tie_0.20,carbonscaler_price_tiebreak,ontario,28,0,130.0,50.55,55.78916666666667
optionA_tie_0.20,carbonscaler_price_tiebreak,ontario,29,0,135.0,58.51,55.83583333333333
optionA_tie_0.20,carbonscaler_price_tiebreak,ontario,30,0,139.0,92.97,167.33333333333334
optionA_tie_0.20,carbonscaler_price_tiebreak,ontario,31,0,137.0,71.53,38.432500000000005
optionA_tie_0.20,carbonscaler_price_tiebreak,ontario,32,0,139.0,53.23,30.5325
optionA_tie_0.20,carbonscaler_price_tiebreak,ontario,33,0,140.0,35.6,18.877499999999998
optionA_tie_0.20,carbonscaler_price_tiebreak,ontario,34,0,140.0,29.4,19.4025
optionA_tie_0.20,carbonscaler_price_tiebreak,ontario,35,0,149.0,27.13,22.310000000000002
optionA_tie_0.20,carbonscaler_price_tiebreak,ontario,36,0,136.0,23.38,20.80333333333333
optionA_tie_0.20,carbonscaler_price_tiebreak,ontario,37,0,120.0,21.95,21.33583333333333
optionA_tie_0.20,carbonscaler_price_tiebreak,ontario,38,0,103.0,27.25,16.563333333333333
optionA_tie_0.20,carbonscaler_price_tiebreak,ontario,39,0,100.0,33.03,31.710833333333337
optionA_tie_0.20,carbonscaler_price_tiebreak,ontario,40,0,105.0,42.56,46.28416666666667
optionA_tie_0.20,carbonscaler_price_tiebreak,ontario,41,0,100.0,59.51,61.23500000000001
optionA_tie_0.20,carbonscaler_price_tiebreak,ontario,42,0,103.0,75.66,40.50416666666667
optionA_tie_0.20,carbonscaler_price_tiebreak,ontario,43,0,97.0,71.03,47.211666666666666
optionA_tie_0.20,carbonscaler_price_tiebreak,ontario,44,0,114.0,54.71,45.3975
optionA_tie_0.20,carbonscaler_price_tiebreak,ontario,45,0,131.0,45.67,41.26166666666666
optionA_tie_0.20,carbonscaler_price_tiebreak,ontario,46,0,141.0,42.05,44.14083333333334
optionA_tie_0.20,carbonscaler_price_tiebreak,ontario,47,0,138.0,37.7,31.816666666666666
optionA_tie_0.20,carbonscaler_price_tiebreak,ontario,48,0,141.0,50.05,27.543333333333333
optionA_tie_0.20,carbonscaler_price_tiebreak,ontario,49,0,140.0,49.87,38.13
optionA_tie_0.20,carbonscaler_price_tiebreak,ontario,50,0,139.0,48.33,34.494166666666665
optionA_tie_0.20,carbonscaler_price_tiebreak,ontario,51,0,138.0,48.46,47.105
optionA_tie_0.20,carbonscaler_price_tiebreak,ontario,52,0,121.0,46.68,45.96666666666667
optionA_tie_0.20,carbonscaler_price_tiebreak,ontario,53,0,109.0,61.85,36.67333333333333
optionA_tie_0.20,carbonscaler_price_tiebreak,ontario,54,0,119.0,96.77,43.79
optionA_tie_0.20,carbonscaler_price_tiebreak,ontario,55,0,122.0,84.26,39.11666666666667
optionA_tie_0.20,carbonscaler_price_tiebreak,ontario,56,0,131.0,57.34,46.31
optionA_tie_0.20,carbonscaler_price_tiebreak,ontario,57,0,132.0,52.12,46.74166666666667
optionA_tie_0.20,carbonscaler_price_tiebreak,ontario,58,0,131.0,50.86,22.308333333333334
optionA_tie_0.20,carbonscaler_price_tiebreak,ontario,59,0,135.0,45.87,17.453333333333333
optionA_tie_0.20,carbonscaler_price_tiebreak,ontario,60,0,132.0,38.4,15.573333333333332
optionA_tie_0.20,carbonscaler_price_tiebreak,ontario,61,0,123.0,34.62,19.00166666666667
optionA_tie_0.20,carbonscaler_price_tiebreak,ontario,62,0,119.0,33.74,29.050833333333333
optionA_tie_0.20,carbonscaler_price_tiebreak,ontario,63,0,100.0,39.97,41.73500000000001
optionA_tie_0.20,carbonscaler_price_tiebreak,ontario,64,0,91.0,49.4,51.74250000000001
optionA_tie_0.20,carbonscaler_price_tiebreak,ontario,65,0,92.0,57.3,39.9225
optionA_tie_0.20,carbonscaler_price_tiebreak,ontario,66,0,91.0,60.26,35.43
optionA_tie_0.20,carbonscaler_price_tiebreak,ontario,67,0,102.0,50.96,33.013333333333335
optionA_tie_0.20,carbonscaler_price_tiebreak,ontario,68,0,121.0,42.52,22.65416666666667
optionA_tie_0.20,carbonscaler_price_tiebreak,ontario,69,0,128.0,42.16,29.563333333333333
optionA_tie_0.20,carbonscaler_price_tiebreak,ontario,70,0,122.0,36.22,26.64
optionA_tie_0.20,carbonscaler_price_tiebreak,ontario,71,0,113.0,34.01,24.523333333333337
optionA_tie_0.20,carbonscaler_price_tiebreak,ontario,72,0,102.0,29.33,14.720833333333333
optionA_tie_0.20,carbonscaler_price_tiebreak,ontario,73,0,90.0,25.27,8.13
optionA_tie_0.20,carbonscaler_price_tiebreak,ontario,74,0,84.0,29.42,1.6991666666666667
optionA_tie_0.20,carbonscaler_price_tiebreak,ontario,75,0,73.0,30.84,2.9633333333333334
optionA_tie_0.20,carbonscaler_price_tiebreak,ontario,76,0,70.0,31.25,16.435833333333335
optionA_tie_0.20,carbonscaler_price_tiebreak,ontario,77,1,61.0,35.81,126.48833333333334
optionA_tie_0.20,carbonscaler_price_tiebreak,ontario,78,1,61.0,50.69,78.3725
optionA_tie_0.20,carbonscaler_price_tiebreak,ontario,79,1,62.0,49.64,40.18916666666667
optionA_tie_0.20,carbonscaler_price_tiebreak,ontario,80,0,67.0,43.2,35.16833333333333
optionA_tie_0.20,carbonscaler_price_tiebreak,ontario,81,0,74.0,34.83,36.946666666666665
optionA_tie_0.20,carbonscaler_price_tiebreak,ontario,82,0,97.0,33.46,48.73500000000001
optionA_tie_0.20,carbonscaler_price_tiebreak,ontario,83,0,110.0,33.77,49.08416666666667
optionA_tie_0.20,carbonscaler_price_tiebreak,ontario,84,0,105.0,34.25,60.63666666666666
optionA_tie_0.20,carbonscaler_price_tiebreak,ontario,85,0,99.0,33.34,49.995
optionA_tie_0.20,carbonscaler_price_tiebreak,ontario,86,0,94.0,33.49,80.68249999999999
optionA_tie_0.20,carbonscaler_price_tiebreak,ontario,87,0,105.0,35.49,37.122499999999995
optionA_tie_0.20,carbonscaler_price_tiebreak,ontario,88,0,101.0,39.92,30.870833333333334
optionA_tie_0.20,carbonscaler_price_tiebreak,ontario,89,0,105.0,51.75,35.86666666666667
optionA_tie_0.20,carbonscaler_price_tiebreak,ontario,90,0,102.0,53.87,41.671666666666674
optionA_tie_0.20,carbonscaler_price_tiebreak,ontario,91,0,105.0,51.13,39.7125
optionA_tie_0.20,carbonscaler_price_tiebreak,ontario,92,0,96.0,43.3,81.51666666666667
optionA_tie_0.20,carbonscaler_price_tiebreak,ontario,93,0,88.0,34.09,73.72666666666667
optionA_tie_0.20,carbonscaler_price_tiebreak,ontario,94,0,92.0,33.57,22.382499999999997
optionA_tie_0.20,carbonscaler_price_tiebreak,ontario,95,0,99.0,25.92,14.896666666666667
optionA_tie_0.20,carbonscaler_price_tiebreak,ontario,96,0,98.0,20.25,19.5625
optionA_tie_0.20,carbonscaler_price_tiebreak,ontario,97,0,93.0,26.64,21.86916666666667
optionA_tie_0.20,carbonscaler_price_tiebreak,ontario,98,0,81.0,26.35,10.735
optionA_tie_0.20,carbonscaler_price_tiebreak,ontario,99,0,66.0,25.55,16.831666666666667
optionA_tie_0.20,carbonscaler_price_tiebreak,ontario,100,2,56.0,32.85,22.901666666666667
optionA_tie_0.20,carbonscaler_price_tiebreak,ontario,101,2,54.0,38.31,29.686666666666667
optionA_tie_0.20,carbonscaler_price_tiebreak,ontario,102,0,54.0,61.06,48.30500000000001
optionA_tie_0.20,carbonscaler_price_tiebreak,ontario,103,0,55.0,63.3,37.83083333333333
optionA_tie_0.20,carbonscaler_price_tiebreak,ontario,104,1,60.0,49.64,28.733333333333334
optionA_tie_0.20,carbonscaler_price_tiebreak,ontario,105,0,68.0,50.72,34.39
optionA_tie_0.20,carbonscaler_price_tiebreak,ontario,106,0,83.0,43.94,33.968333333333334
optionA_tie_0.20,carbonscaler_price_tiebreak,ontario,107,0,99.0,33.65,48.071666666666665
optionA_tie_0.20,carbonscaler_price_tiebreak,ontario,108,0,96.0,33.16,33.02
optionA_tie_0.20,carbonscaler_price_tiebreak,ontario,109,0,84.0,33.64,32.66
optionA_tie_0.20,carbonscaler_price_tiebreak,ontario,110,0,93.0,33.81,14.861666666666666
optionA_tie_0.20,carbonscaler_price_tiebreak,ontario,111,0,94.0,34.99,27.951666666666668
optionA_tie_0.20,carbonscaler_price_tiebreak,ontario,112,0,106.0,49.27,33.82666666666667
optionA_tie_0.20,carbonscaler_price_tiebreak,ontario,113,0,100.0,56.53,44.190000000000005
optionA_tie_0.20,carbonscaler_price_tiebreak,ontario,114,0,97.0,61.98,64.0925
optionA_tie_0.20,carbonscaler_price_tiebreak,ontario,115,0,85.0,65.2,57.855
optionA_tie_0.20,carbonscaler_price_tiebreak,ontario,116,0,88.0,54.99,81.01
optionA_tie_0.20,carbonscaler_price_tiebreak,ontario,117,0,93.0,51.87,85.02333333333333
optionA_tie_0.20,carbonscaler_price_tiebreak,ontario,118,0,103.0,44.61,56.237500000000004
optionA_tie_0.20,carbonscaler_price_tiebreak,ontario,119,0,112.0,35.48,40.678333333333335
optionA_tie_0.20,carbonscaler_price_tiebreak,ontario,120,0,117.0,50.77,50.10583333333333
optionA_tie_0.20,carbonscaler_price_tiebreak,ontario,121,0,119.0,44.81,49.906666666666666
optionA_tie_0.20,carbonscaler_price_tiebreak,ontario,122,0,121.0,41.05,49.04916666666667
optionA_tie_0.20,carbonscaler_price_tiebreak,ontario,123,0,120.0,36.4,42.1925
optionA_tie_0.20,carbonscaler_price_tiebreak,ontario,124,0,108.0,39.47,40.28333333333334
optionA_tie_0.20,carbonscaler_price_tiebreak,ontario,125,0,105.0,48.66,40.70166666666667
optionA_tie_0.20,carbonscaler_price_tiebreak,ontario,126,0,105.0,55.67,33.23416666666667
optionA_tie_0.20,carbonscaler_price_tiebreak,ontario,127,0,101.0,50.09,32.46333333333333
optionA_tie_0.20,carbonscaler_price_tiebreak,ontario,128,0,91.0,41.62,28.154999999999998
optionA_tie_0.20,carbonscaler_price_tiebreak,ontario,129,0,87.0,41.6,18.684166666666666
optionA_tie_0.20,carbonscaler_price_tiebreak,ontario,130,0,89.0,40.42,35.85
optionA_tie_0.20,carbonscaler_price_tiebreak,ontario,131,0,83.0,37.73,25.226666666666663
optionA_tie_0.20,carbonscaler_price_tiebreak,ontario,132,0,80.0,33.78,31.930000000000003
optionA_tie_0.20,carbonscaler_price_tiebreak,ontario,133,0,77.0,33.67,11.112499999999999
optionA_tie_0.20,carbonscaler_price_tiebreak,ontario,134,0,72.0,33.04,1.5358333333333334
optionA_tie_0.20,carbonscaler_price_tiebreak,ontario,135,0,82.0,33.9,4.765833333333333
optionA_tie_0.20,carbonscaler_price_tiebreak,ontario,136,0,77.0,37.62,11.858333333333334
optionA_tie_0.20,carbonscaler_price_tiebreak,ontario,137,0,80.0,51.24,25.142500000000002
optionA_tie_0.20,carbonscaler_price_tiebreak,ontario,138,0,76.0,59.05,41.8525
optionA_tie_0.20,carbonscaler_price_tiebreak,ontario,139,0,75.0,59.44,50.66416666666667
optionA_tie_0.20,carbonscaler_price_tiebreak,ontario,140,0,75.0,50.49,49.836666666666666
optionA_tie_0.20,carbonscaler_price_tiebreak,ontario,141,0,72.0,39.53,41.318333333333335
optionA_tie_0.20,carbonscaler_price_tiebreak,ontario,142,0,73.0,35.54,43.805
optionA_tie_0.20,carbonscaler_price_tiebreak,ontario,143,0,87.0,33.98,25.075000000000003
optionA_tie_0.20,carbonscaler_price_tiebreak,ontario,144,0,95.0,36.79,34.35333333333333
optionA_tie_0.20,carbonscaler_price_tiebreak,ontario,145,0,94.0,34.4,26.6925
optionA_tie_0.20,carbonscaler_price_tiebreak,ontario,146,0,91.0,35.47,48.468333333333334
optionA_tie_0.20,carbonscaler_price_tiebreak,ontario,147,0,88.0,34.36,54.5375
optionA_tie_0.20,carbonscaler_price_tiebreak,ontario,148,0,73.0,37.11,51.11166666666667
optionA_tie_0.20,carbonscaler_price_tiebreak,ontario,149,1,61.0,42.79,50.39833333333333
optionA_tie_0.20,carbonscaler_price_tiebreak,ontario,150,2,52.0,47.76,51.104166666666664
optionA_tie_0.20,carbonscaler_price_tiebreak,ontario,151,1,62.0,40.18,37.81666666666667
optionA_tie_0.20,carbonscaler_price_tiebreak,ontario,152,0,70.0,33.89,37.10916666666667
optionA_tie_0.20,carbonscaler_price_tiebreak,ontario,153,0,68.0,33.36,21.173333333333336
optionA_tie_0.20,carbonscaler_price_tiebreak,ontario,154,0,66.0,31.41,6.423333333333333
optionA_tie_0.20,carbonscaler_price_tiebreak,ontario,155,0,68.0,28.78,9.073333333333332
optionA_tie_0.20,carbonscaler_price_tiebreak,ontario,156,1,61.0,26.25,15.920833333333334
optionA_tie_0.20,carbonscaler_price_tiebreak,ontario,157,2,55.0,20.77,20.026666666666667
optionA_tie_0.20,carbonscaler_price_tiebreak,ontario,158,2,52.0,23.43,15.846666666666666
optionA_tie_0.20,carbonscaler_price_tiebreak,ontario,159,2,53.0,28.38,21.236666666666668
optionA_tie_0.20,carbonscaler_price_tiebreak,ontario,160,2,53.0,37.9,47.1975
optionA_tie_0.20,carbonscaler_price_tiebreak,ontario,161,2,52.0,50.42,60.70416666666667
optionA_tie_0.20,carbonscaler_price_tiebreak,ontario,162,0,51.0,56.41,40.975
optionA_tie_0.20,carbonscaler_price_tiebreak,ontario,163,1,52.0,55.68,43.34166666666667
optionA_tie_0.20,carbonscaler_price_tiebreak,ontario,164,2,56.0,46.19,37.44916666666667
optionA_tie_0.20,carbonscaler_price_tiebreak,ontario,165,0,73.0,35.74,34.56166666666667
optionA_tie_0.20,carbonscaler_price_tiebreak,ontario,166,0,80.0,35.59,37.74583333333333
optionA_tie_0.20,carbonscaler_price_tiebreak,ontario,167,0,77.0,35.8,22.585833333333337
optionB_budget0.80_beta0.01_gamma0.50,carbonscaler_budget,ontario,0,0,96.0,34.12,35.80416666666667
optionB_budget0.80_beta0.01_gamma0.50,carbonscaler_budget,ontario,1,0,93.0,33.93,32.50666666666667
optionB_budget0.80_beta0.01_gamma0.50,carbonscaler_budget,ontario,2,0,91.0,32.78,29.21166666666667
optionB_budget0.80_beta0.01_gamma0.50,carbonscaler_budget,ontario,3,0,82.0,32.88,36.03666666666667
optionB_budget0.80_beta0.01_gamma0.50,carbonscaler_budget,ontario,4,0,78.0,32.86,25.73
optionB_budget0.80_beta0.01_gamma0.50,carbonscaler_budget,ontario,5,0,81.0,40.47,45.36666666666667
optionB_budget0.80_beta0.01_gamma0.50,carbonscaler_budget,ontario,6,0,77.0,52.14,102.27499999999999
optionB_budget0.80_beta0.01_gamma0.50,carbonscaler_budget,ontario,7,0,71.0,66.48,53.160000000000004
optionB_budget0.80_beta0.01_gamma0.50,carbonscaler_budget,ontario,8,0,81.0,51.82,53.555
optionB_budget0.80_beta0.01_gamma0.50,carbonscaler_budget,ontario,9,0,83.0,44.14,36.879999999999995
optionB_budget0.80_beta0.01_gamma0.50,carbonscaler_budget,ontario,10,0,104.0,36.6,38.26083333333334
optionB_budget0.80_beta0.01_gamma0.50,carbonscaler_budget,ontario,11,0,117.0,35.22,40.7575
optionB_budget0.80_beta0.01_gamma0.50,carbonscaler_budget,ontario,12,0,114.0,34.66,38.3575
optionB_budget0.80_beta0.01_gamma0.50,carbonscaler_budget,ontario,13,0,112.0,32.23,34.17666666666667
optionB_budget0.80_beta0.01_gamma0.50,carbonscaler_budget,ontario,14,0,103.0,33.76,26.48
optionB_budget0.80_beta0.01_gamma0.50,carbonscaler_budget,ontario,15,0,98.0,34.79,36.7575
optionB_budget0.80_beta0.01_gamma0.50,carbonscaler_budget,ontario,16,0,104.0,36.54,76.7375
optionB_budget0.80_beta0.01_gamma0.50,carbonscaler_budget,ontario,17,0,101.0,54.15,153.96083333333334
optionB_budget0.80_beta0.01_gamma0.50,carbonscaler_budget,ontario,18,0,104.0,72.5,138.94416666666666
optionB_budget0.80_beta0.01_gamma0.50,carbonscaler_budget,ontario,19,0,90.0,80.22,252.46333333333334
optionB_budget0.80_beta0.01_gamma0.50,carbonscaler_budget,ontario,20,0,91.0,54.11,179.91
optionB_budget0.80_beta0.01_gamma0.50,carbonscaler_budget,ontario,21,0,112.0,45.86,373.7825
optionB_budget0.80_beta0.01_gamma0.50,carbonscaler_budget,ontario,22,0,119.0,45.59,72.18666666666665
optionB_budget0.80_beta0.01_gamma0.50,carbonscaler_budget,ontario,23,0,122.0,36.35,43.05083333333334
optionB_budget0.80_beta0.01_gamma0.50,carbonscaler_budget,ontario,24,0,128.0,49.5,50.95249999999999
optionB_budget0.80_beta0.01_gamma0.50,carbonscaler_budget,ontario,25,0,126.0,50.56,53.87166666666667
optionB_budget0.80_beta0.01_gamma0.50,carbonscaler_budget,ontario,26,0,131.0,50.09,53.149166666666666
optionB_budget0.80_beta0.01_gamma0.50,carbonscaler_budget,ontario,27,0,133.0,49.92,51.583333333333336
optionB_budget0.80_beta0.01_gamma0.50,carbonscaler_budget,ontario,28,0,130.0,50.55,55.78916666666667
optionB_budget0.80_beta0.01_gamma0.50,carbonscaler_budget,ontario,29,0,135.0,58.51,55.83583333333333
optionB_budget0.80_beta0.01_gamma0.50,carbonscaler_budget,ontario,30,0,139.0,92.97,167.33333333333334
optionB_budget0.80_beta0.01_gamma0.50,carbonscaler_budget,ontario,31,0,137.0,71.53,38.432500000000005
optionB_budget0.80_beta0.01_gamma0.50,carbonscaler_budget,ontario,32,0,139.0,53.23,30.5325
optionB_budget0.80_beta0.01_gamma0.50,carbonscaler_budget,ontario,33,0,140.0,35.6,18.877499999999998
optionB_budget0.80_beta0.01_gamma0.50,carbonscaler_budget,ontario,34,0,140.0,29.4,19.4025
optionB_budget0.80_beta0.01_gamma0.50,carbonscaler_budget,ontario,35,0,149.0,27.13,22.310000000000002
optionB_budget0.80_beta0.01_gamma0.50,carbonscaler_budget,ontario,36,0,136.0,23.38,20.80333333333333
optionB_budget0.80_beta0.01_gamma0.50,carbonscaler_budget,ontario,37,0,120.0,21.95,21.33583333333333
optionB_budget0.80_beta0.01_gamma0.50,carbonscaler_budget,ontario,38,0,103.0,27.25,16.563333333333333
optionB_budget0.80_beta0.01_gamma0.50,carbonscaler_budget,ontario,39,0,100.0,33.03,31.710833333333337
optionB_budget0.80_beta0.01_gamma0.50,carbonscaler_budget,ontario,40,0,105.0,42.56,46.28416666666667
optionB_budget0.80_beta0.01_gamma0.50,carbonscaler_budget,ontario,41,0,100.0,59.51,61.23500000000001
optionB_budget0.80_beta0.01_gamma0.50,carbonscaler_budget,ontario,42,0,103.0,75.66,40.50416666666667
optionB_budget0.80_beta0.01_gamma0.50,carbonscaler_budget,ontario,43,0,97.0,71.03,47.211666666666666
optionB_budget0.80_beta0.01_gamma0.50,carbonscaler_budget,ontario,44,0,114.0,54.71,45.3975
optionB_budget0.80_beta0.01_gamma0.50,carbonscaler_budget,ontario,45,0,131.0,45.67,41.26166666666666
optionB_budget0.80_beta0.01_gamma0.50,carbonscaler_budget,ontario,46,0,141.0,42.05,44.14083333333334
optionB_budget0.80_beta0.01_gamma0.50,carbonscaler_budget,ontario,47,0,138.0,37.7,31.816666666666666
optionB_budget0.80_beta0.01_gamma0.50,carbonscaler_budget,ontario,48,0,141.0,50.05,27.543333333333333
optionB_budget0.80_beta0.01_gamma0.50,carbonscaler_budget,ontario,49,0,140.0,49.87,38.13
optionB_budget0.80_beta0.01_gamma0.50,carbonscaler_budget,ontario,50,0,139.0,48.33,34.494166666666665
optionB_budget0.80_beta0.01_gamma0.50,carbonscaler_budget,ontario,51,0,138.0,48.46,47.105
optionB_budget0.80_beta0.01_gamma0.50,carbonscaler_budget,ontario,52,0,121.0,46.68,45.96666666666667
optionB_budget0.80_beta0.01_gamma0.50,carbonscaler_budget,ontario,53,0,109.0,61.85,36.67333333333333
optionB_budget0.80_beta0.01_gamma0.50,carbonscaler_budget,ontario,54,0,119.0,96.77,43.79
optionB_budget0.80_beta0.01_gamma0.50,carbonscaler_budget,ontario,55,0,122.0,84.26,39.11666666666667
optionB_budget0.80_beta0.01_gamma0.50,carbonscaler_budget,ontario,56,0,131.0,57.34,46.31
optionB_budget0.80_beta0.01_gamma0.50,carbonscaler_budget,ontario,57,0,132.0,52.12,46.74166666666667
optionB_budget0.80_beta0.01_gamma0.50,carbonscaler_budget,ontario,58,0,131.0,50.86,22.308333333333334
optionB_budget0.80_beta0.01_gamma0.50,carbonscaler_budget,ontario,59,0,135.0,45.87,17.453333333333333
optionB_budget0.80_beta0.01_gamma0.50,carbonscaler_budget,ontario,60,0,132.0,38.4,15.573333333333332
optionB_budget0.80_beta0.01_gamma0.50,carbonscaler_budget,ontario,61,0,123.0,34.62,19.00166666666667
optionB_budget0.80_beta0.01_gamma0.50,carbonscaler_budget,ontario,62,0,119.0,33.74,29.050833333333333
optionB_budget0.80_beta0.01_gamma0.50,carbonscaler_budget,ontario,63,0,100.0,39.97,41.73500000000001
optionB_budget0.80_beta0.01_gamma0.50,carbonscaler_budget,ontario,64,0,91.0,49.4,51.74250000000001
optionB_budget0.80_beta0.01_gamma0.50,carbonscaler_budget,ontario,65,0,92.0,57.3,39.9225
optionB_budget0.80_beta0.01_gamma0.50,carbonscaler_budget,ontario,66,0,91.0,60.26,35.43
optionB_budget0.80_beta0.01_gamma0.50,carbonscaler_budget,ontario,67,0,102.0,50.96,33.013333333333335
optionB_budget0.80_beta0.01_gamma0.50,carbonscaler_budget,ontario,68,0,121.0,42.52,22.65416666666667
optionB_budget0.80_beta0.01_gamma0.50,carbonscaler_budget,ontario,69,0,128.0,42.16,29.563333333333333
optionB_budget0.80_beta0.01_gamma0.50,carbonscaler_budget,ontario,70,0,122.0,36.22,26.64
optionB_budget0.80_beta0.01_gamma0.50,carbonscaler_budget,ontario,71,0,113.0,34.01,24.523333333333337
optionB_budget0.80_beta0.01_gamma0.50,carbonscaler_budget,ontario,72,0,102.0,29.33,14.720833333333333
optionB_budget0.80_beta0.01_gamma0.50,carbonscaler_budget,ontario,73,0,90.0,25.27,8.13
optionB_budget0.80_beta0.01_gamma0.50,carbonscaler_budget,ontario,74,0,84.0,29.42,1.6991666666666667
optionB_budget0.80_beta0.01_gamma0.50,carbonscaler_budget,ontario,75,0,73.0,30.84,2.9633333333333334
optionB_budget0.80_beta0.01_gamma0.50,carbonscaler_budget,ontario,76,0,70.0,31.25,16.435833333333335
optionB_budget0.80_beta0.01_gamma0.50,carbonscaler_budget,ontario,77,1,61.0,35.81,126.48833333333334
optionB_budget0.80_beta0.01_gamma0.50,carbonscaler_budget,ontario,78,1,61.0,50.69,78.3725
optionB_budget0.80_beta0.01_gamma0.50,carbonscaler_budget,ontario,79,1,62.0,49.64,40.18916666666667
optionB_budget0.80_beta0.01_gamma0.50,carbonscaler_budget,ontario,80,0,67.0,43.2,35.16833333333333
optionB_budget0.80_beta0.01_gamma0.50,carbonscaler_budget,ontario,81,0,74.0,34.83,36.946666666666665
optionB_budget0.80_beta0.01_gamma0.50,carbonscaler_budget,ontario,82,0,97.0,33.46,48.73500000000001
optionB_budget0.80_beta0.01_gamma0.50,carbonscaler_budget,ontario,83,0,110.0,33.77,49.08416666666667
optionB_budget0.80_beta0.01_gamma0.50,carbonscaler_budget,ontario,84,0,105.0,34.25,60.63666666666666
optionB_budget0.80_beta0.01_gamma0.50,carbonscaler_budget,ontario,85,0,99.0,33.34,49.995
optionB_budget0.80_beta0.01_gamma0.50,carbonscaler_budget,ontario,86,0,94.0,33.49,80.68249999999999
optionB_budget0.80_beta0.01_gamma0.50,carbonscaler_budget,ontario,87,0,105.0,35.49,37.122499999999995
optionB_budget0.80_beta0.01_gamma0.50,carbonscaler_budget,ontario,88,0,101.0,39.92,30.870833333333334
optionB_budget0.80_beta0.01_gamma0.50,carbonscaler_budget,ontario,89,0,105.0,51.75,35.86666666666667
optionB_budget0.80_beta0.01_gamma0.50,carbonscaler_budget,ontario,90,0,102.0,53.87,41.671666666666674
optionB_budget0.80_beta0.01_gamma0.50,carbonscaler_budget,ontario,91,0,105.0,51.13,39.7125
optionB_budget0.80_beta0.01_gamma0.50,carbonscaler_budget,ontario,92,0,96.0,43.3,81.51666666666667
optionB_budget0.80_beta0.01_gamma0.50,carbonscaler_budget,ontario,93,0,88.0,34.09,73.72666666666667
optionB_budget0.80_beta0.01_gamma0.50,carbonscaler_budget,ontario,94,0,92.0,33.57,22.382499999999997
optionB_budget0.80_beta0.01_gamma0.50,carbonscaler_budget,ontario,95,0,99.0,25.92,14.896666666666667
optionB_budget0.80_beta0.01_gamma0.50,carbonscaler_budget,ontario,96,0,98.0,20.25,19.5625
optionB_budget0.80_beta0.01_gamma0.50,carbonscaler_budget,ontario,97,0,93.0,26.64,21.86916666666667
optionB_budget0.80_beta0.01_gamma0.50,carbonscaler_budget,ontario,98,0,81.0,26.35,10.735
optionB_budget0.80_beta0.01_gamma0.50,carbonscaler_budget,ontario,99,0,66.0,25.55,16.831666666666667
optionB_budget0.80_beta0.01_gamma0.50,carbonscaler_budget,ontario,100,1,56.0,32.85,22.901666666666667
optionB_budget0.80_beta0.01_gamma0.50,carbonscaler_budget,ontario,101,1,54.0,38.31,29.686666666666667
optionB_budget0.80_beta0.01_gamma0.50,carbonscaler_budget,ontario,102,1,54.0,61.06,48.30500000000001
optionB_budget0.80_beta0.01_gamma0.50,carbonscaler_budget,ontario,103,1,55.0,63.3,37.83083333333333
optionB_budget0.80_beta0.01_gamma0.50,carbonscaler_budget,ontario,104,1,60.0,49.64,28.733333333333334
optionB_budget0.80_beta0.01_gamma0.50,carbonscaler_budget,ontario,105,0,68.0,50.72,34.39
optionB_budget0.80_beta0.01_gamma0.50,carbonscaler_budget,ontario,106,0,83.0,43.94,33.968333333333334
optionB_budget0.80_beta0.01_gamma0.50,carbonscaler_budget,ontario,107,0,99.0,33.65,48.071666666666665
optionB_budget0.80_beta0.01_gamma0.50,carbonscaler_budget,ontario,108,0,96.0,33.16,33.02
optionB_budget0.80_beta0.01_gamma0.50,carbonscaler_budget,ontario,109,0,84.0,33.64,32.66
optionB_budget0.80_beta0.01_gamma0.50,carbonscaler_budget,ontario,110,0,93.0,33.81,14.861666666666666
optionB_budget0.80_beta0.01_gamma0.50,carbonscaler_budget,ontario,111,0,94.0,34.99,27.951666666666668
optionB_budget0.80_beta0.01_gamma0.50,carbonscaler_budget,ontario,112,0,106.0,49.27,33.82666666666667
optionB_budget0.80_beta0.01_gamma0.50,carbonscaler_budget,ontario,113,0,100.0,56.53,44.190000000000005
optionB_budget0.80_beta0.01_gamma0.50,carbonscaler_budget,ontario,114,0,97.0,61.98,64.0925
optionB_budget0.80_beta0.01_gamma0.50,carbonscaler_budget,ontario,115,0,85.0,65.2,57.855
optionB_budget0.80_beta0.01_gamma0.50,carbonscaler_budget,ontario,116,0,88.0,54.99,81.01
optionB_budget0.80_beta0.01_gamma0.50,carbonscaler_budget,ontario,117,0,93.0,51.87,85.02333333333333
optionB_budget0.80_beta0.01_gamma0.50,carbonscaler_budget,ontario,118,0,103.0,44.61,56.237500000000004
optionB_budget0.80_beta0.01_gamma0.50,carbonscaler_budget,ontario,119,0,112.0,35.48,40.678333333333335
optionB_budget0.80_beta0.01_gamma0.50,carbonscaler_budget,ontario,120,0,117.0,50.77,50.10583333333333
optionB_budget0.80_beta0.01_gamma0.50,carbonscaler_budget,ontario,121,0,119.0,44.81,49.906666666666666
optionB_budget0.80_beta0.01_gamma0.50,carbonscaler_budget,ontario,122,0,121.0,41.05,49.04916666666667
optionB_budget0.80_beta0.01_gamma0.50,carbonscaler_budget,ontario,123,0,120.0,36.4,42.1925
optionB_budget0.80_beta0.01_gamma0.50,carbonscaler_budget,ontario,124,0,108.0,39.47,40.28333333333334
optionB_budget0.80_beta0.01_gamma0.50,carbonscaler_budget,ontario,125,0,105.0,48.66,40.70166666666667
optionB_budget0.80_beta0.01_gamma0.50,carbonscaler_budget,ontario,126,0,105.0,55.67,33.23416666666667
optionB_budget0.80_beta0.01_gamma0.50,carbonscaler_budget,ontario,127,0,101.0,50.09,32.46333333333333
optionB_budget0.80_beta0.01_gamma0.50,carbonscaler_budget,ontario,128,0,91.0,41.62,28.154999999999998
optionB_budget0.80_beta0.01_gamma0.50,carbonscaler_budget,ontario,129,0,87.0,41.6,18.684166666666666
optionB_budget0.80_beta0.01_gamma0.50,carbonscaler_budget,ontario,130,0,89.0,40.42,35.85
optionB_budget0.80_beta0.01_gamma0.50,carbonscaler_budget,ontario,131,0,83.0,37.73,25.226666666666663
optionB_budget0.80_beta0.01_gamma0.50,carbonscaler_budget,ontario,132,0,80.0,33.78,31.930000000000003
optionB_budget0.80_beta0.01_gamma0.50,carbonscaler_budget,ontario,133,0,77.0,33.67,11.112499999999999
optionB_budget0.80_beta0.01_gamma0.50,carbonscaler_budget,ontario,134,0,72.0,33.04,1.5358333333333334
optionB_budget0.80_beta0.01_gamma0.50,carbonscaler_budget,ontario,135,0,82.0,33.9,4.765833333333333
optionB_budget0.80_beta0.01_gamma0.50,carbonscaler_budget,ontario,136,0,77.0,37.62,11.858333333333334
optionB_budget0.80_beta0.01_gamma0.50,carbonscaler_budget,ontario,137,0,80.0,51.24,25.142500000000002
optionB_budget0.80_beta0.01_gamma0.50,carbonscaler_budget,ontario,138,0,76.0,59.05,41.8525
optionB_budget0.80_beta0.01_gamma0.50,carbonscaler_budget,ontario,139,0,75.0,59.44,50.66416666666667
optionB_budget0.80_beta0.01_gamma0.50,carbonscaler_budget,ontario,140,0,75.0,50.49,49.836666666666666
optionB_budget0.80_beta0.01_gamma0.50,carbonscaler_budget,ontario,141,0,72.0,39.53,41.318333333333335
optionB_budget0.80_beta0.01_gamma0.50,carbonscaler_budget,ontario,142,0,73.0,35.54,43.805
optionB_budget0.80_beta0.01_gamma0.50,carbonscaler_budget,ontario,143,0,87.0,33.98,25.075000000000003
optionB_budget0.80_beta0.01_gamma0.50,carbonscaler_budget,ontario,144,0,95.0,36.79,34.35333333333333
optionB_budget0.80_beta0.01_gamma0.50,carbonscaler_budget,ontario,145,0,94.0,34.4,26.6925
optionB_budget0.80_beta0.01_gamma0.50,carbonscaler_budget,ontario,146,0,91.0,35.47,48.468333333333334
optionB_budget0.80_beta0.01_gamma0.50,carbonscaler_budget,ontario,147,0,88.0,34.36,54.5375
optionB_budget0.80_beta0.01_gamma0.50,carbonscaler_budget,ontario,148,0,73.0,37.11,51.11166666666667
optionB_budget0.80_beta0.01_gamma0.50,carbonscaler_budget,ontario,149,1,61.0,42.79,50.39833333333333
optionB_budget0.80_beta0.01_gamma0.50,carbonscaler_budget,ontario,150,1,52.0,47.76,51.104166666666664
optionB_budget0.80_beta0.01_gamma0.50,carbonscaler_budget,ontario,151,1,62.0,40.18,37.81666666666667
optionB_budget0.80_beta0.01_gamma0.50,carbonscaler_budget,ontario,152,0,70.0,33.89,37.10916666666667
optionB_budget0.80_beta0.01_gamma0.50,carbonscaler_budget,ontario,153,0,68.0,33.36,21.173333333333336
optionB_budget0.80_beta0.01_gamma0.50,carbonscaler_budget,ontario,154,0,66.0,31.41,6.423333333333333
optionB_budget0.80_beta0.01_gamma0.50,carbonscaler_budget,ontario,155,0,68.0,28.78,9.073333333333332
optionB_budget0.80_beta0.01_gamma0.50,carbonscaler_budget,ontario,156,1,61.0,26.25,15.920833333333334
optionB_budget0.80_beta0.01_gamma0.50,carbonscaler_budget,ontario,157,2,55.0,20.77,20.026666666666667
optionB_budget0.80_beta0.01_gamma0.50,carbonscaler_budget,ontario,158,2,52.0,23.43,15.846666666666666
optionB_budget0.80_beta0.01_gamma0.50,carbonscaler_budget,ontario,159,1,53.0,28.38,21.236666666666668
optionB_budget0.80_beta0.01_gamma0.50,carbonscaler_budget,ontario,160,1,53.0,37.9,47.1975
optionB_budget0.80_beta0.01_gamma0.50,carbonscaler_budget,ontario,161,1,52.0,50.42,60.70416666666667
optionB_budget0.80_beta0.01_gamma0.50,carbonscaler_budget,ontario,162,1,51.0,56.41,40.975
optionB_budget0.80_beta0.01_gamma0.50,carbonscaler_budget,ontario,163,1,52.0,55.68,43.34166666666667
optionB_budget0.80_beta0.01_gamma0.50,carbonscaler_budget,ontario,164,1,56.0,46.19,37.44916666666667
optionB_budget0.80_beta0.01_gamma0.50,carbonscaler_budget,ontario,165,0,73.0,35.74,34.56166666666667
optionB_budget0.80_beta0.01_gamma0.50,carbonscaler_budget,ontario,166,0,80.0,35.59,37.74583333333333
optionB_budget0.80_beta0.01_gamma0.50,carbonscaler_budget,ontario,167,0,77.0,35.8,22.585833333333337
optionB_budget0.85_beta0.01_gamma0.50,carbonscaler_budget,ontario,0,0,96.0,34.12,35.80416666666667
optionB_budget0.85_beta0.01_gamma0.50,carbonscaler_budget,ontario,1,0,93.0,33.93,32.50666666666667
optionB_budget0.85_beta0.01_gamma0.50,carbonscaler_budget,ontario,2,0,91.0,32.78,29.21166666666667
optionB_budget0.85_beta0.01_gamma0.50,carbonscaler_budget,ontario,3,0,82.0,32.88,36.03666666666667
optionB_budget0.85_beta0.01_gamma0.50,carbonscaler_budget,ontario,4,0,78.0,32.86,25.73
optionB_budget0.85_beta0.01_gamma0.50,carbonscaler_budget,ontario,5,0,81.0,40.47,45.36666666666667
optionB_budget0.85_beta0.01_gamma0.50,carbonscaler_budget,ontario,6,0,77.0,52.14,102.27499999999999
optionB_budget0.85_beta0.01_gamma0.50,carbonscaler_budget,ontario,7,0,71.0,66.48,53.160000000000004
optionB_budget0.85_beta0.01_gamma0.50,carbonscaler_budget,ontario,8,0,81.0,51.82,53.555
optionB_budget0.85_beta0.01_gamma0.50,carbonscaler_budget,ontario,9,0,83.0,44.14,36.879999999999995
optionB_budget0.85_beta0.01_gamma0.50,carbonscaler_budget,ontario,10,0,104.0,36.6,38.26083333333334
optionB_budget0.85_beta0.01_gamma0.50,carbonscaler_budget,ontario,11,0,117.0,35.22,40.7575
optionB_budget0.85_beta0.01_gamma0.50,carbonscaler_budget,ontario,12,0,114.0,34.66,38.3575
optionB_budget0.85_beta0.01_gamma0.50,carbonscaler_budget,ontario,13,0,112.0,32.23,34.17666666666667
optionB_budget0.85_beta0.01_gamma0.50,carbonscaler_budget,ontario,14,0,103.0,33.76,26.48
optionB_budget0.85_beta0.01_gamma0.50,carbonscaler_budget,ontario,15,0,98.0,34.79,36.7575
optionB_budget0.85_beta0.01_gamma0.50,carbonscaler_budget,ontario,16,0,104.0,36.54,76.7375
optionB_budget0.85_beta0.01_gamma0.50,carbonscaler_budget,ontario,17,0,101.0,54.15,153.96083333333334
optionB_budget0.85_beta0.01_gamma0.50,carbonscaler_budget,ontario,18,0,104.0,72.5,138.94416666666666
optionB_budget0.85_beta0.01_gamma0.50,carbonscaler_budget,ontario,19,0,90.0,80.22,252.46333333333334
optionB_budget0.85_beta0.01_gamma0.50,carbonscaler_budget,ontario,20,0,91.0,54.11,179.91
optionB_budget0.85_beta0.01_gamma0.50,carbonscaler_budget,ontario,21,0,112.0,45.86,373.7825
optionB_budget0.85_beta0.01_gamma0.50,carbonscaler_budget,ontario,22,0,119.0,45.59,72.18666666666665
optionB_budget0.85_beta0.01_gamma0.50,carbonscaler_budget,ontario,23,0,122.0,36.35,43.05083333333334
optionB_budget0.85_beta0.01_gamma0.50,carbonscaler_budget,ontario,24,0,128.0,49.5,50.95249999999999
optionB_budget0.85_beta0.01_gamma0.50,carbonscaler_budget,ontario,25,0,126.0,50.56,53.87166666666667
optionB_budget0.85_beta0.01_gamma0.50,carbonscaler_budget,ontario,26,0,131.0,50.09,53.149166666666666
optionB_budget0.85_beta0.01_gamma0.50,carbonscaler_budget,ontario,27,0,133.0,49.92,51.583333333333336
optionB_budget0.85_beta0.01_gamma0.50,carbonscaler_budget,ontario,28,0,130.0,50.55,55.78916666666667
optionB_budget0.85_beta0.01_gamma0.50,carbonscaler_budget,ontario,29,0,135.0,58.51,55.83583333333333
optionB_budget0.85_beta0.01_gamma0.50,carbonscaler_budget,ontario,30,0,139.0,92.97,167.33333333333334
optionB_budget0.85_beta0.01_gamma0.50,carbonscaler_budget,ontario,31,0,137.0,71.53,38.432500000000005
optionB_budget0.85_beta0.01_gamma0.50,carbonscaler_budget,ontario,32,0,139.0,53.23,30.5325
optionB_budget0.85_beta0.01_gamma0.50,carbonscaler_budget,ontario,33,0,140.0,35.6,18.877499999999998
optionB_budget0.85_beta0.01_gamma0.50,carbonscaler_budget,ontario,34,0,140.0,29.4,19.4025
optionB_budget0.85_beta0.01_gamma0.50,carbonscaler_budget,ontario,35,0,149.0,27.13,22.310000000000002
optionB_budget0.85_beta0.01_gamma0.50,carbonscaler_budget,ontario,36,0,136.0,23.38,20.80333333333333
optionB_budget0.85_beta0.01_gamma0.50,carbonscaler_budget,ontario,37,0,120.0,21.95,21.33583333333333
optionB_budget0.85_beta0.01_gamma0.50,carbonscaler_budget,ontario,38,0,103.0,27.25,16.563333333333333
optionB_budget0.85_beta0.01_gamma0.50,carbonscaler_budget,ontario,39,0,100.0,33.03,31.710833333333337
optionB_budget0.85_beta0.01_gamma0.50,carbonscaler_budget,ontario,40,0,105.0,42.56,46.28416666666667
optionB_budget0.85_beta0.01_gamma0.50,carbonscaler_budget,ontario,41,0,100.0,59.51,61.23500000000001
optionB_budget0.85_beta0.01_gamma0.50,carbonscaler_budget,ontario,42,0,103.0,75.66,40.50416666666667
optionB_budget0.85_beta0.01_gamma0.50,carbonscaler_budget,ontario,43,0,97.0,71.03,47.211666666666666
optionB_budget0.85_beta0.01_gamma0.50,carbonscaler_budget,ontario,44,0,114.0,54.71,45.3975
optionB_budget0.85_beta0.01_gamma0.50,carbonscaler_budget,ontario,45,0,131.0,45.67,41.26166666666666
optionB_budget0.85_beta0.01_gamma0.50,carbonscaler_budget,ontario,46,0,141.0,42.05,44.14083333333334
optionB_budget0.85_beta0.01_gamma0.50,carbonscaler_budget,ontario,47,0,138.0,37.7,31.816666666666666
optionB_budget0.85_beta0.01_gamma0.50,carbonscaler_budget,ontario,48,0,141.0,50.05,27.543333333333333
optionB_budget0.85_beta0.01_gamma0.50,carbonscaler_budget,ontario,49,0,140.0,49.87,38.13
optionB_budget0.85_beta0.01_gamma0.50,carbonscaler_budget,ontario,50,0,139.0,48.33,34.494166666666665
optionB_budget0.85_beta0.01_gamma0.50,carbonscaler_budget,ontario,51,0,138.0,48.46,47.105
optionB_budget0.85_beta0.01_gamma0.50,carbonscaler_budget,ontario,52,0,121.0,46.68,45.96666666666667
optionB_budget0.85_beta0.01_gamma0.50,carbonscaler_budget,ontario,53,0,109.0,61.85,36.67333333333333
optionB_budget0.85_beta0.01_gamma0.50,carbonscaler_budget,ontario,54,0,119.0,96.77,43.79
optionB_budget0.85_beta0.01_gamma0.50,carbonscaler_budget,ontario,55,0,122.0,84.26,39.11666666666667
optionB_budget0.85_beta0.01_gamma0.50,carbonscaler_budget,ontario,56,0,131.0,57.34,46.31
optionB_budget0.85_beta0.01_gamma0.50,carbonscaler_budget,ontario,57,0,132.0,52.12,46.74166666666667
optionB_budget0.85_beta0.01_gamma0.50,carbonscaler_budget,ontario,58,0,131.0,50.86,22.308333333333334
optionB_budget0.85_beta0.01_gamma0.50,carbonscaler_budget,ontario,59,0,135.0,45.87,17.453333333333333
optionB_budget0.85_beta0.01_gamma0.50,carbonscaler_budget,ontario,60,0,132.0,38.4,15.573333333333332
optionB_budget0.85_beta0.01_gamma0.50,carbonscaler_budget,ontario,61,0,123.0,34.62,19.00166666666667
optionB_budget0.85_beta0.01_gamma0.50,carbonscaler_budget,ontario,62,0,119.0,33.74,29.050833333333333
optionB_budget0.85_beta0.01_gamma0.50,carbonscaler_budget,ontario,63,0,100.0,39.97,41.73500000000001
optionB_budget0.85_beta0.01_gamma0.50,carbonscaler_budget,ontario,64,0,91.0,49.4,51.74250000000001
optionB_budget0.85_beta0.01_gamma0.50,carbonscaler_budget,ontario,65,0,92.0,57.3,39.9225
optionB_budget0.85_beta0.01_gamma0.50,carbonscaler_budget,ontario,66,0,91.0,60.26,35.43
optionB_budget0.85_beta0.01_gamma0.50,carbonscaler_budget,ontario,67,0,102.0,50.96,33.013333333333335
optionB_budget0.85_beta0.01_gamma0.50,carbonscaler_budget,ontario,68,0,121.0,42.52,22.65416666666667
optionB_budget0.85_beta0.01_gamma0.50,carbonscaler_budget,ontario,69,0,128.0,42.16,29.563333333333333
optionB_budget0.85_beta0.01_gamma0.50,carbonscaler_budget,ontario,70,0,122.0,36.22,26.64
optionB_budget0.85_beta0.01_gamma0.50,carbonscaler_budget,ontario,71,0,113.0,34.01,24.523333333333337
optionB_budget0.85_beta0.01_gamma0.50,carbonscaler_budget,ontario,72,0,102.0,29.33,14.720833333333333
optionB_budget0.85_beta0.01_gamma0.50,carbonscaler_budget,ontario,73,0,90.0,25.27,8.13
optionB_budget0.85_beta0.01_gamma0.50,carbonscaler_budget,ontario,74,0,84.0,29.42,1.6991666666666667
optionB_budget0.85_beta0.01_gamma0.50,carbonscaler_budget,ontario,75,0,73.0,30.84,2.9633333333333334
optionB_budget0.85_beta0.01_gamma0.50,carbonscaler_budget,ontario,76,0,70.0,31.25,16.435833333333335
optionB_budget0.85_beta0.01_gamma0.50,carbonscaler_budget,ontario,77,1,61.0,35.81,126.48833333333334
optionB_budget0.85_beta0.01_gamma0.50,carbonscaler_budget,ontario,78,1,61.0,50.69,78.3725
optionB_budget0.85_beta0.01_gamma0.50,carbonscaler_budget,ontario,79,1,62.0,49.64,40.18916666666667
optionB_budget0.85_beta0.01_gamma0.50,carbonscaler_budget,ontario,80,0,67.0,43.2,35.16833333333333
optionB_budget0.85_beta0.01_gamma0.50,carbonscaler_budget,ontario,81,0,74.0,34.83,36.946666666666665
optionB_budget0.85_beta0.01_gamma0.50,carbonscaler_budget,ontario,82,0,97.0,33.46,48.73500000000001
optionB_budget0.85_beta0.01_gamma0.50,carbonscaler_budget,ontario,83,0,110.0,33.77,49.08416666666667
optionB_budget0.85_beta0.01_gamma0.50,carbonscaler_budget,ontario,84,0,105.0,34.25,60.63666666666666
optionB_budget0.85_beta0.01_gamma0.50,carbonscaler_budget,ontario,85,0,99.0,33.34,49.995
optionB_budget0.85_beta0.01_gamma0.50,carbonscaler_budget,ontario,86,0,94.0,33.49,80.68249999999999
optionB_budget0.85_beta0.01_gamma0.50,carbonscaler_budget,ontario,87,0,105.0,35.49,37.122499999999995
optionB_budget0.85_beta0.01_gamma0.50,carbonscaler_budget,ontario,88,0,101.0,39.92,30.870833333333334
optionB_budget0.85_beta0.01_gamma0.50,carbonscaler_budget,ontario,89,0,105.0,51.75,35.86666666666667
optionB_budget0.85_beta0.01_gamma0.50,carbonscaler_budget,ontario,90,0,102.0,53.87,41.671666666666674
optionB_budget0.85_beta0.01_gamma0.50,carbonscaler_budget,ontario,91,0,105.0,51.13,39.7125
optionB_budget0.85_beta0.01_gamma0.50,carbonscaler_budget,ontario,92,0,96.0,43.3,81.51666666666667
optionB_budget0.85_beta0.01_gamma0.50,carbonscaler_budget,ontario,93,0,88.0,34.09,73.72666666666667
optionB_budget0.85_beta0.01_gamma0.50,carbonscaler_budget,ontario,94,0,92.0,33.57,22.382499999999997
optionB_budget0.85_beta0.01_gamma0.50,carbonscaler_budget,ontario,95,0,99.0,25.92,14.896666666666667
optionB_budget0.85_beta0.01_gamma0.50,carbonscaler_budget,ontario,96,0,98.0,20.25,19.5625
optionB_budget0.85_beta0.01_gamma0.50,carbonscaler_budget,ontario,97,0,93.0,26.64,21.86916666666667
optionB_budget0.85_beta0.01_gamma0.50,carbonscaler_budget,ontario,98,0,81.0,26.35,10.735
optionB_budget0.85_beta0.01_gamma0.50,carbonscaler_budget,ontario,99,1,66.0,25.55,16.831666666666667
optionB_budget0.85_beta0.01_gamma0.50,carbonscaler_budget,ontario,100,1,56.0,32.85,22.901666666666667
optionB_budget0.85_beta0.01_gamma0.50,carbonscaler_budget,ontario,101,1,54.0,38.31,29.686666666666667
optionB_budget0.85_beta0.01_gamma0.50,carbonscaler_budget,ontario,102,1,54.0,61.06,48.30500000000001
optionB_budget0.85_beta0.01_gamma0.50,carbonscaler_budget,ontario,103,1,55.0,63.3,37.83083333333333
optionB_budget0.85_beta0.01_gamma0.50,carbonscaler_budget,ontario,104,1,60.0,49.64,28.733333333333334
optionB_budget0.85_beta0.01_gamma0.50,carbonscaler_budget,ontario,105,0,68.0,50.72,34.39
optionB_budget0.85_beta0.01_gamma0.50,carbonscaler_budget,ontario,106,0,83.0,43.94,33.968333333333334
optionB_budget0.85_beta0.01_gamma0.50,carbonscaler_budget,ontario,107,0,99.0,33.65,48.071666666666665
optionB_budget0.85_beta0.01_gamma0.50,carbonscaler_budget,ontario,108,0,96.0,33.16,33.02
optionB_budget0.85_beta0.01_gamma0.50,carbonscaler_budget,ontario,109,0,84.0,33.64,32.66
optionB_budget0.85_beta0.01_gamma0.50,carbonscaler_budget,ontario,110,0,93.0,33.81,14.861666666666666
optionB_budget0.85_beta0.01_gamma0.50,carbonscaler_budget,ontario,111,0,94.0,34.99,27.951666666666668
optionB_budget0.85_beta0.01_gamma0.50,carbonscaler_budget,ontario,112,0,106.0,49.27,33.82666666666667
optionB_budget0.85_beta0.01_gamma0.50,carbonscaler_budget,ontario,113,0,100.0,56.53,44.190000000000005
optionB_budget0.85_beta0.01_gamma0.50,carbonscaler_budget,ontario,114,0,97.0,61.98,64.0925
optionB_budget0.85_beta0.01_gamma0.50,carbonscaler_budget,ontario,115,0,85.0,65.2,57.855
optionB_budget0.85_beta0.01_gamma0.50,carbonscaler_budget,ontario,116,0,88.0,54.99,81.01
optionB_budget0.85_beta0.01_gamma0.50,carbonscaler_budget,ontario,117,0,93.0,51.87,85.02333333333333
optionB_budget0.85_beta0.01_gamma0.50,carbonscaler_budget,ontario,118,0,103.0,44.61,56.237500000000004
optionB_budget0.85_beta0.01_gamma0.50,carbonscaler_budget,ontario,119,0,112.0,35.48,40.678333333333335
optionB_budget0.85_beta0.01_gamma0.50,carbonscaler_budget,ontario,120,0,117.0,50.77,50.10583333333333
optionB_budget0.85_beta0.01_gamma0.50,carbonscaler_budget,ontario,121,0,119.0,44.81,49.906666666666666
optionB_budget0.85_beta0.01_gamma0.50,carbonscaler_budget,ontario,122,0,121.0,41.05,49.04916666666667
optionB_budget0.85_beta0.01_gamma0.50,carbonscaler_budget,ontario,123,0,120.0,36.4,42.1925
optionB_budget0.85_beta0.01_gamma0.50,carbonscaler_budget,ontario,124,0,108.0,39.47,40.28333333333334
optionB_budget0.85_beta0.01_gamma0.50,carbonscaler_budget,ontario,125,0,105.0,48.66,40.70166666666667
optionB_budget0.85_beta0.01_gamma0.50,carbonscaler_budget,ontario,126,0,105.0,55.67,33.23416666666667
optionB_budget0.85_beta0.01_gamma0.50,carbonscaler_budget,ontario,127,0,101.0,50.09,32.46333333333333
optionB_budget0.85_beta0.01_gamma0.50,carbonscaler_budget,ontario,128,0,91.0,41.62,28.154999999999998
optionB_budget0.85_beta0.01_gamma0.50,carbonscaler_budget,ontario,129,0,87.0,41.6,18.684166666666666
optionB_budget0.85_beta0.01_gamma0.50,carbonscaler_budget,ontario,130,0,89.0,40.42,35.85
optionB_budget0.85_beta0.01_gamma0.50,carbonscaler_budget,ontario,131,0,83.0,37.73,25.226666666666663
optionB_budget0.85_beta0.01_gamma0.50,carbonscaler_budget,ontario,132,0,80.0,33.78,31.930000000000003
optionB_budget0.85_beta0.01_gamma0.50,carbonscaler_budget,ontario,133,0,77.0,33.67,11.112499999999999
optionB_budget0.85_beta0.01_gamma0.50,carbonscaler_budget,ontario,134,0,72.0,33.04,1.5358333333333334
optionB_budget0.85_beta0.01_gamma0.50,carbonscaler_budget,ontario,135,0,82.0,33.9,4.765833333333333
optionB_budget0.85_beta0.01_gamma0.50,carbonscaler_budget,ontario,136,0,77.0,37.62,11.858333333333334
optionB_budget0.85_beta0.01_gamma0.50,carbonscaler_budget,ontario,137,0,80.0,51.24,25.142500000000002
optionB_budget0.85_beta0.01_gamma0.50,carbonscaler_budget,ontario,138,0,76.0,59.05,41.8525
optionB_budget0.85_beta0.01_gamma0.50,carbonscaler_budget,ontario,139,0,75.0,59.44,50.66416666666667
optionB_budget0.85_beta0.01_gamma0.50,carbonscaler_budget,ontario,140,0,75.0,50.49,49.836666666666666
optionB_budget0.85_beta0.01_gamma0.50,carbonscaler_budget,ontario,141,0,72.0,39.53,41.318333333333335
optionB_budget0.85_beta0.01_gamma0.50,carbonscaler_budget,ontario,142,0,73.0,35.54,43.805
optionB_budget0.85_beta0.01_gamma0.50,carbonscaler_budget,ontario,143,0,87.0,33.98,25.075000000000003
optionB_budget0.85_beta0.01_gamma0.50,carbonscaler_budget,ontario,144,0,95.0,36.79,34.35333333333333
optionB_budget0.85_beta0.01_gamma0.50,carbonscaler_budget,ontario,145,0,94.0,34.4,26.6925
optionB_budget0.85_beta0.01_gamma0.50,carbonscaler_budget,ontario,146,0,91.0,35.47,48.468333333333334
optionB_budget0.85_beta0.01_gamma0.50,carbonscaler_budget,ontario,147,0,88.0,34.36,54.5375
optionB_budget0.85_beta0.01_gamma0.50,carbonscaler_budget,ontario,148,0,73.0,37.11,51.11166666666667
optionB_budget0.85_beta0.01_gamma0.50,carbonscaler_budget,ontario,149,1,61.0,42.79,50.39833333333333
optionB_budget0.85_beta0.01_gamma0.50,carbonscaler_budget,ontario,150,1,52.0,47.76,51.104166666666664
optionB_budget0.85_beta0.01_gamma0.50,carbonscaler_budget,ontario,151,1,62.0,40.18,37.81666666666667
optionB_budget0.85_beta0.01_gamma0.50,carbonscaler_budget,ontario,152,0,70.0,33.89,37.10916666666667
optionB_budget0.85_beta0.01_gamma0.50,carbonscaler_budget,ontario,153,0,68.0,33.36,21.173333333333336
optionB_budget0.85_beta0.01_gamma0.50,carbonscaler_budget,ontario,154,1,66.0,31.41,6.423333333333333
optionB_budget0.85_beta0.01_gamma0.50,carbonscaler_budget,ontario,155,0,68.0,28.78,9.073333333333332
optionB_budget0.85_beta0.01_gamma0.50,carbonscaler_budget,ontario,156,1,61.0,26.25,15.920833333333334
optionB_budget0.85_beta0.01_gamma0.50,carbonscaler_budget,ontario,157,2,55.0,20.77,20.026666666666667
optionB_budget0.85_beta0.01_gamma0.50,carbonscaler_budget,ontario,158,2,52.0,23.43,15.846666666666666
optionB_budget0.85_beta0.01_gamma0.50,carbonscaler_budget,ontario,159,1,53.0,28.38,21.236666666666668
optionB_budget0.85_beta0.01_gamma0.50,carbonscaler_budget,ontario,160,1,53.0,37.9,47.1975
optionB_budget0.85_beta0.01_gamma0.50,carbonscaler_budget,ontario,161,1,52.0,50.42,60.70416666666667
optionB_budget0.85_beta0.01_gamma0.50,carbonscaler_budget,ontario,162,1,51.0,56.41,40.975
optionB_budget0.85_beta0.01_gamma0.50,carbonscaler_budget,ontario,163,1,52.0,55.68,43.34166666666667
optionB_budget0.85_beta0.01_gamma0.50,carbonscaler_budget,ontario,164,1,56.0,46.19,37.44916666666667
optionB_budget0.85_beta0.01_gamma0.50,carbonscaler_budget,ontario,165,0,73.0,35.74,34.56166666666667
optionB_budget0.85_beta0.01_gamma0.50,carbonscaler_budget,ontario,166,0,80.0,35.59,37.74583333333333
optionB_budget0.85_beta0.01_gamma0.50,carbonscaler_budget,ontario,167,0,77.0,35.8,22.585833333333337
optionB_budget0.90_beta0.01_gamma0.50,carbonscaler_budget,ontario,0,0,96.0,34.12,35.80416666666667
optionB_budget0.90_beta0.01_gamma0.50,carbonscaler_budget,ontario,1,0,93.0,33.93,32.50666666666667
optionB_budget0.90_beta0.01_gamma0.50,carbonscaler_budget,ontario,2,0,91.0,32.78,29.21166666666667
optionB_budget0.90_beta0.01_gamma0.50,carbonscaler_budget,ontario,3,0,82.0,32.88,36.03666666666667
optionB_budget0.90_beta0.01_gamma0.50,carbonscaler_budget,ontario,4,0,78.0,32.86,25.73
optionB_budget0.90_beta0.01_gamma0.50,carbonscaler_budget,ontario,5,0,81.0,40.47,45.36666666666667
optionB_budget0.90_beta0.01_gamma0.50,carbonscaler_budget,ontario,6,0,77.0,52.14,102.27499999999999
optionB_budget0.90_beta0.01_gamma0.50,carbonscaler_budget,ontario,7,0,71.0,66.48,53.160000000000004
optionB_budget0.90_beta0.01_gamma0.50,carbonscaler_budget,ontario,8,0,81.0,51.82,53.555
optionB_budget0.90_beta0.01_gamma0.50,carbonscaler_budget,ontario,9,0,83.0,44.14,36.879999999999995
optionB_budget0.90_beta0.01_gamma0.50,carbonscaler_budget,ontario,10,0,104.0,36.6,38.26083333333334
optionB_budget0.90_beta0.01_gamma0.50,carbonscaler_budget,ontario,11,0,117.0,35.22,40.7575
optionB_budget0.90_beta0.01_gamma0.50,carbonscaler_budget,ontario,12,0,114.0,34.66,38.3575
optionB_budget0.90_beta0.01_gamma0.50,carbonscaler_budget,ontario,13,0,112.0,32.23,34.17666666666667
optionB_budget0.90_beta0.01_gamma0.50,carbonscaler_budget,ontario,14,0,103.0,33.76,26.48
optionB_budget0.90_beta0.01_gamma0.50,carbonscaler_budget,ontario,15,0,98.0,34.79,36.7575
optionB_budget0.90_beta0.01_gamma0.50,carbonscaler_budget,ontario,16,0,104.0,36.54,76.7375
optionB_budget0.90_beta0.01_gamma0.50,carbonscaler_budget,ontario,17,0,101.0,54.15,153.96083333333334
optionB_budget0.90_beta0.01_gamma0.50,carbonscaler_budget,ontario,18,0,104.0,72.5,138.94416666666666
optionB_budget0.90_beta0.01_gamma0.50,carbonscaler_budget,ontario,19,0,90.0,80.22,252.46333333333334
optionB_budget0.90_beta0.01_gamma0.50,carbonscaler_budget,ontario,20,0,91.0,54.11,179.91
optionB_budget0.90_beta0.01_gamma0.50,carbonscaler_budget,ontario,21,0,112.0,45.86,373.7825
optionB_budget0.90_beta0.01_gamma0.50,carbonscaler_budget,ontario,22,0,119.0,45.59,72.18666666666665
optionB_budget0.90_beta0.01_gamma0.50,carbonscaler_budget,ontario,23,0,122.0,36.35,43.05083333333334
optionB_budget0.90_beta0.01_gamma0.50,carbonscaler_budget,ontario,24,0,128.0,49.5,50.95249999999999
optionB_budget0.90_beta0.01_gamma0.50,carbonscaler_budget,ontario,25,0,126.0,50.56,53.87166666666667
optionB_budget0.90_beta0.01_gamma0.50,carbonscaler_budget,ontario,26,0,131.0,50.09,53.149166666666666
optionB_budget0.90_beta0.01_gamma0.50,carbonscaler_budget,ontario,27,0,133.0,49.92,51.583333333333336
optionB_budget0.90_beta0.01_gamma0.50,carbonscaler_budget,ontario,28,0,130.0,50.55,55.78916666666667
optionB_budget0.90_beta0.01_gamma0.50,carbonscaler_budget,ontario,29,0,135.0,58.51,55.83583333333333
optionB_budget0.90_beta0.01_gamma0.50,carbonscaler_budget,ontario,30,0,139.0,92.97,167.33333333333334
optionB_budget0.90_beta0.01_gamma0.50,carbonscaler_budget,ontario,31,0,137.0,71.53,38.432500000000005
optionB_budget0.90_beta0.01_gamma0.50,carbonscaler_budget,ontario,32,0,139.0,53.23,30.5325
optionB_budget0.90_beta0.01_gamma0.50,carbonscaler_budget,ontario,33,0,140.0,35.6,18.877499999999998
optionB_budget0.90_beta0.01_gamma0.50,carbonscaler_budget,ontario,34,0,140.0,29.4,19.4025
optionB_budget0.90_beta0.01_gamma0.50,carbonscaler_budget,ontario,35,0,149.0,27.13,22.310000000000002
optionB_budget0.90_beta0.01_gamma0.50,carbonscaler_budget,ontario,36,0,136.0,23.38,20.80333333333333
optionB_budget0.90_beta0.01_gamma0.50,carbonscaler_budget,ontario,37,0,120.0,21.95,21.33583333333333
optionB_budget0.90_beta0.01_gamma0.50,carbonscaler_budget,ontario,38,0,103.0,27.25,16.563333333333333
optionB_budget0.90_beta0.01_gamma0.50,carbonscaler_budget,ontario,39,0,100.0,33.03,31.710833333333337
optionB_budget0.90_beta0.01_gamma0.50,carbonscaler_budget,ontario,40,0,105.0,42.56,46.28416666666667
optionB_budget0.90_beta0.01_gamma0.50,carbonscaler_budget,ontario,41,0,100.0,59.51,61.23500000000001
optionB_budget0.90_beta0.01_gamma0.50,carbonscaler_budget,ontario,42,0,103.0,75.66,40.50416666666667
optionB_budget0.90_beta0.01_gamma0.50,carbonscaler_budget,ontario,43,0,97.0,71.03,47.211666666666666
optionB_budget0.90_beta0.01_gamma0.50,carbonscaler_budget,ontario,44,0,114.0,54.71,45.3975
optionB_budget0.90_beta0.01_gamma0.50,carbonscaler_budget,ontario,45,0,131.0,45.67,41.26166666666666
optionB_budget0.90_beta0.01_gamma0.50,carbonscaler_budget,ontario,46,0,141.0,42.05,44.14083333333334
optionB_budget0.90_beta0.01_gamma0.50,carbonscaler_budget,ontario,47,0,138.0,37.7,31.816666666666666
optionB_budget0.90_beta0.01_gamma0.50,carbonscaler_budget,ontario,48,0,141.0,50.05,27.543333333333333
optionB_budget0.90_beta0.01_gamma0.50,carbonscaler_budget,ontario,49,0,140.0,49.87,38.13
optionB_budget0.90_beta0.01_gamma0.50,carbonscaler_budget,ontario,50,0,139.0,48.33,34.494166666666665
optionB_budget0.90_beta0.01_gamma0.50,carbonscaler_budget,ontario,51,0,138.0,48.46,47.105
optionB_budget0.90_beta0.01_gamma0.50,carbonscaler_budget,ontario,52,0,121.0,46.68,45.96666666666667
optionB_budget0.90_beta0.01_gamma0.50,carbonscaler_budget,ontario,53,0,109.0,61.85,36.67333333333333
optionB_budget0.90_beta0.01_gamma0.50,carbonscaler_budget,ontario,54,0,119.0,96.77,43.79
optionB_budget0.90_beta0.01_gamma0.50,carbonscaler_budget,ontario,55,0,122.0,84.26,39.11666666666667
optionB_budget0.90_beta0.01_gamma0.50,carbonscaler_budget,ontario,56,0,131.0,57.34,46.31
optionB_budget0.90_beta0.01_gamma0.50,carbonscaler_budget,ontario,57,0,132.0,52.12,46.74166666666667
optionB_budget0.90_beta0.01_gamma0.50,carbonscaler_budget,ontario,58,0,131.0,50.86,22.308333333333334
optionB_budget0.90_beta0.01_gamma0.50,carbonscaler_budget,ontario,59,0,135.0,45.87,17.453333333333333
optionB_budget0.90_beta0.01_gamma0.50,carbonscaler_budget,ontario,60,0,132.0,38.4,15.573333333333332
optionB_budget0.90_beta0.01_gamma0.50,carbonscaler_budget,ontario,61,0,123.0,34.62,19.00166666666667
optionB_budget0.90_beta0.01_gamma0.50,carbonscaler_budget,ontario,62,0,119.0,33.74,29.050833333333333
optionB_budget0.90_beta0.01_gamma0.50,carbonscaler_budget,ontario,63,0,100.0,39.97,41.73500000000001
optionB_budget0.90_beta0.01_gamma0.50,carbonscaler_budget,ontario,64,0,91.0,49.4,51.74250000000001
optionB_budget0.90_beta0.01_gamma0.50,carbonscaler_budget,ontario,65,0,92.0,57.3,39.9225
optionB_budget0.90_beta0.01_gamma0.50,carbonscaler_budget,ontario,66,0,91.0,60.26,35.43
optionB_budget0.90_beta0.01_gamma0.50,carbonscaler_budget,ontario,67,0,102.0,50.96,33.013333333333335
optionB_budget0.90_beta0.01_gamma0.50,carbonscaler_budget,ontario,68,0,121.0,42.52,22.65416666666667
optionB_budget0.90_beta0.01_gamma0.50,carbonscaler_budget,ontario,69,0,128.0,42.16,29.563333333333333
optionB_budget0.90_beta0.01_gamma0.50,carbonscaler_budget,ontario,70,0,122.0,36.22,26.64
optionB_budget0.90_beta0.01_gamma0.50,carbonscaler_budget,ontario,71,0,113.0,34.01,24.523333333333337
optionB_budget0.90_beta0.01_gamma0.50,carbonscaler_budget,ontario,72,0,102.0,29.33,14.720833333333333
optionB_budget0.90_beta0.01_gamma0.50,carbonscaler_budget,ontario,73,0,90.0,25.27,8.13
optionB_budget0.90_beta0.01_gamma0.50,carbonscaler_budget,ontario,74,0,84.0,29.42,1.6991666666666667
optionB_budget0.90_beta0.01_gamma0.50,carbonscaler_budget,ontario,75,0,73.0,30.84,2.9633333333333334
optionB_budget0.90_beta0.01_gamma0.50,carbonscaler_budget,ontario,76,0,70.0,31.25,16.435833333333335
optionB_budget0.90_beta0.01_gamma0.50,carbonscaler_budget,ontario,77,1,61.0,35.81,126.48833333333334
optionB_budget0.90_beta0.01_gamma0.50,carbonscaler_budget,ontario,78,1,61.0,50.69,78.3725
optionB_budget0.90_beta0.01_gamma0.50,carbonscaler_budget,ontario,79,1,62.0,49.64,40.18916666666667
optionB_budget0.90_beta0.01_gamma0.50,carbonscaler_budget,ontario,80,0,67.0,43.2,35.16833333333333
optionB_budget0.90_beta0.01_gamma0.50,carbonscaler_budget,ontario,81,0,74.0,34.83,36.946666666666665
optionB_budget0.90_beta0.01_gamma0.50,carbonscaler_budget,ontario,82,0,97.0,33.46,48.73500000000001
optionB_budget0.90_beta0.01_gamma0.50,carbonscaler_budget,ontario,83,0,110.0,33.77,49.08416666666667
optionB_budget0.90_beta0.01_gamma0.50,carbonscaler_budget,ontario,84,0,105.0,34.25,60.63666666666666
optionB_budget0.90_beta0.01_gamma0.50,carbonscaler_budget,ontario,85,0,99.0,33.34,49.995
optionB_budget0.90_beta0.01_gamma0.50,carbonscaler_budget,ontario,86,0,94.0,33.49,80.68249999999999
optionB_budget0.90_beta0.01_gamma0.50,carbonscaler_budget,ontario,87,0,105.0,35.49,37.122499999999995
optionB_budget0.90_beta0.01_gamma0.50,carbonscaler_budget,ontario,88,0,101.0,39.92,30.870833333333334
optionB_budget0.90_beta0.01_gamma0.50,carbonscaler_budget,ontario,89,0,105.0,51.75,35.86666666666667
optionB_budget0.90_beta0.01_gamma0.50,carbonscaler_budget,ontario,90,0,102.0,53.87,41.671666666666674
optionB_budget0.90_beta0.01_gamma0.50,carbonscaler_budget,ontario,91,0,105.0,51.13,39.7125
optionB_budget0.90_beta0.01_gamma0.50,carbonscaler_budget,ontario,92,0,96.0,43.3,81.51666666666667
optionB_budget0.90_beta0.01_gamma0.50,carbonscaler_budget,ontario,93,0,88.0,34.09,73.72666666666667
optionB_budget0.90_beta0.01_gamma0.50,carbonscaler_budget,ontario,94,0,92.0,33.57,22.382499999999997
optionB_budget0.90_beta0.01_gamma0.50,carbonscaler_budget,ontario,95,0,99.0,25.92,14.896666666666667
optionB_budget0.90_beta0.01_gamma0.50,carbonscaler_budget,ontario,96,0,98.0,20.25,19.5625
optionB_budget0.90_beta0.01_gamma0.50,carbonscaler_budget,ontario,97,0,93.0,26.64,21.86916666666667
optionB_budget0.90_beta0.01_gamma0.50,carbonscaler_budget,ontario,98,0,81.0,26.35,10.735
optionB_budget0.90_beta0.01_gamma0.50,carbonscaler_budget,ontario,99,1,66.0,25.55,16.831666666666667
optionB_budget0.90_beta0.01_gamma0.50,carbonscaler_budget,ontario,100,1,56.0,32.85,22.901666666666667
optionB_budget0.90_beta0.01_gamma0.50,carbonscaler_budget,ontario,101,1,54.0,38.31,29.686666666666667
optionB_budget0.90_beta0.01_gamma0.50,carbonscaler_budget,ontario,102,1,54.0,61.06,48.30500000000001
optionB_budget0.90_beta0.01_gamma0.50,carbonscaler_budget,ontario,103,1,55.0,63.3,37.83083333333333
optionB_budget0.90_beta0.01_gamma0.50,carbonscaler_budget,ontario,104,1,60.0,49.64,28.733333333333334
optionB_budget0.90_beta0.01_gamma0.50,carbonscaler_budget,ontario,105,0,68.0,50.72,34.39
optionB_budget0.90_beta0.01_gamma0.50,carbonscaler_budget,ontario,106,0,83.0,43.94,33.968333333333334
optionB_budget0.90_beta0.01_gamma0.50,carbonscaler_budget,ontario,107,0,99.0,33.65,48.071666666666665
optionB_budget0.90_beta0.01_gamma0.50,carbonscaler_budget,ontario,108,0,96.0,33.16,33.02
optionB_budget0.90_beta0.01_gamma0.50,carbonscaler_budget,ontario,109,0,84.0,33.64,32.66
optionB_budget0.90_beta0.01_gamma0.50,carbonscaler_budget,ontario,110,0,93.0,33.81,14.861666666666666
optionB_budget0.90_beta0.01_gamma0.50,carbonscaler_budget,ontario,111,0,94.0,34.99,27.951666666666668
optionB_budget0.90_beta0.01_gamma0.50,carbonscaler_budget,ontario,112,0,106.0,49.27,33.82666666666667
optionB_budget0.90_beta0.01_gamma0.50,carbonscaler_budget,ontario,113,0,100.0,56.53,44.190000000000005
optionB_budget0.90_beta0.01_gamma0.50,carbonscaler_budget,ontario,114,0,97.0,61.98,64.0925
optionB_budget0.90_beta0.01_gamma0.50,carbonscaler_budget,ontario,115,0,85.0,65.2,57.855
optionB_budget0.90_beta0.01_gamma0.50,carbonscaler_budget,ontario,116,0,88.0,54.99,81.01
optionB_budget0.90_beta0.01_gamma0.50,carbonscaler_budget,ontario,117,0,93.0,51.87,85.02333333333333
optionB_budget0.90_beta0.01_gamma0.50,carbonscaler_budget,ontario,118,0,103.0,44.61,56.237500000000004
optionB_budget0.90_beta0.01_gamma0.50,carbonscaler_budget,ontario,119,0,112.0,35.48,40.678333333333335
optionB_budget0.90_beta0.01_gamma0.50,carbonscaler_budget,ontario,120,0,117.0,50.77,50.10583333333333
optionB_budget0.90_beta0.01_gamma0.50,carbonscaler_budget,ontario,121,0,119.0,44.81,49.906666666666666
optionB_budget0.90_beta0.01_gamma0.50,carbonscaler_budget,ontario,122,0,121.0,41.05,49.04916666666667
optionB_budget0.90_beta0.01_gamma0.50,carbonscaler_budget,ontario,123,0,120.0,36.4,42.1925
optionB_budget0.90_beta0.01_gamma0.50,carbonscaler_budget,ontario,124,0,108.0,39.47,40.28333333333334
optionB_budget0.90_beta0.01_gamma0.50,carbonscaler_budget,ontario,125,0,105.0,48.66,40.70166666666667
optionB_budget0.90_beta0.01_gamma0.50,carbonscaler_budget,ontario,126,0,105.0,55.67,33.23416666666667
optionB_budget0.90_beta0.01_gamma0.50,carbonscaler_budget,ontario,127,0,101.0,50.09,32.46333333333333
optionB_budget0.90_beta0.01_gamma0.50,carbonscaler_budget,ontario,128,0,91.0,41.62,28.154999999999998
optionB_budget0.90_beta0.01_gamma0.50,carbonscaler_budget,ontario,129,0,87.0,41.6,18.684166666666666
optionB_budget0.90_beta0.01_gamma0.50,carbonscaler_budget,ontario,130,0,89.0,40.42,35.85
optionB_budget0.90_beta0.01_gamma0.50,carbonscaler_budget,ontario,131,0,83.0,37.73,25.226666666666663
optionB_budget0.90_beta0.01_gamma0.50,carbonscaler_budget,ontario,132,0,80.0,33.78,31.930000000000003
optionB_budget0.90_beta0.01_gamma0.50,carbonscaler_budget,ontario,133,0,77.0,33.67,11.112499999999999
optionB_budget0.90_beta0.01_gamma0.50,carbonscaler_budget,ontario,134,0,72.0,33.04,1.5358333333333334
optionB_budget0.90_beta0.01_gamma0.50,carbonscaler_budget,ontario,135,0,82.0,33.9,4.765833333333333
optionB_budget0.90_beta0.01_gamma0.50,carbonscaler_budget,ontario,136,0,77.0,37.62,11.858333333333334
optionB_budget0.90_beta0.01_gamma0.50,carbonscaler_budget,ontario,137,0,80.0,51.24,25.142500000000002
optionB_budget0.90_beta0.01_gamma0.50,carbonscaler_budget,ontario,138,0,76.0,59.05,41.8525
optionB_budget0.90_beta0.01_gamma0.50,carbonscaler_budget,ontario,139,0,75.0,59.44,50.66416666666667
optionB_budget0.90_beta0.01_gamma0.50,carbonscaler_budget,ontario,140,0,75.0,50.49,49.836666666666666
optionB_budget0.90_beta0.01_gamma0.50,carbonscaler_budget,ontario,141,0,72.0,39.53,41.318333333333335
optionB_budget0.90_beta0.01_gamma0.50,carbonscaler_budget,ontario,142,0,73.0,35.54,43.805
optionB_budget0.90_beta0.01_gamma0.50,carbonscaler_budget,ontario,143,0,87.0,33.98,25.075000000000003
optionB_budget0.90_beta0.01_gamma0.50,carbonscaler_budget,ontario,144,0,95.0,36.79,34.35333333333333
optionB_budget0.90_beta0.01_gamma0.50,carbonscaler_budget,ontario,145,0,94.0,34.4,26.6925
optionB_budget0.90_beta0.01_gamma0.50,carbonscaler_budget,ontario,146,0,91.0,35.47,48.468333333333334
optionB_budget0.90_beta0.01_gamma0.50,carbonscaler_budget,ontario,147,0,88.0,34.36,54.5375
optionB_budget0.90_beta0.01_gamma0.50,carbonscaler_budget,ontario,148,0,73.0,37.11,51.11166666666667
optionB_budget0.90_beta0.01_gamma0.50,carbonscaler_budget,ontario,149,1,61.0,42.79,50.39833333333333
optionB_budget0.90_beta0.01_gamma0.50,carbonscaler_budget,ontario,150,1,52.0,47.76,51.104166666666664
optionB_budget0.90_beta0.01_gamma0.50,carbonscaler_budget,ontario,151,1,62.0,40.18,37.81666666666667
optionB_budget0.90_beta0.01_gamma0.50,carbonscaler_budget,ontario,152,0,70.0,33.89,37.10916666666667
optionB_budget0.90_beta0.01_gamma0.50,carbonscaler_budget,ontario,153,0,68.0,33.36,21.173333333333336
optionB_budget0.90_beta0.01_gamma0.50,carbonscaler_budget,ontario,154,1,66.0,31.41,6.423333333333333
optionB_budget0.90_beta0.01_gamma0.50,carbonscaler_budget,ontario,155,1,68.0,28.78,9.073333333333332
optionB_budget0.90_beta0.01_gamma0.50,carbonscaler_budget,ontario,156,1,61.0,26.25,15.920833333333334
optionB_budget0.90_beta0.01_gamma0.50,carbonscaler_budget,ontario,157,1,55.0,20.77,20.026666666666667
optionB_budget0.90_beta0.01_gamma0.50,carbonscaler_budget,ontario,158,2,52.0,23.43,15.846666666666666
optionB_budget0.90_beta0.01_gamma0.50,carbonscaler_budget,ontario,159,2,53.0,28.38,21.236666666666668
optionB_budget0.90_beta0.01_gamma0.50,carbonscaler_budget,ontario,160,1,53.0,37.9,47.1975
optionB_budget0.90_beta0.01_gamma0.50,carbonscaler_budget,ontario,161,1,52.0,50.42,60.70416666666667
optionB_budget0.90_beta0.01_gamma0.50,carbonscaler_budget,ontario,162,1,51.0,56.41,40.975
optionB_budget0.90_beta0.01_gamma0.50,carbonscaler_budget,ontario,163,1,52.0,55.68,43.34166666666667
optionB_budget0.90_beta0.01_gamma0.50,carbonscaler_budget,ontario,164,1,56.0,46.19,37.44916666666667
optionB_budget0.90_beta0.01_gamma0.50,carbonscaler_budget,ontario,165,0,73.0,35.74,34.56166666666667
optionB_budget0.90_beta0.01_gamma0.50,carbonscaler_budget,ontario,166,0,80.0,35.59,37.74583333333333
optionB_budget0.90_beta0.01_gamma0.50,carbonscaler_budget,ontario,167,0,77.0,35.8,22.585833333333337
optionB_budget1.00_beta0.01_gamma0.50,carbonscaler_budget,ontario,0,0,96.0,34.12,35.80416666666667
optionB_budget1.00_beta0.01_gamma0.50,carbonscaler_budget,ontario,1,0,93.0,33.93,32.50666666666667
optionB_budget1.00_beta0.01_gamma0.50,carbonscaler_budget,ontario,2,0,91.0,32.78,29.21166666666667
optionB_budget1.00_beta0.01_gamma0.50,carbonscaler_budget,ontario,3,0,82.0,32.88,36.03666666666667
optionB_budget1.00_beta0.01_gamma0.50,carbonscaler_budget,ontario,4,0,78.0,32.86,25.73
optionB_budget1.00_beta0.01_gamma0.50,carbonscaler_budget,ontario,5,0,81.0,40.47,45.36666666666667
optionB_budget1.00_beta0.01_gamma0.50,carbonscaler_budget,ontario,6,0,77.0,52.14,102.27499999999999
optionB_budget1.00_beta0.01_gamma0.50,carbonscaler_budget,ontario,7,0,71.0,66.48,53.160000000000004
optionB_budget1.00_beta0.01_gamma0.50,carbonscaler_budget,ontario,8,0,81.0,51.82,53.555
optionB_budget1.00_beta0.01_gamma0.50,carbonscaler_budget,ontario,9,0,83.0,44.14,36.879999999999995
optionB_budget1.00_beta0.01_gamma0.50,carbonscaler_budget,ontario,10,0,104.0,36.6,38.26083333333334
optionB_budget1.00_beta0.01_gamma0.50,carbonscaler_budget,ontario,11,0,117.0,35.22,40.7575
optionB_budget1.00_beta0.01_gamma0.50,carbonscaler_budget,ontario,12,0,114.0,34.66,38.3575
optionB_budget1.00_beta0.01_gamma0.50,carbonscaler_budget,ontario,13,0,112.0,32.23,34.17666666666667
optionB_budget1.00_beta0.01_gamma0.50,carbonscaler_budget,ontario,14,0,103.0,33.76,26.48
optionB_budget1.00_beta0.01_gamma0.50,carbonscaler_budget,ontario,15,0,98.0,34.79,36.7575
optionB_budget1.00_beta0.01_gamma0.50,carbonscaler_budget,ontario,16,0,104.0,36.54,76.7375
optionB_budget1.00_beta0.01_gamma0.50,carbonscaler_budget,ontario,17,0,101.0,54.15,153.96083333333334
optionB_budget1.00_beta0.01_gamma0.50,carbonscaler_budget,ontario,18,0,104.0,72.5,138.94416666666666
optionB_budget1.00_beta0.01_gamma0.50,carbonscaler_budget,ontario,19,0,90.0,80.22,252.46333333333334
optionB_budget1.00_beta0.01_gamma0.50,carbonscaler_budget,ontario,20,0,91.0,54.11,179.91
optionB_budget1.00_beta0.01_gamma0.50,carbonscaler_budget,ontario,21,0,112.0,45.86,373.7825
optionB_budget1.00_beta0.01_gamma0.50,carbonscaler_budget,ontario,22,0,119.0,45.59,72.18666666666665
optionB_budget1.00_beta0.01_gamma0.50,carbonscaler_budget,ontario,23,0,122.0,36.35,43.05083333333334
optionB_budget1.00_beta0.01_gamma0.50,carbonscaler_budget,ontario,24,0,128.0,49.5,50.95249999999999
optionB_budget1.00_beta0.01_gamma0.50,carbonscaler_budget,ontario,25,0,126.0,50.56,53.87166666666667
optionB_budget1.00_beta0.01_gamma0.50,carbonscaler_budget,ontario,26,0,131.0,50.09,53.149166666666666
optionB_budget1.00_beta0.01_gamma0.50,carbonscaler_budget,ontario,27,0,133.0,49.92,51.583333333333336
optionB_budget1.00_beta0.01_gamma0.50,carbonscaler_budget,ontario,28,0,130.0,50.55,55.78916666666667
optionB_budget1.00_beta0.01_gamma0.50,carbonscaler_budget,ontario,29,0,135.0,58.51,55.83583333333333
optionB_budget1.00_beta0.01_gamma0.50,carbonscaler_budget,ontario,30,0,139.0,92.97,167.33333333333334
optionB_budget1.00_beta0.01_gamma0.50,carbonscaler_budget,ontario,31,0,137.0,71.53,38.432500000000005
optionB_budget1.00_beta0.01_gamma0.50,carbonscaler_budget,ontario,32,0,139.0,53.23,30.5325
optionB_budget1.00_beta0.01_gamma0.50,carbonscaler_budget,ontario,33,0,140.0,35.6,18.877499999999998
optionB_budget1.00_beta0.01_gamma0.50,carbonscaler_budget,ontario,34,0,140.0,29.4,19.4025
optionB_budget1.00_beta0.01_gamma0.50,carbonscaler_budget,ontario,35,0,149.0,27.13,22.310000000000002
optionB_budget1.00_beta0.01_gamma0.50,carbonscaler_budget,ontario,36,0,136.0,23.38,20.80333333333333
optionB_budget1.00_beta0.01_gamma0.50,carbonscaler_budget,ontario,37,0,120.0,21.95,21.33583333333333
optionB_budget1.00_beta0.01_gamma0.50,carbonscaler_budget,ontario,38,0,103.0,27.25,16.563333333333333
optionB_budget1.00_beta0.01_gamma0.50,carbonscaler_budget,ontario,39,0,100.0,33.03,31.710833333333337
optionB_budget1.00_beta0.01_gamma0.50,carbonscaler_budget,ontario,40,0,105.0,42.56,46.28416666666667
optionB_budget1.00_beta0.01_gamma0.50,carbonscaler_budget,ontario,41,0,100.0,59.51,61.23500000000001
optionB_budget1.00_beta0.01_gamma0.50,carbonscaler_budget,ontario,42,0,103.0,75.66,40.50416666666667
optionB_budget1.00_beta0.01_gamma0.50,carbonscaler_budget,ontario,43,0,97.0,71.03,47.211666666666666
optionB_budget1.00_beta0.01_gamma0.50,carbonscaler_budget,ontario,44,0,114.0,54.71,45.3975
optionB_budget1.00_beta0.01_gamma0.50,carbonscaler_budget,ontario,45,0,131.0,45.67,41.26166666666666
optionB_budget1.00_beta0.01_gamma0.50,carbonscaler_budget,ontario,46,0,141.0,42.05,44.14083333333334
optionB_budget1.00_beta0.01_gamma0.50,carbonscaler_budget,ontario,47,0,138.0,37.7,31.816666666666666
optionB_budget1.00_beta0.01_gamma0.50,carbonscaler_budget,ontario,48,0,141.0,50.05,27.543333333333333
optionB_budget1.00_beta0.01_gamma0.50,carbonscaler_budget,ontario,49,0,140.0,49.87,38.13
optionB_budget1.00_beta0.01_gamma0.50,carbonscaler_budget,ontario,50,0,139.0,48.33,34.494166666666665
optionB_budget1.00_beta0.01_gamma0.50,carbonscaler_budget,ontario,51,0,138.0,48.46,47.105
optionB_budget1.00_beta0.01_gamma0.50,carbonscaler_budget,ontario,52,0,121.0,46.68,45.96666666666667
optionB_budget1.00_beta0.01_gamma0.50,carbonscaler_budget,ontario,53,0,109.0,61.85,36.67333333333333
optionB_budget1.00_beta0.01_gamma0.50,carbonscaler_budget,ontario,54,0,119.0,96.77,43.79
optionB_budget1.00_beta0.01_gamma0.50,carbonscaler_budget,ontario,55,0,122.0,84.26,39.11666666666667
optionB_budget1.00_beta0.01_gamma0.50,carbonscaler_budget,ontario,56,0,131.0,57.34,46.31
optionB_budget1.00_beta0.01_gamma0.50,carbonscaler_budget,ontario,57,0,132.0,52.12,46.74166666666667
optionB_budget1.00_beta0.01_gamma0.50,carbonscaler_budget,ontario,58,0,131.0,50.86,22.308333333333334
optionB_budget1.00_beta0.01_gamma0.50,carbonscaler_budget,ontario,59,0,135.0,45.87,17.453333333333333
optionB_budget1.00_beta0.01_gamma0.50,carbonscaler_budget,ontario,60,0,132.0,38.4,15.573333333333332
optionB_budget1.00_beta0.01_gamma0.50,carbonscaler_budget,ontario,61,0,123.0,34.62,19.00166666666667
optionB_budget1.00_beta0.01_gamma0.50,carbonscaler_budget,ontario,62,0,119.0,33.74,29.050833333333333
optionB_budget1.00_beta0.01_gamma0.50,carbonscaler_budget,ontario,63,0,100.0,39.97,41.73500000000001
optionB_budget1.00_beta0.01_gamma0.50,carbonscaler_budget,ontario,64,0,91.0,49.4,51.74250000000001
optionB_budget1.00_beta0.01_gamma0.50,carbonscaler_budget,ontario,65,0,92.0,57.3,39.9225
optionB_budget1.00_beta0.01_gamma0.50,carbonscaler_budget,ontario,66,0,91.0,60.26,35.43
optionB_budget1.00_beta0.01_gamma0.50,carbonscaler_budget,ontario,67,0,102.0,50.96,33.013333333333335
optionB_budget1.00_beta0.01_gamma0.50,carbonscaler_budget,ontario,68,0,121.0,42.52,22.65416666666667
optionB_budget1.00_beta0.01_gamma0.50,carbonscaler_budget,ontario,69,0,128.0,42.16,29.563333333333333
optionB_budget1.00_beta0.01_gamma0.50,carbonscaler_budget,ontario,70,0,122.0,36.22,26.64
optionB_budget1.00_beta0.01_gamma0.50,carbonscaler_budget,ontario,71,0,113.0,34.01,24.523333333333337
optionB_budget1.00_beta0.01_gamma0.50,carbonscaler_budget,ontario,72,0,102.0,29.33,14.720833333333333
optionB_budget1.00_beta0.01_gamma0.50,carbonscaler_budget,ontario,73,0,90.0,25.27,8.13
optionB_budget1.00_beta0.01_gamma0.50,carbonscaler_budget,ontario,74,0,84.0,29.42,1.6991666666666667
optionB_budget1.00_beta0.01_gamma0.50,carbonscaler_budget,ontario,75,0,73.0,30.84,2.9633333333333334
optionB_budget1.00_beta0.01_gamma0.50,carbonscaler_budget,ontario,76,0,70.0,31.25,16.435833333333335
optionB_budget1.00_beta0.01_gamma0.50,carbonscaler_budget,ontario,77,1,61.0,35.81,126.48833333333334
optionB_budget1.00_beta0.01_gamma0.50,carbonscaler_budget,ontario,78,1,61.0,50.69,78.3725
optionB_budget1.00_beta0.01_gamma0.50,carbonscaler_budget,ontario,79,1,62.0,49.64,40.18916666666667
optionB_budget1.00_beta0.01_gamma0.50,carbonscaler_budget,ontario,80,0,67.0,43.2,35.16833333333333
optionB_budget1.00_beta0.01_gamma0.50,carbonscaler_budget,ontario,81,0,74.0,34.83,36.946666666666665
optionB_budget1.00_beta0.01_gamma0.50,carbonscaler_budget,ontario,82,0,97.0,33.46,48.73500000000001
optionB_budget1.00_beta0.01_gamma0.50,carbonscaler_budget,ontario,83,0,110.0,33.77,49.08416666666667
optionB_budget1.00_beta0.01_gamma0.50,carbonscaler_budget,ontario,84,0,105.0,34.25,60.63666666666666
optionB_budget1.00_beta0.01_gamma0.50,carbonscaler_budget,ontario,85,0,99.0,33.34,49.995
optionB_budget1.00_beta0.01_gamma0.50,carbonscaler_budget,ontario,86,0,94.0,33.49,80.68249999999999
optionB_budget1.00_beta0.01_gamma0.50,carbonscaler_budget,ontario,87,0,105.0,35.49,37.122499999999995
optionB_budget1.00_beta0.01_gamma0.50,carbonscaler_budget,ontario,88,0,101.0,39.92,30.870833333333334
optionB_budget1.00_beta0.01_gamma0.50,carbonscaler_budget,ontario,89,0,105.0,51.75,35.86666666666667
optionB_budget1.00_beta0.01_gamma0.50,carbonscaler_budget,ontario,90,0,102.0,53.87,41.671666666666674
optionB_budget1.00_beta0.01_gamma0.50,carbonscaler_budget,ontario,91,0,105.0,51.13,39.7125
optionB_budget1.00_beta0.01_gamma0.50,carbonscaler_budget,ontario,92,0,96.0,43.3,81.51666666666667
optionB_budget1.00_beta0.01_gamma0.50,carbonscaler_budget,ontario,93,0,88.0,34.09,73.72666666666667
optionB_budget1.00_beta0.01_gamma0.50,carbonscaler_budget,ontario,94,0,92.0,33.57,22.382499999999997
optionB_budget1.00_beta0.01_gamma0.50,carbonscaler_budget,ontario,95,0,99.0,25.92,14.896666666666667
optionB_budget1.00_beta0.01_gamma0.50,carbonscaler_budget,ontario,96,0,98.0,20.25,19.5625
optionB_budget1.00_beta0.01_gamma0.50,carbonscaler_budget,ontario,97,0,93.0,26.64,21.86916666666667
optionB_budget1.00_beta0.01_gamma0.50,carbonscaler_budget,ontario,98,0,81.0,26.35,10.735
optionB_budget1.00_beta0.01_gamma0.50,carbonscaler_budget,ontario,99,1,66.0,25.55,16.831666666666667
optionB_budget1.00_beta0.01_gamma0.50,carbonscaler_budget,ontario,100,1,56.0,32.85,22.901666666666667
optionB_budget1.00_beta0.01_gamma0.50,carbonscaler_budget,ontario,101,1,54.0,38.31,29.686666666666667
optionB_budget1.00_beta0.01_gamma0.50,carbonscaler_budget,ontario,102,1,54.0,61.06,48.30500000000001
optionB_budget1.00_beta0.01_gamma0.50,carbonscaler_budget,ontario,103,1,55.0,63.3,37.83083333333333
optionB_budget1.00_beta0.01_gamma0.50,carbonscaler_budget,ontario,104,1,60.0,49.64,28.733333333333334
optionB_budget1.00_beta0.01_gamma0.50,carbonscaler_budget,ontario,105,0,68.0,50.72,34.39
optionB_budget1.00_beta0.01_gamma0.50,carbonscaler_budget,ontario,106,0,83.0,43.94,33.968333333333334
optionB_budget1.00_beta0.01_gamma0.50,carbonscaler_budget,ontario,107,0,99.0,33.65,48.071666666666665
optionB_budget1.00_beta0.01_gamma0.50,carbonscaler_budget,ontario,108,0,96.0,33.16,33.02
optionB_budget1.00_beta0.01_gamma0.50,carbonscaler_budget,ontario,109,0,84.0,33.64,32.66
optionB_budget1.00_beta0.01_gamma0.50,carbonscaler_budget,ontario,110,0,93.0,33.81,14.861666666666666
optionB_budget1.00_beta0.01_gamma0.50,carbonscaler_budget,ontario,111,0,94.0,34.99,27.951666666666668
optionB_budget1.00_beta0.01_gamma0.50,carbonscaler_budget,ontario,112,0,106.0,49.27,33.82666666666667
optionB_budget1.00_beta0.01_gamma0.50,carbonscaler_budget,ontario,113,0,100.0,56.53,44.190000000000005
optionB_budget1.00_beta0.01_gamma0.50,carbonscaler_budget,ontario,114,0,97.0,61.98,64.0925
optionB_budget1.00_beta0.01_gamma0.50,carbonscaler_budget,ontario,115,0,85.0,65.2,57.855
optionB_budget1.00_beta0.01_gamma0.50,carbonscaler_budget,ontario,116,0,88.0,54.99,81.01
optionB_budget1.00_beta0.01_gamma0.50,carbonscaler_budget,ontario,117,0,93.0,51.87,85.02333333333333
optionB_budget1.00_beta0.01_gamma0.50,carbonscaler_budget,ontario,118,0,103.0,44.61,56.237500000000004
optionB_budget1.00_beta0.01_gamma0.50,carbonscaler_budget,ontario,119,0,112.0,35.48,40.678333333333335
optionB_budget1.00_beta0.01_gamma0.50,carbonscaler_budget,ontario,120,0,117.0,50.77,50.10583333333333
optionB_budget1.00_beta0.01_gamma0.50,carbonscaler_budget,ontario,121,0,119.0,44.81,49.906666666666666
optionB_budget1.00_beta0.01_gamma0.50,carbonscaler_budget,ontario,122,0,121.0,41.05,49.04916666666667
optionB_budget1.00_beta0.01_gamma0.50,carbonscaler_budget,ontario,123,0,120.0,36.4,42.1925
optionB_budget1.00_beta0.01_gamma0.50,carbonscaler_budget,ontario,124,0,108.0,39.47,40.28333333333334
optionB_budget1.00_beta0.01_gamma0.50,carbonscaler_budget,ontario,125,0,105.0,48.66,40.70166666666667
optionB_budget1.00_beta0.01_gamma0.50,carbonscaler_budget,ontario,126,0,105.0,55.67,33.23416666666667
optionB_budget1.00_beta0.01_gamma0.50,carbonscaler_budget,ontario,127,0,101.0,50.09,32.46333333333333
optionB_budget1.00_beta0.01_gamma0.50,carbonscaler_budget,ontario,128,0,91.0,41.62,28.154999999999998
optionB_budget1.00_beta0.01_gamma0.50,carbonscaler_budget,ontario,129,0,87.0,41.6,18.684166666666666
optionB_budget1.00_beta0.01_gamma0.50,carbonscaler_budget,ontario,130,0,89.0,40.42,35.85
optionB_budget1.00_beta0.01_gamma0.50,carbonscaler_budget,ontario,131,0,83.0,37.73,25.226666666666663
optionB_budget1.00_beta0.01_gamma0.50,carbonscaler_budget,ontario,132,0,80.0,33.78,31.930000000000003
optionB_budget1.00_beta0.01_gamma0.50,carbonscaler_budget,ontario,133,0,77.0,33.67,11.112499999999999
optionB_budget1.00_beta0.01_gamma0.50,carbonscaler_budget,ontario,134,0,72.0,33.04,1.5358333333333334
optionB_budget1.00_beta0.01_gamma0.50,carbonscaler_budget,ontario,135,0,82.0,33.9,4.765833333333333
optionB_budget1.00_beta0.01_gamma0.50,carbonscaler_budget,ontario,136,0,77.0,37.62,11.858333333333334
optionB_budget1.00_beta0.01_gamma0.50,carbonscaler_budget,ontario,137,0,80.0,51.24,25.142500000000002
optionB_budget1.00_beta0.01_gamma0.50,carbonscaler_budget,ontario,138,0,76.0,59.05,41.8525
optionB_budget1.00_beta0.01_gamma0.50,carbonscaler_budget,ontario,139,0,75.0,59.44,50.66416666666667
optionB_budget1.00_beta0.01_gamma0.50,carbonscaler_budget,ontario,140,0,75.0,50.49,49.836666666666666
optionB_budget1.00_beta0.01_gamma0.50,carbonscaler_budget,ontario,141,0,72.0,39.53,41.318333333333335
optionB_budget1.00_beta0.01_gamma0.50,carbonscaler_budget,ontario,142,0,73.0,35.54,43.805
optionB_budget1.00_beta0.01_gamma0.50,carbonscaler_budget,ontario,143,0,87.0,33.98,25.075000000000003
optionB_budget1.00_beta0.01_gamma0.50,carbonscaler_budget,ontario,144,0,95.0,36.79,34.35333333333333
optionB_budget1.00_beta0.01_gamma0.50,carbonscaler_budget,ontario,145,0,94.0,34.4,26.6925
optionB_budget1.00_beta0.01_gamma0.50,carbonscaler_budget,ontario,146,0,91.0,35.47,48.468333333333334
optionB_budget1.00_beta0.01_gamma0.50,carbonscaler_budget,ontario,147,0,88.0,34.36,54.5375
optionB_budget1.00_beta0.01_gamma0.50,carbonscaler_budget,ontario,148,0,73.0,37.11,51.11166666666667
optionB_budget1.00_beta0.01_gamma0.50,carbonscaler_budget,ontario,149,1,61.0,42.79,50.39833333333333
optionB_budget1.00_beta0.01_gamma0.50,carbonscaler_budget,ontario,150,1,52.0,47.76,51.104166666666664
optionB_budget1.00_beta0.01_gamma0.50,carbonscaler_budget,ontario,151,1,62.0,40.18,37.81666666666667
optionB_budget1.00_beta0.01_gamma0.50,carbonscaler_budget,ontario,152,0,70.0,33.89,37.10916666666667
optionB_budget1.00_beta0.01_gamma0.50,carbonscaler_budget,ontario,153,0,68.0,33.36,21.173333333333336
optionB_budget1.00_beta0.01_gamma0.50,carbonscaler_budget,ontario,154,1,66.0,31.41,6.423333333333333
optionB_budget1.00_beta0.01_gamma0.50,carbonscaler_budget,ontario,155,1,68.0,28.78,9.073333333333332
optionB_budget1.00_beta0.01_gamma0.50,carbonscaler_budget,ontario,156,1,61.0,26.25,15.920833333333334
optionB_budget1.00_beta0.01_gamma0.50,carbonscaler_budget,ontario,157,1,55.0,20.77,20.026666666666667
optionB_budget1.00_beta0.01_gamma0.50,carbonscaler_budget,ontario,158,2,52.0,23.43,15.846666666666666
optionB_budget1.00_beta0.01_gamma0.50,carbonscaler_budget,ontario,159,2,53.0,28.38,21.236666666666668
optionB_budget1.00_beta0.01_gamma0.50,carbonscaler_budget,ontario,160,1,53.0,37.9,47.1975
optionB_budget1.00_beta0.01_gamma0.50,carbonscaler_budget,ontario,161,1,52.0,50.42,60.70416666666667
optionB_budget1.00_beta0.01_gamma0.50,carbonscaler_budget,ontario,162,1,51.0,56.41,40.975
optionB_budget1.00_beta0.01_gamma0.50,carbonscaler_budget,ontario,163,1,52.0,55.68,43.34166666666667
optionB_budget1.00_beta0.01_gamma0.50,carbonscaler_budget,ontario,164,1,56.0,46.19,37.44916666666667
optionB_budget1.00_beta0.01_gamma0.50,carbonscaler_budget,ontario,165,0,73.0,35.74,34.56166666666667
optionB_budget1.00_beta0.01_gamma0.50,carbonscaler_budget,ontario,166,0,80.0,35.59,37.74583333333333
optionB_budget1.00_beta0.01_gamma0.50,carbonscaler_budget,ontario,167,0,77.0,35.8,22.585833333333337
optionB_budget1.10_beta0.01_gamma0.50,carbonscaler_budget,ontario,0,0,96.0,34.12,35.80416666666667
optionB_budget1.10_beta0.01_gamma0.50,carbonscaler_budget,ontario,1,0,93.0,33.93,32.50666666666667
optionB_budget1.10_beta0.01_gamma0.50,carbonscaler_budget,ontario,2,0,91.0,32.78,29.21166666666667
optionB_budget1.10_beta0.01_gamma0.50,carbonscaler_budget,ontario,3,0,82.0,32.88,36.03666666666667
optionB_budget1.10_beta0.01_gamma0.50,carbonscaler_budget,ontario,4,0,78.0,32.86,25.73
optionB_budget1.10_beta0.01_gamma0.50,carbonscaler_budget,ontario,5,0,81.0,40.47,45.36666666666667
optionB_budget1.10_beta0.01_gamma0.50,carbonscaler_budget,ontario,6,0,77.0,52.14,102.27499999999999
optionB_budget1.10_beta0.01_gamma0.50,carbonscaler_budget,ontario,7,0,71.0,66.48,53.160000000000004
optionB_budget1.10_beta0.01_gamma0.50,carbonscaler_budget,ontario,8,0,81.0,51.82,53.555
optionB_budget1.10_beta0.01_gamma0.50,carbonscaler_budget,ontario,9,0,83.0,44.14,36.879999999999995
optionB_budget1.10_beta0.01_gamma0.50,carbonscaler_budget,ontario,10,0,104.0,36.6,38.26083333333334
optionB_budget1.10_beta0.01_gamma0.50,carbonscaler_budget,ontario,11,0,117.0,35.22,40.7575
optionB_budget1.10_beta0.01_gamma0.50,carbonscaler_budget,ontario,12,0,114.0,34.66,38.3575
optionB_budget1.10_beta0.01_gamma0.50,carbonscaler_budget,ontario,13,0,112.0,32.23,34.17666666666667
optionB_budget1.10_beta0.01_gamma0.50,carbonscaler_budget,ontario,14,0,103.0,33.76,26.48
optionB_budget1.10_beta0.01_gamma0.50,carbonscaler_budget,ontario,15,0,98.0,34.79,36.7575
optionB_budget1.10_beta0.01_gamma0.50,carbonscaler_budget,ontario,16,0,104.0,36.54,76.7375
optionB_budget1.10_beta0.01_gamma0.50,carbonscaler_budget,ontario,17,0,101.0,54.15,153.96083333333334
optionB_budget1.10_beta0.01_gamma0.50,carbonscaler_budget,ontario,18,0,104.0,72.5,138.94416666666666
optionB_budget1.10_beta0.01_gamma0.50,carbonscaler_budget,ontario,19,0,90.0,80.22,252.46333333333334
optionB_budget1.10_beta0.01_gamma0.50,carbonscaler_budget,ontario,20,0,91.0,54.11,179.91
optionB_budget1.10_beta0.01_gamma0.50,carbonscaler_budget,ontario,21,0,112.0,45.86,373.7825
optionB_budget1.10_beta0.01_gamma0.50,carbonscaler_budget,ontario,22,0,119.0,45.59,72.18666666666665
optionB_budget1.10_beta0.01_gamma0.50,carbonscaler_budget,ontario,23,0,122.0,36.35,43.05083333333334
optionB_budget1.10_beta0.01_gamma0.50,carbonscaler_budget,ontario,24,0,128.0,49.5,50.95249999999999
optionB_budget1.10_beta0.01_gamma0.50,carbonscaler_budget,ontario,25,0,126.0,50.56,53.87166666666667
optionB_budget1.10_beta0.01_gamma0.50,carbonscaler_budget,ontario,26,0,131.0,50.09,53.149166666666666
optionB_budget1.10_beta0.01_gamma0.50,carbonscaler_budget,ontario,27,0,133.0,49.92,51.583333333333336
optionB_budget1.10_beta0.01_gamma0.50,carbonscaler_budget,ontario,28,0,130.0,50.55,55.78916666666667
optionB_budget1.10_beta0.01_gamma0.50,carbonscaler_budget,ontario,29,0,135.0,58.51,55.83583333333333
optionB_budget1.10_beta0.01_gamma0.50,carbonscaler_budget,ontario,30,0,139.0,92.97,167.33333333333334
optionB_budget1.10_beta0.01_gamma0.50,carbonscaler_budget,ontario,31,0,137.0,71.53,38.432500000000005
optionB_budget1.10_beta0.01_gamma0.50,carbonscaler_budget,ontario,32,0,139.0,53.23,30.5325
optionB_budget1.10_beta0.01_gamma0.50,carbonscaler_budget,ontario,33,0,140.0,35.6,18.877499999999998
optionB_budget1.10_beta0.01_gamma0.50,carbonscaler_budget,ontario,34,0,140.0,29.4,19.4025
optionB_budget1.10_beta0.01_gamma0.50,carbonscaler_budget,ontario,35,0,149.0,27.13,22.310000000000002
optionB_budget1.10_beta0.01_gamma0.50,carbonscaler_budget,ontario,36,0,136.0,23.38,20.80333333333333
optionB_budget1.10_beta0.01_gamma0.50,carbonscaler_budget,ontario,37,0,120.0,21.95,21.33583333333333
optionB_budget1.10_beta0.01_gamma0.50,carbonscaler_budget,ontario,38,0,103.0,27.25,16.563333333333333
optionB_budget1.10_beta0.01_gamma0.50,carbonscaler_budget,ontario,39,0,100.0,33.03,31.710833333333337
optionB_budget1.10_beta0.01_gamma0.50,carbonscaler_budget,ontario,40,0,105.0,42.56,46.28416666666667
optionB_budget1.10_beta0.01_gamma0.50,carbonscaler_budget,ontario,41,0,100.0,59.51,61.23500000000001
optionB_budget1.10_beta0.01_gamma0.50,carbonscaler_budget,ontario,42,0,103.0,75.66,40.50416666666667
optionB_budget1.10_beta0.01_gamma0.50,carbonscaler_budget,ontario,43,0,97.0,71.03,47.211666666666666
optionB_budget1.10_beta0.01_gamma0.50,carbonscaler_budget,ontario,44,0,114.0,54.71,45.3975
optionB_budget1.10_beta0.01_gamma0.50,carbonscaler_budget,ontario,45,0,131.0,45.67,41.26166666666666
optionB_budget1.10_beta0.01_gamma0.50,carbonscaler_budget,ontario,46,0,141.0,42.05,44.14083333333334
optionB_budget1.10_beta0.01_gamma0.50,carbonscaler_budget,ontario,47,0,138.0,37.7,31.816666666666666
optionB_budget1.10_beta0.01_gamma0.50,carbonscaler_budget,ontario,48,0,141.0,50.05,27.543333333333333
optionB_budget1.10_beta0.01_gamma0.50,carbonscaler_budget,ontario,49,0,140.0,49.87,38.13
optionB_budget1.10_beta0.01_gamma0.50,carbonscaler_budget,ontario,50,0,139.0,48.33,34.494166666666665
optionB_budget1.10_beta0.01_gamma0.50,carbonscaler_budget,ontario,51,0,138.0,48.46,47.105
optionB_budget1.10_beta0.01_gamma0.50,carbonscaler_budget,ontario,52,0,121.0,46.68,45.96666666666667
optionB_budget1.10_beta0.01_gamma0.50,carbonscaler_budget,ontario,53,0,109.0,61.85,36.67333333333333
optionB_budget1.10_beta0.01_gamma0.50,carbonscaler_budget,ontario,54,0,119.0,96.77,43.79
optionB_budget1.10_beta0.01_gamma0.50,carbonscaler_budget,ontario,55,0,122.0,84.26,39.11666666666667
optionB_budget1.10_beta0.01_gamma0.50,carbonscaler_budget,ontario,56,0,131.0,57.34,46.31
optionB_budget1.10_beta0.01_gamma0.50,carbonscaler_budget,ontario,57,0,132.0,52.12,46.74166666666667
optionB_budget1.10_beta0.01_gamma0.50,carbonscaler_budget,ontario,58,0,131.0,50.86,22.308333333333334
optionB_budget1.10_beta0.01_gamma0.50,carbonscaler_budget,ontario,59,0,135.0,45.87,17.453333333333333
optionB_budget1.10_beta0.01_gamma0.50,carbonscaler_budget,ontario,60,0,132.0,38.4,15.573333333333332
optionB_budget1.10_beta0.01_gamma0.50,carbonscaler_budget,ontario,61,0,123.0,34.62,19.00166666666667
optionB_budget1.10_beta0.01_gamma0.50,carbonscaler_budget,ontario,62,0,119.0,33.74,29.050833333333333
optionB_budget1.10_beta0.01_gamma0.50,carbonscaler_budget,ontario,63,0,100.0,39.97,41.73500000000001
optionB_budget1.10_beta0.01_gamma0.50,carbonscaler_budget,ontario,64,0,91.0,49.4,51.74250000000001
optionB_budget1.10_beta0.01_gamma0.50,carbonscaler_budget,ontario,65,0,92.0,57.3,39.9225
optionB_budget1.10_beta0.01_gamma0.50,carbonscaler_budget,ontario,66,0,91.0,60.26,35.43
optionB_budget1.10_beta0.01_gamma0.50,carbonscaler_budget,ontario,67,0,102.0,50.96,33.013333333333335
optionB_budget1.10_beta0.01_gamma0.50,carbonscaler_budget,ontario,68,0,121.0,42.52,22.65416666666667
optionB_budget1.10_beta0.01_gamma0.50,carbonscaler_budget,ontario,69,0,128.0,42.16,29.563333333333333
optionB_budget1.10_beta0.01_gamma0.50,carbonscaler_budget,ontario,70,0,122.0,36.22,26.64
optionB_budget1.10_beta0.01_gamma0.50,carbonscaler_budget,ontario,71,0,113.0,34.01,24.523333333333337
optionB_budget1.10_beta0.01_gamma0.50,carbonscaler_budget,ontario,72,0,102.0,29.33,14.720833333333333
optionB_budget1.10_beta0.01_gamma0.50,carbonscaler_budget,ontario,73,0,90.0,25.27,8.13
optionB_budget1.10_beta0.01_gamma0.50,carbonscaler_budget,ontario,74,0,84.0,29.42,1.6991666666666667
optionB_budget1.10_beta0.01_gamma0.50,carbonscaler_budget,ontario,75,0,73.0,30.84,2.9633333333333334
optionB_budget1.10_beta0.01_gamma0.50,carbonscaler_budget,ontario,76,0,70.0,31.25,16.435833333333335
optionB_budget1.10_beta0.01_gamma0.50,carbonscaler_budget,ontario,77,1,61.0,35.81,126.48833333333334
optionB_budget1.10_beta0.01_gamma0.50,carbonscaler_budget,ontario,78,1,61.0,50.69,78.3725
optionB_budget1.10_beta0.01_gamma0.50,carbonscaler_budget,ontario,79,1,62.0,49.64,40.18916666666667
optionB_budget1.10_beta0.01_gamma0.50,carbonscaler_budget,ontario,80,0,67.0,43.2,35.16833333333333
optionB_budget1.10_beta0.01_gamma0.50,carbonscaler_budget,ontario,81,0,74.0,34.83,36.946666666666665
optionB_budget1.10_beta0.01_gamma0.50,carbonscaler_budget,ontario,82,0,97.0,33.46,48.73500000000001
optionB_budget1.10_beta0.01_gamma0.50,carbonscaler_budget,ontario,83,0,110.0,33.77,49.08416666666667
optionB_budget1.10_beta0.01_gamma0.50,carbonscaler_budget,ontario,84,0,105.0,34.25,60.63666666666666
optionB_budget1.10_beta0.01_gamma0.50,carbonscaler_budget,ontario,85,0,99.0,33.34,49.995
optionB_budget1.10_beta0.01_gamma0.50,carbonscaler_budget,ontario,86,0,94.0,33.49,80.68249999999999
optionB_budget1.10_beta0.01_gamma0.50,carbonscaler_budget,ontario,87,0,105.0,35.49,37.122499999999995
optionB_budget1.10_beta0.01_gamma0.50,carbonscaler_budget,ontario,88,0,101.0,39.92,30.870833333333334
optionB_budget1.10_beta0.01_gamma0.50,carbonscaler_budget,ontario,89,0,105.0,51.75,35.86666666666667
optionB_budget1.10_beta0.01_gamma0.50,carbonscaler_budget,ontario,90,0,102.0,53.87,41.671666666666674
optionB_budget1.10_beta0.01_gamma0.50,carbonscaler_budget,ontario,91,0,105.0,51.13,39.7125
optionB_budget1.10_beta0.01_gamma0.50,carbonscaler_budget,ontario,92,0,96.0,43.3,81.51666666666667
optionB_budget1.10_beta0.01_gamma0.50,carbonscaler_budget,ontario,93,0,88.0,34.09,73.72666666666667
optionB_budget1.10_beta0.01_gamma0.50,carbonscaler_budget,ontario,94,0,92.0,33.57,22.382499999999997
optionB_budget1.10_beta0.01_gamma0.50,carbonscaler_budget,ontario,95,0,99.0,25.92,14.896666666666667
optionB_budget1.10_beta0.01_gamma0.50,carbonscaler_budget,ontario,96,0,98.0,20.25,19.5625
optionB_budget1.10_beta0.01_gamma0.50,carbonscaler_budget,ontario,97,0,93.0,26.64,21.86916666666667
optionB_budget1.10_beta0.01_gamma0.50,carbonscaler_budget,ontario,98,0,81.0,26.35,10.735
optionB_budget1.10_beta0.01_gamma0.50,carbonscaler_budget,ontario,99,1,66.0,25.55,16.831666666666667
optionB_budget1.10_beta0.01_gamma0.50,carbonscaler_budget,ontario,100,1,56.0,32.85,22.901666666666667
optionB_budget1.10_beta0.01_gamma0.50,carbonscaler_budget,ontario,101,1,54.0,38.31,29.686666666666667
optionB_budget1.10_beta0.01_gamma0.50,carbonscaler_budget,ontario,102,1,54.0,61.06,48.30500000000001
optionB_budget1.10_beta0.01_gamma0.50,carbonscaler_budget,ontario,103,1,55.0,63.3,37.83083333333333
optionB_budget1.10_beta0.01_gamma0.50,carbonscaler_budget,ontario,104,1,60.0,49.64,28.733333333333334
optionB_budget1.10_beta0.01_gamma0.50,carbonscaler_budget,ontario,105,0,68.0,50.72,34.39
optionB_budget1.10_beta0.01_gamma0.50,carbonscaler_budget,ontario,106,0,83.0,43.94,33.968333333333334
optionB_budget1.10_beta0.01_gamma0.50,carbonscaler_budget,ontario,107,0,99.0,33.65,48.071666666666665
optionB_budget1.10_beta0.01_gamma0.50,carbonscaler_budget,ontario,108,0,96.0,33.16,33.02
optionB_budget1.10_beta0.01_gamma0.50,carbonscaler_budget,ontario,109,0,84.0,33.64,32.66
optionB_budget1.10_beta0.01_gamma0.50,carbonscaler_budget,ontario,110,0,93.0,33.81,14.861666666666666
optionB_budget1.10_beta0.01_gamma0.50,carbonscaler_budget,ontario,111,0,94.0,34.99,27.951666666666668
optionB_budget1.10_beta0.01_gamma0.50,carbonscaler_budget,ontario,112,0,106.0,49.27,33.82666666666667
optionB_budget1.10_beta0.01_gamma0.50,carbonscaler_budget,ontario,113,0,100.0,56.53,44.190000000000005
optionB_budget1.10_beta0.01_gamma0.50,carbonscaler_budget,ontario,114,0,97.0,61.98,64.0925
optionB_budget1.10_beta0.01_gamma0.50,carbonscaler_budget,ontario,115,0,85.0,65.2,57.855
optionB_budget1.10_beta0.01_gamma0.50,carbonscaler_budget,ontario,116,0,88.0,54.99,81.01
optionB_budget1.10_beta0.01_gamma0.50,carbonscaler_budget,ontario,117,0,93.0,51.87,85.02333333333333
optionB_budget1.10_beta0.01_gamma0.50,carbonscaler_budget,ontario,118,0,103.0,44.61,56.237500000000004
optionB_budget1.10_beta0.01_gamma0.50,carbonscaler_budget,ontario,119,0,112.0,35.48,40.678333333333335
optionB_budget1.10_beta0.01_gamma0.50,carbonscaler_budget,ontario,120,0,117.0,50.77,50.10583333333333
optionB_budget1.10_beta0.01_gamma0.50,carbonscaler_budget,ontario,121,0,119.0,44.81,49.906666666666666
optionB_budget1.10_beta0.01_gamma0.50,carbonscaler_budget,ontario,122,0,121.0,41.05,49.04916666666667
optionB_budget1.10_beta0.01_gamma0.50,carbonscaler_budget,ontario,123,0,120.0,36.4,42.1925
optionB_budget1.10_beta0.01_gamma0.50,carbonscaler_budget,ontario,124,0,108.0,39.47,40.28333333333334
optionB_budget1.10_beta0.01_gamma0.50,carbonscaler_budget,ontario,125,0,105.0,48.66,40.70166666666667
optionB_budget1.10_beta0.01_gamma0.50,carbonscaler_budget,ontario,126,0,105.0,55.67,33.23416666666667
optionB_budget1.10_beta0.01_gamma0.50,carbonscaler_budget,ontario,127,0,101.0,50.09,32.46333333333333
optionB_budget1.10_beta0.01_gamma0.50,carbonscaler_budget,ontario,128,0,91.0,41.62,28.154999999999998
optionB_budget1.10_beta0.01_gamma0.50,carbonscaler_budget,ontario,129,0,87.0,41.6,18.684166666666666
optionB_budget1.10_beta0.01_gamma0.50,carbonscaler_budget,ontario,130,0,89.0,40.42,35.85
optionB_budget1.10_beta0.01_gamma0.50,carbonscaler_budget,ontario,131,0,83.0,37.73,25.226666666666663
optionB_budget1.10_beta0.01_gamma0.50,carbonscaler_budget,ontario,132,0,80.0,33.78,31.930000000000003
optionB_budget1.10_beta0.01_gamma0.50,carbonscaler_budget,ontario,133,0,77.0,33.67,11.112499999999999
optionB_budget1.10_beta0.01_gamma0.50,carbonscaler_budget,ontario,134,0,72.0,33.04,1.5358333333333334
optionB_budget1.10_beta0.01_gamma0.50,carbonscaler_budget,ontario,135,0,82.0,33.9,4.765833333333333
optionB_budget1.10_beta0.01_gamma0.50,carbonscaler_budget,ontario,136,0,77.0,37.62,11.858333333333334
optionB_budget1.10_beta0.01_gamma0.50,carbonscaler_budget,ontario,137,0,80.0,51.24,25.142500000000002
optionB_budget1.10_beta0.01_gamma0.50,carbonscaler_budget,ontario,138,0,76.0,59.05,41.8525
optionB_budget1.10_beta0.01_gamma0.50,carbonscaler_budget,ontario,139,0,75.0,59.44,50.66416666666667
optionB_budget1.10_beta0.01_gamma0.50,carbonscaler_budget,ontario,140,0,75.0,50.49,49.836666666666666
optionB_budget1.10_beta0.01_gamma0.50,carbonscaler_budget,ontario,141,0,72.0,39.53,41.318333333333335
optionB_budget1.10_beta0.01_gamma0.50,carbonscaler_budget,ontario,142,0,73.0,35.54,43.805
optionB_budget1.10_beta0.01_gamma0.50,carbonscaler_budget,ontario,143,0,87.0,33.98,25.075000000000003
optionB_budget1.10_beta0.01_gamma0.50,carbonscaler_budget,ontario,144,0,95.0,36.79,34.35333333333333
optionB_budget1.10_beta0.01_gamma0.50,carbonscaler_budget,ontario,145,0,94.0,34.4,26.6925
optionB_budget1.10_beta0.01_gamma0.50,carbonscaler_budget,ontario,146,0,91.0,35.47,48.468333333333334
optionB_budget1.10_beta0.01_gamma0.50,carbonscaler_budget,ontario,147,0,88.0,34.36,54.5375
optionB_budget1.10_beta0.01_gamma0.50,carbonscaler_budget,ontario,148,0,73.0,37.11,51.11166666666667
optionB_budget1.10_beta0.01_gamma0.50,carbonscaler_budget,ontario,149,1,61.0,42.79,50.39833333333333
optionB_budget1.10_beta0.01_gamma0.50,carbonscaler_budget,ontario,150,1,52.0,47.76,51.104166666666664
optionB_budget1.10_beta0.01_gamma0.50,carbonscaler_budget,ontario,151,1,62.0,40.18,37.81666666666667
optionB_budget1.10_beta0.01_gamma0.50,carbonscaler_budget,ontario,152,0,70.0,33.89,37.10916666666667
optionB_budget1.10_beta0.01_gamma0.50,carbonscaler_budget,ontario,153,0,68.0,33.36,21.173333333333336
optionB_budget1.10_beta0.01_gamma0.50,carbonscaler_budget,ontario,154,1,66.0,31.41,6.423333333333333
optionB_budget1.10_beta0.01_gamma0.50,carbonscaler_budget,ontario,155,1,68.0,28.78,9.073333333333332
optionB_budget1.10_beta0.01_gamma0.50,carbonscaler_budget,ontario,156,1,61.0,26.25,15.920833333333334
optionB_budget1.10_beta0.01_gamma0.50,carbonscaler_budget,ontario,157,1,55.0,20.77,20.026666666666667
optionB_budget1.10_beta0.01_gamma0.50,carbonscaler_budget,ontario,158,2,52.0,23.43,15.846666666666666
optionB_budget1.10_beta0.01_gamma0.50,carbonscaler_budget,ontario,159,2,53.0,28.38,21.236666666666668
optionB_budget1.10_beta0.01_gamma0.50,carbonscaler_budget,ontario,160,1,53.0,37.9,47.1975
optionB_budget1.10_beta0.01_gamma0.50,carbonscaler_budget,ontario,161,1,52.0,50.42,60.70416666666667
optionB_budget1.10_beta0.01_gamma0.50,carbonscaler_budget,ontario,162,1,51.0,56.41,40.975
optionB_budget1.10_beta0.01_gamma0.50,carbonscaler_budget,ontario,163,1,52.0,55.68,43.34166666666667
optionB_budget1.10_beta0.01_gamma0.50,carbonscaler_budget,ontario,164,1,56.0,46.19,37.44916666666667
optionB_budget1.10_beta0.01_gamma0.50,carbonscaler_budget,ontario,165,0,73.0,35.74,34.56166666666667
optionB_budget1.10_beta0.01_gamma0.50,carbonscaler_budget,ontario,166,0,80.0,35.59,37.74583333333333
optionB_budget1.10_beta0.01_gamma0.50,carbonscaler_budget,ontario,167,0,77.0,35.8,22.585833333333337
optionB_budget1.20_beta0.01_gamma0.50,carbonscaler_budget,ontario,0,0,96.0,34.12,35.80416666666667
optionB_budget1.20_beta0.01_gamma0.50,carbonscaler_budget,ontario,1,0,93.0,33.93,32.50666666666667
optionB_budget1.20_beta0.01_gamma0.50,carbonscaler_budget,ontario,2,0,91.0,32.78,29.21166666666667
optionB_budget1.20_beta0.01_gamma0.50,carbonscaler_budget,ontario,3,0,82.0,32.88,36.03666666666667
optionB_budget1.20_beta0.01_gamma0.50,carbonscaler_budget,ontario,4,0,78.0,32.86,25.73
optionB_budget1.20_beta0.01_gamma0.50,carbonscaler_budget,ontario,5,0,81.0,40.47,45.36666666666667
optionB_budget1.20_beta0.01_gamma0.50,carbonscaler_budget,ontario,6,0,77.0,52.14,102.27499999999999
optionB_budget1.20_beta0.01_gamma0.50,carbonscaler_budget,ontario,7,0,71.0,66.48,53.160000000000004
optionB_budget1.20_beta0.01_gamma0.50,carbonscaler_budget,ontario,8,0,81.0,51.82,53.555
optionB_budget1.20_beta0.01_gamma0.50,carbonscaler_budget,ontario,9,0,83.0,44.14,36.879999999999995
optionB_budget1.20_beta0.01_gamma0.50,carbonscaler_budget,ontario,10,0,104.0,36.6,38.26083333333334
optionB_budget1.20_beta0.01_gamma0.50,carbonscaler_budget,ontario,11,0,117.0,35.22,40.7575
optionB_budget1.20_beta0.01_gamma0.50,carbonscaler_budget,ontario,12,0,114.0,34.66,38.3575
optionB_budget1.20_beta0.01_gamma0.50,carbonscaler_budget,ontario,13,0,112.0,32.23,34.17666666666667
optionB_budget1.20_beta0.01_gamma0.50,carbonscaler_budget,ontario,14,0,103.0,33.76,26.48
optionB_budget1.20_beta0.01_gamma0.50,carbonscaler_budget,ontario,15,0,98.0,34.79,36.7575
optionB_budget1.20_beta0.01_gamma0.50,carbonscaler_budget,ontario,16,0,104.0,36.54,76.7375
optionB_budget1.20_beta0.01_gamma0.50,carbonscaler_budget,ontario,17,0,101.0,54.15,153.96083333333334
optionB_budget1.20_beta0.01_gamma0.50,carbonscaler_budget,ontario,18,0,104.0,72.5,138.94416666666666
optionB_budget1.20_beta0.01_gamma0.50,carbonscaler_budget,ontario,19,0,90.0,80.22,252.46333333333334
optionB_budget1.20_beta0.01_gamma0.50,carbonscaler_budget,ontario,20,0,91.0,54.11,179.91
optionB_budget1.20_beta0.01_gamma0.50,carbonscaler_budget,ontario,21,0,112.0,45.86,373.7825
optionB_budget1.20_beta0.01_gamma0.50,carbonscaler_budget,ontario,22,0,119.0,45.59,72.18666666666665
optionB_budget1.20_beta0.01_gamma0.50,carbonscaler_budget,ontario,23,0,122.0,36.35,43.05083333333334
optionB_budget1.20_beta0.01_gamma0.50,carbonscaler_budget,ontario,24,0,128.0,49.5,50.95249999999999
optionB_budget1.20_beta0.01_gamma0.50,carbonscaler_budget,ontario,25,0,126.0,50.56,53.87166666666667
optionB_budget1.20_beta0.01_gamma0.50,carbonscaler_budget,ontario,26,0,131.0,50.09,53.149166666666666
optionB_budget1.20_beta0.01_gamma0.50,carbonscaler_budget,ontario,27,0,133.0,49.92,51.583333333333336
optionB_budget1.20_beta0.01_gamma0.50,carbonscaler_budget,ontario,28,0,130.0,50.55,55.78916666666667
optionB_budget1.20_beta0.01_gamma0.50,carbonscaler_budget,ontario,29,0,135.0,58.51,55.83583333333333
optionB_budget1.20_beta0.01_gamma0.50,carbonscaler_budget,ontario,30,0,139.0,92.97,167.33333333333334
optionB_budget1.20_beta0.01_gamma0.50,carbonscaler_budget,ontario,31,0,137.0,71.53,38.432500000000005
optionB_budget1.20_beta0.01_gamma0.50,carbonscaler_budget,ontario,32,0,139.0,53.23,30.5325
optionB_budget1.20_beta0.01_gamma0.50,carbonscaler_budget,ontario,33,0,140.0,35.6,18.877499999999998
optionB_budget1.20_beta0.01_gamma0.50,carbonscaler_budget,ontario,34,0,140.0,29.4,19.4025
optionB_budget1.20_beta0.01_gamma0.50,carbonscaler_budget,ontario,35,0,149.0,27.13,22.310000000000002
optionB_budget1.20_beta0.01_gamma0.50,carbonscaler_budget,ontario,36,0,136.0,23.38,20.80333333333333
optionB_budget1.20_beta0.01_gamma0.50,carbonscaler_budget,ontario,37,0,120.0,21.95,21.33583333333333
optionB_budget1.20_beta0.01_gamma0.50,carbonscaler_budget,ontario,38,0,103.0,27.25,16.563333333333333
optionB_budget1.20_beta0.01_gamma0.50,carbonscaler_budget,ontario,39,0,100.0,33.03,31.710833333333337
optionB_budget1.20_beta0.01_gamma0.50,carbonscaler_budget,ontario,40,0,105.0,42.56,46.28416666666667
optionB_budget1.20_beta0.01_gamma0.50,carbonscaler_budget,ontario,41,0,100.0,59.51,61.23500000000001
optionB_budget1.20_beta0.01_gamma0.50,carbonscaler_budget,ontario,42,0,103.0,75.66,40.50416666666667
optionB_budget1.20_beta0.01_gamma0.50,carbonscaler_budget,ontario,43,0,97.0,71.03,47.211666666666666
optionB_budget1.20_beta0.01_gamma0.50,carbonscaler_budget,ontario,44,0,114.0,54.71,45.3975
optionB_budget1.20_beta0.01_gamma0.50,carbonscaler_budget,ontario,45,0,131.0,45.67,41.26166666666666
optionB_budget1.20_beta0.01_gamma0.50,carbonscaler_budget,ontario,46,0,141.0,42.05,44.14083333333334
optionB_budget1.20_beta0.01_gamma0.50,carbonscaler_budget,ontario,47,0,138.0,37.7,31.816666666666666
optionB_budget1.20_beta0.01_gamma0.50,carbonscaler_budget,ontario,48,0,141.0,50.05,27.543333333333333
optionB_budget1.20_beta0.01_gamma0.50,carbonscaler_budget,ontario,49,0,140.0,49.87,38.13
optionB_budget1.20_beta0.01_gamma0.50,carbonscaler_budget,ontario,50,0,139.0,48.33,34.494166666666665
optionB_budget1.20_beta0.01_gamma0.50,carbonscaler_budget,ontario,51,0,138.0,48.46,47.105
optionB_budget1.20_beta0.01_gamma0.50,carbonscaler_budget,ontario,52,0,121.0,46.68,45.96666666666667
optionB_budget1.20_beta0.01_gamma0.50,carbonscaler_budget,ontario,53,0,109.0,61.85,36.67333333333333
optionB_budget1.20_beta0.01_gamma0.50,carbonscaler_budget,ontario,54,0,119.0,96.77,43.79
optionB_budget1.20_beta0.01_gamma0.50,carbonscaler_budget,ontario,55,0,122.0,84.26,39.11666666666667
optionB_budget1.20_beta0.01_gamma0.50,carbonscaler_budget,ontario,56,0,131.0,57.34,46.31
optionB_budget1.20_beta0.01_gamma0.50,carbonscaler_budget,ontario,57,0,132.0,52.12,46.74166666666667
optionB_budget1.20_beta0.01_gamma0.50,carbonscaler_budget,ontario,58,0,131.0,50.86,22.308333333333334
optionB_budget1.20_beta0.01_gamma0.50,carbonscaler_budget,ontario,59,0,135.0,45.87,17.453333333333333
optionB_budget1.20_beta0.01_gamma0.50,carbonscaler_budget,ontario,60,0,132.0,38.4,15.573333333333332
optionB_budget1.20_beta0.01_gamma0.50,carbonscaler_budget,ontario,61,0,123.0,34.62,19.00166666666667
optionB_budget1.20_beta0.01_gamma0.50,carbonscaler_budget,ontario,62,0,119.0,33.74,29.050833333333333
optionB_budget1.20_beta0.01_gamma0.50,carbonscaler_budget,ontario,63,0,100.0,39.97,41.73500000000001
optionB_budget1.20_beta0.01_gamma0.50,carbonscaler_budget,ontario,64,0,91.0,49.4,51.74250000000001
optionB_budget1.20_beta0.01_gamma0.50,carbonscaler_budget,ontario,65,0,92.0,57.3,39.9225
optionB_budget1.20_beta0.01_gamma0.50,carbonscaler_budget,ontario,66,0,91.0,60.26,35.43
optionB_budget1.20_beta0.01_gamma0.50,carbonscaler_budget,ontario,67,0,102.0,50.96,33.013333333333335
optionB_budget1.20_beta0.01_gamma0.50,carbonscaler_budget,ontario,68,0,121.0,42.52,22.65416666666667
optionB_budget1.20_beta0.01_gamma0.50,carbonscaler_budget,ontario,69,0,128.0,42.16,29.563333333333333
optionB_budget1.20_beta0.01_gamma0.50,carbonscaler_budget,ontario,70,0,122.0,36.22,26.64
optionB_budget1.20_beta0.01_gamma0.50,carbonscaler_budget,ontario,71,0,113.0,34.01,24.523333333333337
optionB_budget1.20_beta0.01_gamma0.50,carbonscaler_budget,ontario,72,0,102.0,29.33,14.720833333333333
optionB_budget1.20_beta0.01_gamma0.50,carbonscaler_budget,ontario,73,0,90.0,25.27,8.13
optionB_budget1.20_beta0.01_gamma0.50,carbonscaler_budget,ontario,74,0,84.0,29.42,1.6991666666666667
optionB_budget1.20_beta0.01_gamma0.50,carbonscaler_budget,ontario,75,0,73.0,30.84,2.9633333333333334
optionB_budget1.20_beta0.01_gamma0.50,carbonscaler_budget,ontario,76,0,70.0,31.25,16.435833333333335
optionB_budget1.20_beta0.01_gamma0.50,carbonscaler_budget,ontario,77,1,61.0,35.81,126.48833333333334
optionB_budget1.20_beta0.01_gamma0.50,carbonscaler_budget,ontario,78,1,61.0,50.69,78.3725
optionB_budget1.20_beta0.01_gamma0.50,carbonscaler_budget,ontario,79,1,62.0,49.64,40.18916666666667
optionB_budget1.20_beta0.01_gamma0.50,carbonscaler_budget,ontario,80,0,67.0,43.2,35.16833333333333
optionB_budget1.20_beta0.01_gamma0.50,carbonscaler_budget,ontario,81,0,74.0,34.83,36.946666666666665
optionB_budget1.20_beta0.01_gamma0.50,carbonscaler_budget,ontario,82,0,97.0,33.46,48.73500000000001
optionB_budget1.20_beta0.01_gamma0.50,carbonscaler_budget,ontario,83,0,110.0,33.77,49.08416666666667
optionB_budget1.20_beta0.01_gamma0.50,carbonscaler_budget,ontario,84,0,105.0,34.25,60.63666666666666
optionB_budget1.20_beta0.01_gamma0.50,carbonscaler_budget,ontario,85,0,99.0,33.34,49.995
optionB_budget1.20_beta0.01_gamma0.50,carbonscaler_budget,ontario,86,0,94.0,33.49,80.68249999999999
optionB_budget1.20_beta0.01_gamma0.50,carbonscaler_budget,ontario,87,0,105.0,35.49,37.122499999999995
optionB_budget1.20_beta0.01_gamma0.50,carbonscaler_budget,ontario,88,0,101.0,39.92,30.870833333333334
optionB_budget1.20_beta0.01_gamma0.50,carbonscaler_budget,ontario,89,0,105.0,51.75,35.86666666666667
optionB_budget1.20_beta0.01_gamma0.50,carbonscaler_budget,ontario,90,0,102.0,53.87,41.671666666666674
optionB_budget1.20_beta0.01_gamma0.50,carbonscaler_budget,ontario,91,0,105.0,51.13,39.7125
optionB_budget1.20_beta0.01_gamma0.50,carbonscaler_budget,ontario,92,0,96.0,43.3,81.51666666666667
optionB_budget1.20_beta0.01_gamma0.50,carbonscaler_budget,ontario,93,0,88.0,34.09,73.72666666666667
optionB_budget1.20_beta0.01_gamma0.50,carbonscaler_budget,ontario,94,0,92.0,33.57,22.382499999999997
optionB_budget1.20_beta0.01_gamma0.50,carbonscaler_budget,ontario,95,0,99.0,25.92,14.896666666666667
optionB_budget1.20_beta0.01_gamma0.50,carbonscaler_budget,ontario,96,0,98.0,20.25,19.5625
optionB_budget1.20_beta0.01_gamma0.50,carbonscaler_budget,ontario,97,0,93.0,26.64,21.86916666666667
optionB_budget1.20_beta0.01_gamma0.50,carbonscaler_budget,ontario,98,0,81.0,26.35,10.735
optionB_budget1.20_beta0.01_gamma0.50,carbonscaler_budget,ontario,99,1,66.0,25.55,16.831666666666667
optionB_budget1.20_beta0.01_gamma0.50,carbonscaler_budget,ontario,100,1,56.0,32.85,22.901666666666667
optionB_budget1.20_beta0.01_gamma0.50,carbonscaler_budget,ontario,101,1,54.0,38.31,29.686666666666667
optionB_budget1.20_beta0.01_gamma0.50,carbonscaler_budget,ontario,102,1,54.0,61.06,48.30500000000001
optionB_budget1.20_beta0.01_gamma0.50,carbonscaler_budget,ontario,103,1,55.0,63.3,37.83083333333333
optionB_budget1.20_beta0.01_gamma0.50,carbonscaler_budget,ontario,104,1,60.0,49.64,28.733333333333334
optionB_budget1.20_beta0.01_gamma0.50,carbonscaler_budget,ontario,105,0,68.0,50.72,34.39
optionB_budget1.20_beta0.01_gamma0.50,carbonscaler_budget,ontario,106,0,83.0,43.94,33.968333333333334
optionB_budget1.20_beta0.01_gamma0.50,carbonscaler_budget,ontario,107,0,99.0,33.65,48.071666666666665
optionB_budget1.20_beta0.01_gamma0.50,carbonscaler_budget,ontario,108,0,96.0,33.16,33.02
optionB_budget1.20_beta0.01_gamma0.50,carbonscaler_budget,ontario,109,0,84.0,33.64,32.66
optionB_budget1.20_beta0.01_gamma0.50,carbonscaler_budget,ontario,110,0,93.0,33.81,14.861666666666666
optionB_budget1.20_beta0.01_gamma0.50,carbonscaler_budget,ontario,111,0,94.0,34.99,27.951666666666668
optionB_budget1.20_beta0.01_gamma0.50,carbonscaler_budget,ontario,112,0,106.0,49.27,33.82666666666667
optionB_budget1.20_beta0.01_gamma0.50,carbonscaler_budget,ontario,113,0,100.0,56.53,44.190000000000005
optionB_budget1.20_beta0.01_gamma0.50,carbonscaler_budget,ontario,114,0,97.0,61.98,64.0925
optionB_budget1.20_beta0.01_gamma0.50,carbonscaler_budget,ontario,115,0,85.0,65.2,57.855
optionB_budget1.20_beta0.01_gamma0.50,carbonscaler_budget,ontario,116,0,88.0,54.99,81.01
optionB_budget1.20_beta0.01_gamma0.50,carbonscaler_budget,ontario,117,0,93.0,51.87,85.02333333333333
optionB_budget1.20_beta0.01_gamma0.50,carbonscaler_budget,ontario,118,0,103.0,44.61,56.237500000000004
optionB_budget1.20_beta0.01_gamma0.50,carbonscaler_budget,ontario,119,0,112.0,35.48,40.678333333333335
optionB_budget1.20_beta0.01_gamma0.50,carbonscaler_budget,ontario,120,0,117.0,50.77,50.10583333333333
optionB_budget1.20_beta0.01_gamma0.50,carbonscaler_budget,ontario,121,0,119.0,44.81,49.906666666666666
optionB_budget1.20_beta0.01_gamma0.50,carbonscaler_budget,ontario,122,0,121.0,41.05,49.04916666666667
optionB_budget1.20_beta0.01_gamma0.50,carbonscaler_budget,ontario,123,0,120.0,36.4,42.1925
optionB_budget1.20_beta0.01_gamma0.50,carbonscaler_budget,ontario,124,0,108.0,39.47,40.28333333333334
optionB_budget1.20_beta0.01_gamma0.50,carbonscaler_budget,ontario,125,0,105.0,48.66,40.70166666666667
optionB_budget1.20_beta0.01_gamma0.50,carbonscaler_budget,ontario,126,0,105.0,55.67,33.23416666666667
optionB_budget1.20_beta0.01_gamma0.50,carbonscaler_budget,ontario,127,0,101.0,50.09,32.46333333333333
optionB_budget1.20_beta0.01_gamma0.50,carbonscaler_budget,ontario,128,0,91.0,41.62,28.154999999999998
optionB_budget1.20_beta0.01_gamma0.50,carbonscaler_budget,ontario,129,0,87.0,41.6,18.684166666666666
optionB_budget1.20_beta0.01_gamma0.50,carbonscaler_budget,ontario,130,0,89.0,40.42,35.85
optionB_budget1.20_beta0.01_gamma0.50,carbonscaler_budget,ontario,131,0,83.0,37.73,25.226666666666663
optionB_budget1.20_beta0.01_gamma0.50,carbonscaler_budget,ontario,132,0,80.0,33.78,31.930000000000003
optionB_budget1.20_beta0.01_gamma0.50,carbonscaler_budget,ontario,133,0,77.0,33.67,11.112499999999999
optionB_budget1.20_beta0.01_gamma0.50,carbonscaler_budget,ontario,134,0,72.0,33.04,1.5358333333333334
optionB_budget1.20_beta0.01_gamma0.50,carbonscaler_budget,ontario,135,0,82.0,33.9,4.765833333333333
optionB_budget1.20_beta0.01_gamma0.50,carbonscaler_budget,ontario,136,0,77.0,37.62,11.858333333333334
optionB_budget1.20_beta0.01_gamma0.50,carbonscaler_budget,ontario,137,0,80.0,51.24,25.142500000000002
optionB_budget1.20_beta0.01_gamma0.50,carbonscaler_budget,ontario,138,0,76.0,59.05,41.8525
optionB_budget1.20_beta0.01_gamma0.50,carbonscaler_budget,ontario,139,0,75.0,59.44,50.66416666666667
optionB_budget1.20_beta0.01_gamma0.50,carbonscaler_budget,ontario,140,0,75.0,50.49,49.836666666666666
optionB_budget1.20_beta0.01_gamma0.50,carbonscaler_budget,ontario,141,0,72.0,39.53,41.318333333333335
optionB_budget1.20_beta0.01_gamma0.50,carbonscaler_budget,ontario,142,0,73.0,35.54,43.805
optionB_budget1.20_beta0.01_gamma0.50,carbonscaler_budget,ontario,143,0,87.0,33.98,25.075000000000003
optionB_budget1.20_beta0.01_gamma0.50,carbonscaler_budget,ontario,144,0,95.0,36.79,34.35333333333333
optionB_budget1.20_beta0.01_gamma0.50,carbonscaler_budget,ontario,145,0,94.0,34.4,26.6925
optionB_budget1.20_beta0.01_gamma0.50,carbonscaler_budget,ontario,146,0,91.0,35.47,48.468333333333334
optionB_budget1.20_beta0.01_gamma0.50,carbonscaler_budget,ontario,147,0,88.0,34.36,54.5375
optionB_budget1.20_beta0.01_gamma0.50,carbonscaler_budget,ontario,148,0,73.0,37.11,51.11166666666667
optionB_budget1.20_beta0.01_gamma0.50,carbonscaler_budget,ontario,149,1,61.0,42.79,50.39833333333333
optionB_budget1.20_beta0.01_gamma0.50,carbonscaler_budget,ontario,150,1,52.0,47.76,51.104166666666664
optionB_budget1.20_beta0.01_gamma0.50,carbonscaler_budget,ontario,151,1,62.0,40.18,37.81666666666667
optionB_budget1.20_beta0.01_gamma0.50,carbonscaler_budget,ontario,152,0,70.0,33.89,37.10916666666667
optionB_budget1.20_beta0.01_gamma0.50,carbonscaler_budget,ontario,153,0,68.0,33.36,21.173333333333336
optionB_budget1.20_beta0.01_gamma0.50,carbonscaler_budget,ontario,154,1,66.0,31.41,6.423333333333333
optionB_budget1.20_beta0.01_gamma0.50,carbonscaler_budget,ontario,155,1,68.0,28.78,9.073333333333332
optionB_budget1.20_beta0.01_gamma0.50,carbonscaler_budget,ontario,156,1,61.0,26.25,15.920833333333334
optionB_budget1.20_beta0.01_gamma0.50,carbonscaler_budget,ontario,157,1,55.0,20.77,20.026666666666667
optionB_budget1.20_beta0.01_gamma0.50,carbonscaler_budget,ontario,158,2,52.0,23.43,15.846666666666666
optionB_budget1.20_beta0.01_gamma0.50,carbonscaler_budget,ontario,159,2,53.0,28.38,21.236666666666668
optionB_budget1.20_beta0.01_gamma0.50,carbonscaler_budget,ontario,160,1,53.0,37.9,47.1975
optionB_budget1.20_beta0.01_gamma0.50,carbonscaler_budget,ontario,161,1,52.0,50.42,60.70416666666667
optionB_budget1.20_beta0.01_gamma0.50,carbonscaler_budget,ontario,162,1,51.0,56.41,40.975
optionB_budget1.20_beta0.01_gamma0.50,carbonscaler_budget,ontario,163,1,52.0,55.68,43.34166666666667
optionB_budget1.20_beta0.01_gamma0.50,carbonscaler_budget,ontario,164,1,56.0,46.19,37.44916666666667
optionB_budget1.20_beta0.01_gamma0.50,carbonscaler_budget,ontario,165,0,73.0,35.74,34.56166666666667
optionB_budget1.20_beta0.01_gamma0.50,carbonscaler_budget,ontario,166,0,80.0,35.59,37.74583333333333
optionB_budget1.20_beta0.01_gamma0.50,carbonscaler_budget,ontario,167,0,77.0,35.8,22.585833333333337
optionB_budget0.90_beta0.0025_gamma0.50,carbonscaler_budget,ontario,0,0,96.0,34.12,35.80416666666667
optionB_budget0.90_beta0.0025_gamma0.50,carbonscaler_budget,ontario,1,0,93.0,33.93,32.50666666666667
optionB_budget0.90_beta0.0025_gamma0.50,carbonscaler_budget,ontario,2,0,91.0,32.78,29.21166666666667
optionB_budget0.90_beta0.0025_gamma0.50,carbonscaler_budget,ontario,3,0,82.0,32.88,36.03666666666667
optionB_budget0.90_beta0.0025_gamma0.50,carbonscaler_budget,ontario,4,0,78.0,32.86,25.73
optionB_budget0.90_beta0.0025_gamma0.50,carbonscaler_budget,ontario,5,0,81.0,40.47,45.36666666666667
optionB_budget0.90_beta0.0025_gamma0.50,carbonscaler_budget,ontario,6,0,77.0,52.14,102.27499999999999
optionB_budget0.90_beta0.0025_gamma0.50,carbonscaler_budget,ontario,7,0,71.0,66.48,53.160000000000004
optionB_budget0.90_beta0.0025_gamma0.50,carbonscaler_budget,ontario,8,0,81.0,51.82,53.555
optionB_budget0.90_beta0.0025_gamma0.50,carbonscaler_budget,ontario,9,0,83.0,44.14,36.879999999999995
optionB_budget0.90_beta0.0025_gamma0.50,carbonscaler_budget,ontario,10,0,104.0,36.6,38.26083333333334
optionB_budget0.90_beta0.0025_gamma0.50,carbonscaler_budget,ontario,11,0,117.0,35.22,40.7575
optionB_budget0.90_beta0.0025_gamma0.50,carbonscaler_budget,ontario,12,0,114.0,34.66,38.3575
optionB_budget0.90_beta0.0025_gamma0.50,carbonscaler_budget,ontario,13,0,112.0,32.23,34.17666666666667
optionB_budget0.90_beta0.0025_gamma0.50,carbonscaler_budget,ontario,14,0,103.0,33.76,26.48
optionB_budget0.90_beta0.0025_gamma0.50,carbonscaler_budget,ontario,15,0,98.0,34.79,36.7575
optionB_budget0.90_beta0.0025_gamma0.50,carbonscaler_budget,ontario,16,0,104.0,36.54,76.7375
optionB_budget0.90_beta0.0025_gamma0.50,carbonscaler_budget,ontario,17,0,101.0,54.15,153.96083333333334
optionB_budget0.90_beta0.0025_gamma0.50,carbonscaler_budget,ontario,18,0,104.0,72.5,138.94416666666666
optionB_budget0.90_beta0.0025_gamma0.50,carbonscaler_budget,ontario,19,0,90.0,80.22,252.46333333333334
optionB_budget0.90_beta0.0025_gamma0.50,carbonscaler_budget,ontario,20,0,91.0,54.11,179.91
optionB_budget0.90_beta0.0025_gamma0.50,carbonscaler_budget,ontario,21,0,112.0,45.86,373.7825
optionB_budget0.90_beta0.0025_gamma0.50,carbonscaler_budget,ontario,22,0,119.0,45.59,72.18666666666665
optionB_budget0.90_beta0.0025_gamma0.50,carbonscaler_budget,ontario,23,0,122.0,36.35,43.05083333333334
optionB_budget0.90_beta0.0025_gamma0.50,carbonscaler_budget,ontario,24,0,128.0,49.5,50.95249999999999
optionB_budget0.90_beta0.0025_gamma0.50,carbonscaler_budget,ontario,25,0,126.0,50.56,53.87166666666667
optionB_budget0.90_beta0.0025_gamma0.50,carbonscaler_budget,ontario,26,0,131.0,50.09,53.149166666666666
optionB_budget0.90_beta0.0025_gamma0.50,carbonscaler_budget,ontario,27,0,133.0,49.92,51.583333333333336
optionB_budget0.90_beta0.0025_gamma0.50,carbonscaler_budget,ontario,28,0,130.0,50.55,55.78916666666667
optionB_budget0.90_beta0.0025_gamma0.50,carbonscaler_budget,ontario,29,0,135.0,58.51,55.83583333333333
optionB_budget0.90_beta0.0025_gamma0.50,carbonscaler_budget,ontario,30,0,139.0,92.97,167.33333333333334
optionB_budget0.90_beta0.0025_gamma0.50,carbonscaler_budget,ontario,31,0,137.0,71.53,38.432500000000005
optionB_budget0.90_beta0.0025_gamma0.50,carbonscaler_budget,ontario,32,0,139.0,53.23,30.5325
optionB_budget0.90_beta0.0025_gamma0.50,carbonscaler_budget,ontario,33,0,140.0,35.6,18.877499999999998
optionB_budget0.90_beta0.0025_gamma0.50,carbonscaler_budget,ontario,34,0,140.0,29.4,19.4025
optionB_budget0.90_beta0.0025_gamma0.50,carbonscaler_budget,ontario,35,0,149.0,27.13,22.310000000000002
optionB_budget0.90_beta0.0025_gamma0.50,carbonscaler_budget,ontario,36,0,136.0,23.38,20.80333333333333
optionB_budget0.90_beta0.0025_gamma0.50,carbonscaler_budget,ontario,37,0,120.0,21.95,21.33583333333333
optionB_budget0.90_beta0.0025_gamma0.50,carbonscaler_budget,ontario,38,0,103.0,27.25,16.563333333333333
optionB_budget0.90_beta0.0025_gamma0.50,carbonscaler_budget,ontario,39,0,100.0,33.03,31.710833333333337
optionB_budget0.90_beta0.0025_gamma0.50,carbonscaler_budget,ontario,40,0,105.0,42.56,46.28416666666667
optionB_budget0.90_beta0.0025_gamma0.50,carbonscaler_budget,ontario,41,0,100.0,59.51,61.23500000000001
optionB_budget0.90_beta0.0025_gamma0.50,carbonscaler_budget,ontario,42,0,103.0,75.66,40.50416666666667
optionB_budget0.90_beta0.0025_gamma0.50,carbonscaler_budget,ontario,43,0,97.0,71.03,47.211666666666666
optionB_budget0.90_beta0.0025_gamma0.50,carbonscaler_budget,ontario,44,0,114.0,54.71,45.3975
optionB_budget0.90_beta0.0025_gamma0.50,carbonscaler_budget,ontario,45,0,131.0,45.67,41.26166666666666
optionB_budget0.90_beta0.0025_gamma0.50,carbonscaler_budget,ontario,46,0,141.0,42.05,44.14083333333334
optionB_budget0.90_beta0.0025_gamma0.50,carbonscaler_budget,ontario,47,0,138.0,37.7,31.816666666666666
optionB_budget0.90_beta0.0025_gamma0.50,carbonscaler_budget,ontario,48,0,141.0,50.05,27.543333333333333
optionB_budget0.90_beta0.0025_gamma0.50,carbonscaler_budget,ontario,49,0,140.0,49.87,38.13
optionB_budget0.90_beta0.0025_gamma0.50,carbonscaler_budget,ontario,50,0,139.0,48.33,34.494166666666665
optionB_budget0.90_beta0.0025_gamma0.50,carbonscaler_budget,ontario,51,0,138.0,48.46,47.105
optionB_budget0.90_beta0.0025_gamma0.50,carbonscaler_budget,ontario,52,0,121.0,46.68,45.96666666666667
optionB_budget0.90_beta0.0025_gamma0.50,carbonscaler_budget,ontario,53,0,109.0,61.85,36.67333333333333
optionB_budget0.90_beta0.0025_gamma0.50,carbonscaler_budget,ontario,54,0,119.0,96.77,43.79
optionB_budget0.90_beta0.0025_gamma0.50,carbonscaler_budget,ontario,55,0,122.0,84.26,39.11666666666667
optionB_budget0.90_beta0.0025_gamma0.50,carbonscaler_budget,ontario,56,0,131.0,57.34,46.31
optionB_budget0.90_beta0.0025_gamma0.50,carbonscaler_budget,ontario,57,0,132.0,52.12,46.74166666666667
optionB_budget0.90_beta0.0025_gamma0.50,carbonscaler_budget,ontario,58,0,131.0,50.86,22.308333333333334
optionB_budget0.90_beta0.0025_gamma0.50,carbonscaler_budget,ontario,59,0,135.0,45.87,17.453333333333333
optionB_budget0.90_beta0.0025_gamma0.50,carbonscaler_budget,ontario,60,0,132.0,38.4,15.573333333333332
optionB_budget0.90_beta0.0025_gamma0.50,carbonscaler_budget,ontario,61,0,123.0,34.62,19.00166666666667
optionB_budget0.90_beta0.0025_gamma0.50,carbonscaler_budget,ontario,62,0,119.0,33.74,29.050833333333333
optionB_budget0.90_beta0.0025_gamma0.50,carbonscaler_budget,ontario,63,0,100.0,39.97,41.73500000000001
optionB_budget0.90_beta0.0025_gamma0.50,carbonscaler_budget,ontario,64,0,91.0,49.4,51.74250000000001
optionB_budget0.90_beta0.0025_gamma0.50,carbonscaler_budget,ontario,65,0,92.0,57.3,39.9225
optionB_budget0.90_beta0.0025_gamma0.50,carbonscaler_budget,ontario,66,0,91.0,60.26,35.43
optionB_budget0.90_beta0.0025_gamma0.50,carbonscaler_budget,ontario,67,0,102.0,50.96,33.013333333333335
optionB_budget0.90_beta0.0025_gamma0.50,carbonscaler_budget,ontario,68,0,121.0,42.52,22.65416666666667
optionB_budget0.90_beta0.0025_gamma0.50,carbonscaler_budget,ontario,69,0,128.0,42.16,29.563333333333333
optionB_budget0.90_beta0.0025_gamma0.50,carbonscaler_budget,ontario,70,0,122.0,36.22,26.64
optionB_budget0.90_beta0.0025_gamma0.50,carbonscaler_budget,ontario,71,0,113.0,34.01,24.523333333333337
optionB_budget0.90_beta0.0025_gamma0.50,carbonscaler_budget,ontario,72,0,102.0,29.33,14.720833333333333
optionB_budget0.90_beta0.0025_gamma0.50,carbonscaler_budget,ontario,73,0,90.0,25.27,8.13
optionB_budget0.90_beta0.0025_gamma0.50,carbonscaler_budget,ontario,74,0,84.0,29.42,1.6991666666666667
optionB_budget0.90_beta0.0025_gamma0.50,carbonscaler_budget,ontario,75,0,73.0,30.84,2.9633333333333334
optionB_budget0.90_beta0.0025_gamma0.50,carbonscaler_budget,ontario,76,0,70.0,31.25,16.435833333333335
optionB_budget0.90_beta0.0025_gamma0.50,carbonscaler_budget,ontario,77,1,61.0,35.81,126.48833333333334
optionB_budget0.90_beta0.0025_gamma0.50,carbonscaler_budget,ontario,78,1,61.0,50.69,78.3725
optionB_budget0.90_beta0.0025_gamma0.50,carbonscaler_budget,ontario,79,1,62.0,49.64,40.18916666666667
optionB_budget0.90_beta0.0025_gamma0.50,carbonscaler_budget,ontario,80,0,67.0,43.2,35.16833333333333
optionB_budget0.90_beta0.0025_gamma0.50,carbonscaler_budget,ontario,81,0,74.0,34.83,36.946666666666665
optionB_budget0.90_beta0.0025_gamma0.50,carbonscaler_budget,ontario,82,0,97.0,33.46,48.73500000000001
optionB_budget0.90_beta0.0025_gamma0.50,carbonscaler_budget,ontario,83,0,110.0,33.77,49.08416666666667
optionB_budget0.90_beta0.0025_gamma0.50,carbonscaler_budget,ontario,84,0,105.0,34.25,60.63666666666666
optionB_budget0.90_beta0.0025_gamma0.50,carbonscaler_budget,ontario,85,0,99.0,33.34,49.995
optionB_budget0.90_beta0.0025_gamma0.50,carbonscaler_budget,ontario,86,0,94.0,33.49,80.68249999999999
optionB_budget0.90_beta0.0025_gamma0.50,carbonscaler_budget,ontario,87,0,105.0,35.49,37.122499999999995
optionB_budget0.90_beta0.0025_gamma0.50,carbonscaler_budget,ontario,88,0,101.0,39.92,30.870833333333334
optionB_budget0.90_beta0.0025_gamma0.50,carbonscaler_budget,ontario,89,0,105.0,51.75,35.86666666666667
optionB_budget0.90_beta0.0025_gamma0.50,carbonscaler_budget,ontario,90,0,102.0,53.87,41.671666666666674
optionB_budget0.90_beta0.0025_gamma0.50,carbonscaler_budget,ontario,91,0,105.0,51.13,39.7125
optionB_budget0.90_beta0.0025_gamma0.50,carbonscaler_budget,ontario,92,0,96.0,43.3,81.51666666666667
optionB_budget0.90_beta0.0025_gamma0.50,carbonscaler_budget,ontario,93,0,88.0,34.09,73.72666666666667
optionB_budget0.90_beta0.0025_gamma0.50,carbonscaler_budget,ontario,94,0,92.0,33.57,22.382499999999997
optionB_budget0.90_beta0.0025_gamma0.50,carbonscaler_budget,ontario,95,0,99.0,25.92,14.896666666666667
optionB_budget0.90_beta0.0025_gamma0.50,carbonscaler_budget,ontario,96,0,98.0,20.25,19.5625
optionB_budget0.90_beta0.0025_gamma0.50,carbonscaler_budget,ontario,97,0,93.0,26.64,21.86916666666667
optionB_budget0.90_beta0.0025_gamma0.50,carbonscaler_budget,ontario,98,0,81.0,26.35,10.735
optionB_budget0.90_beta0.0025_gamma0.50,carbonscaler_budget,ontario,99,1,66.0,25.55,16.831666666666667
optionB_budget0.90_beta0.0025_gamma0.50,carbonscaler_budget,ontario,100,1,56.0,32.85,22.901666666666667
optionB_budget0.90_beta0.0025_gamma0.50,carbonscaler_budget,ontario,101,1,54.0,38.31,29.686666666666667
optionB_budget0.90_beta0.0025_gamma0.50,carbonscaler_budget,ontario,102,1,54.0,61.06,48.30500000000001
optionB_budget0.90_beta0.0025_gamma0.50,carbonscaler_budget,ontario,103,1,55.0,63.3,37.83083333333333
optionB_budget0.90_beta0.0025_gamma0.50,carbonscaler_budget,ontario,104,1,60.0,49.64,28.733333333333334
optionB_budget0.90_beta0.0025_gamma0.50,carbonscaler_budget,ontario,105,0,68.0,50.72,34.39
optionB_budget0.90_beta0.0025_gamma0.50,carbonscaler_budget,ontario,106,0,83.0,43.94,33.968333333333334
optionB_budget0.90_beta0.0025_gamma0.50,carbonscaler_budget,ontario,107,0,99.0,33.65,48.071666666666665
optionB_budget0.90_beta0.0025_gamma0.50,carbonscaler_budget,ontario,108,0,96.0,33.16,33.02
optionB_budget0.90_beta0.0025_gamma0.50,carbonscaler_budget,ontario,109,0,84.0,33.64,32.66
optionB_budget0.90_beta0.0025_gamma0.50,carbonscaler_budget,ontario,110,0,93.0,33.81,14.861666666666666
optionB_budget0.90_beta0.0025_gamma0.50,carbonscaler_budget,ontario,111,0,94.0,34.99,27.951666666666668
optionB_budget0.90_beta0.0025_gamma0.50,carbonscaler_budget,ontario,112,0,106.0,49.27,33.82666666666667
optionB_budget0.90_beta0.0025_gamma0.50,carbonscaler_budget,ontario,113,0,100.0,56.53,44.190000000000005
optionB_budget0.90_beta0.0025_gamma0.50,carbonscaler_budget,ontario,114,0,97.0,61.98,64.0925
optionB_budget0.90_beta0.0025_gamma0.50,carbonscaler_budget,ontario,115,0,85.0,65.2,57.855
optionB_budget0.90_beta0.0025_gamma0.50,carbonscaler_budget,ontario,116,0,88.0,54.99,81.01
optionB_budget0.90_beta0.0025_gamma0.50,carbonscaler_budget,ontario,117,0,93.0,51.87,85.02333333333333
optionB_budget0.90_beta0.0025_gamma0.50,carbonscaler_budget,ontario,118,0,103.0,44.61,56.237500000000004
optionB_budget0.90_beta0.0025_gamma0.50,carbonscaler_budget,ontario,119,0,112.0,35.48,40.678333333333335
optionB_budget0.90_beta0.0025_gamma0.50,carbonscaler_budget,ontario,120,0,117.0,50.77,50.10583333333333
optionB_budget0.90_beta0.0025_gamma0.50,carbonscaler_budget,ontario,121,0,119.0,44.81,49.906666666666666
optionB_budget0.90_beta0.0025_gamma0.50,carbonscaler_budget,ontario,122,0,121.0,41.05,49.04916666666667
optionB_budget0.90_beta0.0025_gamma0.50,carbonscaler_budget,ontario,123,0,120.0,36.4,42.1925
optionB_budget0.90_beta0.0025_gamma0.50,carbonscaler_budget,ontario,124,0,108.0,39.47,40.28333333333334
optionB_budget0.90_beta0.0025_gamma0.50,carbonscaler_budget,ontario,125,0,105.0,48.66,40.70166666666667
optionB_budget0.90_beta0.0025_gamma0.50,carbonscaler_budget,ontario,126,0,105.0,55.67,33.23416666666667
optionB_budget0.90_beta0.0025_gamma0.50,carbonscaler_budget,ontario,127,0,101.0,50.09,32.46333333333333
optionB_budget0.90_beta0.0025_gamma0.50,carbonscaler_budget,ontario,128,0,91.0,41.62,28.154999999999998
optionB_budget0.90_beta0.0025_gamma0.50,carbonscaler_budget,ontario,129,0,87.0,41.6,18.684166666666666
optionB_budget0.90_beta0.0025_gamma0.50,carbonscaler_budget,ontario,130,0,89.0,40.42,35.85
optionB_budget0.90_beta0.0025_gamma0.50,carbonscaler_budget,ontario,131,0,83.0,37.73,25.226666666666663
optionB_budget0.90_beta0.0025_gamma0.50,carbonscaler_budget,ontario,132,0,80.0,33.78,31.930000000000003
optionB_budget0.90_beta0.0025_gamma0.50,carbonscaler_budget,ontario,133,0,77.0,33.67,11.112499999999999
optionB_budget0.90_beta0.0025_gamma0.50,carbonscaler_budget,ontario,134,0,72.0,33.04,1.5358333333333334
optionB_budget0.90_beta0.0025_gamma0.50,carbonscaler_budget,ontario,135,0,82.0,33.9,4.765833333333333
optionB_budget0.90_beta0.0025_gamma0.50,carbonscaler_budget,ontario,136,0,77.0,37.62,11.858333333333334
optionB_budget0.90_beta0.0025_gamma0.50,carbonscaler_budget,ontario,137,0,80.0,51.24,25.142500000000002
optionB_budget0.90_beta0.0025_gamma0.50,carbonscaler_budget,ontario,138,0,76.0,59.05,41.8525
optionB_budget0.90_beta0.0025_gamma0.50,carbonscaler_budget,ontario,139,0,75.0,59.44,50.66416666666667
optionB_budget0.90_beta0.0025_gamma0.50,carbonscaler_budget,ontario,140,0,75.0,50.49,49.836666666666666
optionB_budget0.90_beta0.0025_gamma0.50,carbonscaler_budget,ontario,141,0,72.0,39.53,41.318333333333335
optionB_budget0.90_beta0.0025_gamma0.50,carbonscaler_budget,ontario,142,0,73.0,35.54,43.805
optionB_budget0.90_beta0.0025_gamma0.50,carbonscaler_budget,ontario,143,0,87.0,33.98,25.075000000000003
optionB_budget0.90_beta0.0025_gamma0.50,carbonscaler_budget,ontario,144,0,95.0,36.79,34.35333333333333
optionB_budget0.90_beta0.0025_gamma0.50,carbonscaler_budget,ontario,145,0,94.0,34.4,26.6925
optionB_budget0.90_beta0.0025_gamma0.50,carbonscaler_budget,ontario,146,0,91.0,35.47,48.468333333333334
optionB_budget0.90_beta0.0025_gamma0.50,carbonscaler_budget,ontario,147,0,88.0,34.36,54.5375
optionB_budget0.90_beta0.0025_gamma0.50,carbonscaler_budget,ontario,148,0,73.0,37.11,51.11166666666667
optionB_budget0.90_beta0.0025_gamma0.50,carbonscaler_budget,ontario,149,1,61.0,42.79,50.39833333333333
optionB_budget0.90_beta0.0025_gamma0.50,carbonscaler_budget,ontario,150,1,52.0,47.76,51.104166666666664
optionB_budget0.90_beta0.0025_gamma0.50,carbonscaler_budget,ontario,151,1,62.0,40.18,37.81666666666667
optionB_budget0.90_beta0.0025_gamma0.50,carbonscaler_budget,ontario,152,0,70.0,33.89,37.10916666666667
optionB_budget0.90_beta0.0025_gamma0.50,carbonscaler_budget,ontario,153,0,68.0,33.36,21.173333333333336
optionB_budget0.90_beta0.0025_gamma0.50,carbonscaler_budget,ontario,154,1,66.0,31.41,6.423333333333333
optionB_budget0.90_beta0.0025_gamma0.50,carbonscaler_budget,ontario,155,0,68.0,28.78,9.073333333333332
optionB_budget0.90_beta0.0025_gamma0.50,carbonscaler_budget,ontario,156,1,61.0,26.25,15.920833333333334
optionB_budget0.90_beta0.0025_gamma0.50,carbonscaler_budget,ontario,157,2,55.0,20.77,20.026666666666667
optionB_budget0.90_beta0.0025_gamma0.50,carbonscaler_budget,ontario,158,2,52.0,23.43,15.846666666666666
optionB_budget0.90_beta0.0025_gamma0.50,carbonscaler_budget,ontario,159,1,53.0,28.38,21.236666666666668
optionB_budget0.90_beta0.0025_gamma0.50,carbonscaler_budget,ontario,160,1,53.0,37.9,47.1975
optionB_budget0.90_beta0.0025_gamma0.50,carbonscaler_budget,ontario,161,1,52.0,50.42,60.70416666666667
optionB_budget0.90_beta0.0025_gamma0.50,carbonscaler_budget,ontario,162,2,51.0,56.41,40.975
optionB_budget0.90_beta0.0025_gamma0.50,carbonscaler_budget,ontario,163,1,52.0,55.68,43.34166666666667
optionB_budget0.90_beta0.0025_gamma0.50,carbonscaler_budget,ontario,164,1,56.0,46.19,37.44916666666667
optionB_budget0.90_beta0.0025_gamma0.50,carbonscaler_budget,ontario,165,0,73.0,35.74,34.56166666666667
optionB_budget0.90_beta0.0025_gamma0.50,carbonscaler_budget,ontario,166,0,80.0,35.59,37.74583333333333
optionB_budget0.90_beta0.0025_gamma0.50,carbonscaler_budget,ontario,167,0,77.0,35.8,22.585833333333337
optionB_budget0.90_beta0.0050_gamma0.50,carbonscaler_budget,ontario,0,0,96.0,34.12,35.80416666666667
optionB_budget0.90_beta0.0050_gamma0.50,carbonscaler_budget,ontario,1,0,93.0,33.93,32.50666666666667
optionB_budget0.90_beta0.0050_gamma0.50,carbonscaler_budget,ontario,2,0,91.0,32.78,29.21166666666667
optionB_budget0.90_beta0.0050_gamma0.50,carbonscaler_budget,ontario,3,0,82.0,32.88,36.03666666666667
optionB_budget0.90_beta0.0050_gamma0.50,carbonscaler_budget,ontario,4,0,78.0,32.86,25.73
optionB_budget0.90_beta0.0050_gamma0.50,carbonscaler_budget,ontario,5,0,81.0,40.47,45.36666666666667
optionB_budget0.90_beta0.0050_gamma0.50,carbonscaler_budget,ontario,6,0,77.0,52.14,102.27499999999999
optionB_budget0.90_beta0.0050_gamma0.50,carbonscaler_budget,ontario,7,0,71.0,66.48,53.160000000000004
optionB_budget0.90_beta0.0050_gamma0.50,carbonscaler_budget,ontario,8,0,81.0,51.82,53.555
optionB_budget0.90_beta0.0050_gamma0.50,carbonscaler_budget,ontario,9,0,83.0,44.14,36.879999999999995
optionB_budget0.90_beta0.0050_gamma0.50,carbonscaler_budget,ontario,10,0,104.0,36.6,38.26083333333334
optionB_budget0.90_beta0.0050_gamma0.50,carbonscaler_budget,ontario,11,0,117.0,35.22,40.7575
optionB_budget0.90_beta0.0050_gamma0.50,carbonscaler_budget,ontario,12,0,114.0,34.66,38.3575
optionB_budget0.90_beta0.0050_gamma0.50,carbonscaler_budget,ontario,13,0,112.0,32.23,34.17666666666667
optionB_budget0.90_beta0.0050_gamma0.50,carbonscaler_budget,ontario,14,0,103.0,33.76,26.48
optionB_budget0.90_beta0.0050_gamma0.50,carbonscaler_budget,ontario,15,0,98.0,34.79,36.7575
optionB_budget0.90_beta0.0050_gamma0.50,carbonscaler_budget,ontario,16,0,104.0,36.54,76.7375
optionB_budget0.90_beta0.0050_gamma0.50,carbonscaler_budget,ontario,17,0,101.0,54.15,153.96083333333334
optionB_budget0.90_beta0.0050_gamma0.50,carbonscaler_budget,ontario,18,0,104.0,72.5,138.94416666666666
optionB_budget0.90_beta0.0050_gamma0.50,carbonscaler_budget,ontario,19,0,90.0,80.22,252.46333333333334
optionB_budget0.90_beta0.0050_gamma0.50,carbonscaler_budget,ontario,20,0,91.0,54.11,179.91
optionB_budget0.90_beta0.0050_gamma0.50,carbonscaler_budget,ontario,21,0,112.0,45.86,373.7825
optionB_budget0.90_beta0.0050_gamma0.50,carbonscaler_budget,ontario,22,0,119.0,45.59,72.18666666666665
optionB_budget0.90_beta0.0050_gamma0.50,carbonscaler_budget,ontario,23,0,122.0,36.35,43.05083333333334
optionB_budget0.90_beta0.0050_gamma0.50,carbonscaler_budget,ontario,24,0,128.0,49.5,50.95249999999999
optionB_budget0.90_beta0.0050_gamma0.50,carbonscaler_budget,ontario,25,0,126.0,50.56,53.87166666666667
optionB_budget0.90_beta0.0050_gamma0.50,carbonscaler_budget,ontario,26,0,131.0,50.09,53.149166666666666
optionB_budget0.90_beta0.0050_gamma0.50,carbonscaler_budget,ontario,27,0,133.0,49.92,51.583333333333336
optionB_budget0.90_beta0.0050_gamma0.50,carbonscaler_budget,ontario,28,0,130.0,50.55,55.78916666666667
optionB_budget0.90_beta0.0050_gamma0.50,carbonscaler_budget,ontario,29,0,135.0,58.51,55.83583333333333
optionB_budget0.90_beta0.0050_gamma0.50,carbonscaler_budget,ontario,30,0,139.0,92.97,167.33333333333334
optionB_budget0.90_beta0.0050_gamma0.50,carbonscaler_budget,ontario,31,0,137.0,71.53,38.432500000000005
optionB_budget0.90_beta0.0050_gamma0.50,carbonscaler_budget,ontario,32,0,139.0,53.23,30.5325
optionB_budget0.90_beta0.0050_gamma0.50,carbonscaler_budget,ontario,33,0,140.0,35.6,18.877499999999998
optionB_budget0.90_beta0.0050_gamma0.50,carbonscaler_budget,ontario,34,0,140.0,29.4,19.4025
optionB_budget0.90_beta0.0050_gamma0.50,carbonscaler_budget,ontario,35,0,149.0,27.13,22.310000000000002
optionB_budget0.90_beta0.0050_gamma0.50,carbonscaler_budget,ontario,36,0,136.0,23.38,20.80333333333333
optionB_budget0.90_beta0.0050_gamma0.50,carbonscaler_budget,ontario,37,0,120.0,21.95,21.33583333333333
optionB_budget0.90_beta0.0050_gamma0.50,carbonscaler_budget,ontario,38,0,103.0,27.25,16.563333333333333
optionB_budget0.90_beta0.0050_gamma0.50,carbonscaler_budget,ontario,39,0,100.0,33.03,31.710833333333337
optionB_budget0.90_beta0.0050_gamma0.50,carbonscaler_budget,ontario,40,0,105.0,42.56,46.28416666666667
optionB_budget0.90_beta0.0050_gamma0.50,carbonscaler_budget,ontario,41,0,100.0,59.51,61.23500000000001
optionB_budget0.90_beta0.0050_gamma0.50,carbonscaler_budget,ontario,42,0,103.0,75.66,40.50416666666667
optionB_budget0.90_beta0.0050_gamma0.50,carbonscaler_budget,ontario,43,0,97.0,71.03,47.211666666666666
optionB_budget0.90_beta0.0050_gamma0.50,carbonscaler_budget,ontario,44,0,114.0,54.71,45.3975
optionB_budget0.90_beta0.0050_gamma0.50,carbonscaler_budget,ontario,45,0,131.0,45.67,41.26166666666666
optionB_budget0.90_beta0.0050_gamma0.50,carbonscaler_budget,ontario,46,0,141.0,42.05,44.14083333333334
optionB_budget0.90_beta0.0050_gamma0.50,carbonscaler_budget,ontario,47,0,138.0,37.7,31.816666666666666
optionB_budget0.90_beta0.0050_gamma0.50,carbonscaler_budget,ontario,48,0,141.0,50.05,27.543333333333333
optionB_budget0.90_beta0.0050_gamma0.50,carbonscaler_budget,ontario,49,0,140.0,49.87,38.13
optionB_budget0.90_beta0.0050_gamma0.50,carbonscaler_budget,ontario,50,0,139.0,48.33,34.494166666666665
optionB_budget0.90_beta0.0050_gamma0.50,carbonscaler_budget,ontario,51,0,138.0,48.46,47.105
optionB_budget0.90_beta0.0050_gamma0.50,carbonscaler_budget,ontario,52,0,121.0,46.68,45.96666666666667
optionB_budget0.90_beta0.0050_gamma0.50,carbonscaler_budget,ontario,53,0,109.0,61.85,36.67333333333333
optionB_budget0.90_beta0.0050_gamma0.50,carbonscaler_budget,ontario,54,0,119.0,96.77,43.79
optionB_budget0.90_beta0.0050_gamma0.50,carbonscaler_budget,ontario,55,0,122.0,84.26,39.11666666666667
optionB_budget0.90_beta0.0050_gamma0.50,carbonscaler_budget,ontario,56,0,131.0,57.34,46.31
optionB_budget0.90_beta0.0050_gamma0.50,carbonscaler_budget,ontario,57,0,132.0,52.12,46.74166666666667
optionB_budget0.90_beta0.0050_gamma0.50,carbonscaler_budget,ontario,58,0,131.0,50.86,22.308333333333334
optionB_budget0.90_beta0.0050_gamma0.50,carbonscaler_budget,ontario,59,0,135.0,45.87,17.453333333333333
optionB_budget0.90_beta0.0050_gamma0.50,carbonscaler_budget,ontario,60,0,132.0,38.4,15.573333333333332
optionB_budget0.90_beta0.0050_gamma0.50,carbonscaler_budget,ontario,61,0,123.0,34.62,19.00166666666667
optionB_budget0.90_beta0.0050_gamma0.50,carbonscaler_budget,ontario,62,0,119.0,33.74,29.050833333333333
optionB_budget0.90_beta0.0050_gamma0.50,carbonscaler_budget,ontario,63,0,100.0,39.97,41.73500000000001
optionB_budget0.90_beta0.0050_gamma0.50,carbonscaler_budget,ontario,64,0,91.0,49.4,51.74250000000001
optionB_budget0.90_beta0.0050_gamma0.50,carbonscaler_budget,ontario,65,0,92.0,57.3,39.9225
optionB_budget0.90_beta0.0050_gamma0.50,carbonscaler_budget,ontario,66,0,91.0,60.26,35.43
optionB_budget0.90_beta0.0050_gamma0.50,carbonscaler_budget,ontario,67,0,102.0,50.96,33.013333333333335
optionB_budget0.90_beta0.0050_gamma0.50,carbonscaler_budget,ontario,68,0,121.0,42.52,22.65416666666667
optionB_budget0.90_beta0.0050_gamma0.50,carbonscaler_budget,ontario,69,0,128.0,42.16,29.563333333333333
optionB_budget0.90_beta0.0050_gamma0.50,carbonscaler_budget,ontario,70,0,122.0,36.22,26.64
optionB_budget0.90_beta0.0050_gamma0.50,carbonscaler_budget,ontario,71,0,113.0,34.01,24.523333333333337
optionB_budget0.90_beta0.0050_gamma0.50,carbonscaler_budget,ontario,72,0,102.0,29.33,14.720833333333333
optionB_budget0.90_beta0.0050_gamma0.50,carbonscaler_budget,ontario,73,0,90.0,25.27,8.13
optionB_budget0.90_beta0.0050_gamma0.50,carbonscaler_budget,ontario,74,0,84.0,29.42,1.6991666666666667
optionB_budget0.90_beta0.0050_gamma0.50,carbonscaler_budget,ontario,75,0,73.0,30.84,2.9633333333333334
optionB_budget0.90_beta0.0050_gamma0.50,carbonscaler_budget,ontario,76,0,70.0,31.25,16.435833333333335
optionB_budget0.90_beta0.0050_gamma0.50,carbonscaler_budget,ontario,77,1,61.0,35.81,126.48833333333334
optionB_budget0.90_beta0.0050_gamma0.50,carbonscaler_budget,ontario,78,1,61.0,50.69,78.3725
optionB_budget0.90_beta0.0050_gamma0.50,carbonscaler_budget,ontario,79,1,62.0,49.64,40.18916666666667
optionB_budget0.90_beta0.0050_gamma0.50,carbonscaler_budget,ontario,80,0,67.0,43.2,35.16833333333333
optionB_budget0.90_beta0.0050_gamma0.50,carbonscaler_budget,ontario,81,0,74.0,34.83,36.946666666666665
optionB_budget0.90_beta0.0050_gamma0.50,carbonscaler_budget,ontario,82,0,97.0,33.46,48.73500000000001
optionB_budget0.90_beta0.0050_gamma0.50,carbonscaler_budget,ontario,83,0,110.0,33.77,49.08416666666667
optionB_budget0.90_beta0.0050_gamma0.50,carbonscaler_budget,ontario,84,0,105.0,34.25,60.63666666666666
optionB_budget0.90_beta0.0050_gamma0.50,carbonscaler_budget,ontario,85,0,99.0,33.34,49.995
optionB_budget0.90_beta0.0050_gamma0.50,carbonscaler_budget,ontario,86,0,94.0,33.49,80.68249999999999
optionB_budget0.90_beta0.0050_gamma0.50,carbonscaler_budget,ontario,87,0,105.0,35.49,37.122499999999995
optionB_budget0.90_beta0.0050_gamma0.50,carbonscaler_budget,ontario,88,0,101.0,39.92,30.870833333333334
optionB_budget0.90_beta0.0050_gamma0.50,carbonscaler_budget,ontario,89,0,105.0,51.75,35.86666666666667
optionB_budget0.90_beta0.0050_gamma0.50,carbonscaler_budget,ontario,90,0,102.0,53.87,41.671666666666674
optionB_budget0.90_beta0.0050_gamma0.50,carbonscaler_budget,ontario,91,0,105.0,51.13,39.7125
optionB_budget0.90_beta0.0050_gamma0.50,carbonscaler_budget,ontario,92,0,96.0,43.3,81.51666666666667
optionB_budget0.90_beta0.0050_gamma0.50,carbonscaler_budget,ontario,93,0,88.0,34.09,73.72666666666667
optionB_budget0.90_beta0.0050_gamma0.50,carbonscaler_budget,ontario,94,0,92.0,33.57,22.382499999999997
optionB_budget0.90_beta0.0050_gamma0.50,carbonscaler_budget,ontario,95,0,99.0,25.92,14.896666666666667
optionB_budget0.90_beta0.0050_gamma0.50,carbonscaler_budget,ontario,96,0,98.0,20.25,19.5625
optionB_budget0.90_beta0.0050_gamma0.50,carbonscaler_budget,ontario,97,0,93.0,26.64,21.86916666666667
optionB_budget0.90_beta0.0050_gamma0.50,carbonscaler_budget,ontario,98,0,81.0,26.35,10.735
optionB_budget0.90_beta0.0050_gamma0.50,carbonscaler_budget,ontario,99,1,66.0,25.55,16.831666666666667
optionB_budget0.90_beta0.0050_gamma0.50,carbonscaler_budget,ontario,100,1,56.0,32.85,22.901666666666667
optionB_budget0.90_beta0.0050_gamma0.50,carbonscaler_budget,ontario,101,1,54.0,38.31,29.686666666666667
optionB_budget0.90_beta0.0050_gamma0.50,carbonscaler_budget,ontario,102,1,54.0,61.06,48.30500000000001
optionB_budget0.90_beta0.0050_gamma0.50,carbonscaler_budget,ontario,103,1,55.0,63.3,37.83083333333333
optionB_budget0.90_beta0.0050_gamma0.50,carbonscaler_budget,ontario,104,1,60.0,49.64,28.733333333333334
optionB_budget0.90_beta0.0050_gamma0.50,carbonscaler_budget,ontario,105,0,68.0,50.72,34.39
optionB_budget0.90_beta0.0050_gamma0.50,carbonscaler_budget,ontario,106,0,83.0,43.94,33.968333333333334
optionB_budget0.90_beta0.0050_gamma0.50,carbonscaler_budget,ontario,107,0,99.0,33.65,48.071666666666665
optionB_budget0.90_beta0.0050_gamma0.50,carbonscaler_budget,ontario,108,0,96.0,33.16,33.02
optionB_budget0.90_beta0.0050_gamma0.50,carbonscaler_budget,ontario,109,0,84.0,33.64,32.66
optionB_budget0.90_beta0.0050_gamma0.50,carbonscaler_budget,ontario,110,0,93.0,33.81,14.861666666666666
optionB_budget0.90_beta0.0050_gamma0.50,carbonscaler_budget,ontario,111,0,94.0,34.99,27.951666666666668
optionB_budget0.90_beta0.0050_gamma0.50,carbonscaler_budget,ontario,112,0,106.0,49.27,33.82666666666667
optionB_budget0.90_beta0.0050_gamma0.50,carbonscaler_budget,ontario,113,0,100.0,56.53,44.190000000000005
optionB_budget0.90_beta0.0050_gamma0.50,carbonscaler_budget,ontario,114,0,97.0,61.98,64.0925
optionB_budget0.90_beta0.0050_gamma0.50,carbonscaler_budget,ontario,115,0,85.0,65.2,57.855
optionB_budget0.90_beta0.0050_gamma0.50,carbonscaler_budget,ontario,116,0,88.0,54.99,81.01
optionB_budget0.90_beta0.0050_gamma0.50,carbonscaler_budget,ontario,117,0,93.0,51.87,85.02333333333333
optionB_budget0.90_beta0.0050_gamma0.50,carbonscaler_budget,ontario,118,0,103.0,44.61,56.237500000000004
optionB_budget0.90_beta0.0050_gamma0.50,carbonscaler_budget,ontario,119,0,112.0,35.48,40.678333333333335
optionB_budget0.90_beta0.0050_gamma0.50,carbonscaler_budget,ontario,120,0,117.0,50.77,50.10583333333333
optionB_budget0.90_beta0.0050_gamma0.50,carbonscaler_budget,ontario,121,0,119.0,44.81,49.906666666666666
optionB_budget0.90_beta0.0050_gamma0.50,carbonscaler_budget,ontario,122,0,121.0,41.05,49.04916666666667
optionB_budget0.90_beta0.0050_gamma0.50,carbonscaler_budget,ontario,123,0,120.0,36.4,42.1925
optionB_budget0.90_beta0.0050_gamma0.50,carbonscaler_budget,ontario,124,0,108.0,39.47,40.28333333333334
optionB_budget0.90_beta0.0050_gamma0.50,carbonscaler_budget,ontario,125,0,105.0,48.66,40.70166666666667
optionB_budget0.90_beta0.0050_gamma0.50,carbonscaler_budget,ontario,126,0,105.0,55.67,33.23416666666667
optionB_budget0.90_beta0.0050_gamma0.50,carbonscaler_budget,ontario,127,0,101.0,50.09,32.46333333333333
optionB_budget0.90_beta0.0050_gamma0.50,carbonscaler_budget,ontario,128,0,91.0,41.62,28.154999999999998
optionB_budget0.90_beta0.0050_gamma0.50,carbonscaler_budget,ontario,129,0,87.0,41.6,18.684166666666666
optionB_budget0.90_beta0.0050_gamma0.50,carbonscaler_budget,ontario,130,0,89.0,40.42,35.85
optionB_budget0.90_beta0.0050_gamma0.50,carbonscaler_budget,ontario,131,0,83.0,37.73,25.226666666666663
optionB_budget0.90_beta0.0050_gamma0.50,carbonscaler_budget,ontario,132,0,80.0,33.78,31.930000000000003
optionB_budget0.90_beta0.0050_gamma0.50,carbonscaler_budget,ontario,133,0,77.0,33.67,11.112499999999999
optionB_budget0.90_beta0.0050_gamma0.50,carbonscaler_budget,ontario,134,0,72.0,33.04,1.5358333333333334
optionB_budget0.90_beta0.0050_gamma0.50,carbonscaler_budget,ontario,135,0,82.0,33.9,4.765833333333333
optionB_budget0.90_beta0.0050_gamma0.50,carbonscaler_budget,ontario,136,0,77.0,37.62,11.858333333333334
optionB_budget0.90_beta0.0050_gamma0.50,carbonscaler_budget,ontario,137,0,80.0,51.24,25.142500000000002
optionB_budget0.90_beta0.0050_gamma0.50,carbonscaler_budget,ontario,138,0,76.0,59.05,41.8525
optionB_budget0.90_beta0.0050_gamma0.50,carbonscaler_budget,ontario,139,0,75.0,59.44,50.66416666666667
optionB_budget0.90_beta0.0050_gamma0.50,carbonscaler_budget,ontario,140,0,75.0,50.49,49.836666666666666
optionB_budget0.90_beta0.0050_gamma0.50,carbonscaler_budget,ontario,141,0,72.0,39.53,41.318333333333335
optionB_budget0.90_beta0.0050_gamma0.50,carbonscaler_budget,ontario,142,0,73.0,35.54,43.805
optionB_budget0.90_beta0.0050_gamma0.50,carbonscaler_budget,ontario,143,0,87.0,33.98,25.075000000000003
optionB_budget0.90_beta0.0050_gamma0.50,carbonscaler_budget,ontario,144,0,95.0,36.79,34.35333333333333
optionB_budget0.90_beta0.0050_gamma0.50,carbonscaler_budget,ontario,145,0,94.0,34.4,26.6925
optionB_budget0.90_beta0.0050_gamma0.50,carbonscaler_budget,ontario,146,0,91.0,35.47,48.468333333333334
optionB_budget0.90_beta0.0050_gamma0.50,carbonscaler_budget,ontario,147,0,88.0,34.36,54.5375
optionB_budget0.90_beta0.0050_gamma0.50,carbonscaler_budget,ontario,148,0,73.0,37.11,51.11166666666667
optionB_budget0.90_beta0.0050_gamma0.50,carbonscaler_budget,ontario,149,1,61.0,42.79,50.39833333333333
optionB_budget0.90_beta0.0050_gamma0.50,carbonscaler_budget,ontario,150,1,52.0,47.76,51.104166666666664
optionB_budget0.90_beta0.0050_gamma0.50,carbonscaler_budget,ontario,151,1,62.0,40.18,37.81666666666667
optionB_budget0.90_beta0.0050_gamma0.50,carbonscaler_budget,ontario,152,0,70.0,33.89,37.10916666666667
optionB_budget0.90_beta0.0050_gamma0.50,carbonscaler_budget,ontario,153,0,68.0,33.36,21.173333333333336
optionB_budget0.90_beta0.0050_gamma0.50,carbonscaler_budget,ontario,154,1,66.0,31.41,6.423333333333333
optionB_budget0.90_beta0.0050_gamma0.50,carbonscaler_budget,ontario,155,0,68.0,28.78,9.073333333333332
optionB_budget0.90_beta0.0050_gamma0.50,carbonscaler_budget,ontario,156,1,61.0,26.25,15.920833333333334
optionB_budget0.90_beta0.0050_gamma0.50,carbonscaler_budget,ontario,157,2,55.0,20.77,20.026666666666667
optionB_budget0.90_beta0.0050_gamma0.50,carbonscaler_budget,ontario,158,2,52.0,23.43,15.846666666666666
optionB_budget0.90_beta0.0050_gamma0.50,carbonscaler_budget,ontario,159,1,53.0,28.38,21.236666666666668
optionB_budget0.90_beta0.0050_gamma0.50,carbonscaler_budget,ontario,160,1,53.0,37.9,47.1975
optionB_budget0.90_beta0.0050_gamma0.50,carbonscaler_budget,ontario,161,1,52.0,50.42,60.70416666666667
optionB_budget0.90_beta0.0050_gamma0.50,carbonscaler_budget,ontario,162,2,51.0,56.41,40.975
optionB_budget0.90_beta0.0050_gamma0.50,carbonscaler_budget,ontario,163,1,52.0,55.68,43.34166666666667
optionB_budget0.90_beta0.0050_gamma0.50,carbonscaler_budget,ontario,164,1,56.0,46.19,37.44916666666667
optionB_budget0.90_beta0.0050_gamma0.50,carbonscaler_budget,ontario,165,0,73.0,35.74,34.56166666666667
optionB_budget0.90_beta0.0050_gamma0.50,carbonscaler_budget,ontario,166,0,80.0,35.59,37.74583333333333
optionB_budget0.90_beta0.0050_gamma0.50,carbonscaler_budget,ontario,167,0,77.0,35.8,22.585833333333337
optionB_budget0.90_beta0.0100_gamma0.50,carbonscaler_budget,ontario,0,0,96.0,34.12,35.80416666666667
optionB_budget0.90_beta0.0100_gamma0.50,carbonscaler_budget,ontario,1,0,93.0,33.93,32.50666666666667
optionB_budget0.90_beta0.0100_gamma0.50,carbonscaler_budget,ontario,2,0,91.0,32.78,29.21166666666667
optionB_budget0.90_beta0.0100_gamma0.50,carbonscaler_budget,ontario,3,0,82.0,32.88,36.03666666666667
optionB_budget0.90_beta0.0100_gamma0.50,carbonscaler_budget,ontario,4,0,78.0,32.86,25.73
optionB_budget0.90_beta0.0100_gamma0.50,carbonscaler_budget,ontario,5,0,81.0,40.47,45.36666666666667
optionB_budget0.90_beta0.0100_gamma0.50,carbonscaler_budget,ontario,6,0,77.0,52.14,102.27499999999999
optionB_budget0.90_beta0.0100_gamma0.50,carbonscaler_budget,ontario,7,0,71.0,66.48,53.160000000000004
optionB_budget0.90_beta0.0100_gamma0.50,carbonscaler_budget,ontario,8,0,81.0,51.82,53.555
optionB_budget0.90_beta0.0100_gamma0.50,carbonscaler_budget,ontario,9,0,83.0,44.14,36.879999999999995
optionB_budget0.90_beta0.0100_gamma0.50,carbonscaler_budget,ontario,10,0,104.0,36.6,38.26083333333334
optionB_budget0.90_beta0.0100_gamma0.50,carbonscaler_budget,ontario,11,0,117.0,35.22,40.7575
optionB_budget0.90_beta0.0100_gamma0.50,carbonscaler_budget,ontario,12,0,114.0,34.66,38.3575
optionB_budget0.90_beta0.0100_gamma0.50,carbonscaler_budget,ontario,13,0,112.0,32.23,34.17666666666667
optionB_budget0.90_beta0.0100_gamma0.50,carbonscaler_budget,ontario,14,0,103.0,33.76,26.48
optionB_budget0.90_beta0.0100_gamma0.50,carbonscaler_budget,ontario,15,0,98.0,34.79,36.7575
optionB_budget0.90_beta0.0100_gamma0.50,carbonscaler_budget,ontario,16,0,104.0,36.54,76.7375
optionB_budget0.90_beta0.0100_gamma0.50,carbonscaler_budget,ontario,17,0,101.0,54.15,153.96083333333334
optionB_budget0.90_beta0.0100_gamma0.50,carbonscaler_budget,ontario,18,0,104.0,72.5,138.94416666666666
optionB_budget0.90_beta0.0100_gamma0.50,carbonscaler_budget,ontario,19,0,90.0,80.22,252.46333333333334
optionB_budget0.90_beta0.0100_gamma0.50,carbonscaler_budget,ontario,20,0,91.0,54.11,179.91
optionB_budget0.90_beta0.0100_gamma0.50,carbonscaler_budget,ontario,21,0,112.0,45.86,373.7825
optionB_budget0.90_beta0.0100_gamma0.50,carbonscaler_budget,ontario,22,0,119.0,45.59,72.18666666666665
optionB_budget0.90_beta0.0100_gamma0.50,carbonscaler_budget,ontario,23,0,122.0,36.35,43.05083333333334
optionB_budget0.90_beta0.0100_gamma0.50,carbonscaler_budget,ontario,24,0,128.0,49.5,50.95249999999999
optionB_budget0.90_beta0.0100_gamma0.50,carbonscaler_budget,ontario,25,0,126.0,50.56,53.87166666666667
optionB_budget0.90_beta0.0100_gamma0.50,carbonscaler_budget,ontario,26,0,131.0,50.09,53.149166666666666
optionB_budget0.90_beta0.0100_gamma0.50,carbonscaler_budget,ontario,27,0,133.0,49.92,51.583333333333336
optionB_budget0.90_beta0.0100_gamma0.50,carbonscaler_budget,ontario,28,0,130.0,50.55,55.78916666666667
optionB_budget0.90_beta0.0100_gamma0.50,carbonscaler_budget,ontario,29,0,135.0,58.51,55.83583333333333
optionB_budget0.90_beta0.0100_gamma0.50,carbonscaler_budget,ontario,30,0,139.0,92.97,167.33333333333334
optionB_budget0.90_beta0.0100_gamma0.50,carbonscaler_budget,ontario,31,0,137.0,71.53,38.432500000000005
optionB_budget0.90_beta0.0100_gamma0.50,carbonscaler_budget,ontario,32,0,139.0,53.23,30.5325
optionB_budget0.90_beta0.0100_gamma0.50,carbonscaler_budget,ontario,33,0,140.0,35.6,18.877499999999998
optionB_budget0.90_beta0.0100_gamma0.50,carbonscaler_budget,ontario,34,0,140.0,29.4,19.4025
optionB_budget0.90_beta0.0100_gamma0.50,carbonscaler_budget,ontario,35,0,149.0,27.13,22.310000000000002
optionB_budget0.90_beta0.0100_gamma0.50,carbonscaler_budget,ontario,36,0,136.0,23.38,20.80333333333333
optionB_budget0.90_beta0.0100_gamma0.50,carbonscaler_budget,ontario,37,0,120.0,21.95,21.33583333333333
optionB_budget0.90_beta0.0100_gamma0.50,carbonscaler_budget,ontario,38,0,103.0,27.25,16.563333333333333
optionB_budget0.90_beta0.0100_gamma0.50,carbonscaler_budget,ontario,39,0,100.0,33.03,31.710833333333337
optionB_budget0.90_beta0.0100_gamma0.50,carbonscaler_budget,ontario,40,0,105.0,42.56,46.28416666666667
optionB_budget0.90_beta0.0100_gamma0.50,carbonscaler_budget,ontario,41,0,100.0,59.51,61.23500000000001
optionB_budget0.90_beta0.0100_gamma0.50,carbonscaler_budget,ontario,42,0,103.0,75.66,40.50416666666667
optionB_budget0.90_beta0.0100_gamma0.50,carbonscaler_budget,ontario,43,0,97.0,71.03,47.211666666666666
optionB_budget0.90_beta0.0100_gamma0.50,carbonscaler_budget,ontario,44,0,114.0,54.71,45.3975
optionB_budget0.90_beta0.0100_gamma0.50,carbonscaler_budget,ontario,45,0,131.0,45.67,41.26166666666666
optionB_budget0.90_beta0.0100_gamma0.50,carbonscaler_budget,ontario,46,0,141.0,42.05,44.14083333333334
optionB_budget0.90_beta0.0100_gamma0.50,carbonscaler_budget,ontario,47,0,138.0,37.7,31.816666666666666
optionB_budget0.90_beta0.0100_gamma0.50,carbonscaler_budget,ontario,48,0,141.0,50.05,27.543333333333333
optionB_budget0.90_beta0.0100_gamma0.50,carbonscaler_budget,ontario,49,0,140.0,49.87,38.13
optionB_budget0.90_beta0.0100_gamma0.50,carbonscaler_budget,ontario,50,0,139.0,48.33,34.494166666666665
optionB_budget0.90_beta0.0100_gamma0.50,carbonscaler_budget,ontario,51,0,138.0,48.46,47.105
optionB_budget0.90_beta0.0100_gamma0.50,carbonscaler_budget,ontario,52,0,121.0,46.68,45.96666666666667
optionB_budget0.90_beta0.0100_gamma0.50,carbonscaler_budget,ontario,53,0,109.0,61.85,36.67333333333333
optionB_budget0.90_beta0.0100_gamma0.50,carbonscaler_budget,ontario,54,0,119.0,96.77,43.79
optionB_budget0.90_beta0.0100_gamma0.50,carbonscaler_budget,ontario,55,0,122.0,84.26,39.11666666666667
optionB_budget0.90_beta0.0100_gamma0.50,carbonscaler_budget,ontario,56,0,131.0,57.34,46.31
optionB_budget0.90_beta0.0100_gamma0.50,carbonscaler_budget,ontario,57,0,132.0,52.12,46.74166666666667
optionB_budget0.90_beta0.0100_gamma0.50,carbonscaler_budget,ontario,58,0,131.0,50.86,22.308333333333334
optionB_budget0.90_beta0.0100_gamma0.50,carbonscaler_budget,ontario,59,0,135.0,45.87,17.453333333333333
optionB_budget0.90_beta0.0100_gamma0.50,carbonscaler_budget,ontario,60,0,132.0,38.4,15.573333333333332
optionB_budget0.90_beta0.0100_gamma0.50,carbonscaler_budget,ontario,61,0,123.0,34.62,19.00166666666667
optionB_budget0.90_beta0.0100_gamma0.50,carbonscaler_budget,ontario,62,0,119.0,33.74,29.050833333333333
optionB_budget0.90_beta0.0100_gamma0.50,carbonscaler_budget,ontario,63,0,100.0,39.97,41.73500000000001
optionB_budget0.90_beta0.0100_gamma0.50,carbonscaler_budget,ontario,64,0,91.0,49.4,51.74250000000001
optionB_budget0.90_beta0.0100_gamma0.50,carbonscaler_budget,ontario,65,0,92.0,57.3,39.9225
optionB_budget0.90_beta0.0100_gamma0.50,carbonscaler_budget,ontario,66,0,91.0,60.26,35.43
optionB_budget0.90_beta0.0100_gamma0.50,carbonscaler_budget,ontario,67,0,102.0,50.96,33.013333333333335
optionB_budget0.90_beta0.0100_gamma0.50,carbonscaler_budget,ontario,68,0,121.0,42.52,22.65416666666667
optionB_budget0.90_beta0.0100_gamma0.50,carbonscaler_budget,ontario,69,0,128.0,42.16,29.563333333333333
optionB_budget0.90_beta0.0100_gamma0.50,carbonscaler_budget,ontario,70,0,122.0,36.22,26.64
optionB_budget0.90_beta0.0100_gamma0.50,carbonscaler_budget,ontario,71,0,113.0,34.01,24.523333333333337
optionB_budget0.90_beta0.0100_gamma0.50,carbonscaler_budget,ontario,72,0,102.0,29.33,14.720833333333333
optionB_budget0.90_beta0.0100_gamma0.50,carbonscaler_budget,ontario,73,0,90.0,25.27,8.13
optionB_budget0.90_beta0.0100_gamma0.50,carbonscaler_budget,ontario,74,0,84.0,29.42,1.6991666666666667
optionB_budget0.90_beta0.0100_gamma0.50,carbonscaler_budget,ontario,75,0,73.0,30.84,2.9633333333333334
optionB_budget0.90_beta0.0100_gamma0.50,carbonscaler_budget,ontario,76,0,70.0,31.25,16.435833333333335
optionB_budget0.90_beta0.0100_gamma0.50,carbonscaler_budget,ontario,77,1,61.0,35.81,126.48833333333334
optionB_budget0.90_beta0.0100_gamma0.50,carbonscaler_budget,ontario,78,1,61.0,50.69,78.3725
optionB_budget0.90_beta0.0100_gamma0.50,carbonscaler_budget,ontario,79,1,62.0,49.64,40.18916666666667
optionB_budget0.90_beta0.0100_gamma0.50,carbonscaler_budget,ontario,80,0,67.0,43.2,35.16833333333333
optionB_budget0.90_beta0.0100_gamma0.50,carbonscaler_budget,ontario,81,0,74.0,34.83,36.946666666666665
optionB_budget0.90_beta0.0100_gamma0.50,carbonscaler_budget,ontario,82,0,97.0,33.46,48.73500000000001
optionB_budget0.90_beta0.0100_gamma0.50,carbonscaler_budget,ontario,83,0,110.0,33.77,49.08416666666667
optionB_budget0.90_beta0.0100_gamma0.50,carbonscaler_budget,ontario,84,0,105.0,34.25,60.63666666666666
optionB_budget0.90_beta0.0100_gamma0.50,carbonscaler_budget,ontario,85,0,99.0,33.34,49.995
optionB_budget0.90_beta0.0100_gamma0.50,carbonscaler_budget,ontario,86,0,94.0,33.49,80.68249999999999
optionB_budget0.90_beta0.0100_gamma0.50,carbonscaler_budget,ontario,87,0,105.0,35.49,37.122499999999995
optionB_budget0.90_beta0.0100_gamma0.50,carbonscaler_budget,ontario,88,0,101.0,39.92,30.870833333333334
optionB_budget0.90_beta0.0100_gamma0.50,carbonscaler_budget,ontario,89,0,105.0,51.75,35.86666666666667
optionB_budget0.90_beta0.0100_gamma0.50,carbonscaler_budget,ontario,90,0,102.0,53.87,41.671666666666674
optionB_budget0.90_beta0.0100_gamma0.50,carbonscaler_budget,ontario,91,0,105.0,51.13,39.7125
optionB_budget0.90_beta0.0100_gamma0.50,carbonscaler_budget,ontario,92,0,96.0,43.3,81.51666666666667
optionB_budget0.90_beta0.0100_gamma0.50,carbonscaler_budget,ontario,93,0,88.0,34.09,73.72666666666667
optionB_budget0.90_beta0.0100_gamma0.50,carbonscaler_budget,ontario,94,0,92.0,33.57,22.382499999999997
optionB_budget0.90_beta0.0100_gamma0.50,carbonscaler_budget,ontario,95,0,99.0,25.92,14.896666666666667
optionB_budget0.90_beta0.0100_gamma0.50,carbonscaler_budget,ontario,96,0,98.0,20.25,19.5625
optionB_budget0.90_beta0.0100_gamma0.50,carbonscaler_budget,ontario,97,0,93.0,26.64,21.86916666666667
optionB_budget0.90_beta0.0100_gamma0.50,carbonscaler_budget,ontario,98,0,81.0,26.35,10.735
optionB_budget0.90_beta0.0100_gamma0.50,carbonscaler_budget,ontario,99,1,66.0,25.55,16.831666666666667
optionB_budget0.90_beta0.0100_gamma0.50,carbonscaler_budget,ontario,100,1,56.0,32.85,22.901666666666667
optionB_budget0.90_beta0.0100_gamma0.50,carbonscaler_budget,ontario,101,1,54.0,38.31,29.686666666666667
optionB_budget0.90_beta0.0100_gamma0.50,carbonscaler_budget,ontario,102,1,54.0,61.06,48.30500000000001
optionB_budget0.90_beta0.0100_gamma0.50,carbonscaler_budget,ontario,103,1,55.0,63.3,37.83083333333333
optionB_budget0.90_beta0.0100_gamma0.50,carbonscaler_budget,ontario,104,1,60.0,49.64,28.733333333333334
optionB_budget0.90_beta0.0100_gamma0.50,carbonscaler_budget,ontario,105,0,68.0,50.72,34.39
optionB_budget0.90_beta0.0100_gamma0.50,carbonscaler_budget,ontario,106,0,83.0,43.94,33.968333333333334
optionB_budget0.90_beta0.0100_gamma0.50,carbonscaler_budget,ontario,107,0,99.0,33.65,48.071666666666665
optionB_budget0.90_beta0.0100_gamma0.50,carbonscaler_budget,ontario,108,0,96.0,33.16,33.02
optionB_budget0.90_beta0.0100_gamma0.50,carbonscaler_budget,ontario,109,0,84.0,33.64,32.66
optionB_budget0.90_beta0.0100_gamma0.50,carbonscaler_budget,ontario,110,0,93.0,33.81,14.861666666666666
optionB_budget0.90_beta0.0100_gamma0.50,carbonscaler_budget,ontario,111,0,94.0,34.99,27.951666666666668
optionB_budget0.90_beta0.0100_gamma0.50,carbonscaler_budget,ontario,112,0,106.0,49.27,33.82666666666667
optionB_budget0.90_beta0.0100_gamma0.50,carbonscaler_budget,ontario,113,0,100.0,56.53,44.190000000000005
optionB_budget0.90_beta0.0100_gamma0.50,carbonscaler_budget,ontario,114,0,97.0,61.98,64.0925
optionB_budget0.90_beta0.0100_gamma0.50,carbonscaler_budget,ontario,115,0,85.0,65.2,57.855
optionB_budget0.90_beta0.0100_gamma0.50,carbonscaler_budget,ontario,116,0,88.0,54.99,81.01
optionB_budget0.90_beta0.0100_gamma0.50,carbonscaler_budget,ontario,117,0,93.0,51.87,85.02333333333333
optionB_budget0.90_beta0.0100_gamma0.50,carbonscaler_budget,ontario,118,0,103.0,44.61,56.237500000000004
optionB_budget0.90_beta0.0100_gamma0.50,carbonscaler_budget,ontario,119,0,112.0,35.48,40.678333333333335
optionB_budget0.90_beta0.0100_gamma0.50,carbonscaler_budget,ontario,120,0,117.0,50.77,50.10583333333333
optionB_budget0.90_beta0.0100_gamma0.50,carbonscaler_budget,ontario,121,0,119.0,44.81,49.906666666666666
optionB_budget0.90_beta0.0100_gamma0.50,carbonscaler_budget,ontario,122,0,121.0,41.05,49.04916666666667
optionB_budget0.90_beta0.0100_gamma0.50,carbonscaler_budget,ontario,123,0,120.0,36.4,42.1925
optionB_budget0.90_beta0.0100_gamma0.50,carbonscaler_budget,ontario,124,0,108.0,39.47,40.28333333333334
optionB_budget0.90_beta0.0100_gamma0.50,carbonscaler_budget,ontario,125,0,105.0,48.66,40.70166666666667
optionB_budget0.90_beta0.0100_gamma0.50,carbonscaler_budget,ontario,126,0,105.0,55.67,33.23416666666667
optionB_budget0.90_beta0.0100_gamma0.50,carbonscaler_budget,ontario,127,0,101.0,50.09,32.46333333333333
optionB_budget0.90_beta0.0100_gamma0.50,carbonscaler_budget,ontario,128,0,91.0,41.62,28.154999999999998
optionB_budget0.90_beta0.0100_gamma0.50,carbonscaler_budget,ontario,129,0,87.0,41.6,18.684166666666666
optionB_budget0.90_beta0.0100_gamma0.50,carbonscaler_budget,ontario,130,0,89.0,40.42,35.85
optionB_budget0.90_beta0.0100_gamma0.50,carbonscaler_budget,ontario,131,0,83.0,37.73,25.226666666666663
optionB_budget0.90_beta0.0100_gamma0.50,carbonscaler_budget,ontario,132,0,80.0,33.78,31.930000000000003
optionB_budget0.90_beta0.0100_gamma0.50,carbonscaler_budget,ontario,133,0,77.0,33.67,11.112499999999999
optionB_budget0.90_beta0.0100_gamma0.50,carbonscaler_budget,ontario,134,0,72.0,33.04,1.5358333333333334
optionB_budget0.90_beta0.0100_gamma0.50,carbonscaler_budget,ontario,135,0,82.0,33.9,4.765833333333333
optionB_budget0.90_beta0.0100_gamma0.50,carbonscaler_budget,ontario,136,0,77.0,37.62,11.858333333333334
optionB_budget0.90_beta0.0100_gamma0.50,carbonscaler_budget,ontario,137,0,80.0,51.24,25.142500000000002
optionB_budget0.90_beta0.0100_gamma0.50,carbonscaler_budget,ontario,138,0,76.0,59.05,41.8525
optionB_budget0.90_beta0.0100_gamma0.50,carbonscaler_budget,ontario,139,0,75.0,59.44,50.66416666666667
optionB_budget0.90_beta0.0100_gamma0.50,carbonscaler_budget,ontario,140,0,75.0,50.49,49.836666666666666
optionB_budget0.90_beta0.0100_gamma0.50,carbonscaler_budget,ontario,141,0,72.0,39.53,41.318333333333335
optionB_budget0.90_beta0.0100_gamma0.50,carbonscaler_budget,ontario,142,0,73.0,35.54,43.805
optionB_budget0.90_beta0.0100_gamma0.50,carbonscaler_budget,ontario,143,0,87.0,33.98,25.075000000000003
optionB_budget0.90_beta0.0100_gamma0.50,carbonscaler_budget,ontario,144,0,95.0,36.79,34.35333333333333
optionB_budget0.90_beta0.0100_gamma0.50,carbonscaler_budget,ontario,145,0,94.0,34.4,26.6925
optionB_budget0.90_beta0.0100_gamma0.50,carbonscaler_budget,ontario,146,0,91.0,35.47,48.468333333333334
optionB_budget0.90_beta0.0100_gamma0.50,carbonscaler_budget,ontario,147,0,88.0,34.36,54.5375
optionB_budget0.90_beta0.0100_gamma0.50,carbonscaler_budget,ontario,148,0,73.0,37.11,51.11166666666667
optionB_budget0.90_beta0.0100_gamma0.50,carbonscaler_budget,ontario,149,1,61.0,42.79,50.39833333333333
optionB_budget0.90_beta0.0100_gamma0.50,carbonscaler_budget,ontario,150,1,52.0,47.76,51.104166666666664
optionB_budget0.90_beta0.0100_gamma0.50,carbonscaler_budget,ontario,151,1,62.0,40.18,37.81666666666667
optionB_budget0.90_beta0.0100_gamma0.50,carbonscaler_budget,ontario,152,0,70.0,33.89,37.10916666666667
optionB_budget0.90_beta0.0100_gamma0.50,carbonscaler_budget,ontario,153,0,68.0,33.36,21.173333333333336
optionB_budget0.90_beta0.0100_gamma0.50,carbonscaler_budget,ontario,154,1,66.0,31.41,6.423333333333333
optionB_budget0.90_beta0.0100_gamma0.50,carbonscaler_budget,ontario,155,1,68.0,28.78,9.073333333333332
optionB_budget0.90_beta0.0100_gamma0.50,carbonscaler_budget,ontario,156,1,61.0,26.25,15.920833333333334
optionB_budget0.90_beta0.0100_gamma0.50,carbonscaler_budget,ontario,157,1,55.0,20.77,20.026666666666667
optionB_budget0.90_beta0.0100_gamma0.50,carbonscaler_budget,ontario,158,2,52.0,23.43,15.846666666666666
optionB_budget0.90_beta0.0100_gamma0.50,carbonscaler_budget,ontario,159,2,53.0,28.38,21.236666666666668
optionB_budget0.90_beta0.0100_gamma0.50,carbonscaler_budget,ontario,160,1,53.0,37.9,47.1975
optionB_budget0.90_beta0.0100_gamma0.50,carbonscaler_budget,ontario,161,1,52.0,50.42,60.70416666666667
optionB_budget0.90_beta0.0100_gamma0.50,carbonscaler_budget,ontario,162,1,51.0,56.41,40.975
optionB_budget0.90_beta0.0100_gamma0.50,carbonscaler_budget,ontario,163,1,52.0,55.68,43.34166666666667
optionB_budget0.90_beta0.0100_gamma0.50,carbonscaler_budget,ontario,164,1,56.0,46.19,37.44916666666667
optionB_budget0.90_beta0.0100_gamma0.50,carbonscaler_budget,ontario,165,0,73.0,35.74,34.56166666666667
optionB_budget0.90_beta0.0100_gamma0.50,carbonscaler_budget,ontario,166,0,80.0,35.59,37.74583333333333
optionB_budget0.90_beta0.0100_gamma0.50,carbonscaler_budget,ontario,167,0,77.0,35.8,22.585833333333337
optionB_budget0.90_beta0.0200_gamma0.50,carbonscaler_budget,ontario,0,0,96.0,34.12,35.80416666666667
optionB_budget0.90_beta0.0200_gamma0.50,carbonscaler_budget,ontario,1,0,93.0,33.93,32.50666666666667
optionB_budget0.90_beta0.0200_gamma0.50,carbonscaler_budget,ontario,2,0,91.0,32.78,29.21166666666667
optionB_budget0.90_beta0.0200_gamma0.50,carbonscaler_budget,ontario,3,0,82.0,32.88,36.03666666666667
optionB_budget0.90_beta0.0200_gamma0.50,carbonscaler_budget,ontario,4,0,78.0,32.86,25.73
optionB_budget0.90_beta0.0200_gamma0.50,carbonscaler_budget,ontario,5,0,81.0,40.47,45.36666666666667
optionB_budget0.90_beta0.0200_gamma0.50,carbonscaler_budget,ontario,6,0,77.0,52.14,102.27499999999999
optionB_budget0.90_beta0.0200_gamma0.50,carbonscaler_budget,ontario,7,0,71.0,66.48,53.160000000000004
optionB_budget0.90_beta0.0200_gamma0.50,carbonscaler_budget,ontario,8,0,81.0,51.82,53.555
optionB_budget0.90_beta0.0200_gamma0.50,carbonscaler_budget,ontario,9,0,83.0,44.14,36.879999999999995
optionB_budget0.90_beta0.0200_gamma0.50,carbonscaler_budget,ontario,10,0,104.0,36.6,38.26083333333334
optionB_budget0.90_beta0.0200_gamma0.50,carbonscaler_budget,ontario,11,0,117.0,35.22,40.7575
optionB_budget0.90_beta0.0200_gamma0.50,carbonscaler_budget,ontario,12,0,114.0,34.66,38.3575
optionB_budget0.90_beta0.0200_gamma0.50,carbonscaler_budget,ontario,13,0,112.0,32.23,34.17666666666667
optionB_budget0.90_beta0.0200_gamma0.50,carbonscaler_budget,ontario,14,0,103.0,33.76,26.48
optionB_budget0.90_beta0.0200_gamma0.50,carbonscaler_budget,ontario,15,0,98.0,34.79,36.7575
optionB_budget0.90_beta0.0200_gamma0.50,carbonscaler_budget,ontario,16,0,104.0,36.54,76.7375
optionB_budget0.90_beta0.0200_gamma0.50,carbonscaler_budget,ontario,17,0,101.0,54.15,153.96083333333334
optionB_budget0.90_beta0.0200_gamma0.50,carbonscaler_budget,ontario,18,0,104.0,72.5,138.94416666666666
optionB_budget0.90_beta0.0200_gamma0.50,carbonscaler_budget,ontario,19,0,90.0,80.22,252.46333333333334
optionB_budget0.90_beta0.0200_gamma0.50,carbonscaler_budget,ontario,20,0,91.0,54.11,179.91
optionB_budget0.90_beta0.0200_gamma0.50,carbonscaler_budget,ontario,21,0,112.0,45.86,373.7825
optionB_budget0.90_beta0.0200_gamma0.50,carbonscaler_budget,ontario,22,0,119.0,45.59,72.18666666666665
optionB_budget0.90_beta0.0200_gamma0.50,carbonscaler_budget,ontario,23,0,122.0,36.35,43.05083333333334
optionB_budget0.90_beta0.0200_gamma0.50,carbonscaler_budget,ontario,24,0,128.0,49.5,50.95249999999999
optionB_budget0.90_beta0.0200_gamma0.50,carbonscaler_budget,ontario,25,0,126.0,50.56,53.87166666666667
optionB_budget0.90_beta0.0200_gamma0.50,carbonscaler_budget,ontario,26,0,131.0,50.09,53.149166666666666
optionB_budget0.90_beta0.0200_gamma0.50,carbonscaler_budget,ontario,27,0,133.0,49.92,51.583333333333336
optionB_budget0.90_beta0.0200_gamma0.50,carbonscaler_budget,ontario,28,0,130.0,50.55,55.78916666666667
optionB_budget0.90_beta0.0200_gamma0.50,carbonscaler_budget,ontario,29,0,135.0,58.51,55.83583333333333
optionB_budget0.90_beta0.0200_gamma0.50,carbonscaler_budget,ontario,30,0,139.0,92.97,167.33333333333334
optionB_budget0.90_beta0.0200_gamma0.50,carbonscaler_budget,ontario,31,0,137.0,71.53,38.432500000000005
optionB_budget0.90_beta0.0200_gamma0.50,carbonscaler_budget,ontario,32,0,139.0,53.23,30.5325
optionB_budget0.90_beta0.0200_gamma0.50,carbonscaler_budget,ontario,33,0,140.0,35.6,18.877499999999998
optionB_budget0.90_beta0.0200_gamma0.50,carbonscaler_budget,ontario,34,0,140.0,29.4,19.4025
optionB_budget0.90_beta0.0200_gamma0.50,carbonscaler_budget,ontario,35,0,149.0,27.13,22.310000000000002
optionB_budget0.90_beta0.0200_gamma0.50,carbonscaler_budget,ontario,36,0,136.0,23.38,20.80333333333333
optionB_budget0.90_beta0.0200_gamma0.50,carbonscaler_budget,ontario,37,0,120.0,21.95,21.33583333333333
optionB_budget0.90_beta0.0200_gamma0.50,carbonscaler_budget,ontario,38,0,103.0,27.25,16.563333333333333
optionB_budget0.90_beta0.0200_gamma0.50,carbonscaler_budget,ontario,39,0,100.0,33.03,31.710833333333337
optionB_budget0.90_beta0.0200_gamma0.50,carbonscaler_budget,ontario,40,0,105.0,42.56,46.28416666666667
optionB_budget0.90_beta0.0200_gamma0.50,carbonscaler_budget,ontario,41,0,100.0,59.51,61.23500000000001
optionB_budget0.90_beta0.0200_gamma0.50,carbonscaler_budget,ontario,42,0,103.0,75.66,40.50416666666667
optionB_budget0.90_beta0.0200_gamma0.50,carbonscaler_budget,ontario,43,0,97.0,71.03,47.211666666666666
optionB_budget0.90_beta0.0200_gamma0.50,carbonscaler_budget,ontario,44,0,114.0,54.71,45.3975
optionB_budget0.90_beta0.0200_gamma0.50,carbonscaler_budget,ontario,45,0,131.0,45.67,41.26166666666666
optionB_budget0.90_beta0.0200_gamma0.50,carbonscaler_budget,ontario,46,0,141.0,42.05,44.14083333333334
optionB_budget0.90_beta0.0200_gamma0.50,carbonscaler_budget,ontario,47,0,138.0,37.7,31.816666666666666
optionB_budget0.90_beta0.0200_gamma0.50,carbonscaler_budget,ontario,48,0,141.0,50.05,27.543333333333333
optionB_budget0.90_beta0.0200_gamma0.50,carbonscaler_budget,ontario,49,0,140.0,49.87,38.13
optionB_budget0.90_beta0.0200_gamma0.50,carbonscaler_budget,ontario,50,0,139.0,48.33,34.494166666666665
optionB_budget0.90_beta0.0200_gamma0.50,carbonscaler_budget,ontario,51,0,138.0,48.46,47.105
optionB_budget0.90_beta0.0200_gamma0.50,carbonscaler_budget,ontario,52,0,121.0,46.68,45.96666666666667
optionB_budget0.90_beta0.0200_gamma0.50,carbonscaler_budget,ontario,53,0,109.0,61.85,36.67333333333333
optionB_budget0.90_beta0.0200_gamma0.50,carbonscaler_budget,ontario,54,0,119.0,96.77,43.79
optionB_budget0.90_beta0.0200_gamma0.50,carbonscaler_budget,ontario,55,0,122.0,84.26,39.11666666666667
optionB_budget0.90_beta0.0200_gamma0.50,carbonscaler_budget,ontario,56,0,131.0,57.34,46.31
optionB_budget0.90_beta0.0200_gamma0.50,carbonscaler_budget,ontario,57,0,132.0,52.12,46.74166666666667
optionB_budget0.90_beta0.0200_gamma0.50,carbonscaler_budget,ontario,58,0,131.0,50.86,22.308333333333334
optionB_budget0.90_beta0.0200_gamma0.50,carbonscaler_budget,ontario,59,0,135.0,45.87,17.453333333333333
optionB_budget0.90_beta0.0200_gamma0.50,carbonscaler_budget,ontario,60,0,132.0,38.4,15.573333333333332
optionB_budget0.90_beta0.0200_gamma0.50,carbonscaler_budget,ontario,61,0,123.0,34.62,19.00166666666667
optionB_budget0.90_beta0.0200_gamma0.50,carbonscaler_budget,ontario,62,0,119.0,33.74,29.050833333333333
optionB_budget0.90_beta0.0200_gamma0.50,carbonscaler_budget,ontario,63,0,100.0,39.97,41.73500000000001
optionB_budget0.90_beta0.0200_gamma0.50,carbonscaler_budget,ontario,64,0,91.0,49.4,51.74250000000001
optionB_budget0.90_beta0.0200_gamma0.50,carbonscaler_budget,ontario,65,0,92.0,57.3,39.9225
optionB_budget0.90_beta0.0200_gamma0.50,carbonscaler_budget,ontario,66,0,91.0,60.26,35.43
optionB_budget0.90_beta0.0200_gamma0.50,carbonscaler_budget,ontario,67,0,102.0,50.96,33.013333333333335
optionB_budget0.90_beta0.0200_gamma0.50,carbonscaler_budget,ontario,68,0,121.0,42.52,22.65416666666667
optionB_budget0.90_beta0.0200_gamma0.50,carbonscaler_budget,ontario,69,0,128.0,42.16,29.563333333333333
optionB_budget0.90_beta0.0200_gamma0.50,carbonscaler_budget,ontario,70,0,122.0,36.22,26.64
optionB_budget0.90_beta0.0200_gamma0.50,carbonscaler_budget,ontario,71,0,113.0,34.01,24.523333333333337
optionB_budget0.90_beta0.0200_gamma0.50,carbonscaler_budget,ontario,72,0,102.0,29.33,14.720833333333333
optionB_budget0.90_beta0.0200_gamma0.50,carbonscaler_budget,ontario,73,0,90.0,25.27,8.13
optionB_budget0.90_beta0.0200_gamma0.50,carbonscaler_budget,ontario,74,0,84.0,29.42,1.6991666666666667
optionB_budget0.90_beta0.0200_gamma0.50,carbonscaler_budget,ontario,75,0,73.0,30.84,2.9633333333333334
optionB_budget0.90_beta0.0200_gamma0.50,carbonscaler_budget,ontario,76,0,70.0,31.25,16.435833333333335
optionB_budget0.90_beta0.0200_gamma0.50,carbonscaler_budget,ontario,77,1,61.0,35.81,126.48833333333334
optionB_budget0.90_beta0.0200_gamma0.50,carbonscaler_budget,ontario,78,1,61.0,50.69,78.3725
optionB_budget0.90_beta0.0200_gamma0.50,carbonscaler_budget,ontario,79,1,62.0,49.64,40.18916666666667
optionB_budget0.90_beta0.0200_gamma0.50,carbonscaler_budget,ontario,80,0,67.0,43.2,35.16833333333333
optionB_budget0.90_beta0.0200_gamma0.50,carbonscaler_budget,ontario,81,0,74.0,34.83,36.946666666666665
optionB_budget0.90_beta0.0200_gamma0.50,carbonscaler_budget,ontario,82,0,97.0,33.46,48.73500000000001
optionB_budget0.90_beta0.0200_gamma0.50,carbonscaler_budget,ontario,83,0,110.0,33.77,49.08416666666667
optionB_budget0.90_beta0.0200_gamma0.50,carbonscaler_budget,ontario,84,0,105.0,34.25,60.63666666666666
optionB_budget0.90_beta0.0200_gamma0.50,carbonscaler_budget,ontario,85,0,99.0,33.34,49.995
optionB_budget0.90_beta0.0200_gamma0.50,carbonscaler_budget,ontario,86,0,94.0,33.49,80.68249999999999
optionB_budget0.90_beta0.0200_gamma0.50,carbonscaler_budget,ontario,87,0,105.0,35.49,37.122499999999995
optionB_budget0.90_beta0.0200_gamma0.50,carbonscaler_budget,ontario,88,0,101.0,39.92,30.870833333333334
optionB_budget0.90_beta0.0200_gamma0.50,carbonscaler_budget,ontario,89,0,105.0,51.75,35.86666666666667
optionB_budget0.90_beta0.0200_gamma0.50,carbonscaler_budget,ontario,90,0,102.0,53.87,41.671666666666674
optionB_budget0.90_beta0.0200_gamma0.50,carbonscaler_budget,ontario,91,0,105.0,51.13,39.7125
optionB_budget0.90_beta0.0200_gamma0.50,carbonscaler_budget,ontario,92,0,96.0,43.3,81.51666666666667
optionB_budget0.90_beta0.0200_gamma0.50,carbonscaler_budget,ontario,93,0,88.0,34.09,73.72666666666667
optionB_budget0.90_beta0.0200_gamma0.50,carbonscaler_budget,ontario,94,0,92.0,33.57,22.382499999999997
optionB_budget0.90_beta0.0200_gamma0.50,carbonscaler_budget,ontario,95,0,99.0,25.92,14.896666666666667
optionB_budget0.90_beta0.0200_gamma0.50,carbonscaler_budget,ontario,96,0,98.0,20.25,19.5625
optionB_budget0.90_beta0.0200_gamma0.50,carbonscaler_budget,ontario,97,0,93.0,26.64,21.86916666666667
optionB_budget0.90_beta0.0200_gamma0.50,carbonscaler_budget,ontario,98,0,81.0,26.35,10.735
optionB_budget0.90_beta0.0200_gamma0.50,carbonscaler_budget,ontario,99,1,66.0,25.55,16.831666666666667
optionB_budget0.90_beta0.0200_gamma0.50,carbonscaler_budget,ontario,100,1,56.0,32.85,22.901666666666667
optionB_budget0.90_beta0.0200_gamma0.50,carbonscaler_budget,ontario,101,1,54.0,38.31,29.686666666666667
optionB_budget0.90_beta0.0200_gamma0.50,carbonscaler_budget,ontario,102,1,54.0,61.06,48.30500000000001
optionB_budget0.90_beta0.0200_gamma0.50,carbonscaler_budget,ontario,103,1,55.0,63.3,37.83083333333333
optionB_budget0.90_beta0.0200_gamma0.50,carbonscaler_budget,ontario,104,1,60.0,49.64,28.733333333333334
optionB_budget0.90_beta0.0200_gamma0.50,carbonscaler_budget,ontario,105,0,68.0,50.72,34.39
optionB_budget0.90_beta0.0200_gamma0.50,carbonscaler_budget,ontario,106,0,83.0,43.94,33.968333333333334
optionB_budget0.90_beta0.0200_gamma0.50,carbonscaler_budget,ontario,107,0,99.0,33.65,48.071666666666665
optionB_budget0.90_beta0.0200_gamma0.50,carbonscaler_budget,ontario,108,0,96.0,33.16,33.02
optionB_budget0.90_beta0.0200_gamma0.50,carbonscaler_budget,ontario,109,0,84.0,33.64,32.66
optionB_budget0.90_beta0.0200_gamma0.50,carbonscaler_budget,ontario,110,0,93.0,33.81,14.861666666666666
optionB_budget0.90_beta0.0200_gamma0.50,carbonscaler_budget,ontario,111,0,94.0,34.99,27.951666666666668
optionB_budget0.90_beta0.0200_gamma0.50,carbonscaler_budget,ontario,112,0,106.0,49.27,33.82666666666667
optionB_budget0.90_beta0.0200_gamma0.50,carbonscaler_budget,ontario,113,0,100.0,56.53,44.190000000000005
optionB_budget0.90_beta0.0200_gamma0.50,carbonscaler_budget,ontario,114,0,97.0,61.98,64.0925
optionB_budget0.90_beta0.0200_gamma0.50,carbonscaler_budget,ontario,115,0,85.0,65.2,57.855
optionB_budget0.90_beta0.0200_gamma0.50,carbonscaler_budget,ontario,116,0,88.0,54.99,81.01
optionB_budget0.90_beta0.0200_gamma0.50,carbonscaler_budget,ontario,117,0,93.0,51.87,85.02333333333333
optionB_budget0.90_beta0.0200_gamma0.50,carbonscaler_budget,ontario,118,0,103.0,44.61,56.237500000000004
optionB_budget0.90_beta0.0200_gamma0.50,carbonscaler_budget,ontario,119,0,112.0,35.48,40.678333333333335
optionB_budget0.90_beta0.0200_gamma0.50,carbonscaler_budget,ontario,120,0,117.0,50.77,50.10583333333333
optionB_budget0.90_beta0.0200_gamma0.50,carbonscaler_budget,ontario,121,0,119.0,44.81,49.906666666666666
optionB_budget0.90_beta0.0200_gamma0.50,carbonscaler_budget,ontario,122,0,121.0,41.05,49.04916666666667
optionB_budget0.90_beta0.0200_gamma0.50,carbonscaler_budget,ontario,123,0,120.0,36.4,42.1925
optionB_budget0.90_beta0.0200_gamma0.50,carbonscaler_budget,ontario,124,0,108.0,39.47,40.28333333333334
optionB_budget0.90_beta0.0200_gamma0.50,carbonscaler_budget,ontario,125,0,105.0,48.66,40.70166666666667
optionB_budget0.90_beta0.0200_gamma0.50,carbonscaler_budget,ontario,126,0,105.0,55.67,33.23416666666667
optionB_budget0.90_beta0.0200_gamma0.50,carbonscaler_budget,ontario,127,0,101.0,50.09,32.46333333333333
optionB_budget0.90_beta0.0200_gamma0.50,carbonscaler_budget,ontario,128,0,91.0,41.62,28.154999999999998
optionB_budget0.90_beta0.0200_gamma0.50,carbonscaler_budget,ontario,129,0,87.0,41.6,18.684166666666666
optionB_budget0.90_beta0.0200_gamma0.50,carbonscaler_budget,ontario,130,0,89.0,40.42,35.85
optionB_budget0.90_beta0.0200_gamma0.50,carbonscaler_budget,ontario,131,0,83.0,37.73,25.226666666666663
optionB_budget0.90_beta0.0200_gamma0.50,carbonscaler_budget,ontario,132,0,80.0,33.78,31.930000000000003
optionB_budget0.90_beta0.0200_gamma0.50,carbonscaler_budget,ontario,133,0,77.0,33.67,11.112499999999999
optionB_budget0.90_beta0.0200_gamma0.50,carbonscaler_budget,ontario,134,0,72.0,33.04,1.5358333333333334
optionB_budget0.90_beta0.0200_gamma0.50,carbonscaler_budget,ontario,135,0,82.0,33.9,4.765833333333333
optionB_budget0.90_beta0.0200_gamma0.50,carbonscaler_budget,ontario,136,0,77.0,37.62,11.858333333333334
optionB_budget0.90_beta0.0200_gamma0.50,carbonscaler_budget,ontario,137,0,80.0,51.24,25.142500000000002
optionB_budget0.90_beta0.0200_gamma0.50,carbonscaler_budget,ontario,138,0,76.0,59.05,41.8525
optionB_budget0.90_beta0.0200_gamma0.50,carbonscaler_budget,ontario,139,0,75.0,59.44,50.66416666666667
optionB_budget0.90_beta0.0200_gamma0.50,carbonscaler_budget,ontario,140,0,75.0,50.49,49.836666666666666
optionB_budget0.90_beta0.0200_gamma0.50,carbonscaler_budget,ontario,141,0,72.0,39.53,41.318333333333335
optionB_budget0.90_beta0.0200_gamma0.50,carbonscaler_budget,ontario,142,0,73.0,35.54,43.805
optionB_budget0.90_beta0.0200_gamma0.50,carbonscaler_budget,ontario,143,0,87.0,33.98,25.075000000000003
optionB_budget0.90_beta0.0200_gamma0.50,carbonscaler_budget,ontario,144,0,95.0,36.79,34.35333333333333
optionB_budget0.90_beta0.0200_gamma0.50,carbonscaler_budget,ontario,145,0,94.0,34.4,26.6925
optionB_budget0.90_beta0.0200_gamma0.50,carbonscaler_budget,ontario,146,0,91.0,35.47,48.468333333333334
optionB_budget0.90_beta0.0200_gamma0.50,carbonscaler_budget,ontario,147,0,88.0,34.36,54.5375
optionB_budget0.90_beta0.0200_gamma0.50,carbonscaler_budget,ontario,148,0,73.0,37.11,51.11166666666667
optionB_budget0.90_beta0.0200_gamma0.50,carbonscaler_budget,ontario,149,1,61.0,42.79,50.39833333333333
optionB_budget0.90_beta0.0200_gamma0.50,carbonscaler_budget,ontario,150,1,52.0,47.76,51.104166666666664
optionB_budget0.90_beta0.0200_gamma0.50,carbonscaler_budget,ontario,151,1,62.0,40.18,37.81666666666667
optionB_budget0.90_beta0.0200_gamma0.50,carbonscaler_budget,ontario,152,0,70.0,33.89,37.10916666666667
optionB_budget0.90_beta0.0200_gamma0.50,carbonscaler_budget,ontario,153,0,68.0,33.36,21.173333333333336
optionB_budget0.90_beta0.0200_gamma0.50,carbonscaler_budget,ontario,154,1,66.0,31.41,6.423333333333333
optionB_budget0.90_beta0.0200_gamma0.50,carbonscaler_budget,ontario,155,1,68.0,28.78,9.073333333333332
optionB_budget0.90_beta0.0200_gamma0.50,carbonscaler_budget,ontario,156,1,61.0,26.25,15.920833333333334
optionB_budget0.90_beta0.0200_gamma0.50,carbonscaler_budget,ontario,157,1,55.0,20.77,20.026666666666667
optionB_budget0.90_beta0.0200_gamma0.50,carbonscaler_budget,ontario,158,2,52.0,23.43,15.846666666666666
optionB_budget0.90_beta0.0200_gamma0.50,carbonscaler_budget,ontario,159,2,53.0,28.38,21.236666666666668
optionB_budget0.90_beta0.0200_gamma0.50,carbonscaler_budget,ontario,160,1,53.0,37.9,47.1975
optionB_budget0.90_beta0.0200_gamma0.50,carbonscaler_budget,ontario,161,1,52.0,50.42,60.70416666666667
optionB_budget0.90_beta0.0200_gamma0.50,carbonscaler_budget,ontario,162,1,51.0,56.41,40.975
optionB_budget0.90_beta0.0200_gamma0.50,carbonscaler_budget,ontario,163,1,52.0,55.68,43.34166666666667
optionB_budget0.90_beta0.0200_gamma0.50,carbonscaler_budget,ontario,164,1,56.0,46.19,37.44916666666667
optionB_budget0.90_beta0.0200_gamma0.50,carbonscaler_budget,ontario,165,0,73.0,35.74,34.56166666666667
optionB_budget0.90_beta0.0200_gamma0.50,carbonscaler_budget,ontario,166,0,80.0,35.59,37.74583333333333
optionB_budget0.90_beta0.0200_gamma0.50,carbonscaler_budget,ontario,167,0,77.0,35.8,22.585833333333337
optionB_budget0.90_beta0.0400_gamma0.50,carbonscaler_budget,ontario,0,0,96.0,34.12,35.80416666666667
optionB_budget0.90_beta0.0400_gamma0.50,carbonscaler_budget,ontario,1,0,93.0,33.93,32.50666666666667
optionB_budget0.90_beta0.0400_gamma0.50,carbonscaler_budget,ontario,2,0,91.0,32.78,29.21166666666667
optionB_budget0.90_beta0.0400_gamma0.50,carbonscaler_budget,ontario,3,0,82.0,32.88,36.03666666666667
optionB_budget0.90_beta0.0400_gamma0.50,carbonscaler_budget,ontario,4,0,78.0,32.86,25.73
optionB_budget0.90_beta0.0400_gamma0.50,carbonscaler_budget,ontario,5,0,81.0,40.47,45.36666666666667
optionB_budget0.90_beta0.0400_gamma0.50,carbonscaler_budget,ontario,6,0,77.0,52.14,102.27499999999999
optionB_budget0.90_beta0.0400_gamma0.50,carbonscaler_budget,ontario,7,0,71.0,66.48,53.160000000000004
optionB_budget0.90_beta0.0400_gamma0.50,carbonscaler_budget,ontario,8,0,81.0,51.82,53.555
optionB_budget0.90_beta0.0400_gamma0.50,carbonscaler_budget,ontario,9,0,83.0,44.14,36.879999999999995
optionB_budget0.90_beta0.0400_gamma0.50,carbonscaler_budget,ontario,10,0,104.0,36.6,38.26083333333334
optionB_budget0.90_beta0.0400_gamma0.50,carbonscaler_budget,ontario,11,0,117.0,35.22,40.7575
optionB_budget0.90_beta0.0400_gamma0.50,carbonscaler_budget,ontario,12,0,114.0,34.66,38.3575
optionB_budget0.90_beta0.0400_gamma0.50,carbonscaler_budget,ontario,13,0,112.0,32.23,34.17666666666667
optionB_budget0.90_beta0.0400_gamma0.50,carbonscaler_budget,ontario,14,0,103.0,33.76,26.48
optionB_budget0.90_beta0.0400_gamma0.50,carbonscaler_budget,ontario,15,0,98.0,34.79,36.7575
optionB_budget0.90_beta0.0400_gamma0.50,carbonscaler_budget,ontario,16,0,104.0,36.54,76.7375
optionB_budget0.90_beta0.0400_gamma0.50,carbonscaler_budget,ontario,17,0,101.0,54.15,153.96083333333334
optionB_budget0.90_beta0.0400_gamma0.50,carbonscaler_budget,ontario,18,0,104.0,72.5,138.94416666666666
optionB_budget0.90_beta0.0400_gamma0.50,carbonscaler_budget,ontario,19,0,90.0,80.22,252.46333333333334
optionB_budget0.90_beta0.0400_gamma0.50,carbonscaler_budget,ontario,20,0,91.0,54.11,179.91
optionB_budget0.90_beta0.0400_gamma0.50,carbonscaler_budget,ontario,21,0,112.0,45.86,373.7825
optionB_budget0.90_beta0.0400_gamma0.50,carbonscaler_budget,ontario,22,0,119.0,45.59,72.18666666666665
optionB_budget0.90_beta0.0400_gamma0.50,carbonscaler_budget,ontario,23,0,122.0,36.35,43.05083333333334
optionB_budget0.90_beta0.0400_gamma0.50,carbonscaler_budget,ontario,24,0,128.0,49.5,50.95249999999999
optionB_budget0.90_beta0.0400_gamma0.50,carbonscaler_budget,ontario,25,0,126.0,50.56,53.87166666666667
optionB_budget0.90_beta0.0400_gamma0.50,carbonscaler_budget,ontario,26,0,131.0,50.09,53.149166666666666
optionB_budget0.90_beta0.0400_gamma0.50,carbonscaler_budget,ontario,27,0,133.0,49.92,51.583333333333336
optionB_budget0.90_beta0.0400_gamma0.50,carbonscaler_budget,ontario,28,0,130.0,50.55,55.78916666666667
optionB_budget0.90_beta0.0400_gamma0.50,carbonscaler_budget,ontario,29,0,135.0,58.51,55.83583333333333
optionB_budget0.90_beta0.0400_gamma0.50,carbonscaler_budget,ontario,30,0,139.0,92.97,167.33333333333334
optionB_budget0.90_beta0.0400_gamma0.50,carbonscaler_budget,ontario,31,0,137.0,71.53,38.432500000000005
optionB_budget0.90_beta0.0400_gamma0.50,carbonscaler_budget,ontario,32,0,139.0,53.23,30.5325
optionB_budget0.90_beta0.0400_gamma0.50,carbonscaler_budget,ontario,33,0,140.0,35.6,18.877499999999998
optionB_budget0.90_beta0.0400_gamma0.50,carbonscaler_budget,ontario,34,0,140.0,29.4,19.4025
optionB_budget0.90_beta0.0400_gamma0.50,carbonscaler_budget,ontario,35,0,149.0,27.13,22.310000000000002
optionB_budget0.90_beta0.0400_gamma0.50,carbonscaler_budget,ontario,36,0,136.0,23.38,20.80333333333333
optionB_budget0.90_beta0.0400_gamma0.50,carbonscaler_budget,ontario,37,0,120.0,21.95,21.33583333333333
optionB_budget0.90_beta0.0400_gamma0.50,carbonscaler_budget,ontario,38,0,103.0,27.25,16.563333333333333
optionB_budget0.90_beta0.0400_gamma0.50,carbonscaler_budget,ontario,39,0,100.0,33.03,31.710833333333337
optionB_budget0.90_beta0.0400_gamma0.50,carbonscaler_budget,ontario,40,0,105.0,42.56,46.28416666666667
optionB_budget0.90_beta0.0400_gamma0.50,carbonscaler_budget,ontario,41,0,100.0,59.51,61.23500000000001
optionB_budget0.90_beta0.0400_gamma0.50,carbonscaler_budget,ontario,42,0,103.0,75.66,40.50416666666667
optionB_budget0.90_beta0.0400_gamma0.50,carbonscaler_budget,ontario,43,0,97.0,71.03,47.211666666666666
optionB_budget0.90_beta0.0400_gamma0.50,carbonscaler_budget,ontario,44,0,114.0,54.71,45.3975
optionB_budget0.90_beta0.0400_gamma0.50,carbonscaler_budget,ontario,45,0,131.0,45.67,41.26166666666666
optionB_budget0.90_beta0.0400_gamma0.50,carbonscaler_budget,ontario,46,0,141.0,42.05,44.14083333333334
optionB_budget0.90_beta0.0400_gamma0.50,carbonscaler_budget,ontario,47,0,138.0,37.7,31.816666666666666
optionB_budget0.90_beta0.0400_gamma0.50,carbonscaler_budget,ontario,48,0,141.0,50.05,27.543333333333333
optionB_budget0.90_beta0.0400_gamma0.50,carbonscaler_budget,ontario,49,0,140.0,49.87,38.13
optionB_budget0.90_beta0.0400_gamma0.50,carbonscaler_budget,ontario,50,0,139.0,48.33,34.494166666666665
optionB_budget0.90_beta0.0400_gamma0.50,carbonscaler_budget,ontario,51,0,138.0,48.46,47.105
optionB_budget0.90_beta0.0400_gamma0.50,carbonscaler_budget,ontario,52,0,121.0,46.68,45.96666666666667
optionB_budget0.90_beta0.0400_gamma0.50,carbonscaler_budget,ontario,53,0,109.0,61.85,36.67333333333333
optionB_budget0.90_beta0.0400_gamma0.50,carbonscaler_budget,ontario,54,0,119.0,96.77,43.79
optionB_budget0.90_beta0.0400_gamma0.50,carbonscaler_budget,ontario,55,0,122.0,84.26,39.11666666666667
optionB_budget0.90_beta0.0400_gamma0.50,carbonscaler_budget,ontario,56,0,131.0,57.34,46.31
optionB_budget0.90_beta0.0400_gamma0.50,carbonscaler_budget,ontario,57,0,132.0,52.12,46.74166666666667
optionB_budget0.90_beta0.0400_gamma0.50,carbonscaler_budget,ontario,58,0,131.0,50.86,22.308333333333334
optionB_budget0.90_beta0.0400_gamma0.50,carbonscaler_budget,ontario,59,0,135.0,45.87,17.453333333333333
optionB_budget0.90_beta0.0400_gamma0.50,carbonscaler_budget,ontario,60,0,132.0,38.4,15.573333333333332
optionB_budget0.90_beta0.0400_gamma0.50,carbonscaler_budget,ontario,61,0,123.0,34.62,19.00166666666667
optionB_budget0.90_beta0.0400_gamma0.50,carbonscaler_budget,ontario,62,0,119.0,33.74,29.050833333333333
optionB_budget0.90_beta0.0400_gamma0.50,carbonscaler_budget,ontario,63,0,100.0,39.97,41.73500000000001
optionB_budget0.90_beta0.0400_gamma0.50,carbonscaler_budget,ontario,64,0,91.0,49.4,51.74250000000001
optionB_budget0.90_beta0.0400_gamma0.50,carbonscaler_budget,ontario,65,0,92.0,57.3,39.9225
optionB_budget0.90_beta0.0400_gamma0.50,carbonscaler_budget,ontario,66,0,91.0,60.26,35.43
optionB_budget0.90_beta0.0400_gamma0.50,carbonscaler_budget,ontario,67,0,102.0,50.96,33.013333333333335
optionB_budget0.90_beta0.0400_gamma0.50,carbonscaler_budget,ontario,68,0,121.0,42.52,22.65416666666667
optionB_budget0.90_beta0.0400_gamma0.50,carbonscaler_budget,ontario,69,0,128.0,42.16,29.563333333333333
optionB_budget0.90_beta0.0400_gamma0.50,carbonscaler_budget,ontario,70,0,122.0,36.22,26.64
optionB_budget0.90_beta0.0400_gamma0.50,carbonscaler_budget,ontario,71,0,113.0,34.01,24.523333333333337
optionB_budget0.90_beta0.0400_gamma0.50,carbonscaler_budget,ontario,72,0,102.0,29.33,14.720833333333333
optionB_budget0.90_beta0.0400_gamma0.50,carbonscaler_budget,ontario,73,0,90.0,25.27,8.13
optionB_budget0.90_beta0.0400_gamma0.50,carbonscaler_budget,ontario,74,0,84.0,29.42,1.6991666666666667
optionB_budget0.90_beta0.0400_gamma0.50,carbonscaler_budget,ontario,75,0,73.0,30.84,2.9633333333333334
optionB_budget0.90_beta0.0400_gamma0.50,carbonscaler_budget,ontario,76,0,70.0,31.25,16.435833333333335
optionB_budget0.90_beta0.0400_gamma0.50,carbonscaler_budget,ontario,77,1,61.0,35.81,126.48833333333334
optionB_budget0.90_beta0.0400_gamma0.50,carbonscaler_budget,ontario,78,0,61.0,50.69,78.3725
optionB_budget0.90_beta0.0400_gamma0.50,carbonscaler_budget,ontario,79,0,62.0,49.64,40.18916666666667
optionB_budget0.90_beta0.0400_gamma0.50,carbonscaler_budget,ontario,80,0,67.0,43.2,35.16833333333333
optionB_budget0.90_beta0.0400_gamma0.50,carbonscaler_budget,ontario,81,0,74.0,34.83,36.946666666666665
optionB_budget0.90_beta0.0400_gamma0.50,carbonscaler_budget,ontario,82,0,97.0,33.46,48.73500000000001
optionB_budget0.90_beta0.0400_gamma0.50,carbonscaler_budget,ontario,83,0,110.0,33.77,49.08416666666667
optionB_budget0.90_beta0.0400_gamma0.50,carbonscaler_budget,ontario,84,0,105.0,34.25,60.63666666666666
optionB_budget0.90_beta0.0400_gamma0.50,carbonscaler_budget,ontario,85,0,99.0,33.34,49.995
optionB_budget0.90_beta0.0400_gamma0.50,carbonscaler_budget,ontario,86,0,94.0,33.49,80.68249999999999
optionB_budget0.90_beta0.0400_gamma0.50,carbonscaler_budget,ontario,87,0,105.0,35.49,37.122499999999995
optionB_budget0.90_beta0.0400_gamma0.50,carbonscaler_budget,ontario,88,0,101.0,39.92,30.870833333333334
optionB_budget0.90_beta0.0400_gamma0.50,carbonscaler_budget,ontario,89,0,105.0,51.75,35.86666666666667
optionB_budget0.90_beta0.0400_gamma0.50,carbonscaler_budget,ontario,90,0,102.0,53.87,41.671666666666674
optionB_budget0.90_beta0.0400_gamma0.50,carbonscaler_budget,ontario,91,0,105.0,51.13,39.7125
optionB_budget0.90_beta0.0400_gamma0.50,carbonscaler_budget,ontario,92,0,96.0,43.3,81.51666666666667
optionB_budget0.90_beta0.0400_gamma0.50,carbonscaler_budget,ontario,93,0,88.0,34.09,73.72666666666667
optionB_budget0.90_beta0.0400_gamma0.50,carbonscaler_budget,ontario,94,0,92.0,33.57,22.382499999999997
optionB_budget0.90_beta0.0400_gamma0.50,carbonscaler_budget,ontario,95,0,99.0,25.92,14.896666666666667
optionB_budget0.90_beta0.0400_gamma0.50,carbonscaler_budget,ontario,96,0,98.0,20.25,19.5625
optionB_budget0.90_beta0.0400_gamma0.50,carbonscaler_budget,ontario,97,0,93.0,26.64,21.86916666666667
optionB_budget0.90_beta0.0400_gamma0.50,carbonscaler_budget,ontario,98,0,81.0,26.35,10.735
optionB_budget0.90_beta0.0400_gamma0.50,carbonscaler_budget,ontario,99,1,66.0,25.55,16.831666666666667
optionB_budget0.90_beta0.0400_gamma0.50,carbonscaler_budget,ontario,100,1,56.0,32.85,22.901666666666667
optionB_budget0.90_beta0.0400_gamma0.50,carbonscaler_budget,ontario,101,1,54.0,38.31,29.686666666666667
optionB_budget0.90_beta0.0400_gamma0.50,carbonscaler_budget,ontario,102,1,54.0,61.06,48.30500000000001
optionB_budget0.90_beta0.0400_gamma0.50,carbonscaler_budget,ontario,103,1,55.0,63.3,37.83083333333333
optionB_budget0.90_beta0.0400_gamma0.50,carbonscaler_budget,ontario,104,1,60.0,49.64,28.733333333333334
optionB_budget0.90_beta0.0400_gamma0.50,carbonscaler_budget,ontario,105,0,68.0,50.72,34.39
optionB_budget0.90_beta0.0400_gamma0.50,carbonscaler_budget,ontario,106,0,83.0,43.94,33.968333333333334
optionB_budget0.90_beta0.0400_gamma0.50,carbonscaler_budget,ontario,107,0,99.0,33.65,48.071666666666665
optionB_budget0.90_beta0.0400_gamma0.50,carbonscaler_budget,ontario,108,0,96.0,33.16,33.02
optionB_budget0.90_beta0.0400_gamma0.50,carbonscaler_budget,ontario,109,0,84.0,33.64,32.66
optionB_budget0.90_beta0.0400_gamma0.50,carbonscaler_budget,ontario,110,0,93.0,33.81,14.861666666666666
optionB_budget0.90_beta0.0400_gamma0.50,carbonscaler_budget,ontario,111,0,94.0,34.99,27.951666666666668
optionB_budget0.90_beta0.0400_gamma0.50,carbonscaler_budget,ontario,112,0,106.0,49.27,33.82666666666667
optionB_budget0.90_beta0.0400_gamma0.50,carbonscaler_budget,ontario,113,0,100.0,56.53,44.190000000000005
optionB_budget0.90_beta0.0400_gamma0.50,carbonscaler_budget,ontario,114,0,97.0,61.98,64.0925
optionB_budget0.90_beta0.0400_gamma0.50,carbonscaler_budget,ontario,115,0,85.0,65.2,57.855
optionB_budget0.90_beta0.0400_gamma0.50,carbonscaler_budget,ontario,116,0,88.0,54.99,81.01
optionB_budget0.90_beta0.0400_gamma0.50,carbonscaler_budget,ontario,117,0,93.0,51.87,85.02333333333333
optionB_budget0.90_beta0.0400_gamma0.50,carbonscaler_budget,ontario,118,0,103.0,44.61,56.237500000000004
optionB_budget0.90_beta0.0400_gamma0.50,carbonscaler_budget,ontario,119,0,112.0,35.48,40.678333333333335
optionB_budget0.90_beta0.0400_gamma0.50,carbonscaler_budget,ontario,120,0,117.0,50.77,50.10583333333333
optionB_budget0.90_beta0.0400_gamma0.50,carbonscaler_budget,ontario,121,0,119.0,44.81,49.906666666666666
optionB_budget0.90_beta0.0400_gamma0.50,carbonscaler_budget,ontario,122,0,121.0,41.05,49.04916666666667
optionB_budget0.90_beta0.0400_gamma0.50,carbonscaler_budget,ontario,123,0,120.0,36.4,42.1925
optionB_budget0.90_beta0.0400_gamma0.50,carbonscaler_budget,ontario,124,0,108.0,39.47,40.28333333333334
optionB_budget0.90_beta0.0400_gamma0.50,carbonscaler_budget,ontario,125,0,105.0,48.66,40.70166666666667
optionB_budget0.90_beta0.0400_gamma0.50,carbonscaler_budget,ontario,126,0,105.0,55.67,33.23416666666667
optionB_budget0.90_beta0.0400_gamma0.50,carbonscaler_budget,ontario,127,0,101.0,50.09,32.46333333333333
optionB_budget0.90_beta0.0400_gamma0.50,carbonscaler_budget,ontario,128,0,91.0,41.62,28.154999999999998
optionB_budget0.90_beta0.0400_gamma0.50,carbonscaler_budget,ontario,129,0,87.0,41.6,18.684166666666666
optionB_budget0.90_beta0.0400_gamma0.50,carbonscaler_budget,ontario,130,0,89.0,40.42,35.85
optionB_budget0.90_beta0.0400_gamma0.50,carbonscaler_budget,ontario,131,0,83.0,37.73,25.226666666666663
optionB_budget0.90_beta0.0400_gamma0.50,carbonscaler_budget,ontario,132,0,80.0,33.78,31.930000000000003
optionB_budget0.90_beta0.0400_gamma0.50,carbonscaler_budget,ontario,133,0,77.0,33.67,11.112499999999999
optionB_budget0.90_beta0.0400_gamma0.50,carbonscaler_budget,ontario,134,0,72.0,33.04,1.5358333333333334
optionB_budget0.90_beta0.0400_gamma0.50,carbonscaler_budget,ontario,135,0,82.0,33.9,4.765833333333333
optionB_budget0.90_beta0.0400_gamma0.50,carbonscaler_budget,ontario,136,0,77.0,37.62,11.858333333333334
optionB_budget0.90_beta0.0400_gamma0.50,carbonscaler_budget,ontario,137,0,80.0,51.24,25.142500000000002
optionB_budget0.90_beta0.0400_gamma0.50,carbonscaler_budget,ontario,138,0,76.0,59.05,41.8525
optionB_budget0.90_beta0.0400_gamma0.50,carbonscaler_budget,ontario,139,0,75.0,59.44,50.66416666666667
optionB_budget0.90_beta0.0400_gamma0.50,carbonscaler_budget,ontario,140,0,75.0,50.49,49.836666666666666
optionB_budget0.90_beta0.0400_gamma0.50,carbonscaler_budget,ontario,141,0,72.0,39.53,41.318333333333335
optionB_budget0.90_beta0.0400_gamma0.50,carbonscaler_budget,ontario,142,0,73.0,35.54,43.805
optionB_budget0.90_beta0.0400_gamma0.50,carbonscaler_budget,ontario,143,0,87.0,33.98,25.075000000000003
optionB_budget0.90_beta0.0400_gamma0.50,carbonscaler_budget,ontario,144,0,95.0,36.79,34.35333333333333
optionB_budget0.90_beta0.0400_gamma0.50,carbonscaler_budget,ontario,145,0,94.0,34.4,26.6925
optionB_budget0.90_beta0.0400_gamma0.50,carbonscaler_budget,ontario,146,0,91.0,35.47,48.468333333333334
optionB_budget0.90_beta0.0400_gamma0.50,carbonscaler_budget,ontario,147,0,88.0,34.36,54.5375
optionB_budget0.90_beta0.0400_gamma0.50,carbonscaler_budget,ontario,148,0,73.0,37.11,51.11166666666667
optionB_budget0.90_beta0.0400_gamma0.50,carbonscaler_budget,ontario,149,1,61.0,42.79,50.39833333333333
optionB_budget0.90_beta0.0400_gamma0.50,carbonscaler_budget,ontario,150,1,52.0,47.76,51.104166666666664
optionB_budget0.90_beta0.0400_gamma0.50,carbonscaler_budget,ontario,151,1,62.0,40.18,37.81666666666667
optionB_budget0.90_beta0.0400_gamma0.50,carbonscaler_budget,ontario,152,0,70.0,33.89,37.10916666666667
optionB_budget0.90_beta0.0400_gamma0.50,carbonscaler_budget,ontario,153,1,68.0,33.36,21.173333333333336
optionB_budget0.90_beta0.0400_gamma0.50,carbonscaler_budget,ontario,154,1,66.0,31.41,6.423333333333333
optionB_budget0.90_beta0.0400_gamma0.50,carbonscaler_budget,ontario,155,1,68.0,28.78,9.073333333333332
optionB_budget0.90_beta0.0400_gamma0.50,carbonscaler_budget,ontario,156,1,61.0,26.25,15.920833333333334
optionB_budget0.90_beta0.0400_gamma0.50,carbonscaler_budget,ontario,157,2,55.0,20.77,20.026666666666667
optionB_budget0.90_beta0.0400_gamma0.50,carbonscaler_budget,ontario,158,2,52.0,23.43,15.846666666666666
optionB_budget0.90_beta0.0400_gamma0.50,carbonscaler_budget,ontario,159,2,53.0,28.38,21.236666666666668
optionB_budget0.90_beta0.0400_gamma0.50,carbonscaler_budget,ontario,160,1,53.0,37.9,47.1975
optionB_budget0.90_beta0.0400_gamma0.50,carbonscaler_budget,ontario,161,1,52.0,50.42,60.70416666666667
optionB_budget0.90_beta0.0400_gamma0.50,carbonscaler_budget,ontario,162,1,51.0,56.41,40.975
optionB_budget0.90_beta0.0400_gamma0.50,carbonscaler_budget,ontario,163,1,52.0,55.68,43.34166666666667
optionB_budget0.90_beta0.0400_gamma0.50,carbonscaler_budget,ontario,164,1,56.0,46.19,37.44916666666667
optionB_budget0.90_beta0.0400_gamma0.50,carbonscaler_budget,ontario,165,0,73.0,35.74,34.56166666666667
optionB_budget0.90_beta0.0400_gamma0.50,carbonscaler_budget,ontario,166,0,80.0,35.59,37.74583333333333
optionB_budget0.90_beta0.0400_gamma0.50,carbonscaler_budget,ontario,167,0,77.0,35.8,22.585833333333337
optionB_budget0.90_beta0.01_gamma0.10,carbonscaler_budget,ontario,0,0,96.0,34.12,35.80416666666667
optionB_budget0.90_beta0.01_gamma0.10,carbonscaler_budget,ontario,1,0,93.0,33.93,32.50666666666667
optionB_budget0.90_beta0.01_gamma0.10,carbonscaler_budget,ontario,2,0,91.0,32.78,29.21166666666667
optionB_budget0.90_beta0.01_gamma0.10,carbonscaler_budget,ontario,3,0,82.0,32.88,36.03666666666667
optionB_budget0.90_beta0.01_gamma0.10,carbonscaler_budget,ontario,4,0,78.0,32.86,25.73
optionB_budget0.90_beta0.01_gamma0.10,carbonscaler_budget,ontario,5,0,81.0,40.47,45.36666666666667
optionB_budget0.90_beta0.01_gamma0.10,carbonscaler_budget,ontario,6,0,77.0,52.14,102.27499999999999
optionB_budget0.90_beta0.01_gamma0.10,carbonscaler_budget,ontario,7,0,71.0,66.48,53.160000000000004
optionB_budget0.90_beta0.01_gamma0.10,carbonscaler_budget,ontario,8,0,81.0,51.82,53.555
optionB_budget0.90_beta0.01_gamma0.10,carbonscaler_budget,ontario,9,0,83.0,44.14,36.879999999999995
optionB_budget0.90_beta0.01_gamma0.10,carbonscaler_budget,ontario,10,0,104.0,36.6,38.26083333333334
optionB_budget0.90_beta0.01_gamma0.10,carbonscaler_budget,ontario,11,0,117.0,35.22,40.7575
optionB_budget0.90_beta0.01_gamma0.10,carbonscaler_budget,ontario,12,0,114.0,34.66,38.3575
optionB_budget0.90_beta0.01_gamma0.10,carbonscaler_budget,ontario,13,0,112.0,32.23,34.17666666666667
optionB_budget0.90_beta0.01_gamma0.10,carbonscaler_budget,ontario,14,0,103.0,33.76,26.48
optionB_budget0.90_beta0.01_gamma0.10,carbonscaler_budget,ontario,15,0,98.0,34.79,36.7575
optionB_budget0.90_beta0.01_gamma0.10,carbonscaler_budget,ontario,16,0,104.0,36.54,76.7375
optionB_budget0.90_beta0.01_gamma0.10,carbonscaler_budget,ontario,17,0,101.0,54.15,153.96083333333334
optionB_budget0.90_beta0.01_gamma0.10,carbonscaler_budget,ontario,18,0,104.0,72.5,138.94416666666666
optionB_budget0.90_beta0.01_gamma0.10,carbonscaler_budget,ontario,19,0,90.0,80.22,252.46333333333334
optionB_budget0.90_beta0.01_gamma0.10,carbonscaler_budget,ontario,20,0,91.0,54.11,179.91
optionB_budget0.90_beta0.01_gamma0.10,carbonscaler_budget,ontario,21,0,112.0,45.86,373.7825
optionB_budget0.90_beta0.01_gamma0.10,carbonscaler_budget,ontario,22,0,119.0,45.59,72.18666666666665
optionB_budget0.90_beta0.01_gamma0.10,carbonscaler_budget,ontario,23,0,122.0,36.35,43.05083333333334
optionB_budget0.90_beta0.01_gamma0.10,carbonscaler_budget,ontario,24,0,128.0,49.5,50.95249999999999
optionB_budget0.90_beta0.01_gamma0.10,carbonscaler_budget,ontario,25,0,126.0,50.56,53.87166666666667
optionB_budget0.90_beta0.01_gamma0.10,carbonscaler_budget,ontario,26,0,131.0,50.09,53.149166666666666
optionB_budget0.90_beta0.01_gamma0.10,carbonscaler_budget,ontario,27,0,133.0,49.92,51.583333333333336
optionB_budget0.90_beta0.01_gamma0.10,carbonscaler_budget,ontario,28,0,130.0,50.55,55.78916666666667
optionB_budget0.90_beta0.01_gamma0.10,carbonscaler_budget,ontario,29,0,135.0,58.51,55.83583333333333
optionB_budget0.90_beta0.01_gamma0.10,carbonscaler_budget,ontario,30,0,139.0,92.97,167.33333333333334
optionB_budget0.90_beta0.01_gamma0.10,carbonscaler_budget,ontario,31,0,137.0,71.53,38.432500000000005
optionB_budget0.90_beta0.01_gamma0.10,carbonscaler_budget,ontario,32,0,139.0,53.23,30.5325
optionB_budget0.90_beta0.01_gamma0.10,carbonscaler_budget,ontario,33,0,140.0,35.6,18.877499999999998
optionB_budget0.90_beta0.01_gamma0.10,carbonscaler_budget,ontario,34,0,140.0,29.4,19.4025
optionB_budget0.90_beta0.01_gamma0.10,carbonscaler_budget,ontario,35,0,149.0,27.13,22.310000000000002
optionB_budget0.90_beta0.01_gamma0.10,carbonscaler_budget,ontario,36,0,136.0,23.38,20.80333333333333
optionB_budget0.90_beta0.01_gamma0.10,carbonscaler_budget,ontario,37,0,120.0,21.95,21.33583333333333
optionB_budget0.90_beta0.01_gamma0.10,carbonscaler_budget,ontario,38,0,103.0,27.25,16.563333333333333
optionB_budget0.90_beta0.01_gamma0.10,carbonscaler_budget,ontario,39,0,100.0,33.03,31.710833333333337
optionB_budget0.90_beta0.01_gamma0.10,carbonscaler_budget,ontario,40,0,105.0,42.56,46.28416666666667
optionB_budget0.90_beta0.01_gamma0.10,carbonscaler_budget,ontario,41,0,100.0,59.51,61.23500000000001
optionB_budget0.90_beta0.01_gamma0.10,carbonscaler_budget,ontario,42,0,103.0,75.66,40.50416666666667
optionB_budget0.90_beta0.01_gamma0.10,carbonscaler_budget,ontario,43,0,97.0,71.03,47.211666666666666
optionB_budget0.90_beta0.01_gamma0.10,carbonscaler_budget,ontario,44,0,114.0,54.71,45.3975
optionB_budget0.90_beta0.01_gamma0.10,carbonscaler_budget,ontario,45,0,131.0,45.67,41.26166666666666
optionB_budget0.90_beta0.01_gamma0.10,carbonscaler_budget,ontario,46,0,141.0,42.05,44.14083333333334
optionB_budget0.90_beta0.01_gamma0.10,carbonscaler_budget,ontario,47,0,138.0,37.7,31.816666666666666
optionB_budget0.90_beta0.01_gamma0.10,carbonscaler_budget,ontario,48,0,141.0,50.05,27.543333333333333
optionB_budget0.90_beta0.01_gamma0.10,carbonscaler_budget,ontario,49,0,140.0,49.87,38.13
optionB_budget0.90_beta0.01_gamma0.10,carbonscaler_budget,ontario,50,0,139.0,48.33,34.494166666666665
optionB_budget0.90_beta0.01_gamma0.10,carbonscaler_budget,ontario,51,0,138.0,48.46,47.105
optionB_budget0.90_beta0.01_gamma0.10,carbonscaler_budget,ontario,52,0,121.0,46.68,45.96666666666667
optionB_budget0.90_beta0.01_gamma0.10,carbonscaler_budget,ontario,53,0,109.0,61.85,36.67333333333333
optionB_budget0.90_beta0.01_gamma0.10,carbonscaler_budget,ontario,54,0,119.0,96.77,43.79
optionB_budget0.90_beta0.01_gamma0.10,carbonscaler_budget,ontario,55,0,122.0,84.26,39.11666666666667
optionB_budget0.90_beta0.01_gamma0.10,carbonscaler_budget,ontario,56,0,131.0,57.34,46.31
optionB_budget0.90_beta0.01_gamma0.10,carbonscaler_budget,ontario,57,0,132.0,52.12,46.74166666666667
optionB_budget0.90_beta0.01_gamma0.10,carbonscaler_budget,ontario,58,0,131.0,50.86,22.308333333333334
optionB_budget0.90_beta0.01_gamma0.10,carbonscaler_budget,ontario,59,0,135.0,45.87,17.453333333333333
optionB_budget0.90_beta0.01_gamma0.10,carbonscaler_budget,ontario,60,0,132.0,38.4,15.573333333333332
optionB_budget0.90_beta0.01_gamma0.10,carbonscaler_budget,ontario,61,0,123.0,34.62,19.00166666666667
optionB_budget0.90_beta0.01_gamma0.10,carbonscaler_budget,ontario,62,0,119.0,33.74,29.050833333333333
optionB_budget0.90_beta0.01_gamma0.10,carbonscaler_budget,ontario,63,0,100.0,39.97,41.73500000000001
optionB_budget0.90_beta0.01_gamma0.10,carbonscaler_budget,ontario,64,0,91.0,49.4,51.74250000000001
optionB_budget0.90_beta0.01_gamma0.10,carbonscaler_budget,ontario,65,0,92.0,57.3,39.9225
optionB_budget0.90_beta0.01_gamma0.10,carbonscaler_budget,ontario,66,0,91.0,60.26,35.43
optionB_budget0.90_beta0.01_gamma0.10,carbonscaler_budget,ontario,67,0,102.0,50.96,33.013333333333335
optionB_budget0.90_beta0.01_gamma0.10,carbonscaler_budget,ontario,68,0,121.0,42.52,22.65416666666667
optionB_budget0.90_beta0.01_gamma0.10,carbonscaler_budget,ontario,69,0,128.0,42.16,29.563333333333333
optionB_budget0.90_beta0.01_gamma0.10,carbonscaler_budget,ontario,70,0,122.0,36.22,26.64
optionB_budget0.90_beta0.01_gamma0.10,carbonscaler_budget,ontario,71,0,113.0,34.01,24.523333333333337
optionB_budget0.90_beta0.01_gamma0.10,carbonscaler_budget,ontario,72,0,102.0,29.33,14.720833333333333
optionB_budget0.90_beta0.01_gamma0.10,carbonscaler_budget,ontario,73,0,90.0,25.27,8.13
optionB_budget0.90_beta0.01_gamma0.10,carbonscaler_budget,ontario,74,0,84.0,29.42,1.6991666666666667
optionB_budget0.90_beta0.01_gamma0.10,carbonscaler_budget,ontario,75,0,73.0,30.84,2.9633333333333334
optionB_budget0.90_beta0.01_gamma0.10,carbonscaler_budget,ontario,76,0,70.0,31.25,16.435833333333335
optionB_budget0.90_beta0.01_gamma0.10,carbonscaler_budget,ontario,77,1,61.0,35.81,126.48833333333334
optionB_budget0.90_beta0.01_gamma0.10,carbonscaler_budget,ontario,78,1,61.0,50.69,78.3725
optionB_budget0.90_beta0.01_gamma0.10,carbonscaler_budget,ontario,79,1,62.0,49.64,40.18916666666667
optionB_budget0.90_beta0.01_gamma0.10,carbonscaler_budget,ontario,80,0,67.0,43.2,35.16833333333333
optionB_budget0.90_beta0.01_gamma0.10,carbonscaler_budget,ontario,81,0,74.0,34.83,36.946666666666665
optionB_budget0.90_beta0.01_gamma0.10,carbonscaler_budget,ontario,82,0,97.0,33.46,48.73500000000001
optionB_budget0.90_beta0.01_gamma0.10,carbonscaler_budget,ontario,83,0,110.0,33.77,49.08416666666667
optionB_budget0.90_beta0.01_gamma0.10,carbonscaler_budget,ontario,84,0,105.0,34.25,60.63666666666666
optionB_budget0.90_beta0.01_gamma0.10,carbonscaler_budget,ontario,85,0,99.0,33.34,49.995
optionB_budget0.90_beta0.01_gamma0.10,carbonscaler_budget,ontario,86,0,94.0,33.49,80.68249999999999
optionB_budget0.90_beta0.01_gamma0.10,carbonscaler_budget,ontario,87,0,105.0,35.49,37.122499999999995
optionB_budget0.90_beta0.01_gamma0.10,carbonscaler_budget,ontario,88,0,101.0,39.92,30.870833333333334
optionB_budget0.90_beta0.01_gamma0.10,carbonscaler_budget,ontario,89,0,105.0,51.75,35.86666666666667
optionB_budget0.90_beta0.01_gamma0.10,carbonscaler_budget,ontario,90,0,102.0,53.87,41.671666666666674
optionB_budget0.90_beta0.01_gamma0.10,carbonscaler_budget,ontario,91,0,105.0,51.13,39.7125
optionB_budget0.90_beta0.01_gamma0.10,carbonscaler_budget,ontario,92,0,96.0,43.3,81.51666666666667
optionB_budget0.90_beta0.01_gamma0.10,carbonscaler_budget,ontario,93,0,88.0,34.09,73.72666666666667
optionB_budget0.90_beta0.01_gamma0.10,carbonscaler_budget,ontario,94,0,92.0,33.57,22.382499999999997
optionB_budget0.90_beta0.01_gamma0.10,carbonscaler_budget,ontario,95,0,99.0,25.92,14.896666666666667
optionB_budget0.90_beta0.01_gamma0.10,carbonscaler_budget,ontario,96,0,98.0,20.25,19.5625
optionB_budget0.90_beta0.01_gamma0.10,carbonscaler_budget,ontario,97,0,93.0,26.64,21.86916666666667
optionB_budget0.90_beta0.01_gamma0.10,carbonscaler_budget,ontario,98,0,81.0,26.35,10.735
optionB_budget0.90_beta0.01_gamma0.10,carbonscaler_budget,ontario,99,1,66.0,25.55,16.831666666666667
optionB_budget0.90_beta0.01_gamma0.10,carbonscaler_budget,ontario,100,1,56.0,32.85,22.901666666666667
optionB_budget0.90_beta0.01_gamma0.10,carbonscaler_budget,ontario,101,1,54.0,38.31,29.686666666666667
optionB_budget0.90_beta0.01_gamma0.10,carbonscaler_budget,ontario,102,1,54.0,61.06,48.30500000000001
optionB_budget0.90_beta0.01_gamma0.10,carbonscaler_budget,ontario,103,1,55.0,63.3,37.83083333333333
optionB_budget0.90_beta0.01_gamma0.10,carbonscaler_budget,ontario,104,1,60.0,49.64,28.733333333333334
optionB_budget0.90_beta0.01_gamma0.10,carbonscaler_budget,ontario,105,0,68.0,50.72,34.39
optionB_budget0.90_beta0.01_gamma0.10,carbonscaler_budget,ontario,106,0,83.0,43.94,33.968333333333334
optionB_budget0.90_beta0.01_gamma0.10,carbonscaler_budget,ontario,107,0,99.0,33.65,48.071666666666665
optionB_budget0.90_beta0.01_gamma0.10,carbonscaler_budget,ontario,108,0,96.0,33.16,33.02
optionB_budget0.90_beta0.01_gamma0.10,carbonscaler_budget,ontario,109,0,84.0,33.64,32.66
optionB_budget0.90_beta0.01_gamma0.10,carbonscaler_budget,ontario,110,0,93.0,33.81,14.861666666666666
optionB_budget0.90_beta0.01_gamma0.10,carbonscaler_budget,ontario,111,0,94.0,34.99,27.951666666666668
optionB_budget0.90_beta0.01_gamma0.10,carbonscaler_budget,ontario,112,0,106.0,49.27,33.82666666666667
optionB_budget0.90_beta0.01_gamma0.10,carbonscaler_budget,ontario,113,0,100.0,56.53,44.190000000000005
optionB_budget0.90_beta0.01_gamma0.10,carbonscaler_budget,ontario,114,0,97.0,61.98,64.0925
optionB_budget0.90_beta0.01_gamma0.10,carbonscaler_budget,ontario,115,0,85.0,65.2,57.855
optionB_budget0.90_beta0.01_gamma0.10,carbonscaler_budget,ontario,116,0,88.0,54.99,81.01
optionB_budget0.90_beta0.01_gamma0.10,carbonscaler_budget,ontario,117,0,93.0,51.87,85.02333333333333
optionB_budget0.90_beta0.01_gamma0.10,carbonscaler_budget,ontario,118,0,103.0,44.61,56.237500000000004
optionB_budget0.90_beta0.01_gamma0.10,carbonscaler_budget,ontario,119,0,112.0,35.48,40.678333333333335
optionB_budget0.90_beta0.01_gamma0.10,carbonscaler_budget,ontario,120,0,117.0,50.77,50.10583333333333
optionB_budget0.90_beta0.01_gamma0.10,carbonscaler_budget,ontario,121,0,119.0,44.81,49.906666666666666
optionB_budget0.90_beta0.01_gamma0.10,carbonscaler_budget,ontario,122,0,121.0,41.05,49.04916666666667
optionB_budget0.90_beta0.01_gamma0.10,carbonscaler_budget,ontario,123,0,120.0,36.4,42.1925
optionB_budget0.90_beta0.01_gamma0.10,carbonscaler_budget,ontario,124,0,108.0,39.47,40.28333333333334
optionB_budget0.90_beta0.01_gamma0.10,carbonscaler_budget,ontario,125,0,105.0,48.66,40.70166666666667
optionB_budget0.90_beta0.01_gamma0.10,carbonscaler_budget,ontario,126,0,105.0,55.67,33.23416666666667
optionB_budget0.90_beta0.01_gamma0.10,carbonscaler_budget,ontario,127,0,101.0,50.09,32.46333333333333
optionB_budget0.90_beta0.01_gamma0.10,carbonscaler_budget,ontario,128,0,91.0,41.62,28.154999999999998
optionB_budget0.90_beta0.01_gamma0.10,carbonscaler_budget,ontario,129,0,87.0,41.6,18.684166666666666
optionB_budget0.90_beta0.01_gamma0.10,carbonscaler_budget,ontario,130,0,89.0,40.42,35.85
optionB_budget0.90_beta0.01_gamma0.10,carbonscaler_budget,ontario,131,0,83.0,37.73,25.226666666666663
optionB_budget0.90_beta0.01_gamma0.10,carbonscaler_budget,ontario,132,0,80.0,33.78,31.930000000000003
optionB_budget0.90_beta0.01_gamma0.10,carbonscaler_budget,ontario,133,0,77.0,33.67,11.112499999999999
optionB_budget0.90_beta0.01_gamma0.10,carbonscaler_budget,ontario,134,0,72.0,33.04,1.5358333333333334
optionB_budget0.90_beta0.01_gamma0.10,carbonscaler_budget,ontario,135,0,82.0,33.9,4.765833333333333
optionB_budget0.90_beta0.01_gamma0.10,carbonscaler_budget,ontario,136,0,77.0,37.62,11.858333333333334
optionB_budget0.90_beta0.01_gamma0.10,carbonscaler_budget,ontario,137,0,80.0,51.24,25.142500000000002
optionB_budget0.90_beta0.01_gamma0.10,carbonscaler_budget,ontario,138,0,76.0,59.05,41.8525
optionB_budget0.90_beta0.01_gamma0.10,carbonscaler_budget,ontario,139,0,75.0,59.44,50.66416666666667
optionB_budget0.90_beta0.01_gamma0.10,carbonscaler_budget,ontario,140,0,75.0,50.49,49.836666666666666
optionB_budget0.90_beta0.01_gamma0.10,carbonscaler_budget,ontario,141,0,72.0,39.53,41.318333333333335
optionB_budget0.90_beta0.01_gamma0.10,carbonscaler_budget,ontario,142,0,73.0,35.54,43.805
optionB_budget0.90_beta0.01_gamma0.10,carbonscaler_budget,ontario,143,0,87.0,33.98,25.075000000000003
optionB_budget0.90_beta0.01_gamma0.10,carbonscaler_budget,ontario,144,0,95.0,36.79,34.35333333333333
optionB_budget0.90_beta0.01_gamma0.10,carbonscaler_budget,ontario,145,0,94.0,34.4,26.6925
optionB_budget0.90_beta0.01_gamma0.10,carbonscaler_budget,ontario,146,0,91.0,35.47,48.468333333333334
optionB_budget0.90_beta0.01_gamma0.10,carbonscaler_budget,ontario,147,0,88.0,34.36,54.5375
optionB_budget0.90_beta0.01_gamma0.10,carbonscaler_budget,ontario,148,0,73.0,37.11,51.11166666666667
optionB_budget0.90_beta0.01_gamma0.10,carbonscaler_budget,ontario,149,1,61.0,42.79,50.39833333333333
optionB_budget0.90_beta0.01_gamma0.10,carbonscaler_budget,ontario,150,1,52.0,47.76,51.104166666666664
optionB_budget0.90_beta0.01_gamma0.10,carbonscaler_budget,ontario,151,1,62.0,40.18,37.81666666666667
optionB_budget0.90_beta0.01_gamma0.10,carbonscaler_budget,ontario,152,0,70.0,33.89,37.10916666666667
optionB_budget0.90_beta0.01_gamma0.10,carbonscaler_budget,ontario,153,0,68.0,33.36,21.173333333333336
optionB_budget0.90_beta0.01_gamma0.10,carbonscaler_budget,ontario,154,1,66.0,31.41,6.423333333333333
optionB_budget0.90_beta0.01_gamma0.10,carbonscaler_budget,ontario,155,1,68.0,28.78,9.073333333333332
optionB_budget0.90_beta0.01_gamma0.10,carbonscaler_budget,ontario,156,1,61.0,26.25,15.920833333333334
optionB_budget0.90_beta0.01_gamma0.10,carbonscaler_budget,ontario,157,1,55.0,20.77,20.026666666666667
optionB_budget0.90_beta0.01_gamma0.10,carbonscaler_budget,ontario,158,2,52.0,23.43,15.846666666666666
optionB_budget0.90_beta0.01_gamma0.10,carbonscaler_budget,ontario,159,2,53.0,28.38,21.236666666666668
optionB_budget0.90_beta0.01_gamma0.10,carbonscaler_budget,ontario,160,1,53.0,37.9,47.1975
optionB_budget0.90_beta0.01_gamma0.10,carbonscaler_budget,ontario,161,1,52.0,50.42,60.70416666666667
optionB_budget0.90_beta0.01_gamma0.10,carbonscaler_budget,ontario,162,1,51.0,56.41,40.975
optionB_budget0.90_beta0.01_gamma0.10,carbonscaler_budget,ontario,163,1,52.0,55.68,43.34166666666667
optionB_budget0.90_beta0.01_gamma0.10,carbonscaler_budget,ontario,164,1,56.0,46.19,37.44916666666667
optionB_budget0.90_beta0.01_gamma0.10,carbonscaler_budget,ontario,165,0,73.0,35.74,34.56166666666667
optionB_budget0.90_beta0.01_gamma0.10,carbonscaler_budget,ontario,166,0,80.0,35.59,37.74583333333333
optionB_budget0.90_beta0.01_gamma0.10,carbonscaler_budget,ontario,167,0,77.0,35.8,22.585833333333337
optionB_budget0.90_beta0.01_gamma0.25,carbonscaler_budget,ontario,0,0,96.0,34.12,35.80416666666667
optionB_budget0.90_beta0.01_gamma0.25,carbonscaler_budget,ontario,1,0,93.0,33.93,32.50666666666667
optionB_budget0.90_beta0.01_gamma0.25,carbonscaler_budget,ontario,2,0,91.0,32.78,29.21166666666667
optionB_budget0.90_beta0.01_gamma0.25,carbonscaler_budget,ontario,3,0,82.0,32.88,36.03666666666667
optionB_budget0.90_beta0.01_gamma0.25,carbonscaler_budget,ontario,4,0,78.0,32.86,25.73
optionB_budget0.90_beta0.01_gamma0.25,carbonscaler_budget,ontario,5,0,81.0,40.47,45.36666666666667
optionB_budget0.90_beta0.01_gamma0.25,carbonscaler_budget,ontario,6,0,77.0,52.14,102.27499999999999
optionB_budget0.90_beta0.01_gamma0.25,carbonscaler_budget,ontario,7,0,71.0,66.48,53.160000000000004
optionB_budget0.90_beta0.01_gamma0.25,carbonscaler_budget,ontario,8,0,81.0,51.82,53.555
optionB_budget0.90_beta0.01_gamma0.25,carbonscaler_budget,ontario,9,0,83.0,44.14,36.879999999999995
optionB_budget0.90_beta0.01_gamma0.25,carbonscaler_budget,ontario,10,0,104.0,36.6,38.26083333333334
optionB_budget0.90_beta0.01_gamma0.25,carbonscaler_budget,ontario,11,0,117.0,35.22,40.7575
optionB_budget0.90_beta0.01_gamma0.25,carbonscaler_budget,ontario,12,0,114.0,34.66,38.3575
optionB_budget0.90_beta0.01_gamma0.25,carbonscaler_budget,ontario,13,0,112.0,32.23,34.17666666666667
optionB_budget0.90_beta0.01_gamma0.25,carbonscaler_budget,ontario,14,0,103.0,33.76,26.48
optionB_budget0.90_beta0.01_gamma0.25,carbonscaler_budget,ontario,15,0,98.0,34.79,36.7575
optionB_budget0.90_beta0.01_gamma0.25,carbonscaler_budget,ontario,16,0,104.0,36.54,76.7375
optionB_budget0.90_beta0.01_gamma0.25,carbonscaler_budget,ontario,17,0,101.0,54.15,153.96083333333334
optionB_budget0.90_beta0.01_gamma0.25,carbonscaler_budget,ontario,18,0,104.0,72.5,138.94416666666666
optionB_budget0.90_beta0.01_gamma0.25,carbonscaler_budget,ontario,19,0,90.0,80.22,252.46333333333334
optionB_budget0.90_beta0.01_gamma0.25,carbonscaler_budget,ontario,20,0,91.0,54.11,179.91
optionB_budget0.90_beta0.01_gamma0.25,carbonscaler_budget,ontario,21,0,112.0,45.86,373.7825
optionB_budget0.90_beta0.01_gamma0.25,carbonscaler_budget,ontario,22,0,119.0,45.59,72.18666666666665
optionB_budget0.90_beta0.01_gamma0.25,carbonscaler_budget,ontario,23,0,122.0,36.35,43.05083333333334
optionB_budget0.90_beta0.01_gamma0.25,carbonscaler_budget,ontario,24,0,128.0,49.5,50.95249999999999
optionB_budget0.90_beta0.01_gamma0.25,carbonscaler_budget,ontario,25,0,126.0,50.56,53.87166666666667
optionB_budget0.90_beta0.01_gamma0.25,carbonscaler_budget,ontario,26,0,131.0,50.09,53.149166666666666
optionB_budget0.90_beta0.01_gamma0.25,carbonscaler_budget,ontario,27,0,133.0,49.92,51.583333333333336
optionB_budget0.90_beta0.01_gamma0.25,carbonscaler_budget,ontario,28,0,130.0,50.55,55.78916666666667
optionB_budget0.90_beta0.01_gamma0.25,carbonscaler_budget,ontario,29,0,135.0,58.51,55.83583333333333
optionB_budget0.90_beta0.01_gamma0.25,carbonscaler_budget,ontario,30,0,139.0,92.97,167.33333333333334
optionB_budget0.90_beta0.01_gamma0.25,carbonscaler_budget,ontario,31,0,137.0,71.53,38.432500000000005
optionB_budget0.90_beta0.01_gamma0.25,carbonscaler_budget,ontario,32,0,139.0,53.23,30.5325
optionB_budget0.90_beta0.01_gamma0.25,carbonscaler_budget,ontario,33,0,140.0,35.6,18.877499999999998
optionB_budget0.90_beta0.01_gamma0.25,carbonscaler_budget,ontario,34,0,140.0,29.4,19.4025
optionB_budget0.90_beta0.01_gamma0.25,carbonscaler_budget,ontario,35,0,149.0,27.13,22.310000000000002
optionB_budget0.90_beta0.01_gamma0.25,carbonscaler_budget,ontario,36,0,136.0,23.38,20.80333333333333
optionB_budget0.90_beta0.01_gamma0.25,carbonscaler_budget,ontario,37,0,120.0,21.95,21.33583333333333
optionB_budget0.90_beta0.01_gamma0.25,carbonscaler_budget,ontario,38,0,103.0,27.25,16.563333333333333
optionB_budget0.90_beta0.01_gamma0.25,carbonscaler_budget,ontario,39,0,100.0,33.03,31.710833333333337
optionB_budget0.90_beta0.01_gamma0.25,carbonscaler_budget,ontario,40,0,105.0,42.56,46.28416666666667
optionB_budget0.90_beta0.01_gamma0.25,carbonscaler_budget,ontario,41,0,100.0,59.51,61.23500000000001
optionB_budget0.90_beta0.01_gamma0.25,carbonscaler_budget,ontario,42,0,103.0,75.66,40.50416666666667
optionB_budget0.90_beta0.01_gamma0.25,carbonscaler_budget,ontario,43,0,97.0,71.03,47.211666666666666
optionB_budget0.90_beta0.01_gamma0.25,carbonscaler_budget,ontario,44,0,114.0,54.71,45.3975
optionB_budget0.90_beta0.01_gamma0.25,carbonscaler_budget,ontario,45,0,131.0,45.67,41.26166666666666
optionB_budget0.90_beta0.01_gamma0.25,carbonscaler_budget,ontario,46,0,141.0,42.05,44.14083333333334
optionB_budget0.90_beta0.01_gamma0.25,carbonscaler_budget,ontario,47,0,138.0,37.7,31.816666666666666
optionB_budget0.90_beta0.01_gamma0.25,carbonscaler_budget,ontario,48,0,141.0,50.05,27.543333333333333
optionB_budget0.90_beta0.01_gamma0.25,carbonscaler_budget,ontario,49,0,140.0,49.87,38.13
optionB_budget0.90_beta0.01_gamma0.25,carbonscaler_budget,ontario,50,0,139.0,48.33,34.494166666666665
optionB_budget0.90_beta0.01_gamma0.25,carbonscaler_budget,ontario,51,0,138.0,48.46,47.105
optionB_budget0.90_beta0.01_gamma0.25,carbonscaler_budget,ontario,52,0,121.0,46.68,45.96666666666667
optionB_budget0.90_beta0.01_gamma0.25,carbonscaler_budget,ontario,53,0,109.0,61.85,36.67333333333333
optionB_budget0.90_beta0.01_gamma0.25,carbonscaler_budget,ontario,54,0,119.0,96.77,43.79
optionB_budget0.90_beta0.01_gamma0.25,carbonscaler_budget,ontario,55,0,122.0,84.26,39.11666666666667
optionB_budget0.90_beta0.01_gamma0.25,carbonscaler_budget,ontario,56,0,131.0,57.34,46.31
optionB_budget0.90_beta0.01_gamma0.25,carbonscaler_budget,ontario,57,0,132.0,52.12,46.74166666666667
optionB_budget0.90_beta0.01_gamma0.25,carbonscaler_budget,ontario,58,0,131.0,50.86,22.308333333333334
optionB_budget0.90_beta0.01_gamma0.25,carbonscaler_budget,ontario,59,0,135.0,45.87,17.453333333333333
optionB_budget0.90_beta0.01_gamma0.25,carbonscaler_budget,ontario,60,0,132.0,38.4,15.573333333333332
optionB_budget0.90_beta0.01_gamma0.25,carbonscaler_budget,ontario,61,0,123.0,34.62,19.00166666666667
optionB_budget0.90_beta0.01_gamma0.25,carbonscaler_budget,ontario,62,0,119.0,33.74,29.050833333333333
optionB_budget0.90_beta0.01_gamma0.25,carbonscaler_budget,ontario,63,0,100.0,39.97,41.73500000000001
optionB_budget0.90_beta0.01_gamma0.25,carbonscaler_budget,ontario,64,0,91.0,49.4,51.74250000000001
optionB_budget0.90_beta0.01_gamma0.25,carbonscaler_budget,ontario,65,0,92.0,57.3,39.9225
optionB_budget0.90_beta0.01_gamma0.25,carbonscaler_budget,ontario,66,0,91.0,60.26,35.43
optionB_budget0.90_beta0.01_gamma0.25,carbonscaler_budget,ontario,67,0,102.0,50.96,33.013333333333335
optionB_budget0.90_beta0.01_gamma0.25,carbonscaler_budget,ontario,68,0,121.0,42.52,22.65416666666667
optionB_budget0.90_beta0.01_gamma0.25,carbonscaler_budget,ontario,69,0,128.0,42.16,29.563333333333333
optionB_budget0.90_beta0.01_gamma0.25,carbonscaler_budget,ontario,70,0,122.0,36.22,26.64
optionB_budget0.90_beta0.01_gamma0.25,carbonscaler_budget,ontario,71,0,113.0,34.01,24.523333333333337
optionB_budget0.90_beta0.01_gamma0.25,carbonscaler_budget,ontario,72,0,102.0,29.33,14.720833333333333
optionB_budget0.90_beta0.01_gamma0.25,carbonscaler_budget,ontario,73,0,90.0,25.27,8.13
optionB_budget0.90_beta0.01_gamma0.25,carbonscaler_budget,ontario,74,0,84.0,29.42,1.6991666666666667
optionB_budget0.90_beta0.01_gamma0.25,carbonscaler_budget,ontario,75,0,73.0,30.84,2.9633333333333334
optionB_budget0.90_beta0.01_gamma0.25,carbonscaler_budget,ontario,76,0,70.0,31.25,16.435833333333335
optionB_budget0.90_beta0.01_gamma0.25,carbonscaler_budget,ontario,77,1,61.0,35.81,126.48833333333334
optionB_budget0.90_beta0.01_gamma0.25,carbonscaler_budget,ontario,78,1,61.0,50.69,78.3725
optionB_budget0.90_beta0.01_gamma0.25,carbonscaler_budget,ontario,79,1,62.0,49.64,40.18916666666667
optionB_budget0.90_beta0.01_gamma0.25,carbonscaler_budget,ontario,80,0,67.0,43.2,35.16833333333333
optionB_budget0.90_beta0.01_gamma0.25,carbonscaler_budget,ontario,81,0,74.0,34.83,36.946666666666665
optionB_budget0.90_beta0.01_gamma0.25,carbonscaler_budget,ontario,82,0,97.0,33.46,48.73500000000001
optionB_budget0.90_beta0.01_gamma0.25,carbonscaler_budget,ontario,83,0,110.0,33.77,49.08416666666667
optionB_budget0.90_beta0.01_gamma0.25,carbonscaler_budget,ontario,84,0,105.0,34.25,60.63666666666666
optionB_budget0.90_beta0.01_gamma0.25,carbonscaler_budget,ontario,85,0,99.0,33.34,49.995
optionB_budget0.90_beta0.01_gamma0.25,carbonscaler_budget,ontario,86,0,94.0,33.49,80.68249999999999
optionB_budget0.90_beta0.01_gamma0.25,carbonscaler_budget,ontario,87,0,105.0,35.49,37.122499999999995
optionB_budget0.90_beta0.01_gamma0.25,carbonscaler_budget,ontario,88,0,101.0,39.92,30.870833333333334
optionB_budget0.90_beta0.01_gamma0.25,carbonscaler_budget,ontario,89,0,105.0,51.75,35.86666666666667
optionB_budget0.90_beta0.01_gamma0.25,carbonscaler_budget,ontario,90,0,102.0,53.87,41.671666666666674
optionB_budget0.90_beta0.01_gamma0.25,carbonscaler_budget,ontario,91,0,105.0,51.13,39.7125
optionB_budget0.90_beta0.01_gamma0.25,carbonscaler_budget,ontario,92,0,96.0,43.3,81.51666666666667
optionB_budget0.90_beta0.01_gamma0.25,carbonscaler_budget,ontario,93,0,88.0,34.09,73.72666666666667
optionB_budget0.90_beta0.01_gamma0.25,carbonscaler_budget,ontario,94,0,92.0,33.57,22.382499999999997
optionB_budget0.90_beta0.01_gamma0.25,carbonscaler_budget,ontario,95,0,99.0,25.92,14.896666666666667
optionB_budget0.90_beta0.01_gamma0.25,carbonscaler_budget,ontario,96,0,98.0,20.25,19.5625
optionB_budget0.90_beta0.01_gamma0.25,carbonscaler_budget,ontario,97,0,93.0,26.64,21.86916666666667
optionB_budget0.90_beta0.01_gamma0.25,carbonscaler_budget,ontario,98,0,81.0,26.35,10.735
optionB_budget0.90_beta0.01_gamma0.25,carbonscaler_budget,ontario,99,1,66.0,25.55,16.831666666666667
optionB_budget0.90_beta0.01_gamma0.25,carbonscaler_budget,ontario,100,1,56.0,32.85,22.901666666666667
optionB_budget0.90_beta0.01_gamma0.25,carbonscaler_budget,ontario,101,1,54.0,38.31,29.686666666666667
optionB_budget0.90_beta0.01_gamma0.25,carbonscaler_budget,ontario,102,1,54.0,61.06,48.30500000000001
optionB_budget0.90_beta0.01_gamma0.25,carbonscaler_budget,ontario,103,1,55.0,63.3,37.83083333333333
optionB_budget0.90_beta0.01_gamma0.25,carbonscaler_budget,ontario,104,1,60.0,49.64,28.733333333333334
optionB_budget0.90_beta0.01_gamma0.25,carbonscaler_budget,ontario,105,0,68.0,50.72,34.39
optionB_budget0.90_beta0.01_gamma0.25,carbonscaler_budget,ontario,106,0,83.0,43.94,33.968333333333334
optionB_budget0.90_beta0.01_gamma0.25,carbonscaler_budget,ontario,107,0,99.0,33.65,48.071666666666665
optionB_budget0.90_beta0.01_gamma0.25,carbonscaler_budget,ontario,108,0,96.0,33.16,33.02
optionB_budget0.90_beta0.01_gamma0.25,carbonscaler_budget,ontario,109,0,84.0,33.64,32.66
optionB_budget0.90_beta0.01_gamma0.25,carbonscaler_budget,ontario,110,0,93.0,33.81,14.861666666666666
optionB_budget0.90_beta0.01_gamma0.25,carbonscaler_budget,ontario,111,0,94.0,34.99,27.951666666666668
optionB_budget0.90_beta0.01_gamma0.25,carbonscaler_budget,ontario,112,0,106.0,49.27,33.82666666666667
optionB_budget0.90_beta0.01_gamma0.25,carbonscaler_budget,ontario,113,0,100.0,56.53,44.190000000000005
optionB_budget0.90_beta0.01_gamma0.25,carbonscaler_budget,ontario,114,0,97.0,61.98,64.0925
optionB_budget0.90_beta0.01_gamma0.25,carbonscaler_budget,ontario,115,0,85.0,65.2,57.855
optionB_budget0.90_beta0.01_gamma0.25,carbonscaler_budget,ontario,116,0,88.0,54.99,81.01
optionB_budget0.90_beta0.01_gamma0.25,carbonscaler_budget,ontario,117,0,93.0,51.87,85.02333333333333
optionB_budget0.90_beta0.01_gamma0.25,carbonscaler_budget,ontario,118,0,103.0,44.61,56.237500000000004
optionB_budget0.90_beta0.01_gamma0.25,carbonscaler_budget,ontario,119,0,112.0,35.48,40.678333333333335
optionB_budget0.90_beta0.01_gamma0.25,carbonscaler_budget,ontario,120,0,117.0,50.77,50.10583333333333
optionB_budget0.90_beta0.01_gamma0.25,carbonscaler_budget,ontario,121,0,119.0,44.81,49.906666666666666
optionB_budget0.90_beta0.01_gamma0.25,carbonscaler_budget,ontario,122,0,121.0,41.05,49.04916666666667
optionB_budget0.90_beta0.01_gamma0.25,carbonscaler_budget,ontario,123,0,120.0,36.4,42.1925
optionB_budget0.90_beta0.01_gamma0.25,carbonscaler_budget,ontario,124,0,108.0,39.47,40.28333333333334
optionB_budget0.90_beta0.01_gamma0.25,carbonscaler_budget,ontario,125,0,105.0,48.66,40.70166666666667
optionB_budget0.90_beta0.01_gamma0.25,carbonscaler_budget,ontario,126,0,105.0,55.67,33.23416666666667
optionB_budget0.90_beta0.01_gamma0.25,carbonscaler_budget,ontario,127,0,101.0,50.09,32.46333333333333
optionB_budget0.90_beta0.01_gamma0.25,carbonscaler_budget,ontario,128,0,91.0,41.62,28.154999999999998
optionB_budget0.90_beta0.01_gamma0.25,carbonscaler_budget,ontario,129,0,87.0,41.6,18.684166666666666
optionB_budget0.90_beta0.01_gamma0.25,carbonscaler_budget,ontario,130,0,89.0,40.42,35.85
optionB_budget0.90_beta0.01_gamma0.25,carbonscaler_budget,ontario,131,0,83.0,37.73,25.226666666666663
optionB_budget0.90_beta0.01_gamma0.25,carbonscaler_budget,ontario,132,0,80.0,33.78,31.930000000000003
optionB_budget0.90_beta0.01_gamma0.25,carbonscaler_budget,ontario,133,0,77.0,33.67,11.112499999999999
optionB_budget0.90_beta0.01_gamma0.25,carbonscaler_budget,ontario,134,0,72.0,33.04,1.5358333333333334
optionB_budget0.90_beta0.01_gamma0.25,carbonscaler_budget,ontario,135,0,82.0,33.9,4.765833333333333
optionB_budget0.90_beta0.01_gamma0.25,carbonscaler_budget,ontario,136,0,77.0,37.62,11.858333333333334
optionB_budget0.90_beta0.01_gamma0.25,carbonscaler_budget,ontario,137,0,80.0,51.24,25.142500000000002
optionB_budget0.90_beta0.01_gamma0.25,carbonscaler_budget,ontario,138,0,76.0,59.05,41.8525
optionB_budget0.90_beta0.01_gamma0.25,carbonscaler_budget,ontario,139,0,75.0,59.44,50.66416666666667
optionB_budget0.90_beta0.01_gamma0.25,carbonscaler_budget,ontario,140,0,75.0,50.49,49.836666666666666
optionB_budget0.90_beta0.01_gamma0.25,carbonscaler_budget,ontario,141,0,72.0,39.53,41.318333333333335
optionB_budget0.90_beta0.01_gamma0.25,carbonscaler_budget,ontario,142,0,73.0,35.54,43.805
optionB_budget0.90_beta0.01_gamma0.25,carbonscaler_budget,ontario,143,0,87.0,33.98,25.075000000000003
optionB_budget0.90_beta0.01_gamma0.25,carbonscaler_budget,ontario,144,0,95.0,36.79,34.35333333333333
optionB_budget0.90_beta0.01_gamma0.25,carbonscaler_budget,ontario,145,0,94.0,34.4,26.6925
optionB_budget0.90_beta0.01_gamma0.25,carbonscaler_budget,ontario,146,0,91.0,35.47,48.468333333333334
optionB_budget0.90_beta0.01_gamma0.25,carbonscaler_budget,ontario,147,0,88.0,34.36,54.5375
optionB_budget0.90_beta0.01_gamma0.25,carbonscaler_budget,ontario,148,0,73.0,37.11,51.11166666666667
optionB_budget0.90_beta0.01_gamma0.25,carbonscaler_budget,ontario,149,1,61.0,42.79,50.39833333333333
optionB_budget0.90_beta0.01_gamma0.25,carbonscaler_budget,ontario,150,1,52.0,47.76,51.104166666666664
optionB_budget0.90_beta0.01_gamma0.25,carbonscaler_budget,ontario,151,1,62.0,40.18,37.81666666666667
optionB_budget0.90_beta0.01_gamma0.25,carbonscaler_budget,ontario,152,0,70.0,33.89,37.10916666666667
optionB_budget0.90_beta0.01_gamma0.25,carbonscaler_budget,ontario,153,0,68.0,33.36,21.173333333333336
optionB_budget0.90_beta0.01_gamma0.25,carbonscaler_budget,ontario,154,1,66.0,31.41,6.423333333333333
optionB_budget0.90_beta0.01_gamma0.25,carbonscaler_budget,ontario,155,1,68.0,28.78,9.073333333333332
optionB_budget0.90_beta0.01_gamma0.25,carbonscaler_budget,ontario,156,1,61.0,26.25,15.920833333333334
optionB_budget0.90_beta0.01_gamma0.25,carbonscaler_budget,ontario,157,1,55.0,20.77,20.026666666666667
optionB_budget0.90_beta0.01_gamma0.25,carbonscaler_budget,ontario,158,2,52.0,23.43,15.846666666666666
optionB_budget0.90_beta0.01_gamma0.25,carbonscaler_budget,ontario,159,2,53.0,28.38,21.236666666666668
optionB_budget0.90_beta0.01_gamma0.25,carbonscaler_budget,ontario,160,1,53.0,37.9,47.1975
optionB_budget0.90_beta0.01_gamma0.25,carbonscaler_budget,ontario,161,1,52.0,50.42,60.70416666666667
optionB_budget0.90_beta0.01_gamma0.25,carbonscaler_budget,ontario,162,1,51.0,56.41,40.975
optionB_budget0.90_beta0.01_gamma0.25,carbonscaler_budget,ontario,163,1,52.0,55.68,43.34166666666667
optionB_budget0.90_beta0.01_gamma0.25,carbonscaler_budget,ontario,164,1,56.0,46.19,37.44916666666667
optionB_budget0.90_beta0.01_gamma0.25,carbonscaler_budget,ontario,165,0,73.0,35.74,34.56166666666667
optionB_budget0.90_beta0.01_gamma0.25,carbonscaler_budget,ontario,166,0,80.0,35.59,37.74583333333333
optionB_budget0.90_beta0.01_gamma0.25,carbonscaler_budget,ontario,167,0,77.0,35.8,22.585833333333337
optionB_budget0.90_beta0.01_gamma0.50,carbonscaler_budget,ontario,0,0,96.0,34.12,35.80416666666667
optionB_budget0.90_beta0.01_gamma0.50,carbonscaler_budget,ontario,1,0,93.0,33.93,32.50666666666667
optionB_budget0.90_beta0.01_gamma0.50,carbonscaler_budget,ontario,2,0,91.0,32.78,29.21166666666667
optionB_budget0.90_beta0.01_gamma0.50,carbonscaler_budget,ontario,3,0,82.0,32.88,36.03666666666667
optionB_budget0.90_beta0.01_gamma0.50,carbonscaler_budget,ontario,4,0,78.0,32.86,25.73
optionB_budget0.90_beta0.01_gamma0.50,carbonscaler_budget,ontario,5,0,81.0,40.47,45.36666666666667
optionB_budget0.90_beta0.01_gamma0.50,carbonscaler_budget,ontario,6,0,77.0,52.14,102.27499999999999
optionB_budget0.90_beta0.01_gamma0.50,carbonscaler_budget,ontario,7,0,71.0,66.48,53.160000000000004
optionB_budget0.90_beta0.01_gamma0.50,carbonscaler_budget,ontario,8,0,81.0,51.82,53.555
optionB_budget0.90_beta0.01_gamma0.50,carbonscaler_budget,ontario,9,0,83.0,44.14,36.879999999999995
optionB_budget0.90_beta0.01_gamma0.50,carbonscaler_budget,ontario,10,0,104.0,36.6,38.26083333333334
optionB_budget0.90_beta0.01_gamma0.50,carbonscaler_budget,ontario,11,0,117.0,35.22,40.7575
optionB_budget0.90_beta0.01_gamma0.50,carbonscaler_budget,ontario,12,0,114.0,34.66,38.3575
optionB_budget0.90_beta0.01_gamma0.50,carbonscaler_budget,ontario,13,0,112.0,32.23,34.17666666666667
optionB_budget0.90_beta0.01_gamma0.50,carbonscaler_budget,ontario,14,0,103.0,33.76,26.48
optionB_budget0.90_beta0.01_gamma0.50,carbonscaler_budget,ontario,15,0,98.0,34.79,36.7575
optionB_budget0.90_beta0.01_gamma0.50,carbonscaler_budget,ontario,16,0,104.0,36.54,76.7375
optionB_budget0.90_beta0.01_gamma0.50,carbonscaler_budget,ontario,17,0,101.0,54.15,153.96083333333334
optionB_budget0.90_beta0.01_gamma0.50,carbonscaler_budget,ontario,18,0,104.0,72.5,138.94416666666666
optionB_budget0.90_beta0.01_gamma0.50,carbonscaler_budget,ontario,19,0,90.0,80.22,252.46333333333334
optionB_budget0.90_beta0.01_gamma0.50,carbonscaler_budget,ontario,20,0,91.0,54.11,179.91
optionB_budget0.90_beta0.01_gamma0.50,carbonscaler_budget,ontario,21,0,112.0,45.86,373.7825
optionB_budget0.90_beta0.01_gamma0.50,carbonscaler_budget,ontario,22,0,119.0,45.59,72.18666666666665
optionB_budget0.90_beta0.01_gamma0.50,carbonscaler_budget,ontario,23,0,122.0,36.35,43.05083333333334
optionB_budget0.90_beta0.01_gamma0.50,carbonscaler_budget,ontario,24,0,128.0,49.5,50.95249999999999
optionB_budget0.90_beta0.01_gamma0.50,carbonscaler_budget,ontario,25,0,126.0,50.56,53.87166666666667
optionB_budget0.90_beta0.01_gamma0.50,carbonscaler_budget,ontario,26,0,131.0,50.09,53.149166666666666
optionB_budget0.90_beta0.01_gamma0.50,carbonscaler_budget,ontario,27,0,133.0,49.92,51.583333333333336
optionB_budget0.90_beta0.01_gamma0.50,carbonscaler_budget,ontario,28,0,130.0,50.55,55.78916666666667
optionB_budget0.90_beta0.01_gamma0.50,carbonscaler_budget,ontario,29,0,135.0,58.51,55.83583333333333
optionB_budget0.90_beta0.01_gamma0.50,carbonscaler_budget,ontario,30,0,139.0,92.97,167.33333333333334
optionB_budget0.90_beta0.01_gamma0.50,carbonscaler_budget,ontario,31,0,137.0,71.53,38.432500000000005
optionB_budget0.90_beta0.01_gamma0.50,carbonscaler_budget,ontario,32,0,139.0,53.23,30.5325
optionB_budget0.90_beta0.01_gamma0.50,carbonscaler_budget,ontario,33,0,140.0,35.6,18.877499999999998
optionB_budget0.90_beta0.01_gamma0.50,carbonscaler_budget,ontario,34,0,140.0,29.4,19.4025
optionB_budget0.90_beta0.01_gamma0.50,carbonscaler_budget,ontario,35,0,149.0,27.13,22.310000000000002
optionB_budget0.90_beta0.01_gamma0.50,carbonscaler_budget,ontario,36,0,136.0,23.38,20.80333333333333
optionB_budget0.90_beta0.01_gamma0.50,carbonscaler_budget,ontario,37,0,120.0,21.95,21.33583333333333
optionB_budget0.90_beta0.01_gamma0.50,carbonscaler_budget,ontario,38,0,103.0,27.25,16.563333333333333
optionB_budget0.90_beta0.01_gamma0.50,carbonscaler_budget,ontario,39,0,100.0,33.03,31.710833333333337
optionB_budget0.90_beta0.01_gamma0.50,carbonscaler_budget,ontario,40,0,105.0,42.56,46.28416666666667
optionB_budget0.90_beta0.01_gamma0.50,carbonscaler_budget,ontario,41,0,100.0,59.51,61.23500000000001
optionB_budget0.90_beta0.01_gamma0.50,carbonscaler_budget,ontario,42,0,103.0,75.66,40.50416666666667
optionB_budget0.90_beta0.01_gamma0.50,carbonscaler_budget,ontario,43,0,97.0,71.03,47.211666666666666
optionB_budget0.90_beta0.01_gamma0.50,carbonscaler_budget,ontario,44,0,114.0,54.71,45.3975
optionB_budget0.90_beta0.01_gamma0.50,carbonscaler_budget,ontario,45,0,131.0,45.67,41.26166666666666
optionB_budget0.90_beta0.01_gamma0.50,carbonscaler_budget,ontario,46,0,141.0,42.05,44.14083333333334
optionB_budget0.90_beta0.01_gamma0.50,carbonscaler_budget,ontario,47,0,138.0,37.7,31.816666666666666
optionB_budget0.90_beta0.01_gamma0.50,carbonscaler_budget,ontario,48,0,141.0,50.05,27.543333333333333
optionB_budget0.90_beta0.01_gamma0.50,carbonscaler_budget,ontario,49,0,140.0,49.87,38.13
optionB_budget0.90_beta0.01_gamma0.50,carbonscaler_budget,ontario,50,0,139.0,48.33,34.494166666666665
optionB_budget0.90_beta0.01_gamma0.50,carbonscaler_budget,ontario,51,0,138.0,48.46,47.105
optionB_budget0.90_beta0.01_gamma0.50,carbonscaler_budget,ontario,52,0,121.0,46.68,45.96666666666667
optionB_budget0.90_beta0.01_gamma0.50,carbonscaler_budget,ontario,53,0,109.0,61.85,36.67333333333333
optionB_budget0.90_beta0.01_gamma0.50,carbonscaler_budget,ontario,54,0,119.0,96.77,43.79
optionB_budget0.90_beta0.01_gamma0.50,carbonscaler_budget,ontario,55,0,122.0,84.26,39.11666666666667
optionB_budget0.90_beta0.01_gamma0.50,carbonscaler_budget,ontario,56,0,131.0,57.34,46.31
optionB_budget0.90_beta0.01_gamma0.50,carbonscaler_budget,ontario,57,0,132.0,52.12,46.74166666666667
optionB_budget0.90_beta0.01_gamma0.50,carbonscaler_budget,ontario,58,0,131.0,50.86,22.308333333333334
optionB_budget0.90_beta0.01_gamma0.50,carbonscaler_budget,ontario,59,0,135.0,45.87,17.453333333333333
optionB_budget0.90_beta0.01_gamma0.50,carbonscaler_budget,ontario,60,0,132.0,38.4,15.573333333333332
optionB_budget0.90_beta0.01_gamma0.50,carbonscaler_budget,ontario,61,0,123.0,34.62,19.00166666666667
optionB_budget0.90_beta0.01_gamma0.50,carbonscaler_budget,ontario,62,0,119.0,33.74,29.050833333333333
optionB_budget0.90_beta0.01_gamma0.50,carbonscaler_budget,ontario,63,0,100.0,39.97,41.73500000000001
optionB_budget0.90_beta0.01_gamma0.50,carbonscaler_budget,ontario,64,0,91.0,49.4,51.74250000000001
optionB_budget0.90_beta0.01_gamma0.50,carbonscaler_budget,ontario,65,0,92.0,57.3,39.9225
optionB_budget0.90_beta0.01_gamma0.50,carbonscaler_budget,ontario,66,0,91.0,60.26,35.43
optionB_budget0.90_beta0.01_gamma0.50,carbonscaler_budget,ontario,67,0,102.0,50.96,33.013333333333335
optionB_budget0.90_beta0.01_gamma0.50,carbonscaler_budget,ontario,68,0,121.0,42.52,22.65416666666667
optionB_budget0.90_beta0.01_gamma0.50,carbonscaler_budget,ontario,69,0,128.0,42.16,29.563333333333333
optionB_budget0.90_beta0.01_gamma0.50,carbonscaler_budget,ontario,70,0,122.0,36.22,26.64
optionB_budget0.90_beta0.01_gamma0.50,carbonscaler_budget,ontario,71,0,113.0,34.01,24.523333333333337
optionB_budget0.90_beta0.01_gamma0.50,carbonscaler_budget,ontario,72,0,102.0,29.33,14.720833333333333
optionB_budget0.90_beta0.01_gamma0.50,carbonscaler_budget,ontario,73,0,90.0,25.27,8.13
optionB_budget0.90_beta0.01_gamma0.50,carbonscaler_budget,ontario,74,0,84.0,29.42,1.6991666666666667
optionB_budget0.90_beta0.01_gamma0.50,carbonscaler_budget,ontario,75,0,73.0,30.84,2.9633333333333334
optionB_budget0.90_beta0.01_gamma0.50,carbonscaler_budget,ontario,76,0,70.0,31.25,16.435833333333335
optionB_budget0.90_beta0.01_gamma0.50,carbonscaler_budget,ontario,77,1,61.0,35.81,126.48833333333334
optionB_budget0.90_beta0.01_gamma0.50,carbonscaler_budget,ontario,78,1,61.0,50.69,78.3725
optionB_budget0.90_beta0.01_gamma0.50,carbonscaler_budget,ontario,79,1,62.0,49.64,40.18916666666667
optionB_budget0.90_beta0.01_gamma0.50,carbonscaler_budget,ontario,80,0,67.0,43.2,35.16833333333333
optionB_budget0.90_beta0.01_gamma0.50,carbonscaler_budget,ontario,81,0,74.0,34.83,36.946666666666665
optionB_budget0.90_beta0.01_gamma0.50,carbonscaler_budget,ontario,82,0,97.0,33.46,48.73500000000001
optionB_budget0.90_beta0.01_gamma0.50,carbonscaler_budget,ontario,83,0,110.0,33.77,49.08416666666667
optionB_budget0.90_beta0.01_gamma0.50,carbonscaler_budget,ontario,84,0,105.0,34.25,60.63666666666666
optionB_budget0.90_beta0.01_gamma0.50,carbonscaler_budget,ontario,85,0,99.0,33.34,49.995
optionB_budget0.90_beta0.01_gamma0.50,carbonscaler_budget,ontario,86,0,94.0,33.49,80.68249999999999
optionB_budget0.90_beta0.01_gamma0.50,carbonscaler_budget,ontario,87,0,105.0,35.49,37.122499999999995
optionB_budget0.90_beta0.01_gamma0.50,carbonscaler_budget,ontario,88,0,101.0,39.92,30.870833333333334
optionB_budget0.90_beta0.01_gamma0.50,carbonscaler_budget,ontario,89,0,105.0,51.75,35.86666666666667
optionB_budget0.90_beta0.01_gamma0.50,carbonscaler_budget,ontario,90,0,102.0,53.87,41.671666666666674
optionB_budget0.90_beta0.01_gamma0.50,carbonscaler_budget,ontario,91,0,105.0,51.13,39.7125
optionB_budget0.90_beta0.01_gamma0.50,carbonscaler_budget,ontario,92,0,96.0,43.3,81.51666666666667
optionB_budget0.90_beta0.01_gamma0.50,carbonscaler_budget,ontario,93,0,88.0,34.09,73.72666666666667
optionB_budget0.90_beta0.01_gamma0.50,carbonscaler_budget,ontario,94,0,92.0,33.57,22.382499999999997
optionB_budget0.90_beta0.01_gamma0.50,carbonscaler_budget,ontario,95,0,99.0,25.92,14.896666666666667
optionB_budget0.90_beta0.01_gamma0.50,carbonscaler_budget,ontario,96,0,98.0,20.25,19.5625
optionB_budget0.90_beta0.01_gamma0.50,carbonscaler_budget,ontario,97,0,93.0,26.64,21.86916666666667
optionB_budget0.90_beta0.01_gamma0.50,carbonscaler_budget,ontario,98,0,81.0,26.35,10.735
optionB_budget0.90_beta0.01_gamma0.50,carbonscaler_budget,ontario,99,1,66.0,25.55,16.831666666666667
optionB_budget0.90_beta0.01_gamma0.50,carbonscaler_budget,ontario,100,1,56.0,32.85,22.901666666666667
optionB_budget0.90_beta0.01_gamma0.50,carbonscaler_budget,ontario,101,1,54.0,38.31,29.686666666666667
optionB_budget0.90_beta0.01_gamma0.50,carbonscaler_budget,ontario,102,1,54.0,61.06,48.30500000000001
optionB_budget0.90_beta0.01_gamma0.50,carbonscaler_budget,ontario,103,1,55.0,63.3,37.83083333333333
optionB_budget0.90_beta0.01_gamma0.50,carbonscaler_budget,ontario,104,1,60.0,49.64,28.733333333333334
optionB_budget0.90_beta0.01_gamma0.50,carbonscaler_budget,ontario,105,0,68.0,50.72,34.39
optionB_budget0.90_beta0.01_gamma0.50,carbonscaler_budget,ontario,106,0,83.0,43.94,33.968333333333334
optionB_budget0.90_beta0.01_gamma0.50,carbonscaler_budget,ontario,107,0,99.0,33.65,48.071666666666665
optionB_budget0.90_beta0.01_gamma0.50,carbonscaler_budget,ontario,108,0,96.0,33.16,33.02
optionB_budget0.90_beta0.01_gamma0.50,carbonscaler_budget,ontario,109,0,84.0,33.64,32.66
optionB_budget0.90_beta0.01_gamma0.50,carbonscaler_budget,ontario,110,0,93.0,33.81,14.861666666666666
optionB_budget0.90_beta0.01_gamma0.50,carbonscaler_budget,ontario,111,0,94.0,34.99,27.951666666666668
optionB_budget0.90_beta0.01_gamma0.50,carbonscaler_budget,ontario,112,0,106.0,49.27,33.82666666666667
optionB_budget0.90_beta0.01_gamma0.50,carbonscaler_budget,ontario,113,0,100.0,56.53,44.190000000000005
optionB_budget0.90_beta0.01_gamma0.50,carbonscaler_budget,ontario,114,0,97.0,61.98,64.0925
optionB_budget0.90_beta0.01_gamma0.50,carbonscaler_budget,ontario,115,0,85.0,65.2,57.855
optionB_budget0.90_beta0.01_gamma0.50,carbonscaler_budget,ontario,116,0,88.0,54.99,81.01
optionB_budget0.90_beta0.01_gamma0.50,carbonscaler_budget,ontario,117,0,93.0,51.87,85.02333333333333
optionB_budget0.90_beta0.01_gamma0.50,carbonscaler_budget,ontario,118,0,103.0,44.61,56.237500000000004
optionB_budget0.90_beta0.01_gamma0.50,carbonscaler_budget,ontario,119,0,112.0,35.48,40.678333333333335
optionB_budget0.90_beta0.01_gamma0.50,carbonscaler_budget,ontario,120,0,117.0,50.77,50.10583333333333
optionB_budget0.90_beta0.01_gamma0.50,carbonscaler_budget,ontario,121,0,119.0,44.81,49.906666666666666
optionB_budget0.90_beta0.01_gamma0.50,carbonscaler_budget,ontario,122,0,121.0,41.05,49.04916666666667
optionB_budget0.90_beta0.01_gamma0.50,carbonscaler_budget,ontario,123,0,120.0,36.4,42.1925
optionB_budget0.90_beta0.01_gamma0.50,carbonscaler_budget,ontario,124,0,108.0,39.47,40.28333333333334
optionB_budget0.90_beta0.01_gamma0.50,carbonscaler_budget,ontario,125,0,105.0,48.66,40.70166666666667
optionB_budget0.90_beta0.01_gamma0.50,carbonscaler_budget,ontario,126,0,105.0,55.67,33.23416666666667
optionB_budget0.90_beta0.01_gamma0.50,carbonscaler_budget,ontario,127,0,101.0,50.09,32.46333333333333
optionB_budget0.90_beta0.01_gamma0.50,carbonscaler_budget,ontario,128,0,91.0,41.62,28.154999999999998
optionB_budget0.90_beta0.01_gamma0.50,carbonscaler_budget,ontario,129,0,87.0,41.6,18.684166666666666
optionB_budget0.90_beta0.01_gamma0.50,carbonscaler_budget,ontario,130,0,89.0,40.42,35.85
optionB_budget0.90_beta0.01_gamma0.50,carbonscaler_budget,ontario,131,0,83.0,37.73,25.226666666666663
optionB_budget0.90_beta0.01_gamma0.50,carbonscaler_budget,ontario,132,0,80.0,33.78,31.930000000000003
optionB_budget0.90_beta0.01_gamma0.50,carbonscaler_budget,ontario,133,0,77.0,33.67,11.112499999999999
optionB_budget0.90_beta0.01_gamma0.50,carbonscaler_budget,ontario,134,0,72.0,33.04,1.5358333333333334
optionB_budget0.90_beta0.01_gamma0.50,carbonscaler_budget,ontario,135,0,82.0,33.9,4.765833333333333
optionB_budget0.90_beta0.01_gamma0.50,carbonscaler_budget,ontario,136,0,77.0,37.62,11.858333333333334
optionB_budget0.90_beta0.01_gamma0.50,carbonscaler_budget,ontario,137,0,80.0,51.24,25.142500000000002
optionB_budget0.90_beta0.01_gamma0.50,carbonscaler_budget,ontario,138,0,76.0,59.05,41.8525
optionB_budget0.90_beta0.01_gamma0.50,carbonscaler_budget,ontario,139,0,75.0,59.44,50.66416666666667
optionB_budget0.90_beta0.01_gamma0.50,carbonscaler_budget,ontario,140,0,75.0,50.49,49.836666666666666
optionB_budget0.90_beta0.01_gamma0.50,carbonscaler_budget,ontario,141,0,72.0,39.53,41.318333333333335
optionB_budget0.90_beta0.01_gamma0.50,carbonscaler_budget,ontario,142,0,73.0,35.54,43.805
optionB_budget0.90_beta0.01_gamma0.50,carbonscaler_budget,ontario,143,0,87.0,33.98,25.075000000000003
optionB_budget0.90_beta0.01_gamma0.50,carbonscaler_budget,ontario,144,0,95.0,36.79,34.35333333333333
optionB_budget0.90_beta0.01_gamma0.50,carbonscaler_budget,ontario,145,0,94.0,34.4,26.6925
optionB_budget0.90_beta0.01_gamma0.50,carbonscaler_budget,ontario,146,0,91.0,35.47,48.468333333333334
optionB_budget0.90_beta0.01_gamma0.50,carbonscaler_budget,ontario,147,0,88.0,34.36,54.5375
optionB_budget0.90_beta0.01_gamma0.50,carbonscaler_budget,ontario,148,0,73.0,37.11,51.11166666666667
optionB_budget0.90_beta0.01_gamma0.50,carbonscaler_budget,ontario,149,1,61.0,42.79,50.39833333333333
optionB_budget0.90_beta0.01_gamma0.50,carbonscaler_budget,ontario,150,1,52.0,47.76,51.104166666666664
optionB_budget0.90_beta0.01_gamma0.50,carbonscaler_budget,ontario,151,1,62.0,40.18,37.81666666666667
optionB_budget0.90_beta0.01_gamma0.50,carbonscaler_budget,ontario,152,0,70.0,33.89,37.10916666666667
optionB_budget0.90_beta0.01_gamma0.50,carbonscaler_budget,ontario,153,0,68.0,33.36,21.173333333333336
optionB_budget0.90_beta0.01_gamma0.50,carbonscaler_budget,ontario,154,1,66.0,31.41,6.423333333333333
optionB_budget0.90_beta0.01_gamma0.50,carbonscaler_budget,ontario,155,1,68.0,28.78,9.073333333333332
optionB_budget0.90_beta0.01_gamma0.50,carbonscaler_budget,ontario,156,1,61.0,26.25,15.920833333333334
optionB_budget0.90_beta0.01_gamma0.50,carbonscaler_budget,ontario,157,1,55.0,20.77,20.026666666666667
optionB_budget0.90_beta0.01_gamma0.50,carbonscaler_budget,ontario,158,2,52.0,23.43,15.846666666666666
optionB_budget0.90_beta0.01_gamma0.50,carbonscaler_budget,ontario,159,2,53.0,28.38,21.236666666666668
optionB_budget0.90_beta0.01_gamma0.50,carbonscaler_budget,ontario,160,1,53.0,37.9,47.1975
optionB_budget0.90_beta0.01_gamma0.50,carbonscaler_budget,ontario,161,1,52.0,50.42,60.70416666666667
optionB_budget0.90_beta0.01_gamma0.50,carbonscaler_budget,ontario,162,1,51.0,56.41,40.975
optionB_budget0.90_beta0.01_gamma0.50,carbonscaler_budget,ontario,163,1,52.0,55.68,43.34166666666667
optionB_budget0.90_beta0.01_gamma0.50,carbonscaler_budget,ontario,164,1,56.0,46.19,37.44916666666667
optionB_budget0.90_beta0.01_gamma0.50,carbonscaler_budget,ontario,165,0,73.0,35.74,34.56166666666667
optionB_budget0.90_beta0.01_gamma0.50,carbonscaler_budget,ontario,166,0,80.0,35.59,37.74583333333333
optionB_budget0.90_beta0.01_gamma0.50,carbonscaler_budget,ontario,167,0,77.0,35.8,22.585833333333337
optionB_budget0.90_beta0.01_gamma0.75,carbonscaler_budget,ontario,0,0,96.0,34.12,35.80416666666667
optionB_budget0.90_beta0.01_gamma0.75,carbonscaler_budget,ontario,1,0,93.0,33.93,32.50666666666667
optionB_budget0.90_beta0.01_gamma0.75,carbonscaler_budget,ontario,2,0,91.0,32.78,29.21166666666667
optionB_budget0.90_beta0.01_gamma0.75,carbonscaler_budget,ontario,3,0,82.0,32.88,36.03666666666667
optionB_budget0.90_beta0.01_gamma0.75,carbonscaler_budget,ontario,4,0,78.0,32.86,25.73
optionB_budget0.90_beta0.01_gamma0.75,carbonscaler_budget,ontario,5,0,81.0,40.47,45.36666666666667
optionB_budget0.90_beta0.01_gamma0.75,carbonscaler_budget,ontario,6,0,77.0,52.14,102.27499999999999
optionB_budget0.90_beta0.01_gamma0.75,carbonscaler_budget,ontario,7,0,71.0,66.48,53.160000000000004
optionB_budget0.90_beta0.01_gamma0.75,carbonscaler_budget,ontario,8,0,81.0,51.82,53.555
optionB_budget0.90_beta0.01_gamma0.75,carbonscaler_budget,ontario,9,0,83.0,44.14,36.879999999999995
optionB_budget0.90_beta0.01_gamma0.75,carbonscaler_budget,ontario,10,0,104.0,36.6,38.26083333333334
optionB_budget0.90_beta0.01_gamma0.75,carbonscaler_budget,ontario,11,0,117.0,35.22,40.7575
optionB_budget0.90_beta0.01_gamma0.75,carbonscaler_budget,ontario,12,0,114.0,34.66,38.3575
optionB_budget0.90_beta0.01_gamma0.75,carbonscaler_budget,ontario,13,0,112.0,32.23,34.17666666666667
optionB_budget0.90_beta0.01_gamma0.75,carbonscaler_budget,ontario,14,0,103.0,33.76,26.48
optionB_budget0.90_beta0.01_gamma0.75,carbonscaler_budget,ontario,15,0,98.0,34.79,36.7575
optionB_budget0.90_beta0.01_gamma0.75,carbonscaler_budget,ontario,16,0,104.0,36.54,76.7375
optionB_budget0.90_beta0.01_gamma0.75,carbonscaler_budget,ontario,17,0,101.0,54.15,153.96083333333334
optionB_budget0.90_beta0.01_gamma0.75,carbonscaler_budget,ontario,18,0,104.0,72.5,138.94416666666666
optionB_budget0.90_beta0.01_gamma0.75,carbonscaler_budget,ontario,19,0,90.0,80.22,252.46333333333334
optionB_budget0.90_beta0.01_gamma0.75,carbonscaler_budget,ontario,20,0,91.0,54.11,179.91
optionB_budget0.90_beta0.01_gamma0.75,carbonscaler_budget,ontario,21,0,112.0,45.86,373.7825
optionB_budget0.90_beta0.01_gamma0.75,carbonscaler_budget,ontario,22,0,119.0,45.59,72.18666666666665
optionB_budget0.90_beta0.01_gamma0.75,carbonscaler_budget,ontario,23,0,122.0,36.35,43.05083333333334
optionB_budget0.90_beta0.01_gamma0.75,carbonscaler_budget,ontario,24,0,128.0,49.5,50.95249999999999
optionB_budget0.90_beta0.01_gamma0.75,carbonscaler_budget,ontario,25,0,126.0,50.56,53.87166666666667
optionB_budget0.90_beta0.01_gamma0.75,carbonscaler_budget,ontario,26,0,131.0,50.09,53.149166666666666
optionB_budget0.90_beta0.01_gamma0.75,carbonscaler_budget,ontario,27,0,133.0,49.92,51.583333333333336
optionB_budget0.90_beta0.01_gamma0.75,carbonscaler_budget,ontario,28,0,130.0,50.55,55.78916666666667
optionB_budget0.90_beta0.01_gamma0.75,carbonscaler_budget,ontario,29,0,135.0,58.51,55.83583333333333
optionB_budget0.90_beta0.01_gamma0.75,carbonscaler_budget,ontario,30,0,139.0,92.97,167.33333333333334
optionB_budget0.90_beta0.01_gamma0.75,carbonscaler_budget,ontario,31,0,137.0,71.53,38.432500000000005
optionB_budget0.90_beta0.01_gamma0.75,carbonscaler_budget,ontario,32,0,139.0,53.23,30.5325
optionB_budget0.90_beta0.01_gamma0.75,carbonscaler_budget,ontario,33,0,140.0,35.6,18.877499999999998
optionB_budget0.90_beta0.01_gamma0.75,carbonscaler_budget,ontario,34,0,140.0,29.4,19.4025
optionB_budget0.90_beta0.01_gamma0.75,carbonscaler_budget,ontario,35,0,149.0,27.13,22.310000000000002
optionB_budget0.90_beta0.01_gamma0.75,carbonscaler_budget,ontario,36,0,136.0,23.38,20.80333333333333
optionB_budget0.90_beta0.01_gamma0.75,carbonscaler_budget,ontario,37,0,120.0,21.95,21.33583333333333
optionB_budget0.90_beta0.01_gamma0.75,carbonscaler_budget,ontario,38,0,103.0,27.25,16.563333333333333
optionB_budget0.90_beta0.01_gamma0.75,carbonscaler_budget,ontario,39,0,100.0,33.03,31.710833333333337
optionB_budget0.90_beta0.01_gamma0.75,carbonscaler_budget,ontario,40,0,105.0,42.56,46.28416666666667
optionB_budget0.90_beta0.01_gamma0.75,carbonscaler_budget,ontario,41,0,100.0,59.51,61.23500000000001
optionB_budget0.90_beta0.01_gamma0.75,carbonscaler_budget,ontario,42,0,103.0,75.66,40.50416666666667
optionB_budget0.90_beta0.01_gamma0.75,carbonscaler_budget,ontario,43,0,97.0,71.03,47.211666666666666
optionB_budget0.90_beta0.01_gamma0.75,carbonscaler_budget,ontario,44,0,114.0,54.71,45.3975
optionB_budget0.90_beta0.01_gamma0.75,carbonscaler_budget,ontario,45,0,131.0,45.67,41.26166666666666
optionB_budget0.90_beta0.01_gamma0.75,carbonscaler_budget,ontario,46,0,141.0,42.05,44.14083333333334
optionB_budget0.90_beta0.01_gamma0.75,carbonscaler_budget,ontario,47,0,138.0,37.7,31.816666666666666
optionB_budget0.90_beta0.01_gamma0.75,carbonscaler_budget,ontario,48,0,141.0,50.05,27.543333333333333
optionB_budget0.90_beta0.01_gamma0.75,carbonscaler_budget,ontario,49,0,140.0,49.87,38.13
optionB_budget0.90_beta0.01_gamma0.75,carbonscaler_budget,ontario,50,0,139.0,48.33,34.494166666666665
optionB_budget0.90_beta0.01_gamma0.75,carbonscaler_budget,ontario,51,0,138.0,48.46,47.105
optionB_budget0.90_beta0.01_gamma0.75,carbonscaler_budget,ontario,52,0,121.0,46.68,45.96666666666667
optionB_budget0.90_beta0.01_gamma0.75,carbonscaler_budget,ontario,53,0,109.0,61.85,36.67333333333333
optionB_budget0.90_beta0.01_gamma0.75,carbonscaler_budget,ontario,54,0,119.0,96.77,43.79
optionB_budget0.90_beta0.01_gamma0.75,carbonscaler_budget,ontario,55,0,122.0,84.26,39.11666666666667
optionB_budget0.90_beta0.01_gamma0.75,carbonscaler_budget,ontario,56,0,131.0,57.34,46.31
optionB_budget0.90_beta0.01_gamma0.75,carbonscaler_budget,ontario,57,0,132.0,52.12,46.74166666666667
optionB_budget0.90_beta0.01_gamma0.75,carbonscaler_budget,ontario,58,0,131.0,50.86,22.308333333333334
optionB_budget0.90_beta0.01_gamma0.75,carbonscaler_budget,ontario,59,0,135.0,45.87,17.453333333333333
optionB_budget0.90_beta0.01_gamma0.75,carbonscaler_budget,ontario,60,0,132.0,38.4,15.573333333333332
optionB_budget0.90_beta0.01_gamma0.75,carbonscaler_budget,ontario,61,0,123.0,34.62,19.00166666666667
optionB_budget0.90_beta0.01_gamma0.75,carbonscaler_budget,ontario,62,0,119.0,33.74,29.050833333333333
optionB_budget0.90_beta0.01_gamma0.75,carbonscaler_budget,ontario,63,0,100.0,39.97,41.73500000000001
optionB_budget0.90_beta0.01_gamma0.75,carbonscaler_budget,ontario,64,0,91.0,49.4,51.74250000000001
optionB_budget0.90_beta0.01_gamma0.75,carbonscaler_budget,ontario,65,0,92.0,57.3,39.9225
optionB_budget0.90_beta0.01_gamma0.75,carbonscaler_budget,ontario,66,0,91.0,60.26,35.43
optionB_budget0.90_beta0.01_gamma0.75,carbonscaler_budget,ontario,67,0,102.0,50.96,33.013333333333335
optionB_budget0.90_beta0.01_gamma0.75,carbonscaler_budget,ontario,68,0,121.0,42.52,22.65416666666667
optionB_budget0.90_beta0.01_gamma0.75,carbonscaler_budget,ontario,69,0,128.0,42.16,29.563333333333333
optionB_budget0.90_beta0.01_gamma0.75,carbonscaler_budget,ontario,70,0,122.0,36.22,26.64
optionB_budget0.90_beta0.01_gamma0.75,carbonscaler_budget,ontario,71,0,113.0,34.01,24.523333333333337
optionB_budget0.90_beta0.01_gamma0.75,carbonscaler_budget,ontario,72,0,102.0,29.33,14.720833333333333
optionB_budget0.90_beta0.01_gamma0.75,carbonscaler_budget,ontario,73,0,90.0,25.27,8.13
optionB_budget0.90_beta0.01_gamma0.75,carbonscaler_budget,ontario,74,0,84.0,29.42,1.6991666666666667
optionB_budget0.90_beta0.01_gamma0.75,carbonscaler_budget,ontario,75,0,73.0,30.84,2.9633333333333334
optionB_budget0.90_beta0.01_gamma0.75,carbonscaler_budget,ontario,76,0,70.0,31.25,16.435833333333335
optionB_budget0.90_beta0.01_gamma0.75,carbonscaler_budget,ontario,77,1,61.0,35.81,126.48833333333334
optionB_budget0.90_beta0.01_gamma0.75,carbonscaler_budget,ontario,78,1,61.0,50.69,78.3725
optionB_budget0.90_beta0.01_gamma0.75,carbonscaler_budget,ontario,79,1,62.0,49.64,40.18916666666667
optionB_budget0.90_beta0.01_gamma0.75,carbonscaler_budget,ontario,80,0,67.0,43.2,35.16833333333333
optionB_budget0.90_beta0.01_gamma0.75,carbonscaler_budget,ontario,81,0,74.0,34.83,36.946666666666665
optionB_budget0.90_beta0.01_gamma0.75,carbonscaler_budget,ontario,82,0,97.0,33.46,48.73500000000001
optionB_budget0.90_beta0.01_gamma0.75,carbonscaler_budget,ontario,83,0,110.0,33.77,49.08416666666667
optionB_budget0.90_beta0.01_gamma0.75,carbonscaler_budget,ontario,84,0,105.0,34.25,60.63666666666666
optionB_budget0.90_beta0.01_gamma0.75,carbonscaler_budget,ontario,85,0,99.0,33.34,49.995
optionB_budget0.90_beta0.01_gamma0.75,carbonscaler_budget,ontario,86,0,94.0,33.49,80.68249999999999
optionB_budget0.90_beta0.01_gamma0.75,carbonscaler_budget,ontario,87,0,105.0,35.49,37.122499999999995
optionB_budget0.90_beta0.01_gamma0.75,carbonscaler_budget,ontario,88,0,101.0,39.92,30.870833333333334
optionB_budget0.90_beta0.01_gamma0.75,carbonscaler_budget,ontario,89,0,105.0,51.75,35.86666666666667
optionB_budget0.90_beta0.01_gamma0.75,carbonscaler_budget,ontario,90,0,102.0,53.87,41.671666666666674
optionB_budget0.90_beta0.01_gamma0.75,carbonscaler_budget,ontario,91,0,105.0,51.13,39.7125
optionB_budget0.90_beta0.01_gamma0.75,carbonscaler_budget,ontario,92,0,96.0,43.3,81.51666666666667
optionB_budget0.90_beta0.01_gamma0.75,carbonscaler_budget,ontario,93,0,88.0,34.09,73.72666666666667
optionB_budget0.90_beta0.01_gamma0.75,carbonscaler_budget,ontario,94,0,92.0,33.57,22.382499999999997
optionB_budget0.90_beta0.01_gamma0.75,carbonscaler_budget,ontario,95,0,99.0,25.92,14.896666666666667
optionB_budget0.90_beta0.01_gamma0.75,carbonscaler_budget,ontario,96,0,98.0,20.25,19.5625
optionB_budget0.90_beta0.01_gamma0.75,carbonscaler_budget,ontario,97,0,93.0,26.64,21.86916666666667
optionB_budget0.90_beta0.01_gamma0.75,carbonscaler_budget,ontario,98,0,81.0,26.35,10.735
optionB_budget0.90_beta0.01_gamma0.75,carbonscaler_budget,ontario,99,1,66.0,25.55,16.831666666666667
optionB_budget0.90_beta0.01_gamma0.75,carbonscaler_budget,ontario,100,1,56.0,32.85,22.901666666666667
optionB_budget0.90_beta0.01_gamma0.75,carbonscaler_budget,ontario,101,1,54.0,38.31,29.686666666666667
optionB_budget0.90_beta0.01_gamma0.75,carbonscaler_budget,ontario,102,1,54.0,61.06,48.30500000000001
optionB_budget0.90_beta0.01_gamma0.75,carbonscaler_budget,ontario,103,1,55.0,63.3,37.83083333333333
optionB_budget0.90_beta0.01_gamma0.75,carbonscaler_budget,ontario,104,1,60.0,49.64,28.733333333333334
optionB_budget0.90_beta0.01_gamma0.75,carbonscaler_budget,ontario,105,0,68.0,50.72,34.39
optionB_budget0.90_beta0.01_gamma0.75,carbonscaler_budget,ontario,106,0,83.0,43.94,33.968333333333334
optionB_budget0.90_beta0.01_gamma0.75,carbonscaler_budget,ontario,107,0,99.0,33.65,48.071666666666665
optionB_budget0.90_beta0.01_gamma0.75,carbonscaler_budget,ontario,108,0,96.0,33.16,33.02
optionB_budget0.90_beta0.01_gamma0.75,carbonscaler_budget,ontario,109,0,84.0,33.64,32.66
optionB_budget0.90_beta0.01_gamma0.75,carbonscaler_budget,ontario,110,0,93.0,33.81,14.861666666666666
optionB_budget0.90_beta0.01_gamma0.75,carbonscaler_budget,ontario,111,0,94.0,34.99,27.951666666666668
optionB_budget0.90_beta0.01_gamma0.75,carbonscaler_budget,ontario,112,0,106.0,49.27,33.82666666666667
optionB_budget0.90_beta0.01_gamma0.75,carbonscaler_budget,ontario,113,0,100.0,56.53,44.190000000000005
optionB_budget0.90_beta0.01_gamma0.75,carbonscaler_budget,ontario,114,0,97.0,61.98,64.0925
optionB_budget0.90_beta0.01_gamma0.75,carbonscaler_budget,ontario,115,0,85.0,65.2,57.855
optionB_budget0.90_beta0.01_gamma0.75,carbonscaler_budget,ontario,116,0,88.0,54.99,81.01
optionB_budget0.90_beta0.01_gamma0.75,carbonscaler_budget,ontario,117,0,93.0,51.87,85.02333333333333
optionB_budget0.90_beta0.01_gamma0.75,carbonscaler_budget,ontario,118,0,103.0,44.61,56.237500000000004
optionB_budget0.90_beta0.01_gamma0.75,carbonscaler_budget,ontario,119,0,112.0,35.48,40.678333333333335
optionB_budget0.90_beta0.01_gamma0.75,carbonscaler_budget,ontario,120,0,117.0,50.77,50.10583333333333
optionB_budget0.90_beta0.01_gamma0.75,carbonscaler_budget,ontario,121,0,119.0,44.81,49.906666666666666
optionB_budget0.90_beta0.01_gamma0.75,carbonscaler_budget,ontario,122,0,121.0,41.05,49.04916666666667
optionB_budget0.90_beta0.01_gamma0.75,carbonscaler_budget,ontario,123,0,120.0,36.4,42.1925
optionB_budget0.90_beta0.01_gamma0.75,carbonscaler_budget,ontario,124,0,108.0,39.47,40.28333333333334
optionB_budget0.90_beta0.01_gamma0.75,carbonscaler_budget,ontario,125,0,105.0,48.66,40.70166666666667
optionB_budget0.90_beta0.01_gamma0.75,carbonscaler_budget,ontario,126,0,105.0,55.67,33.23416666666667
optionB_budget0.90_beta0.01_gamma0.75,carbonscaler_budget,ontario,127,0,101.0,50.09,32.46333333333333
optionB_budget0.90_beta0.01_gamma0.75,carbonscaler_budget,ontario,128,0,91.0,41.62,28.154999999999998
optionB_budget0.90_beta0.01_gamma0.75,carbonscaler_budget,ontario,129,0,87.0,41.6,18.684166666666666
optionB_budget0.90_beta0.01_gamma0.75,carbonscaler_budget,ontario,130,0,89.0,40.42,35.85
optionB_budget0.90_beta0.01_gamma0.75,carbonscaler_budget,ontario,131,0,83.0,37.73,25.226666666666663
optionB_budget0.90_beta0.01_gamma0.75,carbonscaler_budget,ontario,132,0,80.0,33.78,31.930000000000003
optionB_budget0.90_beta0.01_gamma0.75,carbonscaler_budget,ontario,133,0,77.0,33.67,11.112499999999999
optionB_budget0.90_beta0.01_gamma0.75,carbonscaler_budget,ontario,134,0,72.0,33.04,1.5358333333333334
optionB_budget0.90_beta0.01_gamma0.75,carbonscaler_budget,ontario,135,0,82.0,33.9,4.765833333333333
optionB_budget0.90_beta0.01_gamma0.75,carbonscaler_budget,ontario,136,0,77.0,37.62,11.858333333333334
optionB_budget0.90_beta0.01_gamma0.75,carbonscaler_budget,ontario,137,0,80.0,51.24,25.142500000000002
optionB_budget0.90_beta0.01_gamma0.75,carbonscaler_budget,ontario,138,0,76.0,59.05,41.8525
optionB_budget0.90_beta0.01_gamma0.75,carbonscaler_budget,ontario,139,0,75.0,59.44,50.66416666666667
optionB_budget0.90_beta0.01_gamma0.75,carbonscaler_budget,ontario,140,0,75.0,50.49,49.836666666666666
optionB_budget0.90_beta0.01_gamma0.75,carbonscaler_budget,ontario,141,0,72.0,39.53,41.318333333333335
optionB_budget0.90_beta0.01_gamma0.75,carbonscaler_budget,ontario,142,0,73.0,35.54,43.805
optionB_budget0.90_beta0.01_gamma0.75,carbonscaler_budget,ontario,143,0,87.0,33.98,25.075000000000003
optionB_budget0.90_beta0.01_gamma0.75,carbonscaler_budget,ontario,144,0,95.0,36.79,34.35333333333333
optionB_budget0.90_beta0.01_gamma0.75,carbonscaler_budget,ontario,145,0,94.0,34.4,26.6925
optionB_budget0.90_beta0.01_gamma0.75,carbonscaler_budget,ontario,146,0,91.0,35.47,48.468333333333334
optionB_budget0.90_beta0.01_gamma0.75,carbonscaler_budget,ontario,147,0,88.0,34.36,54.5375
optionB_budget0.90_beta0.01_gamma0.75,carbonscaler_budget,ontario,148,0,73.0,37.11,51.11166666666667
optionB_budget0.90_beta0.01_gamma0.75,carbonscaler_budget,ontario,149,1,61.0,42.79,50.39833333333333
optionB_budget0.90_beta0.01_gamma0.75,carbonscaler_budget,ontario,150,1,52.0,47.76,51.104166666666664
optionB_budget0.90_beta0.01_gamma0.75,carbonscaler_budget,ontario,151,1,62.0,40.18,37.81666666666667
optionB_budget0.90_beta0.01_gamma0.75,carbonscaler_budget,ontario,152,0,70.0,33.89,37.10916666666667
optionB_budget0.90_beta0.01_gamma0.75,carbonscaler_budget,ontario,153,0,68.0,33.36,21.173333333333336
optionB_budget0.90_beta0.01_gamma0.75,carbonscaler_budget,ontario,154,1,66.0,31.41,6.423333333333333
optionB_budget0.90_beta0.01_gamma0.75,carbonscaler_budget,ontario,155,1,68.0,28.78,9.073333333333332
optionB_budget0.90_beta0.01_gamma0.75,carbonscaler_budget,ontario,156,1,61.0,26.25,15.920833333333334
optionB_budget0.90_beta0.01_gamma0.75,carbonscaler_budget,ontario,157,1,55.0,20.77,20.026666666666667
optionB_budget0.90_beta0.01_gamma0.75,carbonscaler_budget,ontario,158,2,52.0,23.43,15.846666666666666
optionB_budget0.90_beta0.01_gamma0.75,carbonscaler_budget,ontario,159,2,53.0,28.38,21.236666666666668
optionB_budget0.90_beta0.01_gamma0.75,carbonscaler_budget,ontario,160,1,53.0,37.9,47.1975
optionB_budget0.90_beta0.01_gamma0.75,carbonscaler_budget,ontario,161,1,52.0,50.42,60.70416666666667
optionB_budget0.90_beta0.01_gamma0.75,carbonscaler_budget,ontario,162,1,51.0,56.41,40.975
optionB_budget0.90_beta0.01_gamma0.75,carbonscaler_budget,ontario,163,1,52.0,55.68,43.34166666666667
optionB_budget0.90_beta0.01_gamma0.75,carbonscaler_budget,ontario,164,1,56.0,46.19,37.44916666666667
optionB_budget0.90_beta0.01_gamma0.75,carbonscaler_budget,ontario,165,0,73.0,35.74,34.56166666666667
optionB_budget0.90_beta0.01_gamma0.75,carbonscaler_budget,ontario,166,0,80.0,35.59,37.74583333333333
optionB_budget0.90_beta0.01_gamma0.75,carbonscaler_budget,ontario,167,0,77.0,35.8,22.585833333333337
optionB_budget0.90_beta0.01_gamma1.00,carbonscaler_budget,ontario,0,0,96.0,34.12,35.80416666666667
optionB_budget0.90_beta0.01_gamma1.00,carbonscaler_budget,ontario,1,0,93.0,33.93,32.50666666666667
optionB_budget0.90_beta0.01_gamma1.00,carbonscaler_budget,ontario,2,0,91.0,32.78,29.21166666666667
optionB_budget0.90_beta0.01_gamma1.00,carbonscaler_budget,ontario,3,0,82.0,32.88,36.03666666666667
optionB_budget0.90_beta0.01_gamma1.00,carbonscaler_budget,ontario,4,0,78.0,32.86,25.73
optionB_budget0.90_beta0.01_gamma1.00,carbonscaler_budget,ontario,5,0,81.0,40.47,45.36666666666667
optionB_budget0.90_beta0.01_gamma1.00,carbonscaler_budget,ontario,6,0,77.0,52.14,102.27499999999999
optionB_budget0.90_beta0.01_gamma1.00,carbonscaler_budget,ontario,7,0,71.0,66.48,53.160000000000004
optionB_budget0.90_beta0.01_gamma1.00,carbonscaler_budget,ontario,8,0,81.0,51.82,53.555
optionB_budget0.90_beta0.01_gamma1.00,carbonscaler_budget,ontario,9,0,83.0,44.14,36.879999999999995
optionB_budget0.90_beta0.01_gamma1.00,carbonscaler_budget,ontario,10,0,104.0,36.6,38.26083333333334
optionB_budget0.90_beta0.01_gamma1.00,carbonscaler_budget,ontario,11,0,117.0,35.22,40.7575
optionB_budget0.90_beta0.01_gamma1.00,carbonscaler_budget,ontario,12,0,114.0,34.66,38.3575
optionB_budget0.90_beta0.01_gamma1.00,carbonscaler_budget,ontario,13,0,112.0,32.23,34.17666666666667
optionB_budget0.90_beta0.01_gamma1.00,carbonscaler_budget,ontario,14,0,103.0,33.76,26.48
optionB_budget0.90_beta0.01_gamma1.00,carbonscaler_budget,ontario,15,0,98.0,34.79,36.7575
optionB_budget0.90_beta0.01_gamma1.00,carbonscaler_budget,ontario,16,0,104.0,36.54,76.7375
optionB_budget0.90_beta0.01_gamma1.00,carbonscaler_budget,ontario,17,0,101.0,54.15,153.96083333333334
optionB_budget0.90_beta0.01_gamma1.00,carbonscaler_budget,ontario,18,0,104.0,72.5,138.94416666666666
optionB_budget0.90_beta0.01_gamma1.00,carbonscaler_budget,ontario,19,0,90.0,80.22,252.46333333333334
optionB_budget0.90_beta0.01_gamma1.00,carbonscaler_budget,ontario,20,0,91.0,54.11,179.91
optionB_budget0.90_beta0.01_gamma1.00,carbonscaler_budget,ontario,21,0,112.0,45.86,373.7825
optionB_budget0.90_beta0.01_gamma1.00,carbonscaler_budget,ontario,22,0,119.0,45.59,72.18666666666665
optionB_budget0.90_beta0.01_gamma1.00,carbonscaler_budget,ontario,23,0,122.0,36.35,43.05083333333334
optionB_budget0.90_beta0.01_gamma1.00,carbonscaler_budget,ontario,24,0,128.0,49.5,50.95249999999999
optionB_budget0.90_beta0.01_gamma1.00,carbonscaler_budget,ontario,25,0,126.0,50.56,53.87166666666667
optionB_budget0.90_beta0.01_gamma1.00,carbonscaler_budget,ontario,26,0,131.0,50.09,53.149166666666666
optionB_budget0.90_beta0.01_gamma1.00,carbonscaler_budget,ontario,27,0,133.0,49.92,51.583333333333336
optionB_budget0.90_beta0.01_gamma1.00,carbonscaler_budget,ontario,28,0,130.0,50.55,55.78916666666667
optionB_budget0.90_beta0.01_gamma1.00,carbonscaler_budget,ontario,29,0,135.0,58.51,55.83583333333333
optionB_budget0.90_beta0.01_gamma1.00,carbonscaler_budget,ontario,30,0,139.0,92.97,167.33333333333334
optionB_budget0.90_beta0.01_gamma1.00,carbonscaler_budget,ontario,31,0,137.0,71.53,38.432500000000005
optionB_budget0.90_beta0.01_gamma1.00,carbonscaler_budget,ontario,32,0,139.0,53.23,30.5325
optionB_budget0.90_beta0.01_gamma1.00,carbonscaler_budget,ontario,33,0,140.0,35.6,18.877499999999998
optionB_budget0.90_beta0.01_gamma1.00,carbonscaler_budget,ontario,34,0,140.0,29.4,19.4025
optionB_budget0.90_beta0.01_gamma1.00,carbonscaler_budget,ontario,35,0,149.0,27.13,22.310000000000002
optionB_budget0.90_beta0.01_gamma1.00,carbonscaler_budget,ontario,36,0,136.0,23.38,20.80333333333333
optionB_budget0.90_beta0.01_gamma1.00,carbonscaler_budget,ontario,37,0,120.0,21.95,21.33583333333333
optionB_budget0.90_beta0.01_gamma1.00,carbonscaler_budget,ontario,38,0,103.0,27.25,16.563333333333333
optionB_budget0.90_beta0.01_gamma1.00,carbonscaler_budget,ontario,39,0,100.0,33.03,31.710833333333337
optionB_budget0.90_beta0.01_gamma1.00,carbonscaler_budget,ontario,40,0,105.0,42.56,46.28416666666667
optionB_budget0.90_beta0.01_gamma1.00,carbonscaler_budget,ontario,41,0,100.0,59.51,61.23500000000001
optionB_budget0.90_beta0.01_gamma1.00,carbonscaler_budget,ontario,42,0,103.0,75.66,40.50416666666667
optionB_budget0.90_beta0.01_gamma1.00,carbonscaler_budget,ontario,43,0,97.0,71.03,47.211666666666666
optionB_budget0.90_beta0.01_gamma1.00,carbonscaler_budget,ontario,44,0,114.0,54.71,45.3975
optionB_budget0.90_beta0.01_gamma1.00,carbonscaler_budget,ontario,45,0,131.0,45.67,41.26166666666666
optionB_budget0.90_beta0.01_gamma1.00,carbonscaler_budget,ontario,46,0,141.0,42.05,44.14083333333334
optionB_budget0.90_beta0.01_gamma1.00,carbonscaler_budget,ontario,47,0,138.0,37.7,31.816666666666666
optionB_budget0.90_beta0.01_gamma1.00,carbonscaler_budget,ontario,48,0,141.0,50.05,27.543333333333333
optionB_budget0.90_beta0.01_gamma1.00,carbonscaler_budget,ontario,49,0,140.0,49.87,38.13
optionB_budget0.90_beta0.01_gamma1.00,carbonscaler_budget,ontario,50,0,139.0,48.33,34.494166666666665
optionB_budget0.90_beta0.01_gamma1.00,carbonscaler_budget,ontario,51,0,138.0,48.46,47.105
optionB_budget0.90_beta0.01_gamma1.00,carbonscaler_budget,ontario,52,0,121.0,46.68,45.96666666666667
optionB_budget0.90_beta0.01_gamma1.00,carbonscaler_budget,ontario,53,0,109.0,61.85,36.67333333333333
optionB_budget0.90_beta0.01_gamma1.00,carbonscaler_budget,ontario,54,0,119.0,96.77,43.79
optionB_budget0.90_beta0.01_gamma1.00,carbonscaler_budget,ontario,55,0,122.0,84.26,39.11666666666667
optionB_budget0.90_beta0.01_gamma1.00,carbonscaler_budget,ontario,56,0,131.0,57.34,46.31
optionB_budget0.90_beta0.01_gamma1.00,carbonscaler_budget,ontario,57,0,132.0,52.12,46.74166666666667
optionB_budget0.90_beta0.01_gamma1.00,carbonscaler_budget,ontario,58,0,131.0,50.86,22.308333333333334
optionB_budget0.90_beta0.01_gamma1.00,carbonscaler_budget,ontario,59,0,135.0,45.87,17.453333333333333
optionB_budget0.90_beta0.01_gamma1.00,carbonscaler_budget,ontario,60,0,132.0,38.4,15.573333333333332
optionB_budget0.90_beta0.01_gamma1.00,carbonscaler_budget,ontario,61,0,123.0,34.62,19.00166666666667
optionB_budget0.90_beta0.01_gamma1.00,carbonscaler_budget,ontario,62,0,119.0,33.74,29.050833333333333
optionB_budget0.90_beta0.01_gamma1.00,carbonscaler_budget,ontario,63,0,100.0,39.97,41.73500000000001
optionB_budget0.90_beta0.01_gamma1.00,carbonscaler_budget,ontario,64,0,91.0,49.4,51.74250000000001
optionB_budget0.90_beta0.01_gamma1.00,carbonscaler_budget,ontario,65,0,92.0,57.3,39.9225
optionB_budget0.90_beta0.01_gamma1.00,carbonscaler_budget,ontario,66,0,91.0,60.26,35.43
optionB_budget0.90_beta0.01_gamma1.00,carbonscaler_budget,ontario,67,0,102.0,50.96,33.013333333333335
optionB_budget0.90_beta0.01_gamma1.00,carbonscaler_budget,ontario,68,0,121.0,42.52,22.65416666666667
optionB_budget0.90_beta0.01_gamma1.00,carbonscaler_budget,ontario,69,0,128.0,42.16,29.563333333333333
optionB_budget0.90_beta0.01_gamma1.00,carbonscaler_budget,ontario,70,0,122.0,36.22,26.64
optionB_budget0.90_beta0.01_gamma1.00,carbonscaler_budget,ontario,71,0,113.0,34.01,24.523333333333337
optionB_budget0.90_beta0.01_gamma1.00,carbonscaler_budget,ontario,72,0,102.0,29.33,14.720833333333333
optionB_budget0.90_beta0.01_gamma1.00,carbonscaler_budget,ontario,73,0,90.0,25.27,8.13
optionB_budget0.90_beta0.01_gamma1.00,carbonscaler_budget,ontario,74,0,84.0,29.42,1.6991666666666667
optionB_budget0.90_beta0.01_gamma1.00,carbonscaler_budget,ontario,75,0,73.0,30.84,2.9633333333333334
optionB_budget0.90_beta0.01_gamma1.00,carbonscaler_budget,ontario,76,0,70.0,31.25,16.435833333333335
optionB_budget0.90_beta0.01_gamma1.00,carbonscaler_budget,ontario,77,1,61.0,35.81,126.48833333333334
optionB_budget0.90_beta0.01_gamma1.00,carbonscaler_budget,ontario,78,1,61.0,50.69,78.3725
optionB_budget0.90_beta0.01_gamma1.00,carbonscaler_budget,ontario,79,1,62.0,49.64,40.18916666666667
optionB_budget0.90_beta0.01_gamma1.00,carbonscaler_budget,ontario,80,0,67.0,43.2,35.16833333333333
optionB_budget0.90_beta0.01_gamma1.00,carbonscaler_budget,ontario,81,0,74.0,34.83,36.946666666666665
optionB_budget0.90_beta0.01_gamma1.00,carbonscaler_budget,ontario,82,0,97.0,33.46,48.73500000000001
optionB_budget0.90_beta0.01_gamma1.00,carbonscaler_budget,ontario,83,0,110.0,33.77,49.08416666666667
optionB_budget0.90_beta0.01_gamma1.00,carbonscaler_budget,ontario,84,0,105.0,34.25,60.63666666666666
optionB_budget0.90_beta0.01_gamma1.00,carbonscaler_budget,ontario,85,0,99.0,33.34,49.995
optionB_budget0.90_beta0.01_gamma1.00,carbonscaler_budget,ontario,86,0,94.0,33.49,80.68249999999999
optionB_budget0.90_beta0.01_gamma1.00,carbonscaler_budget,ontario,87,0,105.0,35.49,37.122499999999995
optionB_budget0.90_beta0.01_gamma1.00,carbonscaler_budget,ontario,88,0,101.0,39.92,30.870833333333334
optionB_budget0.90_beta0.01_gamma1.00,carbonscaler_budget,ontario,89,0,105.0,51.75,35.86666666666667
optionB_budget0.90_beta0.01_gamma1.00,carbonscaler_budget,ontario,90,0,102.0,53.87,41.671666666666674
optionB_budget0.90_beta0.01_gamma1.00,carbonscaler_budget,ontario,91,0,105.0,51.13,39.7125
optionB_budget0.90_beta0.01_gamma1.00,carbonscaler_budget,ontario,92,0,96.0,43.3,81.51666666666667
optionB_budget0.90_beta0.01_gamma1.00,carbonscaler_budget,ontario,93,0,88.0,34.09,73.72666666666667
optionB_budget0.90_beta0.01_gamma1.00,carbonscaler_budget,ontario,94,0,92.0,33.57,22.382499999999997
optionB_budget0.90_beta0.01_gamma1.00,carbonscaler_budget,ontario,95,0,99.0,25.92,14.896666666666667
optionB_budget0.90_beta0.01_gamma1.00,carbonscaler_budget,ontario,96,0,98.0,20.25,19.5625
optionB_budget0.90_beta0.01_gamma1.00,carbonscaler_budget,ontario,97,0,93.0,26.64,21.86916666666667
optionB_budget0.90_beta0.01_gamma1.00,carbonscaler_budget,ontario,98,0,81.0,26.35,10.735
optionB_budget0.90_beta0.01_gamma1.00,carbonscaler_budget,ontario,99,1,66.0,25.55,16.831666666666667
optionB_budget0.90_beta0.01_gamma1.00,carbonscaler_budget,ontario,100,1,56.0,32.85,22.901666666666667
optionB_budget0.90_beta0.01_gamma1.00,carbonscaler_budget,ontario,101,1,54.0,38.31,29.686666666666667
optionB_budget0.90_beta0.01_gamma1.00,carbonscaler_budget,ontario,102,1,54.0,61.06,48.30500000000001
optionB_budget0.90_beta0.01_gamma1.00,carbonscaler_budget,ontario,103,1,55.0,63.3,37.83083333333333
optionB_budget0.90_beta0.01_gamma1.00,carbonscaler_budget,ontario,104,1,60.0,49.64,28.733333333333334
optionB_budget0.90_beta0.01_gamma1.00,carbonscaler_budget,ontario,105,0,68.0,50.72,34.39
optionB_budget0.90_beta0.01_gamma1.00,carbonscaler_budget,ontario,106,0,83.0,43.94,33.968333333333334
optionB_budget0.90_beta0.01_gamma1.00,carbonscaler_budget,ontario,107,0,99.0,33.65,48.071666666666665
optionB_budget0.90_beta0.01_gamma1.00,carbonscaler_budget,ontario,108,0,96.0,33.16,33.02
optionB_budget0.90_beta0.01_gamma1.00,carbonscaler_budget,ontario,109,0,84.0,33.64,32.66
optionB_budget0.90_beta0.01_gamma1.00,carbonscaler_budget,ontario,110,0,93.0,33.81,14.861666666666666
optionB_budget0.90_beta0.01_gamma1.00,carbonscaler_budget,ontario,111,0,94.0,34.99,27.951666666666668
optionB_budget0.90_beta0.01_gamma1.00,carbonscaler_budget,ontario,112,0,106.0,49.27,33.82666666666667
optionB_budget0.90_beta0.01_gamma1.00,carbonscaler_budget,ontario,113,0,100.0,56.53,44.190000000000005
optionB_budget0.90_beta0.01_gamma1.00,carbonscaler_budget,ontario,114,0,97.0,61.98,64.0925
optionB_budget0.90_beta0.01_gamma1.00,carbonscaler_budget,ontario,115,0,85.0,65.2,57.855
optionB_budget0.90_beta0.01_gamma1.00,carbonscaler_budget,ontario,116,0,88.0,54.99,81.01
optionB_budget0.90_beta0.01_gamma1.00,carbonscaler_budget,ontario,117,0,93.0,51.87,85.02333333333333
optionB_budget0.90_beta0.01_gamma1.00,carbonscaler_budget,ontario,118,0,103.0,44.61,56.237500000000004
optionB_budget0.90_beta0.01_gamma1.00,carbonscaler_budget,ontario,119,0,112.0,35.48,40.678333333333335
optionB_budget0.90_beta0.01_gamma1.00,carbonscaler_budget,ontario,120,0,117.0,50.77,50.10583333333333
optionB_budget0.90_beta0.01_gamma1.00,carbonscaler_budget,ontario,121,0,119.0,44.81,49.906666666666666
optionB_budget0.90_beta0.01_gamma1.00,carbonscaler_budget,ontario,122,0,121.0,41.05,49.04916666666667
optionB_budget0.90_beta0.01_gamma1.00,carbonscaler_budget,ontario,123,0,120.0,36.4,42.1925
optionB_budget0.90_beta0.01_gamma1.00,carbonscaler_budget,ontario,124,0,108.0,39.47,40.28333333333334
optionB_budget0.90_beta0.01_gamma1.00,carbonscaler_budget,ontario,125,0,105.0,48.66,40.70166666666667
optionB_budget0.90_beta0.01_gamma1.00,carbonscaler_budget,ontario,126,0,105.0,55.67,33.23416666666667
optionB_budget0.90_beta0.01_gamma1.00,carbonscaler_budget,ontario,127,0,101.0,50.09,32.46333333333333
optionB_budget0.90_beta0.01_gamma1.00,carbonscaler_budget,ontario,128,0,91.0,41.62,28.154999999999998
optionB_budget0.90_beta0.01_gamma1.00,carbonscaler_budget,ontario,129,0,87.0,41.6,18.684166666666666
optionB_budget0.90_beta0.01_gamma1.00,carbonscaler_budget,ontario,130,0,89.0,40.42,35.85
optionB_budget0.90_beta0.01_gamma1.00,carbonscaler_budget,ontario,131,0,83.0,37.73,25.226666666666663
optionB_budget0.90_beta0.01_gamma1.00,carbonscaler_budget,ontario,132,0,80.0,33.78,31.930000000000003
optionB_budget0.90_beta0.01_gamma1.00,carbonscaler_budget,ontario,133,0,77.0,33.67,11.112499999999999
optionB_budget0.90_beta0.01_gamma1.00,carbonscaler_budget,ontario,134,0,72.0,33.04,1.5358333333333334
optionB_budget0.90_beta0.01_gamma1.00,carbonscaler_budget,ontario,135,0,82.0,33.9,4.765833333333333
optionB_budget0.90_beta0.01_gamma1.00,carbonscaler_budget,ontario,136,0,77.0,37.62,11.858333333333334
optionB_budget0.90_beta0.01_gamma1.00,carbonscaler_budget,ontario,137,0,80.0,51.24,25.142500000000002
optionB_budget0.90_beta0.01_gamma1.00,carbonscaler_budget,ontario,138,0,76.0,59.05,41.8525
optionB_budget0.90_beta0.01_gamma1.00,carbonscaler_budget,ontario,139,0,75.0,59.44,50.66416666666667
optionB_budget0.90_beta0.01_gamma1.00,carbonscaler_budget,ontario,140,0,75.0,50.49,49.836666666666666
optionB_budget0.90_beta0.01_gamma1.00,carbonscaler_budget,ontario,141,0,72.0,39.53,41.318333333333335
optionB_budget0.90_beta0.01_gamma1.00,carbonscaler_budget,ontario,142,0,73.0,35.54,43.805
optionB_budget0.90_beta0.01_gamma1.00,carbonscaler_budget,ontario,143,0,87.0,33.98,25.075000000000003
optionB_budget0.90_beta0.01_gamma1.00,carbonscaler_budget,ontario,144,0,95.0,36.79,34.35333333333333
optionB_budget0.90_beta0.01_gamma1.00,carbonscaler_budget,ontario,145,0,94.0,34.4,26.6925
optionB_budget0.90_beta0.01_gamma1.00,carbonscaler_budget,ontario,146,0,91.0,35.47,48.468333333333334
optionB_budget0.90_beta0.01_gamma1.00,carbonscaler_budget,ontario,147,0,88.0,34.36,54.5375
optionB_budget0.90_beta0.01_gamma1.00,carbonscaler_budget,ontario,148,0,73.0,37.11,51.11166666666667
optionB_budget0.90_beta0.01_gamma1.00,carbonscaler_budget,ontario,149,1,61.0,42.79,50.39833333333333
optionB_budget0.90_beta0.01_gamma1.00,carbonscaler_budget,ontario,150,1,52.0,47.76,51.104166666666664
optionB_budget0.90_beta0.01_gamma1.00,carbonscaler_budget,ontario,151,1,62.0,40.18,37.81666666666667
optionB_budget0.90_beta0.01_gamma1.00,carbonscaler_budget,ontario,152,0,70.0,33.89,37.10916666666667
optionB_budget0.90_beta0.01_gamma1.00,carbonscaler_budget,ontario,153,0,68.0,33.36,21.173333333333336
optionB_budget0.90_beta0.01_gamma1.00,carbonscaler_budget,ontario,154,1,66.0,31.41,6.423333333333333
optionB_budget0.90_beta0.01_gamma1.00,carbonscaler_budget,ontario,155,1,68.0,28.78,9.073333333333332
optionB_budget0.90_beta0.01_gamma1.00,carbonscaler_budget,ontario,156,1,61.0,26.25,15.920833333333334
optionB_budget0.90_beta0.01_gamma1.00,carbonscaler_budget,ontario,157,1,55.0,20.77,20.026666666666667
optionB_budget0.90_beta0.01_gamma1.00,carbonscaler_budget,ontario,158,2,52.0,23.43,15.846666666666666
optionB_budget0.90_beta0.01_gamma1.00,carbonscaler_budget,ontario,159,2,53.0,28.38,21.236666666666668
optionB_budget0.90_beta0.01_gamma1.00,carbonscaler_budget,ontario,160,1,53.0,37.9,47.1975
optionB_budget0.90_beta0.01_gamma1.00,carbonscaler_budget,ontario,161,1,52.0,50.42,60.70416666666667
optionB_budget0.90_beta0.01_gamma1.00,carbonscaler_budget,ontario,162,1,51.0,56.41,40.975
optionB_budget0.90_beta0.01_gamma1.00,carbonscaler_budget,ontario,163,1,52.0,55.68,43.34166666666667
optionB_budget0.90_beta0.01_gamma1.00,carbonscaler_budget,ontario,164,1,56.0,46.19,37.44916666666667
optionB_budget0.90_beta0.01_gamma1.00,carbonscaler_budget,ontario,165,0,73.0,35.74,34.56166666666667
optionB_budget0.90_beta0.01_gamma1.00,carbonscaler_budget,ontario,166,0,80.0,35.59,37.74583333333333
optionB_budget0.90_beta0.01_gamma1.00,carbonscaler_budget,ontario,167,0,77.0,35.8,22.585833333333337
optionC_lambda0.50,carbonscaler_weighted,ontario,0,0,96.0,34.12,35.80416666666667
optionC_lambda0.50,carbonscaler_weighted,ontario,1,0,93.0,33.93,32.50666666666667
optionC_lambda0.50,carbonscaler_weighted,ontario,2,0,91.0,32.78,29.21166666666667
optionC_lambda0.50,carbonscaler_weighted,ontario,3,0,82.0,32.88,36.03666666666667
optionC_lambda0.50,carbonscaler_weighted,ontario,4,0,78.0,32.86,25.73
optionC_lambda0.50,carbonscaler_weighted,ontario,5,0,81.0,40.47,45.36666666666667
optionC_lambda0.50,carbonscaler_weighted,ontario,6,0,77.0,52.14,102.27499999999999
optionC_lambda0.50,carbonscaler_weighted,ontario,7,0,71.0,66.48,53.160000000000004
optionC_lambda0.50,carbonscaler_weighted,ontario,8,0,81.0,51.82,53.555
optionC_lambda0.50,carbonscaler_weighted,ontario,9,0,83.0,44.14,36.879999999999995
optionC_lambda0.50,carbonscaler_weighted,ontario,10,0,104.0,36.6,38.26083333333334
optionC_lambda0.50,carbonscaler_weighted,ontario,11,0,117.0,35.22,40.7575
optionC_lambda0.50,carbonscaler_weighted,ontario,12,0,114.0,34.66,38.3575
optionC_lambda0.50,carbonscaler_weighted,ontario,13,0,112.0,32.23,34.17666666666667
optionC_lambda0.50,carbonscaler_weighted,ontario,14,0,103.0,33.76,26.48
optionC_lambda0.50,carbonscaler_weighted,ontario,15,0,98.0,34.79,36.7575
optionC_lambda0.50,carbonscaler_weighted,ontario,16,0,104.0,36.54,76.7375
optionC_lambda0.50,carbonscaler_weighted,ontario,17,0,101.0,54.15,153.96083333333334
optionC_lambda0.50,carbonscaler_weighted,ontario,18,0,104.0,72.5,138.94416666666666
optionC_lambda0.50,carbonscaler_weighted,ontario,19,0,90.0,80.22,252.46333333333334
optionC_lambda0.50,carbonscaler_weighted,ontario,20,0,91.0,54.11,179.91
optionC_lambda0.50,carbonscaler_weighted,ontario,21,0,112.0,45.86,373.7825
optionC_lambda0.50,carbonscaler_weighted,ontario,22,0,119.0,45.59,72.18666666666665
optionC_lambda0.50,carbonscaler_weighted,ontario,23,0,122.0,36.35,43.05083333333334
optionC_lambda0.50,carbonscaler_weighted,ontario,24,0,128.0,49.5,50.95249999999999
optionC_lambda0.50,carbonscaler_weighted,ontario,25,0,126.0,50.56,53.87166666666667
optionC_lambda0.50,carbonscaler_weighted,ontario,26,0,131.0,50.09,53.149166666666666
optionC_lambda0.50,carbonscaler_weighted,ontario,27,0,133.0,49.92,51.583333333333336
optionC_lambda0.50,carbonscaler_weighted,ontario,28,0,130.0,50.55,55.78916666666667
optionC_lambda0.50,carbonscaler_weighted,ontario,29,0,135.0,58.51,55.83583333333333
optionC_lambda0.50,carbonscaler_weighted,ontario,30,0,139.0,92.97,167.33333333333334
optionC_lambda0.50,carbonscaler_weighted,ontario,31,0,137.0,71.53,38.432500000000005
optionC_lambda0.50,carbonscaler_weighted,ontario,32,0,139.0,53.23,30.5325
optionC_lambda0.50,carbonscaler_weighted,ontario,33,0,140.0,35.6,18.877499999999998
optionC_lambda0.50,carbonscaler_weighted,ontario,34,0,140.0,29.4,19.4025
optionC_lambda0.50,carbonscaler_weighted,ontario,35,0,149.0,27.13,22.310000000000002
optionC_lambda0.50,carbonscaler_weighted,ontario,36,0,136.0,23.38,20.80333333333333
optionC_lambda0.50,carbonscaler_weighted,ontario,37,0,120.0,21.95,21.33583333333333
optionC_lambda0.50,carbonscaler_weighted,ontario,38,0,103.0,27.25,16.563333333333333
optionC_lambda0.50,carbonscaler_weighted,ontario,39,0,100.0,33.03,31.710833333333337
optionC_lambda0.50,carbonscaler_weighted,ontario,40,0,105.0,42.56,46.28416666666667
optionC_lambda0.50,carbonscaler_weighted,ontario,41,0,100.0,59.51,61.23500000000001
optionC_lambda0.50,carbonscaler_weighted,ontario,42,0,103.0,75.66,40.50416666666667
optionC_lambda0.50,carbonscaler_weighted,ontario,43,0,97.0,71.03,47.211666666666666
optionC_lambda0.50,carbonscaler_weighted,ontario,44,0,114.0,54.71,45.3975
optionC_lambda0.50,carbonscaler_weighted,ontario,45,0,131.0,45.67,41.26166666666666
optionC_lambda0.50,carbonscaler_weighted,ontario,46,0,141.0,42.05,44.14083333333334
optionC_lambda0.50,carbonscaler_weighted,ontario,47,0,138.0,37.7,31.816666666666666
optionC_lambda0.50,carbonscaler_weighted,ontario,48,0,141.0,50.05,27.543333333333333
optionC_lambda0.50,carbonscaler_weighted,ontario,49,0,140.0,49.87,38.13
optionC_lambda0.50,carbonscaler_weighted,ontario,50,0,139.0,48.33,34.494166666666665
optionC_lambda0.50,carbonscaler_weighted,ontario,51,0,138.0,48.46,47.105
optionC_lambda0.50,carbonscaler_weighted,ontario,52,0,121.0,46.68,45.96666666666667
optionC_lambda0.50,carbonscaler_weighted,ontario,53,0,109.0,61.85,36.67333333333333
optionC_lambda0.50,carbonscaler_weighted,ontario,54,0,119.0,96.77,43.79
optionC_lambda0.50,carbonscaler_weighted,ontario,55,0,122.0,84.26,39.11666666666667
optionC_lambda0.50,carbonscaler_weighted,ontario,56,0,131.0,57.34,46.31
optionC_lambda0.50,carbonscaler_weighted,ontario,57,0,132.0,52.12,46.74166666666667
optionC_lambda0.50,carbonscaler_weighted,ontario,58,0,131.0,50.86,22.308333333333334
optionC_lambda0.50,carbonscaler_weighted,ontario,59,0,135.0,45.87,17.453333333333333
optionC_lambda0.50,carbonscaler_weighted,ontario,60,0,132.0,38.4,15.573333333333332
optionC_lambda0.50,carbonscaler_weighted,ontario,61,0,123.0,34.62,19.00166666666667
optionC_lambda0.50,carbonscaler_weighted,ontario,62,0,119.0,33.74,29.050833333333333
optionC_lambda0.50,carbonscaler_weighted,ontario,63,0,100.0,39.97,41.73500000000001
optionC_lambda0.50,carbonscaler_weighted,ontario,64,0,91.0,49.4,51.74250000000001
optionC_lambda0.50,carbonscaler_weighted,ontario,65,0,92.0,57.3,39.9225
optionC_lambda0.50,carbonscaler_weighted,ontario,66,0,91.0,60.26,35.43
optionC_lambda0.50,carbonscaler_weighted,ontario,67,0,102.0,50.96,33.013333333333335
optionC_lambda0.50,carbonscaler_weighted,ontario,68,0,121.0,42.52,22.65416666666667
optionC_lambda0.50,carbonscaler_weighted,ontario,69,0,128.0,42.16,29.563333333333333
optionC_lambda0.50,carbonscaler_weighted,ontario,70,0,122.0,36.22,26.64
optionC_lambda0.50,carbonscaler_weighted,ontario,71,0,113.0,34.01,24.523333333333337
optionC_lambda0.50,carbonscaler_weighted,ontario,72,0,102.0,29.33,14.720833333333333
optionC_lambda0.50,carbonscaler_weighted,ontario,73,1,90.0,25.27,8.13
optionC_lambda0.50,carbonscaler_weighted,ontario,74,0,84.0,29.42,1.6991666666666667
optionC_lambda0.50,carbonscaler_weighted,ontario,75,1,73.0,30.84,2.9633333333333334
optionC_lambda0.50,carbonscaler_weighted,ontario,76,1,70.0,31.25,16.435833333333335
optionC_lambda0.50,carbonscaler_weighted,ontario,77,1,61.0,35.81,126.48833333333334
optionC_lambda0.50,carbonscaler_weighted,ontario,78,0,61.0,50.69,78.3725
optionC_lambda0.50,carbonscaler_weighted,ontario,79,0,62.0,49.64,40.18916666666667
optionC_lambda0.50,carbonscaler_weighted,ontario,80,0,67.0,43.2,35.16833333333333
optionC_lambda0.50,carbonscaler_weighted,ontario,81,0,74.0,34.83,36.946666666666665
optionC_lambda0.50,carbonscaler_weighted,ontario,82,0,97.0,33.46,48.73500000000001
optionC_lambda0.50,carbonscaler_weighted,ontario,83,0,110.0,33.77,49.08416666666667
optionC_lambda0.50,carbonscaler_weighted,ontario,84,0,105.0,34.25,60.63666666666666
optionC_lambda0.50,carbonscaler_weighted,ontario,85,0,99.0,33.34,49.995
optionC_lambda0.50,carbonscaler_weighted,ontario,86,0,94.0,33.49,80.68249999999999
optionC_lambda0.50,carbonscaler_weighted,ontario,87,0,105.0,35.49,37.122499999999995
optionC_lambda0.50,carbonscaler_weighted,ontario,88,0,101.0,39.92,30.870833333333334
optionC_lambda0.50,carbonscaler_weighted,ontario,89,0,105.0,51.75,35.86666666666667
optionC_lambda0.50,carbonscaler_weighted,ontario,90,0,102.0,53.87,41.671666666666674
optionC_lambda0.50,carbonscaler_weighted,ontario,91,0,105.0,51.13,39.7125
optionC_lambda0.50,carbonscaler_weighted,ontario,92,0,96.0,43.3,81.51666666666667
optionC_lambda0.50,carbonscaler_weighted,ontario,93,0,88.0,34.09,73.72666666666667
optionC_lambda0.50,carbonscaler_weighted,ontario,94,0,92.0,33.57,22.382499999999997
optionC_lambda0.50,carbonscaler_weighted,ontario,95,0,99.0,25.92,14.896666666666667
optionC_lambda0.50,carbonscaler_weighted,ontario,96,1,98.0,20.25,19.5625
optionC_lambda0.50,carbonscaler_weighted,ontario,97,0,93.0,26.64,21.86916666666667
optionC_lambda0.50,carbonscaler_weighted,ontario,98,1,81.0,26.35,10.735
optionC_lambda0.50,carbonscaler_weighted,ontario,99,2,66.0,25.55,16.831666666666667
optionC_lambda0.50,carbonscaler_weighted,ontario,100,2,56.0,32.85,22.901666666666667
optionC_lambda0.50,carbonscaler_weighted,ontario,101,1,54.0,38.31,29.686666666666667
optionC_lambda0.50,carbonscaler_weighted,ontario,102,0,54.0,61.06,48.30500000000001
optionC_lambda0.50,carbonscaler_weighted,ontario,103,0,55.0,63.3,37.83083333333333
optionC_lambda0.50,carbonscaler_weighted,ontario,104,0,60.0,49.64,28.733333333333334
optionC_lambda0.50,carbonscaler_weighted,ontario,105,0,68.0,50.72,34.39
optionC_lambda0.50,carbonscaler_weighted,ontario,106,0,83.0,43.94,33.968333333333334
optionC_lambda0.50,carbonscaler_weighted,ontario,107,0,99.0,33.65,48.071666666666665
optionC_lambda0.50,carbonscaler_weighted,ontario,108,0,96.0,33.16,33.02
optionC_lambda0.50,carbonscaler_weighted,ontario,109,0,84.0,33.64,32.66
optionC_lambda0.50,carbonscaler_weighted,ontario,110,0,93.0,33.81,14.861666666666666
optionC_lambda0.50,carbonscaler_weighted,ontario,111,0,94.0,34.99,27.951666666666668
optionC_lambda0.50,carbonscaler_weighted,ontario,112,0,106.0,49.27,33.82666666666667
optionC_lambda0.50,carbonscaler_weighted,ontario,113,0,100.0,56.53,44.190000000000005
optionC_lambda0.50,carbonscaler_weighted,ontario,114,0,97.0,61.98,64.0925
optionC_lambda0.50,carbonscaler_weighted,ontario,115,0,85.0,65.2,57.855
optionC_lambda0.50,carbonscaler_weighted,ontario,116,0,88.0,54.99,81.01
optionC_lambda0.50,carbonscaler_weighted,ontario,117,0,93.0,51.87,85.02333333333333
optionC_lambda0.50,carbonscaler_weighted,ontario,118,0,103.0,44.61,56.237500000000004
optionC_lambda0.50,carbonscaler_weighted,ontario,119,0,112.0,35.48,40.678333333333335
optionC_lambda0.50,carbonscaler_weighted,ontario,120,0,117.0,50.77,50.10583333333333
optionC_lambda0.50,carbonscaler_weighted,ontario,121,0,119.0,44.81,49.906666666666666
optionC_lambda0.50,carbonscaler_weighted,ontario,122,0,121.0,41.05,49.04916666666667
optionC_lambda0.50,carbonscaler_weighted,ontario,123,0,120.0,36.4,42.1925
optionC_lambda0.50,carbonscaler_weighted,ontario,124,0,108.0,39.47,40.28333333333334
optionC_lambda0.50,carbonscaler_weighted,ontario,125,0,105.0,48.66,40.70166666666667
optionC_lambda0.50,carbonscaler_weighted,ontario,126,0,105.0,55.67,33.23416666666667
optionC_lambda0.50,carbonscaler_weighted,ontario,127,0,101.0,50.09,32.46333333333333
optionC_lambda0.50,carbonscaler_weighted,ontario,128,0,91.0,41.62,28.154999999999998
optionC_lambda0.50,carbonscaler_weighted,ontario,129,0,87.0,41.6,18.684166666666666
optionC_lambda0.50,carbonscaler_weighted,ontario,130,0,89.0,40.42,35.85
optionC_lambda0.50,carbonscaler_weighted,ontario,131,0,83.0,37.73,25.226666666666663
optionC_lambda0.50,carbonscaler_weighted,ontario,132,0,80.0,33.78,31.930000000000003
optionC_lambda0.50,carbonscaler_weighted,ontario,133,0,77.0,33.67,11.112499999999999
optionC_lambda0.50,carbonscaler_weighted,ontario,134,1,72.0,33.04,1.5358333333333334
optionC_lambda0.50,carbonscaler_weighted,ontario,135,0,82.0,33.9,4.765833333333333
optionC_lambda0.50,carbonscaler_weighted,ontario,136,0,77.0,37.62,11.858333333333334
optionC_lambda0.50,carbonscaler_weighted,ontario,137,0,80.0,51.24,25.142500000000002
optionC_lambda0.50,carbonscaler_weighted,ontario,138,0,76.0,59.05,41.8525
optionC_lambda0.50,carbonscaler_weighted,ontario,139,0,75.0,59.44,50.66416666666667
optionC_lambda0.50,carbonscaler_weighted,ontario,140,0,75.0,50.49,49.836666666666666
optionC_lambda0.50,carbonscaler_weighted,ontario,141,0,72.0,39.53,41.318333333333335
optionC_lambda0.50,carbonscaler_weighted,ontario,142,0,73.0,35.54,43.805
optionC_lambda0.50,carbonscaler_weighted,ontario,143,0,87.0,33.98,25.075000000000003
optionC_lambda0.50,carbonscaler_weighted,ontario,144,0,95.0,36.79,34.35333333333333
optionC_lambda0.50,carbonscaler_weighted,ontario,145,0,94.0,34.4,26.6925
optionC_lambda0.50,carbonscaler_weighted,ontario,146,0,91.0,35.47,48.468333333333334
optionC_lambda0.50,carbonscaler_weighted,ontario,147,0,88.0,34.36,54.5375
optionC_lambda0.50,carbonscaler_weighted,ontario,148,0,73.0,37.11,51.11166666666667
optionC_lambda0.50,carbonscaler_weighted,ontario,149,0,61.0,42.79,50.39833333333333
optionC_lambda0.50,carbonscaler_weighted,ontario,150,0,52.0,47.76,51.104166666666664
optionC_lambda0.50,carbonscaler_weighted,ontario,151,0,62.0,40.18,37.81666666666667
optionC_lambda0.50,carbonscaler_weighted,ontario,152,0,70.0,33.89,37.10916666666667
optionC_lambda0.50,carbonscaler_weighted,ontario,153,1,68.0,33.36,21.173333333333336
optionC_lambda0.50,carbonscaler_weighted,ontario,154,2,66.0,31.41,6.423333333333333
optionC_lambda0.50,carbonscaler_weighted,ontario,155,2,68.0,28.78,9.073333333333332
optionC_lambda0.50,carbonscaler_weighted,ontario,156,2,61.0,26.25,15.920833333333334
optionC_lambda0.50,carbonscaler_weighted,ontario,157,2,55.0,20.77,20.026666666666667
optionC_lambda0.50,carbonscaler_weighted,ontario,158,2,52.0,23.43,15.846666666666666
optionC_lambda0.50,carbonscaler_weighted,ontario,159,2,53.0,28.38,21.236666666666668
optionC_lambda0.50,carbonscaler_weighted,ontario,160,1,53.0,37.9,47.1975
optionC_lambda0.50,carbonscaler_weighted,ontario,161,0,52.0,50.42,60.70416666666667
optionC_lambda0.50,carbonscaler_weighted,ontario,162,0,51.0,56.41,40.975
optionC_lambda0.50,carbonscaler_weighted,ontario,163,0,52.0,55.68,43.34166666666667
optionC_lambda0.50,carbonscaler_weighted,ontario,164,0,56.0,46.19,37.44916666666667
optionC_lambda0.50,carbonscaler_weighted,ontario,165,0,73.0,35.74,34.56166666666667
optionC_lambda0.50,carbonscaler_weighted,ontario,166,0,80.0,35.59,37.74583333333333
optionC_lambda0.50,carbonscaler_weighted,ontario,167,0,77.0,35.8,22.585833333333337
optionC_lambda0.60,carbonscaler_weighted,ontario,0,0,96.0,34.12,35.80416666666667
optionC_lambda0.60,carbonscaler_weighted,ontario,1,0,93.0,33.93,32.50666666666667
optionC_lambda0.60,carbonscaler_weighted,ontario,2,0,91.0,32.78,29.21166666666667
optionC_lambda0.60,carbonscaler_weighted,ontario,3,0,82.0,32.88,36.03666666666667
optionC_lambda0.60,carbonscaler_weighted,ontario,4,0,78.0,32.86,25.73
optionC_lambda0.60,carbonscaler_weighted,ontario,5,0,81.0,40.47,45.36666666666667
optionC_lambda0.60,carbonscaler_weighted,ontario,6,0,77.0,52.14,102.27499999999999
optionC_lambda0.60,carbonscaler_weighted,ontario,7,0,71.0,66.48,53.160000000000004
optionC_lambda0.60,carbonscaler_weighted,ontario,8,0,81.0,51.82,53.555
optionC_lambda0.60,carbonscaler_weighted,ontario,9,0,83.0,44.14,36.879999999999995
optionC_lambda0.60,carbonscaler_weighted,ontario,10,0,104.0,36.6,38.26083333333334
optionC_lambda0.60,carbonscaler_weighted,ontario,11,0,117.0,35.22,40.7575
optionC_lambda0.60,carbonscaler_weighted,ontario,12,0,114.0,34.66,38.3575
optionC_lambda0.60,carbonscaler_weighted,ontario,13,0,112.0,32.23,34.17666666666667
optionC_lambda0.60,carbonscaler_weighted,ontario,14,0,103.0,33.76,26.48
optionC_lambda0.60,carbonscaler_weighted,ontario,15,0,98.0,34.79,36.7575
optionC_lambda0.60,carbonscaler_weighted,ontario,16,0,104.0,36.54,76.7375
optionC_lambda0.60,carbonscaler_weighted,ontario,17,0,101.0,54.15,153.96083333333334
optionC_lambda0.60,carbonscaler_weighted,ontario,18,0,104.0,72.5,138.94416666666666
optionC_lambda0.60,carbonscaler_weighted,ontario,19,0,90.0,80.22,252.46333333333334
optionC_lambda0.60,carbonscaler_weighted,ontario,20,0,91.0,54.11,179.91
optionC_lambda0.60,carbonscaler_weighted,ontario,21,0,112.0,45.86,373.7825
optionC_lambda0.60,carbonscaler_weighted,ontario,22,0,119.0,45.59,72.18666666666665
optionC_lambda0.60,carbonscaler_weighted,ontario,23,0,122.0,36.35,43.05083333333334
optionC_lambda0.60,carbonscaler_weighted,ontario,24,0,128.0,49.5,50.95249999999999
optionC_lambda0.60,carbonscaler_weighted,ontario,25,0,126.0,50.56,53.87166666666667
optionC_lambda0.60,carbonscaler_weighted,ontario,26,0,131.0,50.09,53.149166666666666
optionC_lambda0.60,carbonscaler_weighted,ontario,27,0,133.0,49.92,51.583333333333336
optionC_lambda0.60,carbonscaler_weighted,ontario,28,0,130.0,50.55,55.78916666666667
optionC_lambda0.60,carbonscaler_weighted,ontario,29,0,135.0,58.51,55.83583333333333
optionC_lambda0.60,carbonscaler_weighted,ontario,30,0,139.0,92.97,167.33333333333334
optionC_lambda0.60,carbonscaler_weighted,ontario,31,0,137.0,71.53,38.432500000000005
optionC_lambda0.60,carbonscaler_weighted,ontario,32,0,139.0,53.23,30.5325
optionC_lambda0.60,carbonscaler_weighted,ontario,33,0,140.0,35.6,18.877499999999998
optionC_lambda0.60,carbonscaler_weighted,ontario,34,0,140.0,29.4,19.4025
optionC_lambda0.60,carbonscaler_weighted,ontario,35,0,149.0,27.13,22.310000000000002
optionC_lambda0.60,carbonscaler_weighted,ontario,36,0,136.0,23.38,20.80333333333333
optionC_lambda0.60,carbonscaler_weighted,ontario,37,0,120.0,21.95,21.33583333333333
optionC_lambda0.60,carbonscaler_weighted,ontario,38,0,103.0,27.25,16.563333333333333
optionC_lambda0.60,carbonscaler_weighted,ontario,39,0,100.0,33.03,31.710833333333337
optionC_lambda0.60,carbonscaler_weighted,ontario,40,0,105.0,42.56,46.28416666666667
optionC_lambda0.60,carbonscaler_weighted,ontario,41,0,100.0,59.51,61.23500000000001
optionC_lambda0.60,carbonscaler_weighted,ontario,42,0,103.0,75.66,40.50416666666667
optionC_lambda0.60,carbonscaler_weighted,ontario,43,0,97.0,71.03,47.211666666666666
optionC_lambda0.60,carbonscaler_weighted,ontario,44,0,114.0,54.71,45.3975
optionC_lambda0.60,carbonscaler_weighted,ontario,45,0,131.0,45.67,41.26166666666666
optionC_lambda0.60,carbonscaler_weighted,ontario,46,0,141.0,42.05,44.14083333333334
optionC_lambda0.60,carbonscaler_weighted,ontario,47,0,138.0,37.7,31.816666666666666
optionC_lambda0.60,carbonscaler_weighted,ontario,48,0,141.0,50.05,27.543333333333333
optionC_lambda0.60,carbonscaler_weighted,ontario,49,0,140.0,49.87,38.13
optionC_lambda0.60,carbonscaler_weighted,ontario,50,0,139.0,48.33,34.494166666666665
optionC_lambda0.60,carbonscaler_weighted,ontario,51,0,138.0,48.46,47.105
optionC_lambda0.60,carbonscaler_weighted,ontario,52,0,121.0,46.68,45.96666666666667
optionC_lambda0.60,carbonscaler_weighted,ontario,53,0,109.0,61.85,36.67333333333333
optionC_lambda0.60,carbonscaler_weighted,ontario,54,0,119.0,96.77,43.79
optionC_lambda0.60,carbonscaler_weighted,ontario,55,0,122.0,84.26,39.11666666666667
optionC_lambda0.60,carbonscaler_weighted,ontario,56,0,131.0,57.34,46.31
optionC_lambda0.60,carbonscaler_weighted,ontario,57,0,132.0,52.12,46.74166666666667
optionC_lambda0.60,carbonscaler_weighted,ontario,58,0,131.0,50.86,22.308333333333334
optionC_lambda0.60,carbonscaler_weighted,ontario,59,0,135.0,45.87,17.453333333333333
optionC_lambda0.60,carbonscaler_weighted,ontario,60,0,132.0,38.4,15.573333333333332
optionC_lambda0.60,carbonscaler_weighted,ontario,61,0,123.0,34.62,19.00166666666667
optionC_lambda0.60,carbonscaler_weighted,ontario,62,0,119.0,33.74,29.050833333333333
optionC_lambda0.60,carbonscaler_weighted,ontario,63,0,100.0,39.97,41.73500000000001
optionC_lambda0.60,carbonscaler_weighted,ontario,64,0,91.0,49.4,51.74250000000001
optionC_lambda0.60,carbonscaler_weighted,ontario,65,0,92.0,57.3,39.9225
optionC_lambda0.60,carbonscaler_weighted,ontario,66,0,91.0,60.26,35.43
optionC_lambda0.60,carbonscaler_weighted,ontario,67,0,102.0,50.96,33.013333333333335
optionC_lambda0.60,carbonscaler_weighted,ontario,68,0,121.0,42.52,22.65416666666667
optionC_lambda0.60,carbonscaler_weighted,ontario,69,0,128.0,42.16,29.563333333333333
optionC_lambda0.60,carbonscaler_weighted,ontario,70,0,122.0,36.22,26.64
optionC_lambda0.60,carbonscaler_weighted,ontario,71,0,113.0,34.01,24.523333333333337
optionC_lambda0.60,carbonscaler_weighted,ontario,72,0,102.0,29.33,14.720833333333333
optionC_lambda0.60,carbonscaler_weighted,ontario,73,0,90.0,25.27,8.13
optionC_lambda0.60,carbonscaler_weighted,ontario,74,0,84.0,29.42,1.6991666666666667
optionC_lambda0.60,carbonscaler_weighted,ontario,75,1,73.0,30.84,2.9633333333333334
optionC_lambda0.60,carbonscaler_weighted,ontario,76,1,70.0,31.25,16.435833333333335
optionC_lambda0.60,carbonscaler_weighted,ontario,77,1,61.0,35.81,126.48833333333334
optionC_lambda0.60,carbonscaler_weighted,ontario,78,0,61.0,50.69,78.3725
optionC_lambda0.60,carbonscaler_weighted,ontario,79,0,62.0,49.64,40.18916666666667
optionC_lambda0.60,carbonscaler_weighted,ontario,80,0,67.0,43.2,35.16833333333333
optionC_lambda0.60,carbonscaler_weighted,ontario,81,0,74.0,34.83,36.946666666666665
optionC_lambda0.60,carbonscaler_weighted,ontario,82,0,97.0,33.46,48.73500000000001
optionC_lambda0.60,carbonscaler_weighted,ontario,83,0,110.0,33.77,49.08416666666667
optionC_lambda0.60,carbonscaler_weighted,ontario,84,0,105.0,34.25,60.63666666666666
optionC_lambda0.60,carbonscaler_weighted,ontario,85,0,99.0,33.34,49.995
optionC_lambda0.60,carbonscaler_weighted,ontario,86,0,94.0,33.49,80.68249999999999
optionC_lambda0.60,carbonscaler_weighted,ontario,87,0,105.0,35.49,37.122499999999995
optionC_lambda0.60,carbonscaler_weighted,ontario,88,0,101.0,39.92,30.870833333333334
optionC_lambda0.60,carbonscaler_weighted,ontario,89,0,105.0,51.75,35.86666666666667
optionC_lambda0.60,carbonscaler_weighted,ontario,90,0,102.0,53.87,41.671666666666674
optionC_lambda0.60,carbonscaler_weighted,ontario,91,0,105.0,51.13,39.7125
optionC_lambda0.60,carbonscaler_weighted,ontario,92,0,96.0,43.3,81.51666666666667
optionC_lambda0.60,carbonscaler_weighted,ontario,93,0,88.0,34.09,73.72666666666667
optionC_lambda0.60,carbonscaler_weighted,ontario,94,0,92.0,33.57,22.382499999999997
optionC_lambda0.60,carbonscaler_weighted,ontario,95,0,99.0,25.92,14.896666666666667
optionC_lambda0.60,carbonscaler_weighted,ontario,96,0,98.0,20.25,19.5625
optionC_lambda0.60,carbonscaler_weighted,ontario,97,0,93.0,26.64,21.86916666666667
optionC_lambda0.60,carbonscaler_weighted,ontario,98,1,81.0,26.35,10.735
optionC_lambda0.60,carbonscaler_weighted,ontario,99,2,66.0,25.55,16.831666666666667
optionC_lambda0.60,carbonscaler_weighted,ontario,100,2,56.0,32.85,22.901666666666667
optionC_lambda0.60,carbonscaler_weighted,ontario,101,2,54.0,38.31,29.686666666666667
optionC_lambda0.60,carbonscaler_weighted,ontario,102,0,54.0,61.06,48.30500000000001
optionC_lambda0.60,carbonscaler_weighted,ontario,103,0,55.0,63.3,37.83083333333333
optionC_lambda0.60,carbonscaler_weighted,ontario,104,0,60.0,49.64,28.733333333333334
optionC_lambda0.60,carbonscaler_weighted,ontario,105,0,68.0,50.72,34.39
optionC_lambda0.60,carbonscaler_weighted,ontario,106,0,83.0,43.94,33.968333333333334
optionC_lambda0.60,carbonscaler_weighted,ontario,107,0,99.0,33.65,48.071666666666665
optionC_lambda0.60,carbonscaler_weighted,ontario,108,0,96.0,33.16,33.02
optionC_lambda0.60,carbonscaler_weighted,ontario,109,0,84.0,33.64,32.66
optionC_lambda0.60,carbonscaler_weighted,ontario,110,0,93.0,33.81,14.861666666666666
optionC_lambda0.60,carbonscaler_weighted,ontario,111,0,94.0,34.99,27.951666666666668
optionC_lambda0.60,carbonscaler_weighted,ontario,112,0,106.0,49.27,33.82666666666667
optionC_lambda0.60,carbonscaler_weighted,ontario,113,0,100.0,56.53,44.190000000000005
optionC_lambda0.60,carbonscaler_weighted,ontario,114,0,97.0,61.98,64.0925
optionC_lambda0.60,carbonscaler_weighted,ontario,115,0,85.0,65.2,57.855
optionC_lambda0.60,carbonscaler_weighted,ontario,116,0,88.0,54.99,81.01
optionC_lambda0.60,carbonscaler_weighted,ontario,117,0,93.0,51.87,85.02333333333333
optionC_lambda0.60,carbonscaler_weighted,ontario,118,0,103.0,44.61,56.237500000000004
optionC_lambda0.60,carbonscaler_weighted,ontario,119,0,112.0,35.48,40.678333333333335
optionC_lambda0.60,carbonscaler_weighted,ontario,120,0,117.0,50.77,50.10583333333333
optionC_lambda0.60,carbonscaler_weighted,ontario,121,0,119.0,44.81,49.906666666666666
optionC_lambda0.60,carbonscaler_weighted,ontario,122,0,121.0,41.05,49.04916666666667
optionC_lambda0.60,carbonscaler_weighted,ontario,123,0,120.0,36.4,42.1925
optionC_lambda0.60,carbonscaler_weighted,ontario,124,0,108.0,39.47,40.28333333333334
optionC_lambda0.60,carbonscaler_weighted,ontario,125,0,105.0,48.66,40.70166666666667
optionC_lambda0.60,carbonscaler_weighted,ontario,126,0,105.0,55.67,33.23416666666667
optionC_lambda0.60,carbonscaler_weighted,ontario,127,0,101.0,50.09,32.46333333333333
optionC_lambda0.60,carbonscaler_weighted,ontario,128,0,91.0,41.62,28.154999999999998
optionC_lambda0.60,carbonscaler_weighted,ontario,129,0,87.0,41.6,18.684166666666666
optionC_lambda0.60,carbonscaler_weighted,ontario,130,0,89.0,40.42,35.85
optionC_lambda0.60,carbonscaler_weighted,ontario,131,0,83.0,37.73,25.226666666666663
optionC_lambda0.60,carbonscaler_weighted,ontario,132,0,80.0,33.78,31.930000000000003
optionC_lambda0.60,carbonscaler_weighted,ontario,133,0,77.0,33.67,11.112499999999999
optionC_lambda0.60,carbonscaler_weighted,ontario,134,0,72.0,33.04,1.5358333333333334
optionC_lambda0.60,carbonscaler_weighted,ontario,135,0,82.0,33.9,4.765833333333333
optionC_lambda0.60,carbonscaler_weighted,ontario,136,0,77.0,37.62,11.858333333333334
optionC_lambda0.60,carbonscaler_weighted,ontario,137,0,80.0,51.24,25.142500000000002
optionC_lambda0.60,carbonscaler_weighted,ontario,138,0,76.0,59.05,41.8525
optionC_lambda0.60,carbonscaler_weighted,ontario,139,0,75.0,59.44,50.66416666666667
optionC_lambda0.60,carbonscaler_weighted,ontario,140,0,75.0,50.49,49.836666666666666
optionC_lambda0.60,carbonscaler_weighted,ontario,141,0,72.0,39.53,41.318333333333335
optionC_lambda0.60,carbonscaler_weighted,ontario,142,0,73.0,35.54,43.805
optionC_lambda0.60,carbonscaler_weighted,ontario,143,0,87.0,33.98,25.075000000000003
optionC_lambda0.60,carbonscaler_weighted,ontario,144,0,95.0,36.79,34.35333333333333
optionC_lambda0.60,carbonscaler_weighted,ontario,145,0,94.0,34.4,26.6925
optionC_lambda0.60,carbonscaler_weighted,ontario,146,0,91.0,35.47,48.468333333333334
optionC_lambda0.60,carbonscaler_weighted,ontario,147,0,88.0,34.36,54.5375
optionC_lambda0.60,carbonscaler_weighted,ontario,148,0,73.0,37.11,51.11166666666667
optionC_lambda0.60,carbonscaler_weighted,ontario,149,0,61.0,42.79,50.39833333333333
optionC_lambda0.60,carbonscaler_weighted,ontario,150,0,52.0,47.76,51.104166666666664
optionC_lambda0.60,carbonscaler_weighted,ontario,151,0,62.0,40.18,37.81666666666667
optionC_lambda0.60,carbonscaler_weighted,ontario,152,1,70.0,33.89,37.10916666666667
optionC_lambda0.60,carbonscaler_weighted,ontario,153,1,68.0,33.36,21.173333333333336
optionC_lambda0.60,carbonscaler_weighted,ontario,154,2,66.0,31.41,6.423333333333333
optionC_lambda0.60,carbonscaler_weighted,ontario,155,2,68.0,28.78,9.073333333333332
optionC_lambda0.60,carbonscaler_weighted,ontario,156,2,61.0,26.25,15.920833333333334
optionC_lambda0.60,carbonscaler_weighted,ontario,157,2,55.0,20.77,20.026666666666667
optionC_lambda0.60,carbonscaler_weighted,ontario,158,2,52.0,23.43,15.846666666666666
optionC_lambda0.60,carbonscaler_weighted,ontario,159,2,53.0,28.38,21.236666666666668
optionC_lambda0.60,carbonscaler_weighted,ontario,160,2,53.0,37.9,47.1975
optionC_lambda0.60,carbonscaler_weighted,ontario,161,0,52.0,50.42,60.70416666666667
optionC_lambda0.60,carbonscaler_weighted,ontario,162,0,51.0,56.41,40.975
optionC_lambda0.60,carbonscaler_weighted,ontario,163,0,52.0,55.68,43.34166666666667
optionC_lambda0.60,carbonscaler_weighted,ontario,164,0,56.0,46.19,37.44916666666667
optionC_lambda0.60,carbonscaler_weighted,ontario,165,0,73.0,35.74,34.56166666666667
optionC_lambda0.60,carbonscaler_weighted,ontario,166,0,80.0,35.59,37.74583333333333
optionC_lambda0.60,carbonscaler_weighted,ontario,167,0,77.0,35.8,22.585833333333337
optionC_lambda0.70,carbonscaler_weighted,ontario,0,0,96.0,34.12,35.80416666666667
optionC_lambda0.70,carbonscaler_weighted,ontario,1,0,93.0,33.93,32.50666666666667
optionC_lambda0.70,carbonscaler_weighted,ontario,2,0,91.0,32.78,29.21166666666667
optionC_lambda0.70,carbonscaler_weighted,ontario,3,0,82.0,32.88,36.03666666666667
optionC_lambda0.70,carbonscaler_weighted,ontario,4,0,78.0,32.86,25.73
optionC_lambda0.70,carbonscaler_weighted,ontario,5,0,81.0,40.47,45.36666666666667
optionC_lambda0.70,carbonscaler_weighted,ontario,6,0,77.0,52.14,102.27499999999999
optionC_lambda0.70,carbonscaler_weighted,ontario,7,0,71.0,66.48,53.160000000000004
optionC_lambda0.70,carbonscaler_weighted,ontario,8,0,81.0,51.82,53.555
optionC_lambda0.70,carbonscaler_weighted,ontario,9,0,83.0,44.14,36.879999999999995
optionC_lambda0.70,carbonscaler_weighted,ontario,10,0,104.0,36.6,38.26083333333334
optionC_lambda0.70,carbonscaler_weighted,ontario,11,0,117.0,35.22,40.7575
optionC_lambda0.70,carbonscaler_weighted,ontario,12,0,114.0,34.66,38.3575
optionC_lambda0.70,carbonscaler_weighted,ontario,13,0,112.0,32.23,34.17666666666667
optionC_lambda0.70,carbonscaler_weighted,ontario,14,0,103.0,33.76,26.48
optionC_lambda0.70,carbonscaler_weighted,ontario,15,0,98.0,34.79,36.7575
optionC_lambda0.70,carbonscaler_weighted,ontario,16,0,104.0,36.54,76.7375
optionC_lambda0.70,carbonscaler_weighted,ontario,17,0,101.0,54.15,153.96083333333334
optionC_lambda0.70,carbonscaler_weighted,ontario,18,0,104.0,72.5,138.94416666666666
optionC_lambda0.70,carbonscaler_weighted,ontario,19,0,90.0,80.22,252.46333333333334
optionC_lambda0.70,carbonscaler_weighted,ontario,20,0,91.0,54.11,179.91
optionC_lambda0.70,carbonscaler_weighted,ontario,21,0,112.0,45.86,373.7825
optionC_lambda0.70,carbonscaler_weighted,ontario,22,0,119.0,45.59,72.18666666666665
optionC_lambda0.70,carbonscaler_weighted,ontario,23,0,122.0,36.35,43.05083333333334
optionC_lambda0.70,carbonscaler_weighted,ontario,24,0,128.0,49.5,50.95249999999999
optionC_lambda0.70,carbonscaler_weighted,ontario,25,0,126.0,50.56,53.87166666666667
optionC_lambda0.70,carbonscaler_weighted,ontario,26,0,131.0,50.09,53.149166666666666
optionC_lambda0.70,carbonscaler_weighted,ontario,27,0,133.0,49.92,51.583333333333336
optionC_lambda0.70,carbonscaler_weighted,ontario,28,0,130.0,50.55,55.78916666666667
optionC_lambda0.70,carbonscaler_weighted,ontario,29,0,135.0,58.51,55.83583333333333
optionC_lambda0.70,carbonscaler_weighted,ontario,30,0,139.0,92.97,167.33333333333334
optionC_lambda0.70,carbonscaler_weighted,ontario,31,0,137.0,71.53,38.432500000000005
optionC_lambda0.70,carbonscaler_weighted,ontario,32,0,139.0,53.23,30.5325
optionC_lambda0.70,carbonscaler_weighted,ontario,33,0,140.0,35.6,18.877499999999998
optionC_lambda0.70,carbonscaler_weighted,ontario,34,0,140.0,29.4,19.4025
optionC_lambda0.70,carbonscaler_weighted,ontario,35,0,149.0,27.13,22.310000000000002
optionC_lambda0.70,carbonscaler_weighted,ontario,36,0,136.0,23.38,20.80333333333333
optionC_lambda0.70,carbonscaler_weighted,ontario,37,0,120.0,21.95,21.33583333333333
optionC_lambda0.70,carbonscaler_weighted,ontario,38,0,103.0,27.25,16.563333333333333
optionC_lambda0.70,carbonscaler_weighted,ontario,39,0,100.0,33.03,31.710833333333337
optionC_lambda0.70,carbonscaler_weighted,ontario,40,0,105.0,42.56,46.28416666666667
optionC_lambda0.70,carbonscaler_weighted,ontario,41,0,100.0,59.51,61.23500000000001
optionC_lambda0.70,carbonscaler_weighted,ontario,42,0,103.0,75.66,40.50416666666667
optionC_lambda0.70,carbonscaler_weighted,ontario,43,0,97.0,71.03,47.211666666666666
optionC_lambda0.70,carbonscaler_weighted,ontario,44,0,114.0,54.71,45.3975
optionC_lambda0.70,carbonscaler_weighted,ontario,45,0,131.0,45.67,41.26166666666666
optionC_lambda0.70,carbonscaler_weighted,ontario,46,0,141.0,42.05,44.14083333333334
optionC_lambda0.70,carbonscaler_weighted,ontario,47,0,138.0,37.7,31.816666666666666
optionC_lambda0.70,carbonscaler_weighted,ontario,48,0,141.0,50.05,27.543333333333333
optionC_lambda0.70,carbonscaler_weighted,ontario,49,0,140.0,49.87,38.13
optionC_lambda0.70,carbonscaler_weighted,ontario,50,0,139.0,48.33,34.494166666666665
optionC_lambda0.70,carbonscaler_weighted,ontario,51,0,138.0,48.46,47.105
optionC_lambda0.70,carbonscaler_weighted,ontario,52,0,121.0,46.68,45.96666666666667
optionC_lambda0.70,carbonscaler_weighted,ontario,53,0,109.0,61.85,36.67333333333333
optionC_lambda0.70,carbonscaler_weighted,ontario,54,0,119.0,96.77,43.79
optionC_lambda0.70,carbonscaler_weighted,ontario,55,0,122.0,84.26,39.11666666666667
optionC_lambda0.70,carbonscaler_weighted,ontario,56,0,131.0,57.34,46.31
optionC_lambda0.70,carbonscaler_weighted,ontario,57,0,132.0,52.12,46.74166666666667
optionC_lambda0.70,carbonscaler_weighted,ontario,58,0,131.0,50.86,22.308333333333334
optionC_lambda0.70,carbonscaler_weighted,ontario,59,0,135.0,45.87,17.453333333333333
optionC_lambda0.70,carbonscaler_weighted,ontario,60,0,132.0,38.4,15.573333333333332
optionC_lambda0.70,carbonscaler_weighted,ontario,61,0,123.0,34.62,19.00166666666667
optionC_lambda0.70,carbonscaler_weighted,ontario,62,0,119.0,33.74,29.050833333333333
optionC_lambda0.70,carbonscaler_weighted,ontario,63,0,100.0,39.97,41.73500000000001
optionC_lambda0.70,carbonscaler_weighted,ontario,64,0,91.0,49.4,51.74250000000001
optionC_lambda0.70,carbonscaler_weighted,ontario,65,0,92.0,57.3,39.9225
optionC_lambda0.70,carbonscaler_weighted,ontario,66,0,91.0,60.26,35.43
optionC_lambda0.70,carbonscaler_weighted,ontario,67,0,102.0,50.96,33.013333333333335
optionC_lambda0.70,carbonscaler_weighted,ontario,68,0,121.0,42.52,22.65416666666667
optionC_lambda0.70,carbonscaler_weighted,ontario,69,0,128.0,42.16,29.563333333333333
optionC_lambda0.70,carbonscaler_weighted,ontario,70,0,122.0,36.22,26.64
optionC_lambda0.70,carbonscaler_weighted,ontario,71,0,113.0,34.01,24.523333333333337
optionC_lambda0.70,carbonscaler_weighted,ontario,72,0,102.0,29.33,14.720833333333333
optionC_lambda0.70,carbonscaler_weighted,ontario,73,0,90.0,25.27,8.13
optionC_lambda0.70,carbonscaler_weighted,ontario,74,0,84.0,29.42,1.6991666666666667
optionC_lambda0.70,carbonscaler_weighted,ontario,75,0,73.0,30.84,2.9633333333333334
optionC_lambda0.70,carbonscaler_weighted,ontario,76,1,70.0,31.25,16.435833333333335
optionC_lambda0.70,carbonscaler_weighted,ontario,77,2,61.0,35.81,126.48833333333334
optionC_lambda0.70,carbonscaler_weighted,ontario,78,0,61.0,50.69,78.3725
optionC_lambda0.70,carbonscaler_weighted,ontario,79,0,62.0,49.64,40.18916666666667
optionC_lambda0.70,carbonscaler_weighted,ontario,80,0,67.0,43.2,35.16833333333333
optionC_lambda0.70,carbonscaler_weighted,ontario,81,0,74.0,34.83,36.946666666666665
optionC_lambda0.70,carbonscaler_weighted,ontario,82,0,97.0,33.46,48.73500000000001
optionC_lambda0.70,carbonscaler_weighted,ontario,83,0,110.0,33.77,49.08416666666667
optionC_lambda0.70,carbonscaler_weighted,ontario,84,0,105.0,34.25,60.63666666666666
optionC_lambda0.70,carbonscaler_weighted,ontario,85,0,99.0,33.34,49.995
optionC_lambda0.70,carbonscaler_weighted,ontario,86,0,94.0,33.49,80.68249999999999
optionC_lambda0.70,carbonscaler_weighted,ontario,87,0,105.0,35.49,37.122499999999995
optionC_lambda0.70,carbonscaler_weighted,ontario,88,0,101.0,39.92,30.870833333333334
optionC_lambda0.70,carbonscaler_weighted,ontario,89,0,105.0,51.75,35.86666666666667
optionC_lambda0.70,carbonscaler_weighted,ontario,90,0,102.0,53.87,41.671666666666674
optionC_lambda0.70,carbonscaler_weighted,ontario,91,0,105.0,51.13,39.7125
optionC_lambda0.70,carbonscaler_weighted,ontario,92,0,96.0,43.3,81.51666666666667
optionC_lambda0.70,carbonscaler_weighted,ontario,93,0,88.0,34.09,73.72666666666667
optionC_lambda0.70,carbonscaler_weighted,ontario,94,0,92.0,33.57,22.382499999999997
optionC_lambda0.70,carbonscaler_weighted,ontario,95,0,99.0,25.92,14.896666666666667
optionC_lambda0.70,carbonscaler_weighted,ontario,96,0,98.0,20.25,19.5625
optionC_lambda0.70,carbonscaler_weighted,ontario,97,0,93.0,26.64,21.86916666666667
optionC_lambda0.70,carbonscaler_weighted,ontario,98,0,81.0,26.35,10.735
optionC_lambda0.70,carbonscaler_weighted,ontario,99,2,66.0,25.55,16.831666666666667
optionC_lambda0.70,carbonscaler_weighted,ontario,100,2,56.0,32.85,22.901666666666667
optionC_lambda0.70,carbonscaler_weighted,ontario,101,2,54.0,38.31,29.686666666666667
optionC_lambda0.70,carbonscaler_weighted,ontario,102,0,54.0,61.06,48.30500000000001
optionC_lambda0.70,carbonscaler_weighted,ontario,103,0,55.0,63.3,37.83083333333333
optionC_lambda0.70,carbonscaler_weighted,ontario,104,0,60.0,49.64,28.733333333333334
optionC_lambda0.70,carbonscaler_weighted,ontario,105,0,68.0,50.72,34.39
optionC_lambda0.70,carbonscaler_weighted,ontario,106,0,83.0,43.94,33.968333333333334
optionC_lambda0.70,carbonscaler_weighted,ontario,107,0,99.0,33.65,48.071666666666665
optionC_lambda0.70,carbonscaler_weighted,ontario,108,0,96.0,33.16,33.02
optionC_lambda0.70,carbonscaler_weighted,ontario,109,0,84.0,33.64,32.66
optionC_lambda0.70,carbonscaler_weighted,ontario,110,0,93.0,33.81,14.861666666666666
optionC_lambda0.70,carbonscaler_weighted,ontario,111,0,94.0,34.99,27.951666666666668
optionC_lambda0.70,carbonscaler_weighted,ontario,112,0,106.0,49.27,33.82666666666667
optionC_lambda0.70,carbonscaler_weighted,ontario,113,0,100.0,56.53,44.190000000000005
optionC_lambda0.70,carbonscaler_weighted,ontario,114,0,97.0,61.98,64.0925
optionC_lambda0.70,carbonscaler_weighted,ontario,115,0,85.0,65.2,57.855
optionC_lambda0.70,carbonscaler_weighted,ontario,116,0,88.0,54.99,81.01
optionC_lambda0.70,carbonscaler_weighted,ontario,117,0,93.0,51.87,85.02333333333333
optionC_lambda0.70,carbonscaler_weighted,ontario,118,0,103.0,44.61,56.237500000000004
optionC_lambda0.70,carbonscaler_weighted,ontario,119,0,112.0,35.48,40.678333333333335
optionC_lambda0.70,carbonscaler_weighted,ontario,120,0,117.0,50.77,50.10583333333333
optionC_lambda0.70,carbonscaler_weighted,ontario,121,0,119.0,44.81,49.906666666666666
optionC_lambda0.70,carbonscaler_weighted,ontario,122,0,121.0,41.05,49.04916666666667
optionC_lambda0.70,carbonscaler_weighted,ontario,123,0,120.0,36.4,42.1925
optionC_lambda0.70,carbonscaler_weighted,ontario,124,0,108.0,39.47,40.28333333333334
optionC_lambda0.70,carbonscaler_weighted,ontario,125,0,105.0,48.66,40.70166666666667
optionC_lambda0.70,carbonscaler_weighted,ontario,126,0,105.0,55.67,33.23416666666667
optionC_lambda0.70,carbonscaler_weighted,ontario,127,0,101.0,50.09,32.46333333333333
optionC_lambda0.70,carbonscaler_weighted,ontario,128,0,91.0,41.62,28.154999999999998
optionC_lambda0.70,carbonscaler_weighted,ontario,129,0,87.0,41.6,18.684166666666666
optionC_lambda0.70,carbonscaler_weighted,ontario,130,0,89.0,40.42,35.85
optionC_lambda0.70,carbonscaler_weighted,ontario,131,0,83.0,37.73,25.226666666666663
optionC_lambda0.70,carbonscaler_weighted,ontario,132,0,80.0,33.78,31.930000000000003
optionC_lambda0.70,carbonscaler_weighted,ontario,133,0,77.0,33.67,11.112499999999999
optionC_lambda0.70,carbonscaler_weighted,ontario,134,0,72.0,33.04,1.5358333333333334
optionC_lambda0.70,carbonscaler_weighted,ontario,135,0,82.0,33.9,4.765833333333333
optionC_lambda0.70,carbonscaler_weighted,ontario,136,0,77.0,37.62,11.858333333333334
optionC_lambda0.70,carbonscaler_weighted,ontario,137,0,80.0,51.24,25.142500000000002
optionC_lambda0.70,carbonscaler_weighted,ontario,138,0,76.0,59.05,41.8525
optionC_lambda0.70,carbonscaler_weighted,ontario,139,0,75.0,59.44,50.66416666666667
optionC_lambda0.70,carbonscaler_weighted,ontario,140,0,75.0,50.49,49.836666666666666
optionC_lambda0.70,carbonscaler_weighted,ontario,141,0,72.0,39.53,41.318333333333335
optionC_lambda0.70,carbonscaler_weighted,ontario,142,0,73.0,35.54,43.805
optionC_lambda0.70,carbonscaler_weighted,ontario,143,0,87.0,33.98,25.075000000000003
optionC_lambda0.70,carbonscaler_weighted,ontario,144,0,95.0,36.79,34.35333333333333
optionC_lambda0.70,carbonscaler_weighted,ontario,145,0,94.0,34.4,26.6925
optionC_lambda0.70,carbonscaler_weighted,ontario,146,0,91.0,35.47,48.468333333333334
optionC_lambda0.70,carbonscaler_weighted,ontario,147,0,88.0,34.36,54.5375
optionC_lambda0.70,carbonscaler_weighted,ontario,148,0,73.0,37.11,51.11166666666667
optionC_lambda0.70,carbonscaler_weighted,ontario,149,0,61.0,42.79,50.39833333333333
optionC_lambda0.70,carbonscaler_weighted,ontario,150,1,52.0,47.76,51.104166666666664
optionC_lambda0.70,carbonscaler_weighted,ontario,151,1,62.0,40.18,37.81666666666667
optionC_lambda0.70,carbonscaler_weighted,ontario,152,0,70.0,33.89,37.10916666666667
optionC_lambda0.70,carbonscaler_weighted,ontario,153,1,68.0,33.36,21.173333333333336
optionC_lambda0.70,carbonscaler_weighted,ontario,154,1,66.0,31.41,6.423333333333333
optionC_lambda0.70,carbonscaler_weighted,ontario,155,2,68.0,28.78,9.073333333333332
optionC_lambda0.70,carbonscaler_weighted,ontario,156,2,61.0,26.25,15.920833333333334
optionC_lambda0.70,carbonscaler_weighted,ontario,157,2,55.0,20.77,20.026666666666667
optionC_lambda0.70,carbonscaler_weighted,ontario,158,2,52.0,23.43,15.846666666666666
optionC_lambda0.70,carbonscaler_weighted,ontario,159,2,53.0,28.38,21.236666666666668
optionC_lambda0.70,carbonscaler_weighted,ontario,160,2,53.0,37.9,47.1975
optionC_lambda0.70,carbonscaler_weighted,ontario,161,0,52.0,50.42,60.70416666666667
optionC_lambda0.70,carbonscaler_weighted,ontario,162,0,51.0,56.41,40.975
optionC_lambda0.70,carbonscaler_weighted,ontario,163,0,52.0,55.68,43.34166666666667
optionC_lambda0.70,carbonscaler_weighted,ontario,164,1,56.0,46.19,37.44916666666667
optionC_lambda0.70,carbonscaler_weighted,ontario,165,0,73.0,35.74,34.56166666666667
optionC_lambda0.70,carbonscaler_weighted,ontario,166,0,80.0,35.59,37.74583333333333
optionC_lambda0.70,carbonscaler_weighted,ontario,167,0,77.0,35.8,22.585833333333337
optionC_lambda0.80,carbonscaler_weighted,ontario,0,0,96.0,34.12,35.80416666666667
optionC_lambda0.80,carbonscaler_weighted,ontario,1,0,93.0,33.93,32.50666666666667
optionC_lambda0.80,carbonscaler_weighted,ontario,2,0,91.0,32.78,29.21166666666667
optionC_lambda0.80,carbonscaler_weighted,ontario,3,0,82.0,32.88,36.03666666666667
optionC_lambda0.80,carbonscaler_weighted,ontario,4,0,78.0,32.86,25.73
optionC_lambda0.80,carbonscaler_weighted,ontario,5,0,81.0,40.47,45.36666666666667
optionC_lambda0.80,carbonscaler_weighted,ontario,6,0,77.0,52.14,102.27499999999999
optionC_lambda0.80,carbonscaler_weighted,ontario,7,0,71.0,66.48,53.160000000000004
optionC_lambda0.80,carbonscaler_weighted,ontario,8,0,81.0,51.82,53.555
optionC_lambda0.80,carbonscaler_weighted,ontario,9,0,83.0,44.14,36.879999999999995
optionC_lambda0.80,carbonscaler_weighted,ontario,10,0,104.0,36.6,38.26083333333334
optionC_lambda0.80,carbonscaler_weighted,ontario,11,0,117.0,35.22,40.7575
optionC_lambda0.80,carbonscaler_weighted,ontario,12,0,114.0,34.66,38.3575
optionC_lambda0.80,carbonscaler_weighted,ontario,13,0,112.0,32.23,34.17666666666667
optionC_lambda0.80,carbonscaler_weighted,ontario,14,0,103.0,33.76,26.48
optionC_lambda0.80,carbonscaler_weighted,ontario,15,0,98.0,34.79,36.7575
optionC_lambda0.80,carbonscaler_weighted,ontario,16,0,104.0,36.54,76.7375
optionC_lambda0.80,carbonscaler_weighted,ontario,17,0,101.0,54.15,153.96083333333334
optionC_lambda0.80,carbonscaler_weighted,ontario,18,0,104.0,72.5,138.94416666666666
optionC_lambda0.80,carbonscaler_weighted,ontario,19,0,90.0,80.22,252.46333333333334
optionC_lambda0.80,carbonscaler_weighted,ontario,20,0,91.0,54.11,179.91
optionC_lambda0.80,carbonscaler_weighted,ontario,21,0,112.0,45.86,373.7825
optionC_lambda0.80,carbonscaler_weighted,ontario,22,0,119.0,45.59,72.18666666666665
optionC_lambda0.80,carbonscaler_weighted,ontario,23,0,122.0,36.35,43.05083333333334
optionC_lambda0.80,carbonscaler_weighted,ontario,24,0,128.0,49.5,50.95249999999999
optionC_lambda0.80,carbonscaler_weighted,ontario,25,0,126.0,50.56,53.87166666666667
optionC_lambda0.80,carbonscaler_weighted,ontario,26,0,131.0,50.09,53.149166666666666
optionC_lambda0.80,carbonscaler_weighted,ontario,27,0,133.0,49.92,51.583333333333336
optionC_lambda0.80,carbonscaler_weighted,ontario,28,0,130.0,50.55,55.78916666666667
optionC_lambda0.80,carbonscaler_weighted,ontario,29,0,135.0,58.51,55.83583333333333
optionC_lambda0.80,carbonscaler_weighted,ontario,30,0,139.0,92.97,167.33333333333334
optionC_lambda0.80,carbonscaler_weighted,ontario,31,0,137.0,71.53,38.432500000000005
optionC_lambda0.80,carbonscaler_weighted,ontario,32,0,139.0,53.23,30.5325
optionC_lambda0.80,carbonscaler_weighted,ontario,33,0,140.0,35.6,18.877499999999998
optionC_lambda0.80,carbonscaler_weighted,ontario,34,0,140.0,29.4,19.4025
optionC_lambda0.80,carbonscaler_weighted,ontario,35,0,149.0,27.13,22.310000000000002
optionC_lambda0.80,carbonscaler_weighted,ontario,36,0,136.0,23.38,20.80333333333333
optionC_lambda0.80,carbonscaler_weighted,ontario,37,0,120.0,21.95,21.33583333333333
optionC_lambda0.80,carbonscaler_weighted,ontario,38,0,103.0,27.25,16.563333333333333
optionC_lambda0.80,carbonscaler_weighted,ontario,39,0,100.0,33.03,31.710833333333337
optionC_lambda0.80,carbonscaler_weighted,ontario,40,0,105.0,42.56,46.28416666666667
optionC_lambda0.80,carbonscaler_weighted,ontario,41,0,100.0,59.51,61.23500000000001
optionC_lambda0.80,carbonscaler_weighted,ontario,42,0,103.0,75.66,40.50416666666667
optionC_lambda0.80,carbonscaler_weighted,ontario,43,0,97.0,71.03,47.211666666666666
optionC_lambda0.80,carbonscaler_weighted,ontario,44,0,114.0,54.71,45.3975
optionC_lambda0.80,carbonscaler_weighted,ontario,45,0,131.0,45.67,41.26166666666666
optionC_lambda0.80,carbonscaler_weighted,ontario,46,0,141.0,42.05,44.14083333333334
optionC_lambda0.80,carbonscaler_weighted,ontario,47,0,138.0,37.7,31.816666666666666
optionC_lambda0.80,carbonscaler_weighted,ontario,48,0,141.0,50.05,27.543333333333333
optionC_lambda0.80,carbonscaler_weighted,ontario,49,0,140.0,49.87,38.13
optionC_lambda0.80,carbonscaler_weighted,ontario,50,0,139.0,48.33,34.494166666666665
optionC_lambda0.80,carbonscaler_weighted,ontario,51,0,138.0,48.46,47.105
optionC_lambda0.80,carbonscaler_weighted,ontario,52,0,121.0,46.68,45.96666666666667
optionC_lambda0.80,carbonscaler_weighted,ontario,53,0,109.0,61.85,36.67333333333333
optionC_lambda0.80,carbonscaler_weighted,ontario,54,0,119.0,96.77,43.79
optionC_lambda0.80,carbonscaler_weighted,ontario,55,0,122.0,84.26,39.11666666666667
optionC_lambda0.80,carbonscaler_weighted,ontario,56,0,131.0,57.34,46.31
optionC_lambda0.80,carbonscaler_weighted,ontario,57,0,132.0,52.12,46.74166666666667
optionC_lambda0.80,carbonscaler_weighted,ontario,58,0,131.0,50.86,22.308333333333334
optionC_lambda0.80,carbonscaler_weighted,ontario,59,0,135.0,45.87,17.453333333333333
optionC_lambda0.80,carbonscaler_weighted,ontario,60,0,132.0,38.4,15.573333333333332
optionC_lambda0.80,carbonscaler_weighted,ontario,61,0,123.0,34.62,19.00166666666667
optionC_lambda0.80,carbonscaler_weighted,ontario,62,0,119.0,33.74,29.050833333333333
optionC_lambda0.80,carbonscaler_weighted,ontario,63,0,100.0,39.97,41.73500000000001
optionC_lambda0.80,carbonscaler_weighted,ontario,64,0,91.0,49.4,51.74250000000001
optionC_lambda0.80,carbonscaler_weighted,ontario,65,0,92.0,57.3,39.9225
optionC_lambda0.80,carbonscaler_weighted,ontario,66,0,91.0,60.26,35.43
optionC_lambda0.80,carbonscaler_weighted,ontario,67,0,102.0,50.96,33.013333333333335
optionC_lambda0.80,carbonscaler_weighted,ontario,68,0,121.0,42.52,22.65416666666667
optionC_lambda0.80,carbonscaler_weighted,ontario,69,0,128.0,42.16,29.563333333333333
optionC_lambda0.80,carbonscaler_weighted,ontario,70,0,122.0,36.22,26.64
optionC_lambda0.80,carbonscaler_weighted,ontario,71,0,113.0,34.01,24.523333333333337
optionC_lambda0.80,carbonscaler_weighted,ontario,72,0,102.0,29.33,14.720833333333333
optionC_lambda0.80,carbonscaler_weighted,ontario,73,0,90.0,25.27,8.13
optionC_lambda0.80,carbonscaler_weighted,ontario,74,0,84.0,29.42,1.6991666666666667
optionC_lambda0.80,carbonscaler_weighted,ontario,75,0,73.0,30.84,2.9633333333333334
optionC_lambda0.80,carbonscaler_weighted,ontario,76,0,70.0,31.25,16.435833333333335
optionC_lambda0.80,carbonscaler_weighted,ontario,77,1,61.0,35.81,126.48833333333334
optionC_lambda0.80,carbonscaler_weighted,ontario,78,0,61.0,50.69,78.3725
optionC_lambda0.80,carbonscaler_weighted,ontario,79,0,62.0,49.64,40.18916666666667
optionC_lambda0.80,carbonscaler_weighted,ontario,80,0,67.0,43.2,35.16833333333333
optionC_lambda0.80,carbonscaler_weighted,ontario,81,0,74.0,34.83,36.946666666666665
optionC_lambda0.80,carbonscaler_weighted,ontario,82,0,97.0,33.46,48.73500000000001
optionC_lambda0.80,carbonscaler_weighted,ontario,83,0,110.0,33.77,49.08416666666667
optionC_lambda0.80,carbonscaler_weighted,ontario,84,0,105.0,34.25,60.63666666666666
optionC_lambda0.80,carbonscaler_weighted,ontario,85,0,99.0,33.34,49.995
optionC_lambda0.80,carbonscaler_weighted,ontario,86,0,94.0,33.49,80.68249999999999
optionC_lambda0.80,carbonscaler_weighted,ontario,87,0,105.0,35.49,37.122499999999995
optionC_lambda0.80,carbonscaler_weighted,ontario,88,0,101.0,39.92,30.870833333333334
optionC_lambda0.80,carbonscaler_weighted,ontario,89,0,105.0,51.75,35.86666666666667
optionC_lambda0.80,carbonscaler_weighted,ontario,90,0,102.0,53.87,41.671666666666674
optionC_lambda0.80,carbonscaler_weighted,ontario,91,0,105.0,51.13,39.7125
optionC_lambda0.80,carbonscaler_weighted,ontario,92,0,96.0,43.3,81.51666666666667
optionC_lambda0.80,carbonscaler_weighted,ontario,93,0,88.0,34.09,73.72666666666667
optionC_lambda0.80,carbonscaler_weighted,ontario,94,0,92.0,33.57,22.382499999999997
optionC_lambda0.80,carbonscaler_weighted,ontario,95,0,99.0,25.92,14.896666666666667
optionC_lambda0.80,carbonscaler_weighted,ontario,96,0,98.0,20.25,19.5625
optionC_lambda0.80,carbonscaler_weighted,ontario,97,0,93.0,26.64,21.86916666666667
optionC_lambda0.80,carbonscaler_weighted,ontario,98,0,81.0,26.35,10.735
optionC_lambda0.80,carbonscaler_weighted,ontario,99,2,66.0,25.55,16.831666666666667
optionC_lambda0.80,carbonscaler_weighted,ontario,100,2,56.0,32.85,22.901666666666667
optionC_lambda0.80,carbonscaler_weighted,ontario,101,2,54.0,38.31,29.686666666666667
optionC_lambda0.80,carbonscaler_weighted,ontario,102,0,54.0,61.06,48.30500000000001
optionC_lambda0.80,carbonscaler_weighted,ontario,103,0,55.0,63.3,37.83083333333333
optionC_lambda0.80,carbonscaler_weighted,ontario,104,0,60.0,49.64,28.733333333333334
optionC_lambda0.80,carbonscaler_weighted,ontario,105,0,68.0,50.72,34.39
optionC_lambda0.80,carbonscaler_weighted,ontario,106,0,83.0,43.94,33.968333333333334
optionC_lambda0.80,carbonscaler_weighted,ontario,107,0,99.0,33.65,48.071666666666665
optionC_lambda0.80,carbonscaler_weighted,ontario,108,0,96.0,33.16,33.02
optionC_lambda0.80,carbonscaler_weighted,ontario,109,0,84.0,33.64,32.66
optionC_lambda0.80,carbonscaler_weighted,ontario,110,0,93.0,33.81,14.861666666666666
optionC_lambda0.80,carbonscaler_weighted,ontario,111,0,94.0,34.99,27.951666666666668
optionC_lambda0.80,carbonscaler_weighted,ontario,112,0,106.0,49.27,33.82666666666667
optionC_lambda0.80,carbonscaler_weighted,ontario,113,0,100.0,56.53,44.190000000000005
optionC_lambda0.80,carbonscaler_weighted,ontario,114,0,97.0,61.98,64.0925
optionC_lambda0.80,carbonscaler_weighted,ontario,115,0,85.0,65.2,57.855
optionC_lambda0.80,carbonscaler_weighted,ontario,116,0,88.0,54.99,81.01
optionC_lambda0.80,carbonscaler_weighted,ontario,117,0,93.0,51.87,85.02333333333333
optionC_lambda0.80,carbonscaler_weighted,ontario,118,0,103.0,44.61,56.237500000000004
optionC_lambda0.80,carbonscaler_weighted,ontario,119,0,112.0,35.48,40.678333333333335
optionC_lambda0.80,carbonscaler_weighted,ontario,120,0,117.0,50.77,50.10583333333333
optionC_lambda0.80,carbonscaler_weighted,ontario,121,0,119.0,44.81,49.906666666666666
optionC_lambda0.80,carbonscaler_weighted,ontario,122,0,121.0,41.05,49.04916666666667
optionC_lambda0.80,carbonscaler_weighted,ontario,123,0,120.0,36.4,42.1925
optionC_lambda0.80,carbonscaler_weighted,ontario,124,0,108.0,39.47,40.28333333333334
optionC_lambda0.80,carbonscaler_weighted,ontario,125,0,105.0,48.66,40.70166666666667
optionC_lambda0.80,carbonscaler_weighted,ontario,126,0,105.0,55.67,33.23416666666667
optionC_lambda0.80,carbonscaler_weighted,ontario,127,0,101.0,50.09,32.46333333333333
optionC_lambda0.80,carbonscaler_weighted,ontario,128,0,91.0,41.62,28.154999999999998
optionC_lambda0.80,carbonscaler_weighted,ontario,129,0,87.0,41.6,18.684166666666666
optionC_lambda0.80,carbonscaler_weighted,ontario,130,0,89.0,40.42,35.85
optionC_lambda0.80,carbonscaler_weighted,ontario,131,0,83.0,37.73,25.226666666666663
optionC_lambda0.80,carbonscaler_weighted,ontario,132,0,80.0,33.78,31.930000000000003
optionC_lambda0.80,carbonscaler_weighted,ontario,133,0,77.0,33.67,11.112499999999999
optionC_lambda0.80,carbonscaler_weighted,ontario,134,0,72.0,33.04,1.5358333333333334
optionC_lambda0.80,carbonscaler_weighted,ontario,135,0,82.0,33.9,4.765833333333333
optionC_lambda0.80,carbonscaler_weighted,ontario,136,0,77.0,37.62,11.858333333333334
optionC_lambda0.80,carbonscaler_weighted,ontario,137,0,80.0,51.24,25.142500000000002
optionC_lambda0.80,carbonscaler_weighted,ontario,138,0,76.0,59.05,41.8525
optionC_lambda0.80,carbonscaler_weighted,ontario,139,0,75.0,59.44,50.66416666666667
optionC_lambda0.80,carbonscaler_weighted,ontario,140,0,75.0,50.49,49.836666666666666
optionC_lambda0.80,carbonscaler_weighted,ontario,141,0,72.0,39.53,41.318333333333335
optionC_lambda0.80,carbonscaler_weighted,ontario,142,0,73.0,35.54,43.805
optionC_lambda0.80,carbonscaler_weighted,ontario,143,0,87.0,33.98,25.075000000000003
optionC_lambda0.80,carbonscaler_weighted,ontario,144,0,95.0,36.79,34.35333333333333
optionC_lambda0.80,carbonscaler_weighted,ontario,145,0,94.0,34.4,26.6925
optionC_lambda0.80,carbonscaler_weighted,ontario,146,0,91.0,35.47,48.468333333333334
optionC_lambda0.80,carbonscaler_weighted,ontario,147,0,88.0,34.36,54.5375
optionC_lambda0.80,carbonscaler_weighted,ontario,148,0,73.0,37.11,51.11166666666667
optionC_lambda0.80,carbonscaler_weighted,ontario,149,0,61.0,42.79,50.39833333333333
optionC_lambda0.80,carbonscaler_weighted,ontario,150,2,52.0,47.76,51.104166666666664
optionC_lambda0.80,carbonscaler_weighted,ontario,151,1,62.0,40.18,37.81666666666667
optionC_lambda0.80,carbonscaler_weighted,ontario,152,0,70.0,33.89,37.10916666666667
optionC_lambda0.80,carbonscaler_weighted,ontario,153,0,68.0,33.36,21.173333333333336
optionC_lambda0.80,carbonscaler_weighted,ontario,154,1,66.0,31.41,6.423333333333333
optionC_lambda0.80,carbonscaler_weighted,ontario,155,1,68.0,28.78,9.073333333333332
optionC_lambda0.80,carbonscaler_weighted,ontario,156,2,61.0,26.25,15.920833333333334
optionC_lambda0.80,carbonscaler_weighted,ontario,157,2,55.0,20.77,20.026666666666667
optionC_lambda0.80,carbonscaler_weighted,ontario,158,2,52.0,23.43,15.846666666666666
optionC_lambda0.80,carbonscaler_weighted,ontario,159,2,53.0,28.38,21.236666666666668
optionC_lambda0.80,carbonscaler_weighted,ontario,160,2,53.0,37.9,47.1975
optionC_lambda0.80,carbonscaler_weighted,ontario,161,1,52.0,50.42,60.70416666666667
optionC_lambda0.80,carbonscaler_weighted,ontario,162,1,51.0,56.41,40.975
optionC_lambda0.80,carbonscaler_weighted,ontario,163,1,52.0,55.68,43.34166666666667
optionC_lambda0.80,carbonscaler_weighted,ontario,164,1,56.0,46.19,37.44916666666667
optionC_lambda0.80,carbonscaler_weighted,ontario,165,0,73.0,35.74,34.56166666666667
optionC_lambda0.80,carbonscaler_weighted,ontario,166,0,80.0,35.59,37.74583333333333
optionC_lambda0.80,carbonscaler_weighted,ontario,167,0,77.0,35.8,22.585833333333337
optionC_lambda0.90,carbonscaler_weighted,ontario,0,0,96.0,34.12,35.80416666666667
optionC_lambda0.90,carbonscaler_weighted,ontario,1,0,93.0,33.93,32.50666666666667
optionC_lambda0.90,carbonscaler_weighted,ontario,2,0,91.0,32.78,29.21166666666667
optionC_lambda0.90,carbonscaler_weighted,ontario,3,0,82.0,32.88,36.03666666666667
optionC_lambda0.90,carbonscaler_weighted,ontario,4,0,78.0,32.86,25.73
optionC_lambda0.90,carbonscaler_weighted,ontario,5,0,81.0,40.47,45.36666666666667
optionC_lambda0.90,carbonscaler_weighted,ontario,6,0,77.0,52.14,102.27499999999999
optionC_lambda0.90,carbonscaler_weighted,ontario,7,0,71.0,66.48,53.160000000000004
optionC_lambda0.90,carbonscaler_weighted,ontario,8,0,81.0,51.82,53.555
optionC_lambda0.90,carbonscaler_weighted,ontario,9,0,83.0,44.14,36.879999999999995
optionC_lambda0.90,carbonscaler_weighted,ontario,10,0,104.0,36.6,38.26083333333334
optionC_lambda0.90,carbonscaler_weighted,ontario,11,0,117.0,35.22,40.7575
optionC_lambda0.90,carbonscaler_weighted,ontario,12,0,114.0,34.66,38.3575
optionC_lambda0.90,carbonscaler_weighted,ontario,13,0,112.0,32.23,34.17666666666667
optionC_lambda0.90,carbonscaler_weighted,ontario,14,0,103.0,33.76,26.48
optionC_lambda0.90,carbonscaler_weighted,ontario,15,0,98.0,34.79,36.7575
optionC_lambda0.90,carbonscaler_weighted,ontario,16,0,104.0,36.54,76.7375
optionC_lambda0.90,carbonscaler_weighted,ontario,17,0,101.0,54.15,153.96083333333334
optionC_lambda0.90,carbonscaler_weighted,ontario,18,0,104.0,72.5,138.94416666666666
optionC_lambda0.90,carbonscaler_weighted,ontario,19,0,90.0,80.22,252.46333333333334
optionC_lambda0.90,carbonscaler_weighted,ontario,20,0,91.0,54.11,179.91
optionC_lambda0.90,carbonscaler_weighted,ontario,21,0,112.0,45.86,373.7825
optionC_lambda0.90,carbonscaler_weighted,ontario,22,0,119.0,45.59,72.18666666666665
optionC_lambda0.90,carbonscaler_weighted,ontario,23,0,122.0,36.35,43.05083333333334
optionC_lambda0.90,carbonscaler_weighted,ontario,24,0,128.0,49.5,50.95249999999999
optionC_lambda0.90,carbonscaler_weighted,ontario,25,0,126.0,50.56,53.87166666666667
optionC_lambda0.90,carbonscaler_weighted,ontario,26,0,131.0,50.09,53.149166666666666
optionC_lambda0.90,carbonscaler_weighted,ontario,27,0,133.0,49.92,51.583333333333336
optionC_lambda0.90,carbonscaler_weighted,ontario,28,0,130.0,50.55,55.78916666666667
optionC_lambda0.90,carbonscaler_weighted,ontario,29,0,135.0,58.51,55.83583333333333
optionC_lambda0.90,carbonscaler_weighted,ontario,30,0,139.0,92.97,167.33333333333334
optionC_lambda0.90,carbonscaler_weighted,ontario,31,0,137.0,71.53,38.432500000000005
optionC_lambda0.90,carbonscaler_weighted,ontario,32,0,139.0,53.23,30.5325
optionC_lambda0.90,carbonscaler_weighted,ontario,33,0,140.0,35.6,18.877499999999998
optionC_lambda0.90,carbonscaler_weighted,ontario,34,0,140.0,29.4,19.4025
optionC_lambda0.90,carbonscaler_weighted,ontario,35,0,149.0,27.13,22.310000000000002
optionC_lambda0.90,carbonscaler_weighted,ontario,36,0,136.0,23.38,20.80333333333333
optionC_lambda0.90,carbonscaler_weighted,ontario,37,0,120.0,21.95,21.33583333333333
optionC_lambda0.90,carbonscaler_weighted,ontario,38,0,103.0,27.25,16.563333333333333
optionC_lambda0.90,carbonscaler_weighted,ontario,39,0,100.0,33.03,31.710833333333337
optionC_lambda0.90,carbonscaler_weighted,ontario,40,0,105.0,42.56,46.28416666666667
optionC_lambda0.90,carbonscaler_weighted,ontario,41,0,100.0,59.51,61.23500000000001
optionC_lambda0.90,carbonscaler_weighted,ontario,42,0,103.0,75.66,40.50416666666667
optionC_lambda0.90,carbonscaler_weighted,ontario,43,0,97.0,71.03,47.211666666666666
optionC_lambda0.90,carbonscaler_weighted,ontario,44,0,114.0,54.71,45.3975
optionC_lambda0.90,carbonscaler_weighted,ontario,45,0,131.0,45.67,41.26166666666666
optionC_lambda0.90,carbonscaler_weighted,ontario,46,0,141.0,42.05,44.14083333333334
optionC_lambda0.90,carbonscaler_weighted,ontario,47,0,138.0,37.7,31.816666666666666
optionC_lambda0.90,carbonscaler_weighted,ontario,48,0,141.0,50.05,27.543333333333333
optionC_lambda0.90,carbonscaler_weighted,ontario,49,0,140.0,49.87,38.13
optionC_lambda0.90,carbonscaler_weighted,ontario,50,0,139.0,48.33,34.494166666666665
optionC_lambda0.90,carbonscaler_weighted,ontario,51,0,138.0,48.46,47.105
optionC_lambda0.90,carbonscaler_weighted,ontario,52,0,121.0,46.68,45.96666666666667
optionC_lambda0.90,carbonscaler_weighted,ontario,53,0,109.0,61.85,36.67333333333333
optionC_lambda0.90,carbonscaler_weighted,ontario,54,0,119.0,96.77,43.79
optionC_lambda0.90,carbonscaler_weighted,ontario,55,0,122.0,84.26,39.11666666666667
optionC_lambda0.90,carbonscaler_weighted,ontario,56,0,131.0,57.34,46.31
optionC_lambda0.90,carbonscaler_weighted,ontario,57,0,132.0,52.12,46.74166666666667
optionC_lambda0.90,carbonscaler_weighted,ontario,58,0,131.0,50.86,22.308333333333334
optionC_lambda0.90,carbonscaler_weighted,ontario,59,0,135.0,45.87,17.453333333333333
optionC_lambda0.90,carbonscaler_weighted,ontario,60,0,132.0,38.4,15.573333333333332
optionC_lambda0.90,carbonscaler_weighted,ontario,61,0,123.0,34.62,19.00166666666667
optionC_lambda0.90,carbonscaler_weighted,ontario,62,0,119.0,33.74,29.050833333333333
optionC_lambda0.90,carbonscaler_weighted,ontario,63,0,100.0,39.97,41.73500000000001
optionC_lambda0.90,carbonscaler_weighted,ontario,64,0,91.0,49.4,51.74250000000001
optionC_lambda0.90,carbonscaler_weighted,ontario,65,0,92.0,57.3,39.9225
optionC_lambda0.90,carbonscaler_weighted,ontario,66,0,91.0,60.26,35.43
optionC_lambda0.90,carbonscaler_weighted,ontario,67,0,102.0,50.96,33.013333333333335
optionC_lambda0.90,carbonscaler_weighted,ontario,68,0,121.0,42.52,22.65416666666667
optionC_lambda0.90,carbonscaler_weighted,ontario,69,0,128.0,42.16,29.563333333333333
optionC_lambda0.90,carbonscaler_weighted,ontario,70,0,122.0,36.22,26.64
optionC_lambda0.90,carbonscaler_weighted,ontario,71,0,113.0,34.01,24.523333333333337
optionC_lambda0.90,carbonscaler_weighted,ontario,72,0,102.0,29.33,14.720833333333333
optionC_lambda0.90,carbonscaler_weighted,ontario,73,0,90.0,25.27,8.13
optionC_lambda0.90,carbonscaler_weighted,ontario,74,0,84.0,29.42,1.6991666666666667
optionC_lambda0.90,carbonscaler_weighted,ontario,75,0,73.0,30.84,2.9633333333333334
optionC_lambda0.90,carbonscaler_weighted,ontario,76,0,70.0,31.25,16.435833333333335
optionC_lambda0.90,carbonscaler_weighted,ontario,77,1,61.0,35.81,126.48833333333334
optionC_lambda0.90,carbonscaler_weighted,ontario,78,0,61.0,50.69,78.3725
optionC_lambda0.90,carbonscaler_weighted,ontario,79,0,62.0,49.64,40.18916666666667
optionC_lambda0.90,carbonscaler_weighted,ontario,80,0,67.0,43.2,35.16833333333333
optionC_lambda0.90,carbonscaler_weighted,ontario,81,0,74.0,34.83,36.946666666666665
optionC_lambda0.90,carbonscaler_weighted,ontario,82,0,97.0,33.46,48.73500000000001
optionC_lambda0.90,carbonscaler_weighted,ontario,83,0,110.0,33.77,49.08416666666667
optionC_lambda0.90,carbonscaler_weighted,ontario,84,0,105.0,34.25,60.63666666666666
optionC_lambda0.90,carbonscaler_weighted,ontario,85,0,99.0,33.34,49.995
optionC_lambda0.90,carbonscaler_weighted,ontario,86,0,94.0,33.49,80.68249999999999
optionC_lambda0.90,carbonscaler_weighted,ontario,87,0,105.0,35.49,37.122499999999995
optionC_lambda0.90,carbonscaler_weighted,ontario,88,0,101.0,39.92,30.870833333333334
optionC_lambda0.90,carbonscaler_weighted,ontario,89,0,105.0,51.75,35.86666666666667
optionC_lambda0.90,carbonscaler_weighted,ontario,90,0,102.0,53.87,41.671666666666674
optionC_lambda0.90,carbonscaler_weighted,ontario,91,0,105.0,51.13,39.7125
optionC_lambda0.90,carbonscaler_weighted,ontario,92,0,96.0,43.3,81.51666666666667
optionC_lambda0.90,carbonscaler_weighted,ontario,93,0,88.0,34.09,73.72666666666667
optionC_lambda0.90,carbonscaler_weighted,ontario,94,0,92.0,33.57,22.382499999999997
optionC_lambda0.90,carbonscaler_weighted,ontario,95,0,99.0,25.92,14.896666666666667
optionC_lambda0.90,carbonscaler_weighted,ontario,96,0,98.0,20.25,19.5625
optionC_lambda0.90,carbonscaler_weighted,ontario,97,0,93.0,26.64,21.86916666666667
optionC_lambda0.90,carbonscaler_weighted,ontario,98,0,81.0,26.35,10.735
optionC_lambda0.90,carbonscaler_weighted,ontario,99,0,66.0,25.55,16.831666666666667
optionC_lambda0.90,carbonscaler_weighted,ontario,100,2,56.0,32.85,22.901666666666667
optionC_lambda0.90,carbonscaler_weighted,ontario,101,2,54.0,38.31,29.686666666666667
optionC_lambda0.90,carbonscaler_weighted,ontario,102,1,54.0,61.06,48.30500000000001
optionC_lambda0.90,carbonscaler_weighted,ontario,103,1,55.0,63.3,37.83083333333333
optionC_lambda0.90,carbonscaler_weighted,ontario,104,0,60.0,49.64,28.733333333333334
optionC_lambda0.90,carbonscaler_weighted,ontario,105,0,68.0,50.72,34.39
optionC_lambda0.90,carbonscaler_weighted,ontario,106,0,83.0,43.94,33.968333333333334
optionC_lambda0.90,carbonscaler_weighted,ontario,107,0,99.0,33.65,48.071666666666665
optionC_lambda0.90,carbonscaler_weighted,ontario,108,0,96.0,33.16,33.02
optionC_lambda0.90,carbonscaler_weighted,ontario,109,0,84.0,33.64,32.66
optionC_lambda0.90,carbonscaler_weighted,ontario,110,0,93.0,33.81,14.861666666666666
optionC_lambda0.90,carbonscaler_weighted,ontario,111,0,94.0,34.99,27.951666666666668
optionC_lambda0.90,carbonscaler_weighted,ontario,112,0,106.0,49.27,33.82666666666667
optionC_lambda0.90,carbonscaler_weighted,ontario,113,0,100.0,56.53,44.190000000000005
optionC_lambda0.90,carbonscaler_weighted,ontario,114,0,97.0,61.98,64.0925
optionC_lambda0.90,carbonscaler_weighted,ontario,115,0,85.0,65.2,57.855
optionC_lambda0.90,carbonscaler_weighted,ontario,116,0,88.0,54.99,81.01
optionC_lambda0.90,carbonscaler_weighted,ontario,117,0,93.0,51.87,85.02333333333333
optionC_lambda0.90,carbonscaler_weighted,ontario,118,0,103.0,44.61,56.237500000000004
optionC_lambda0.90,carbonscaler_weighted,ontario,119,0,112.0,35.48,40.678333333333335
optionC_lambda0.90,carbonscaler_weighted,ontario,120,0,117.0,50.77,50.10583333333333
optionC_lambda0.90,carbonscaler_weighted,ontario,121,0,119.0,44.81,49.906666666666666
optionC_lambda0.90,carbonscaler_weighted,ontario,122,0,121.0,41.05,49.04916666666667
optionC_lambda0.90,carbonscaler_weighted,ontario,123,0,120.0,36.4,42.1925
optionC_lambda0.90,carbonscaler_weighted,ontario,124,0,108.0,39.47,40.28333333333334
optionC_lambda0.90,carbonscaler_weighted,ontario,125,0,105.0,48.66,40.70166666666667
optionC_lambda0.90,carbonscaler_weighted,ontario,126,0,105.0,55.67,33.23416666666667
optionC_lambda0.90,carbonscaler_weighted,ontario,127,0,101.0,50.09,32.46333333333333
optionC_lambda0.90,carbonscaler_weighted,ontario,128,0,91.0,41.62,28.154999999999998
optionC_lambda0.90,carbonscaler_weighted,ontario,129,0,87.0,41.6,18.684166666666666
optionC_lambda0.90,carbonscaler_weighted,ontario,130,0,89.0,40.42,35.85
optionC_lambda0.90,carbonscaler_weighted,ontario,131,0,83.0,37.73,25.226666666666663
optionC_lambda0.90,carbonscaler_weighted,ontario,132,0,80.0,33.78,31.930000000000003
optionC_lambda0.90,carbonscaler_weighted,ontario,133,0,77.0,33.67,11.112499999999999
optionC_lambda0.90,carbonscaler_weighted,ontario,134,0,72.0,33.04,1.5358333333333334
optionC_lambda0.90,carbonscaler_weighted,ontario,135,0,82.0,33.9,4.765833333333333
optionC_lambda0.90,carbonscaler_weighted,ontario,136,0,77.0,37.62,11.858333333333334
optionC_lambda0.90,carbonscaler_weighted,ontario,137,0,80.0,51.24,25.142500000000002
optionC_lambda0.90,carbonscaler_weighted,ontario,138,0,76.0,59.05,41.8525
optionC_lambda0.90,carbonscaler_weighted,ontario,139,0,75.0,59.44,50.66416666666667
optionC_lambda0.90,carbonscaler_weighted,ontario,140,0,75.0,50.49,49.836666666666666
optionC_lambda0.90,carbonscaler_weighted,ontario,141,0,72.0,39.53,41.318333333333335
optionC_lambda0.90,carbonscaler_weighted,ontario,142,0,73.0,35.54,43.805
optionC_lambda0.90,carbonscaler_weighted,ontario,143,0,87.0,33.98,25.075000000000003
optionC_lambda0.90,carbonscaler_weighted,ontario,144,0,95.0,36.79,34.35333333333333
optionC_lambda0.90,carbonscaler_weighted,ontario,145,0,94.0,34.4,26.6925
optionC_lambda0.90,carbonscaler_weighted,ontario,146,0,91.0,35.47,48.468333333333334
optionC_lambda0.90,carbonscaler_weighted,ontario,147,0,88.0,34.36,54.5375
optionC_lambda0.90,carbonscaler_weighted,ontario,148,0,73.0,37.11,51.11166666666667
optionC_lambda0.90,carbonscaler_weighted,ontario,149,0,61.0,42.79,50.39833333333333
optionC_lambda0.90,carbonscaler_weighted,ontario,150,2,52.0,47.76,51.104166666666664
optionC_lambda0.90,carbonscaler_weighted,ontario,151,0,62.0,40.18,37.81666666666667
optionC_lambda0.90,carbonscaler_weighted,ontario,152,0,70.0,33.89,37.10916666666667
optionC_lambda0.90,carbonscaler_weighted,ontario,153,0,68.0,33.36,21.173333333333336
optionC_lambda0.90,carbonscaler_weighted,ontario,154,0,66.0,31.41,6.423333333333333
optionC_lambda0.90,carbonscaler_weighted,ontario,155,0,68.0,28.78,9.073333333333332
optionC_lambda0.90,carbonscaler_weighted,ontario,156,2,61.0,26.25,15.920833333333334
optionC_lambda0.90,carbonscaler_weighted,ontario,157,2,55.0,20.77,20.026666666666667
optionC_lambda0.90,carbonscaler_weighted,ontario,158,2,52.0,23.43,15.846666666666666
optionC_lambda0.90,carbonscaler_weighted,ontario,159,2,53.0,28.38,21.236666666666668
optionC_lambda0.90,carbonscaler_weighted,ontario,160,2,53.0,37.9,47.1975
optionC_lambda0.90,carbonscaler_weighted,ontario,161,2,52.0,50.42,60.70416666666667
optionC_lambda0.90,carbonscaler_weighted,ontario,162,2,51.0,56.41,40.975
optionC_lambda0.90,carbonscaler_weighted,ontario,163,2,52.0,55.68,43.34166666666667
optionC_lambda0.90,carbonscaler_weighted,ontario,164,1,56.0,46.19,37.44916666666667
optionC_lambda0.90,carbonscaler_weighted,ontario,165,0,73.0,35.74,34.56166666666667
optionC_lambda0.90,carbonscaler_weighted,ontario,166,0,80.0,35.59,37.74583333333333
optionC_lambda0.90,carbonscaler_weighted,ontario,167,0,77.0,35.8,22.585833333333337
