policy,policy_name,sector_slug,slot_index,scale,carbon_intensity,day_ahead_price,real_time_price
carbonscaler_base,carbonscaler,texas,0,0,329.0,34.7798,0.5833
carbonscaler_base,carbonscaler,texas,1,0,333.0,43.659,50.068
carbonscaler_base,carbonscaler,texas,2,0,321.0,54.8968,73.2643
carbonscaler_base,carbonscaler,texas,3,0,320.0,31.5659,27.0714
carbonscaler_base,carbonscaler,texas,4,0,331.0,38.9968,50.5642
carbonscaler_base,carbonscaler,texas,5,0,343.0,153.8136,133.0052
carbonscaler_base,carbonscaler,texas,6,0,363.0,137.7394,127.6533
carbonscaler_base,carbonscaler,texas,7,0,375.0,112.7035,127.4758
carbonscaler_base,carbonscaler,texas,8,0,382.0,75.7125,68.7393
carbonscaler_base,carbonscaler,texas,9,0,388.0,35.6457,19.6374
carbonscaler_base,carbonscaler,texas,10,0,409.0,44.3438,62.1764
carbonscaler_base,carbonscaler,texas,11,0,427.0,35.9372,21.0082
carbonscaler_base,carbonscaler,texas,12,0,431.0,38.1315,50.9989
carbonscaler_base,carbonscaler,texas,13,0,420.0,38.1886,42.7127
carbonscaler_base,carbonscaler,texas,14,0,326.0,39.6707,35.2655
carbonscaler_base,carbonscaler,texas,15,0,275.0,47.3615,31.6689
carbonscaler_base,carbonscaler,texas,16,0,286.0,68.7809,77.6323
carbonscaler_base,carbonscaler,texas,17,0,280.0,111.203,103.2048
carbonscaler_base,carbonscaler,texas,18,0,257.0,128.2242,114.5151
carbonscaler_base,carbonscaler,texas,19,0,241.0,109.0926,108.3063
carbonscaler_base,carbonscaler,texas,20,0,243.0,101.7683,117.6982
carbonscaler_base,carbonscaler,texas,21,0,251.0,65.184,56.8147
carbonscaler_base,carbonscaler,texas,22,0,255.0,58.0316,53.5464
carbonscaler_base,carbonscaler,texas,23,0,327.0,42.5978,66.0952
carbonscaler_base,carbonscaler,texas,24,0,402.0,33.627,36.459
carbonscaler_base,carbonscaler,texas,25,0,385.0,26.1557,13.8144
carbonscaler_base,carbonscaler,texas,26,0,363.0,32.1188,26.6674
carbonscaler_base,carbonscaler,texas,27,0,343.0,37.0733,28.8513
carbonscaler_base,carbonscaler,texas,28,0,309.0,30.1579,61.9976
carbonscaler_base,carbonscaler,texas,29,0,283.0,23.4652,17.8156
carbonscaler_base,carbonscaler,texas,30,0,263.0,43.1502,41.647
carbonscaler_base,carbonscaler,texas,31,0,262.0,66.5858,61.6512
carbonscaler_base,carbonscaler,texas,32,0,257.0,138.1495,287.0703
carbonscaler_base,carbonscaler,texas,33,0,260.0,51.5384,43.2347
carbonscaler_base,carbonscaler,texas,34,0,271.0,46.3416,47.3293
carbonscaler_base,carbonscaler,texas,35,0,285.0,44.2455,57.8439
carbonscaler_base,carbonscaler,texas,36,0,296.0,45.3638,62.2896
carbonscaler_base,carbonscaler,texas,37,0,292.0,48.8051,64.2054
carbonscaler_base,carbonscaler,texas,38,0,239.0,51.476,20.107
carbonscaler_base,carbonscaler,texas,39,1,200.0,51.6154,62.4952
carbonscaler_base,carbonscaler,texas,40,1,191.0,72.6202,86.4649
carbonscaler_base,carbonscaler,texas,41,1,199.0,100.3706,98.2854
carbonscaler_base,carbonscaler,texas,42,1,193.0,105.4917,102.8885
carbonscaler_base,carbonscaler,texas,43,1,198.0,97.4007,103.3636
carbonscaler_base,carbonscaler,texas,44,1,199.0,94.1298,79.272
carbonscaler_base,carbonscaler,texas,45,1,212.0,69.0595,66.6765
carbonscaler_base,carbonscaler,texas,46,0,236.0,52.4568,47.5106
carbonscaler_base,carbonscaler,texas,47,0,322.0,47.2983,81.2659
carbonscaler_base,carbonscaler,texas,48,0,374.0,35.1946,36.8934
carbonscaler_base,carbonscaler,texas,49,0,357.0,26.9337,21.3365
carbonscaler_base,carbonscaler,texas,50,0,335.0,27.766,1.951
carbonscaler_base,carbonscaler,texas,51,0,318.0,26.8679,8.729
carbonscaler_base,carbonscaler,texas,52,0,294.0,32.1051,29.6991
carbonscaler_base,carbonscaler,texas,53,0,283.0,23.9699,29.8911
carbonscaler_base,carbonscaler,texas,54,0,292.0,50.3498,28.7662
carbonscaler_base,carbonscaler,texas,55,0,312.0,58.473,51.5192
carbonscaler_base,carbonscaler,texas,56,0,336.0,56.9128,66.3191
carbonscaler_base,carbonscaler,texas,57,0,341.0,64.8707,61.4467
carbonscaler_base,carbonscaler,texas,58,0,341.0,68.664,75.3879
carbonscaler_base,carbonscaler,texas,59,0,361.0,56.1997,46.5673
carbonscaler_base,carbonscaler,texas,60,0,389.0,50.4553,57.0859
carbonscaler_base,carbonscaler,texas,61,0,398.0,50.708,33.0799
carbonscaler_base,carbonscaler,texas,62,0,355.0,52.9678,48.4055
carbonscaler_base,carbonscaler,texas,63,0,331.0,58.8784,55.4826
carbonscaler_base,carbonscaler,texas,64,0,346.0,69.3683,96.4196
carbonscaler_base,carbonscaler,texas,65,0,334.0,70.5607,85.1707
carbonscaler_base,carbonscaler,texas,66,0,319.0,65.4046,49.2341
carbonscaler_base,carbonscaler,texas,67,0,320.0,52.4934,43.3725
carbonscaler_base,carbonscaler,texas,68,0,327.0,48.7833,58.9517
carbonscaler_base,carbonscaler,texas,69,0,329.0,48.264,42.3642
carbonscaler_base,carbonscaler,texas,70,0,367.0,40.2067,25.7487
carbonscaler_base,carbonscaler,texas,71,0,420.0,38.6399,20.7555
carbonscaler_base,carbonscaler,texas,72,0,453.0,25.005,18.7779
carbonscaler_base,carbonscaler,texas,73,0,448.0,14.1714,11.0338
carbonscaler_base,carbonscaler,texas,74,0,443.0,17.0302,15.0893
carbonscaler_base,carbonscaler,texas,75,0,442.0,16.4485,29.7823
carbonscaler_base,carbonscaler,texas,76,0,440.0,19.7599,9.7297
carbonscaler_base,carbonscaler,texas,77,0,425.0,13.1885,14.6047
carbonscaler_base,carbonscaler,texas,78,0,386.0,25.134,39.4399
carbonscaler_base,carbonscaler,texas,79,0,352.0,36.9328,41.1443
carbonscaler_base,carbonscaler,texas,80,0,325.0,41.8119,55.1713
carbonscaler_base,carbonscaler,texas,81,0,317.0,33.574,21.4423
carbonscaler_base,carbonscaler,texas,82,0,329.0,29.1706,28.2014
carbonscaler_base,carbonscaler,texas,83,0,345.0,26.8487,22.73
carbonscaler_base,carbonscaler,texas,84,0,357.0,27.2327,38.418
carbonscaler_base,carbonscaler,texas,85,0,329.0,25.5057,36.527
carbonscaler_base,carbonscaler,texas,86,0,271.0,21.4771,26.0467
carbonscaler_base,carbonscaler,texas,87,0,233.0,27.4873,19.9106
carbonscaler_base,carbonscaler,texas,88,1,193.0,36.9808,23.7817
carbonscaler_base,carbonscaler,texas,89,2,182.0,57.2815,49.8727
carbonscaler_base,carbonscaler,texas,90,2,185.0,76.1777,83.9432
carbonscaler_base,carbonscaler,texas,91,2,185.0,73.5011,55.1757
carbonscaler_base,carbonscaler,texas,92,2,188.0,69.3436,254.8129
carbonscaler_base,carbonscaler,texas,93,1,203.0,41.3881,26.4996
carbonscaler_base,carbonscaler,texas,94,1,211.0,46.7147,39.3783
carbonscaler_base,carbonscaler,texas,95,0,262.0,37.5459,36.9086
carbonscaler_base,carbonscaler,texas,96,0,299.0,18.3422,22.6686
carbonscaler_base,carbonscaler,texas,97,0,305.0,23.8631,36.8306
carbonscaler_base,carbonscaler,texas,98,0,307.0,18.3429,16.9203
carbonscaler_base,carbonscaler,texas,99,0,305.0,25.3375,4.47
carbonscaler_base,carbonscaler,texas,100,0,290.0,71.2353,105.3646
carbonscaler_base,carbonscaler,texas,101,0,270.0,34.526,36.4763
carbonscaler_base,carbonscaler,texas,102,0,258.0,37.1991,51.6098
carbonscaler_base,carbonscaler,texas,103,0,254.0,42.6776,38.8888
carbonscaler_base,carbonscaler,texas,104,0,254.0,38.4615,56.8896
carbonscaler_base,carbonscaler,texas,105,0,253.0,171.9712,368.3534
carbonscaler_base,carbonscaler,texas,106,0,250.0,25.8761,3.1621
carbonscaler_base,carbonscaler,texas,107,0,256.0,20.8654,39.2828
carbonscaler_base,carbonscaler,texas,108,0,260.0,13.6561,30.106
carbonscaler_base,carbonscaler,texas,109,0,256.0,11.5445,18.6526
carbonscaler_base,carbonscaler,texas,110,0,229.0,21.1756,25.8241
carbonscaler_base,carbonscaler,texas,111,1,201.0,20.1438,20.4667
carbonscaler_base,carbonscaler,texas,112,1,191.0,38.1854,28.4718
carbonscaler_base,carbonscaler,texas,113,2,178.0,68.8497,77.2861
carbonscaler_base,carbonscaler,texas,114,2,187.0,81.1963,93.5924
carbonscaler_base,carbonscaler,texas,115,1,211.0,81.1428,95.1163
carbonscaler_base,carbonscaler,texas,116,0,216.0,68.1103,68.306
carbonscaler_base,carbonscaler,texas,117,0,235.0,71.371,54.8652
carbonscaler_base,carbonscaler,texas,118,0,260.0,38.0976,26.0119
carbonscaler_base,carbonscaler,texas,119,0,298.0,33.2382,33.5736
carbonscaler_base,carbonscaler,texas,120,0,357.0,34.7798,0.5833
carbonscaler_base,carbonscaler,texas,121,0,370.0,43.659,50.068
carbonscaler_base,carbonscaler,texas,122,0,361.0,54.8968,73.2643
carbonscaler_base,carbonscaler,texas,123,0,351.0,31.5659,27.0714
carbonscaler_base,carbonscaler,texas,124,0,345.0,38.9968,50.5642
carbonscaler_base,carbonscaler,texas,125,0,327.0,153.8136,133.0052
carbonscaler_base,carbonscaler,texas,126,0,317.0,137.7394,127.6533
carbonscaler_base,carbonscaler,texas,127,0,302.0,112.7035,127.4758
carbonscaler_base,carbonscaler,texas,128,0,259.0,75.7125,68.7393
carbonscaler_base,carbonscaler,texas,129,0,238.0,35.6457,19.6374
carbonscaler_base,carbonscaler,texas,130,0,231.0,44.3438,62.1764
carbonscaler_base,carbonscaler,texas,131,0,243.0,35.9372,21.0082
carbonscaler_base,carbonscaler,texas,132,0,254.0,38.1315,50.9989
carbonscaler_base,carbonscaler,texas,133,0,247.0,38.1886,42.7127
carbonscaler_base,carbonscaler,texas,134,0,226.0,39.6707,35.2655
carbonscaler_base,carbonscaler,texas,135,0,235.0,47.3615,31.6689
carbonscaler_base,carbonscaler,texas,136,0,228.0,68.7809,77.6323
carbonscaler_base,carbonscaler,texas,137,0,236.0,111.203,103.2048
carbonscaler_base,carbonscaler,texas,138,0,235.0,128.2242,114.5151
carbonscaler_base,carbonscaler,texas,139,0,251.0,109.0926,108.3063
carbonscaler_base,carbonscaler,texas,140,0,288.0,101.7683,117.6982
carbonscaler_base,carbonscaler,texas,141,0,318.0,65.184,56.8147
carbonscaler_base,carbonscaler,texas,142,0,354.0,58.0316,53.5464
carbonscaler_base,carbonscaler,texas,143,0,407.0,42.5978,66.0952
carbonscaler_base,carbonscaler,texas,144,0,463.0,33.627,36.459
carbonscaler_base,carbonscaler,texas,145,0,473.0,26.1557,13.8144
carbonscaler_base,carbonscaler,texas,146,0,481.0,32.1188,26.6674
carbonscaler_base,carbonscaler,texas,147,0,492.0,37.0733,28.8513
carbonscaler_base,carbonscaler,texas,148,0,503.0,30.1579,61.9976
carbonscaler_base,carbonscaler,texas,149,0,505.0,23.4652,17.8156
carbonscaler_base,carbonscaler,texas,150,0,503.0,43.1502,41.647
carbonscaler_base,carbonscaler,texas,151,0,504.0,66.5858,61.6512
carbonscaler_base,carbonscaler,texas,152,0,504.0,138.1495,287.0703
carbonscaler_base,carbonscaler,texas,153,0,504.0,51.5384,43.2347
carbonscaler_base,carbonscaler,texas,154,0,501.0,46.3416,47.3293
carbonscaler_base,carbonscaler,texas,155,0,499.0,44.2455,57.8439
carbonscaler_base,carbonscaler,texas,156,0,493.0,45.3638,62.2896
carbonscaler_base,carbonscaler,texas,157,0,463.0,48.8051,64.2054
carbonscaler_base,carbonscaler,texas,158,0,365.0,51.476,20.107
carbonscaler_base,carbonscaler,texas,159,0,316.0,51.6154,62.4952
carbonscaler_base,carbonscaler,texas,160,0,288.0,72.6202,86.4649
carbonscaler_base,carbonscaler,texas,161,0,281.0,100.3706,98.2854
carbonscaler_base,carbonscaler,texas,162,0,291.0,105.4917,102.8885
carbonscaler_base,carbonscaler,texas,163,0,296.0,97.4007,103.3636
carbonscaler_base,carbonscaler,texas,164,0,293.0,94.1298,79.272
carbonscaler_base,carbonscaler,texas,165,0,269.0,69.0595,66.6765
carbonscaler_base,carbonscaler,texas,166,0,311.0,52.4568,47.5106
carbonscaler_base,carbonscaler,texas,167,0,361.0,47.2983,81.2659
price_only,price_only,texas,0,0,329.0,34.7798,0.5833
price_only,price_only,texas,1,0,333.0,43.659,50.068
price_only,price_only,texas,2,0,321.0,54.8968,73.2643
price_only,price_only,texas,3,0,320.0,31.5659,27.0714
price_only,price_only,texas,4,0,331.0,38.9968,50.5642
price_only,price_only,texas,5,0,343.0,153.8136,133.0052
price_only,price_only,texas,6,0,363.0,137.7394,127.6533
price_only,price_only,texas,7,0,375.0,112.7035,127.4758
price_only,price_only,texas,8,0,382.0,75.7125,68.7393
price_only,price_only,texas,9,0,388.0,35.6457,19.6374
price_only,price_only,texas,10,0,409.0,44.3438,62.1764
price_only,price_only,texas,11,0,427.0,35.9372,21.0082
price_only,price_only,texas,12,0,431.0,38.1315,50.9989
price_only,price_only,texas,13,0,420.0,38.1886,42.7127
price_only,price_only,texas,14,0,326.0,39.6707,35.2655
price_only,price_only,texas,15,0,275.0,47.3615,31.6689
price_only,price_only,texas,16,0,286.0,68.7809,77.6323
price_only,price_only,texas,17,0,280.0,111.203,103.2048
price_only,price_only,texas,18,0,257.0,128.2242,114.5151
price_only,price_only,texas,19,0,241.0,109.0926,108.3063
price_only,price_only,texas,20,0,243.0,101.7683,117.6982
price_only,price_only,texas,21,0,251.0,65.184,56.8147
price_only,price_only,texas,22,0,255.0,58.0316,53.5464
price_only,price_only,texas,23,0,327.0,42.5978,66.0952
price_only,price_only,texas,24,0,402.0,33.627,36.459
price_only,price_only,texas,25,0,385.0,26.1557,13.8144
price_only,price_only,texas,26,0,363.0,32.1188,26.6674
price_only,price_only,texas,27,0,343.0,37.0733,28.8513
price_only,price_only,texas,28,0,309.0,30.1579,61.9976
price_only,price_only,texas,29,0,283.0,23.4652,17.8156
price_only,price_only,texas,30,0,263.0,43.1502,41.647
price_only,price_only,texas,31,0,262.0,66.5858,61.6512
price_only,price_only,texas,32,0,257.0,138.1495,287.0703
price_only,price_only,texas,33,0,260.0,51.5384,43.2347
price_only,price_only,texas,34,0,271.0,46.3416,47.3293
price_only,price_only,texas,35,0,285.0,44.2455,57.8439
price_only,price_only,texas,36,0,296.0,45.3638,62.2896
price_only,price_only,texas,37,0,292.0,48.8051,64.2054
price_only,price_only,texas,38,0,239.0,51.476,20.107
price_only,price_only,texas,39,0,200.0,51.6154,62.4952
price_only,price_only,texas,40,0,191.0,72.6202,86.4649
price_only,price_only,texas,41,0,199.0,100.3706,98.2854
price_only,price_only,texas,42,0,193.0,105.4917,102.8885
price_only,price_only,texas,43,0,198.0,97.4007,103.3636
price_only,price_only,texas,44,0,199.0,94.1298,79.272
price_only,price_only,texas,45,0,212.0,69.0595,66.6765
price_only,price_only,texas,46,0,236.0,52.4568,47.5106
price_only,price_only,texas,47,0,322.0,47.2983,81.2659
price_only,price_only,texas,48,0,374.0,35.1946,36.8934
price_only,price_only,texas,49,0,357.0,26.9337,21.3365
price_only,price_only,texas,50,0,335.0,27.766,1.951
price_only,price_only,texas,51,0,318.0,26.8679,8.729
price_only,price_only,texas,52,0,294.0,32.1051,29.6991
price_only,price_only,texas,53,0,283.0,23.9699,29.8911
price_only,price_only,texas,54,0,292.0,50.3498,28.7662
price_only,price_only,texas,55,0,312.0,58.473,51.5192
price_only,price_only,texas,56,0,336.0,56.9128,66.3191
price_only,price_only,texas,57,0,341.0,64.8707,61.4467
price_only,price_only,texas,58,0,341.0,68.664,75.3879
price_only,price_only,texas,59,0,361.0,56.1997,46.5673
price_only,price_only,texas,60,0,389.0,50.4553,57.0859
price_only,price_only,texas,61,0,398.0,50.708,33.0799
price_only,price_only,texas,62,0,355.0,52.9678,48.4055
price_only,price_only,texas,63,0,331.0,58.8784,55.4826
price_only,price_only,texas,64,0,346.0,69.3683,96.4196
price_only,price_only,texas,65,0,334.0,70.5607,85.1707
price_only,price_only,texas,66,0,319.0,65.4046,49.2341
price_only,price_only,texas,67,0,320.0,52.4934,43.3725
price_only,price_only,texas,68,0,327.0,48.7833,58.9517
price_only,price_only,texas,69,0,329.0,48.264,42.3642
price_only,price_only,texas,70,0,367.0,40.2067,25.7487
price_only,price_only,texas,71,0,420.0,38.6399,20.7555
price_only,price_only,texas,72,0,453.0,25.005,18.7779
price_only,price_only,texas,73,2,448.0,14.1714,11.0338
price_only,price_only,texas,74,2,443.0,17.0302,15.0893
price_only,price_only,texas,75,2,442.0,16.4485,29.7823
price_only,price_only,texas,76,2,440.0,19.7599,9.7297
price_only,price_only,texas,77,2,425.0,13.1885,14.6047
price_only,price_only,texas,78,0,386.0,25.134,39.4399
price_only,price_only,texas,79,0,352.0,36.9328,41.1443
price_only,price_only,texas,80,0,325.0,41.8119,55.1713
price_only,price_only,texas,81,0,317.0,33.574,21.4423
price_only,price_only,texas,82,0,329.0,29.1706,28.2014
price_only,price_only,texas,83,0,345.0,26.8487,22.73
price_only,price_only,texas,84,0,357.0,27.2327,38.418
price_only,price_only,texas,85,0,329.0,25.5057,36.527
price_only,price_only,texas,86,2,271.0,21.4771,26.0467
price_only,price_only,texas,87,0,233.0,27.4873,19.9106
price_only,price_only,texas,88,0,193.0,36.9808,23.7817
price_only,price_only,texas,89,0,182.0,57.2815,49.8727
price_only,price_only,texas,90,0,185.0,76.1777,83.9432
price_only,price_only,texas,91,0,185.0,73.5011,55.1757
price_only,price_only,texas,92,0,188.0,69.3436,254.8129
price_only,price_only,texas,93,0,203.0,41.3881,26.4996
price_only,price_only,texas,94,0,211.0,46.7147,39.3783
price_only,price_only,texas,95,0,262.0,37.5459,36.9086
price_only,price_only,texas,96,2,299.0,18.3422,22.6686
price_only,price_only,texas,97,0,305.0,23.8631,36.8306
price_only,price_only,texas,98,2,307.0,18.3429,16.9203
price_only,price_only,texas,99,0,305.0,25.3375,4.47
price_only,price_only,texas,100,0,290.0,71.2353,105.3646
price_only,price_only,texas,101,0,270.0,34.526,36.4763
price_only,price_only,texas,102,0,258.0,37.1991,51.6098
price_only,price_only,texas,103,0,254.0,42.6776,38.8888
price_only,price_only,texas,104,0,254.0,38.4615,56.8896
price_only,price_only,texas,105,0,253.0,171.9712,368.3534
price_only,price_only,texas,106,0,250.0,25.8761,3.1621
price_only,price_only,texas,107,2,256.0,20.8654,39.2828
price_only,price_only,texas,108,2,260.0,13.6561,30.106
price_only,price_only,texas,109,2,256.0,11.5445,18.6526
price_only,price_only,texas,110,2,229.0,21.1756,25.8241
price_only,price_only,texas,111,2,201.0,20.1438,20.4667
price_only,price_only,texas,112,0,191.0,38.1854,28.4718
price_only,price_only,texas,113,0,178.0,68.8497,77.2861
price_only,price_only,texas,114,0,187.0,81.1963,93.5924
price_only,price_only,texas,115,0,211.0,81.1428,95.1163
price_only,price_only,texas,116,0,216.0,68.1103,68.306
price_only,price_only,texas,117,0,235.0,71.371,54.8652
price_only,price_only,texas,118,0,260.0,38.0976,26.0119
price_only,price_only,texas,119,0,298.0,33.2382,33.5736
price_only,price_only,texas,120,0,357.0,34.7798,0.5833
price_only,price_only,texas,121,0,370.0,43.659,50.068
price_only,price_only,texas,122,0,361.0,54.8968,73.2643
price_only,price_only,texas,123,0,351.0,31.5659,27.0714
price_only,price_only,texas,124,0,345.0,38.9968,50.5642
price_only,price_only,texas,125,0,327.0,153.8136,133.0052
price_only,price_only,texas,126,0,317.0,137.7394,127.6533
price_only,price_only,texas,127,0,302.0,112.7035,127.4758
price_only,price_only,texas,128,0,259.0,75.7125,68.7393
price_only,price_only,texas,129,0,238.0,35.6457,19.6374
price_only,price_only,texas,130,0,231.0,44.3438,62.1764
price_only,price_only,texas,131,0,243.0,35.9372,21.0082
price_only,price_only,texas,132,0,254.0,38.1315,50.9989
price_only,price_only,texas,133,0,247.0,38.1886,42.7127
price_only,price_only,texas,134,0,226.0,39.6707,35.2655
price_only,price_only,texas,135,0,235.0,47.3615,31.6689
price_only,price_only,texas,136,0,228.0,68.7809,77.6323
price_only,price_only,texas,137,0,236.0,111.203,103.2048
price_only,price_only,texas,138,0,235.0,128.2242,114.5151
price_only,price_only,texas,139,0,251.0,109.0926,108.3063
price_only,price_only,texas,140,0,288.0,101.7683,117.6982
price_only,price_only,texas,141,0,318.0,65.184,56.8147
price_only,price_only,texas,142,0,354.0,58.0316,53.5464
price_only,price_only,texas,143,0,407.0,42.5978,66.0952
price_only,price_only,texas,144,0,463.0,33.627,36.459
price_only,price_only,texas,145,0,473.0,26.1557,13.8144
price_only,price_only,texas,146,0,481.0,32.1188,26.6674
price_only,price_only,texas,147,0,492.0,37.0733,28.8513
price_only,price_only,texas,148,0,503.0,30.1579,61.9976
price_only,price_only,texas,149,0,505.0,23.4652,17.8156
price_only,price_only,texas,150,0,503.0,43.1502,41.647
price_only,price_only,texas,151,0,504.0,66.5858,61.6512
price_only,price_only,texas,152,0,504.0,138.1495,287.0703
price_only,price_only,texas,153,0,504.0,51.5384,43.2347
price_only,price_only,texas,154,0,501.0,46.3416,47.3293
price_only,price_only,texas,155,0,499.0,44.2455,57.8439
price_only,price_only,texas,156,0,493.0,45.3638,62.2896
price_only,price_only,texas,157,0,463.0,48.8051,64.2054
price_only,price_only,texas,158,0,365.0,51.476,20.107
price_only,price_only,texas,159,0,316.0,51.6154,62.4952
price_only,price_only,texas,160,0,288.0,72.6202,86.4649
price_only,price_only,texas,161,0,281.0,100.3706,98.2854
price_only,price_only,texas,162,0,291.0,105.4917,102.8885
price_only,price_only,texas,163,0,296.0,97.4007,103.3636
price_only,price_only,texas,164,0,293.0,94.1298,79.272
price_only,price_only,texas,165,0,269.0,69.0595,66.6765
price_only,price_only,texas,166,0,311.0,52.4568,47.5106
price_only,price_only,texas,167,0,361.0,47.2983,81.2659
optionA_tie_0.01,carbonscaler_price_tiebreak,texas,0,0,329.0,34.7798,0.5833
optionA_tie_0.01,carbonscaler_price_tiebreak,texas,1,0,333.0,43.659,50.068
optionA_tie_0.01,carbonscaler_price_tiebreak,texas,2,0,321.0,54.8968,73.2643
optionA_tie_0.01,carbonscaler_price_tiebreak,texas,3,0,320.0,31.5659,27.0714
optionA_tie_0.01,carbonscaler_price_tiebreak,texas,4,0,331.0,38.9968,50.5642
optionA_tie_0.01,carbonscaler_price_tiebreak,texas,5,0,343.0,153.8136,133.0052
optionA_tie_0.01,carbonscaler_price_tiebreak,texas,6,0,363.0,137.7394,127.6533
optionA_tie_0.01,carbonscaler_price_tiebreak,texas,7,0,375.0,112.7035,127.4758
optionA_tie_0.01,carbonscaler_price_tiebreak,texas,8,0,382.0,75.7125,68.7393
optionA_tie_0.01,carbonscaler_price_tiebreak,texas,9,0,388.0,35.6457,19.6374
optionA_tie_0.01,carbonscaler_price_tiebreak,texas,10,0,409.0,44.3438,62.1764
optionA_tie_0.01,carbonscaler_price_tiebreak,texas,11,0,427.0,35.9372,21.0082
optionA_tie_0.01,carbonscaler_price_tiebreak,texas,12,0,431.0,38.1315,50.9989
optionA_tie_0.01,carbonscaler_price_tiebreak,texas,13,0,420.0,38.1886,42.7127
optionA_tie_0.01,carbonscaler_price_tiebreak,texas,14,0,326.0,39.6707,35.2655
optionA_tie_0.01,carbonscaler_price_tiebreak,texas,15,0,275.0,47.3615,31.6689
optionA_tie_0.01,carbonscaler_price_tiebreak,texas,16,0,286.0,68.7809,77.6323
optionA_tie_0.01,carbonscaler_price_tiebreak,texas,17,0,280.0,111.203,103.2048
optionA_tie_0.01,carbonscaler_price_tiebreak,texas,18,0,257.0,128.2242,114.5151
optionA_tie_0.01,carbonscaler_price_tiebreak,texas,19,0,241.0,109.0926,108.3063
optionA_tie_0.01,carbonscaler_price_tiebreak,texas,20,0,243.0,101.7683,117.6982
optionA_tie_0.01,carbonscaler_price_tiebreak,texas,21,0,251.0,65.184,56.8147
optionA_tie_0.01,carbonscaler_price_tiebreak,texas,22,0,255.0,58.0316,53.5464
optionA_tie_0.01,carbonscaler_price_tiebreak,texas,23,0,327.0,42.5978,66.0952
optionA_tie_0.01,carbonscaler_price_tiebreak,texas,24,0,402.0,33.627,36.459
optionA_tie_0.01,carbonscaler_price_tiebreak,texas,25,0,385.0,26.1557,13.8144
optionA_tie_0.01,carbonscaler_price_tiebreak,texas,26,0,363.0,32.1188,26.6674
optionA_tie_0.01,carbonscaler_price_tiebreak,texas,27,0,343.0,37.0733,28.8513
optionA_tie_0.01,carbonscaler_price_tiebreak,texas,28,0,309.0,30.1579,61.9976
optionA_tie_0.01,carbonscaler_price_tiebreak,texas,29,0,283.0,23.4652,17.8156
optionA_tie_0.01,carbonscaler_price_tiebreak,texas,30,0,263.0,43.1502,41.647
optionA_tie_0.01,carbonscaler_price_tiebreak,texas,31,0,262.0,66.5858,61.6512
optionA_tie_0.01,carbonscaler_price_tiebreak,texas,32,0,257.0,138.1495,287.0703
optionA_tie_0.01,carbonscaler_price_tiebreak,texas,33,0,260.0,51.5384,43.2347
optionA_tie_0.01,carbonscaler_price_tiebreak,texas,34,0,271.0,46.3416,47.3293
optionA_tie_0.01,carbonscaler_price_tiebreak,texas,35,0,285.0,44.2455,57.8439
optionA_tie_0.01,carbonscaler_price_tiebreak,texas,36,0,296.0,45.3638,62.2896
optionA_tie_0.01,carbonscaler_price_tiebreak,texas,37,0,292.0,48.8051,64.2054
optionA_tie_0.01,carbonscaler_price_tiebreak,texas,38,0,239.0,51.476,20.107
optionA_tie_0.01,carbonscaler_price_tiebreak,texas,39,1,200.0,51.6154,62.4952
optionA_tie_0.01,carbonscaler_price_tiebreak,texas,40,1,191.0,72.6202,86.4649
optionA_tie_0.01,carbonscaler_price_tiebreak,texas,41,1,199.0,100.3706,98.2854
optionA_tie_0.01,carbonscaler_price_tiebreak,texas,42,1,193.0,105.4917,102.8885
optionA_tie_0.01,carbonscaler_price_tiebreak,texas,43,1,198.0,97.4007,103.3636
optionA_tie_0.01,carbonscaler_price_tiebreak,texas,44,1,199.0,94.1298,79.272
optionA_tie_0.01,carbonscaler_price_tiebreak,texas,45,1,212.0,69.0595,66.6765
optionA_tie_0.01,carbonscaler_price_tiebreak,texas,46,0,236.0,52.4568,47.5106
optionA_tie_0.01,carbonscaler_price_tiebreak,texas,47,0,322.0,47.2983,81.2659
optionA_tie_0.01,carbonscaler_price_tiebreak,texas,48,0,374.0,35.1946,36.8934
optionA_tie_0.01,carbonscaler_price_tiebreak,texas,49,0,357.0,26.9337,21.3365
optionA_tie_0.01,carbonscaler_price_tiebreak,texas,50,0,335.0,27.766,1.951
optionA_tie_0.01,carbonscaler_price_tiebreak,texas,51,0,318.0,26.8679,8.729
optionA_tie_0.01,carbonscaler_price_tiebreak,texas,52,0,294.0,32.1051,29.6991
optionA_tie_0.01,carbonscaler_price_tiebreak,texas,53,0,283.0,23.9699,29.8911
optionA_tie_0.01,carbonscaler_price_tiebreak,texas,54,0,292.0,50.3498,28.7662
optionA_tie_0.01,carbonscaler_price_tiebreak,texas,55,0,312.0,58.473,51.5192
optionA_tie_0.01,carbonscaler_price_tiebreak,texas,56,0,336.0,56.9128,66.3191
optionA_tie_0.01,carbonscaler_price_tiebreak,texas,57,0,341.0,64.8707,61.4467
optionA_tie_0.01,carbonscaler_price_tiebreak,texas,58,0,341.0,68.664,75.3879
optionA_tie_0.01,carbonscaler_price_tiebreak,texas,59,0,361.0,56.1997,46.5673
optionA_tie_0.01,carbonscaler_price_tiebreak,texas,60,0,389.0,50.4553,57.0859
optionA_tie_0.01,carbonscaler_price_tiebreak,texas,61,0,398.0,50.708,33.0799
optionA_tie_0.01,carbonscaler_price_tiebreak,texas,62,0,355.0,52.9678,48.4055
optionA_tie_0.01,carbonscaler_price_tiebreak,texas,63,0,331.0,58.8784,55.4826
optionA_tie_0.01,carbonscaler_price_tiebreak,texas,64,0,346.0,69.3683,96.4196
optionA_tie_0.01,carbonscaler_price_tiebreak,texas,65,0,334.0,70.5607,85.1707
optionA_tie_0.01,carbonscaler_price_tiebreak,texas,66,0,319.0,65.4046,49.2341
optionA_tie_0.01,carbonscaler_price_tiebreak,texas,67,0,320.0,52.4934,43.3725
optionA_tie_0.01,carbonscaler_price_tiebreak,texas,68,0,327.0,48.7833,58.9517
optionA_tie_0.01,carbonscaler_price_tiebreak,texas,69,0,329.0,48.264,42.3642
optionA_tie_0.01,carbonscaler_price_tiebreak,texas,70,0,367.0,40.2067,25.7487
optionA_tie_0.01,carbonscaler_price_tiebreak,texas,71,0,420.0,38.6399,20.7555
optionA_tie_0.01,carbonscaler_price_tiebreak,texas,72,0,453.0,25.005,18.7779
optionA_tie_0.01,carbonscaler_price_tiebreak,texas,73,0,448.0,14.1714,11.0338
optionA_tie_0.01,carbonscaler_price_tiebreak,texas,74,0,443.0,17.0302,15.0893
optionA_tie_0.01,carbonscaler_price_tiebreak,texas,75,0,442.0,16.4485,29.7823
optionA_tie_0.01,carbonscaler_price_tiebreak,texas,76,0,440.0,19.7599,9.7297
optionA_tie_0.01,carbonscaler_price_tiebreak,texas,77,0,425.0,13.1885,14.6047
optionA_tie_0.01,carbonscaler_price_tiebreak,texas,78,0,386.0,25.134,39.4399
optionA_tie_0.01,carbonscaler_price_tiebreak,texas,79,0,352.0,36.9328,41.1443
optionA_tie_0.01,carbonscaler_price_tiebreak,texas,80,0,325.0,41.8119,55.1713
optionA_tie_0.01,carbonscaler_price_tiebreak,texas,81,0,317.0,33.574,21.4423
optionA_tie_0.01,carbonscaler_price_tiebreak,texas,82,0,329.0,29.1706,28.2014
optionA_tie_0.01,carbonscaler_price_tiebreak,texas,83,0,345.0,26.8487,22.73
optionA_tie_0.01,carbonscaler_price_tiebreak,texas,84,0,357.0,27.2327,38.418
optionA_tie_0.01,carbonscaler_price_tiebreak,texas,85,0,329.0,25.5057,36.527
optionA_tie_0.01,carbonscaler_price_tiebreak,texas,86,0,271.0,21.4771,26.0467
optionA_tie_0.01,carbonscaler_price_tiebreak,texas,87,0,233.0,27.4873,19.9106
optionA_tie_0.01,carbonscaler_price_tiebreak,texas,88,1,193.0,36.9808,23.7817
optionA_tie_0.01,carbonscaler_price_tiebreak,texas,89,2,182.0,57.2815,49.8727
optionA_tie_0.01,carbonscaler_price_tiebreak,texas,90,2,185.0,76.1777,83.9432
optionA_tie_0.01,carbonscaler_price_tiebreak,texas,91,2,185.0,73.5011,55.1757
optionA_tie_0.01,carbonscaler_price_tiebreak,texas,92,2,188.0,69.3436,254.8129
optionA_tie_0.01,carbonscaler_price_tiebreak,texas,93,1,203.0,41.3881,26.4996
optionA_tie_0.01,carbonscaler_price_tiebreak,texas,94,1,211.0,46.7147,39.3783
optionA_tie_0.01,carbonscaler_price_tiebreak,texas,95,0,262.0,37.5459,36.9086
optionA_tie_0.01,carbonscaler_price_tiebreak,texas,96,0,299.0,18.3422,22.6686
optionA_tie_0.01,carbonscaler_price_tiebreak,texas,97,0,305.0,23.8631,36.8306
optionA_tie_0.01,carbonscaler_price_tiebreak,texas,98,0,307.0,18.3429,16.9203
optionA_tie_0.01,carbonscaler_price_tiebreak,texas,99,0,305.0,25.3375,4.47
optionA_tie_0.01,carbonscaler_price_tiebreak,texas,100,0,290.0,71.2353,105.3646
optionA_tie_0.01,carbonscaler_price_tiebreak,texas,101,0,270.0,34.526,36.4763
optionA_tie_0.01,carbonscaler_price_tiebreak,texas,102,0,258.0,37.1991,51.6098
optionA_tie_0.01,carbonscaler_price_tiebreak,texas,103,0,254.0,42.6776,38.8888
optionA_tie_0.01,carbonscaler_price_tiebreak,texas,104,0,254.0,38.4615,56.8896
optionA_tie_0.01,carbonscaler_price_tiebreak,texas,105,0,253.0,171.9712,368.3534
optionA_tie_0.01,carbonscaler_price_tiebreak,texas,106,0,250.0,25.8761,3.1621
optionA_tie_0.01,carbonscaler_price_tiebreak,texas,107,0,256.0,20.8654,39.2828
optionA_tie_0.01,carbonscaler_price_tiebreak,texas,108,0,260.0,13.6561,30.106
optionA_tie_0.01,carbonscaler_price_tiebreak,texas,109,0,256.0,11.5445,18.6526
optionA_tie_0.01,carbonscaler_price_tiebreak,texas,110,0,229.0,21.1756,25.8241
optionA_tie_0.01,carbonscaler_price_tiebreak,texas,111,1,201.0,20.1438,20.4667
optionA_tie_0.01,carbonscaler_price_tiebreak,texas,112,1,191.0,38.1854,28.4718
optionA_tie_0.01,carbonscaler_price_tiebreak,texas,113,2,178.0,68.8497,77.2861
optionA_tie_0.01,carbonscaler_price_tiebreak,texas,114,2,187.0,81.1963,93.5924
optionA_tie_0.01,carbonscaler_price_tiebreak,texas,115,1,211.0,81.1428,95.1163
optionA_tie_0.01,carbonscaler_price_tiebreak,texas,116,0,216.0,68.1103,68.306
optionA_tie_0.01,carbonscaler_price_tiebreak,texas,117,0,235.0,71.371,54.8652
optionA_tie_0.01,carbonscaler_price_tiebreak,texas,118,0,260.0,38.0976,26.0119
optionA_tie_0.01,carbonscaler_price_tiebreak,texas,119,0,298.0,33.2382,33.5736
optionA_tie_0.01,carbonscaler_price_tiebreak,texas,120,0,357.0,34.7798,0.5833
optionA_tie_0.01,carbonscaler_price_tiebreak,texas,121,0,370.0,43.659,50.068
optionA_tie_0.01,carbonscaler_price_tiebreak,texas,122,0,361.0,54.8968,73.2643
optionA_tie_0.01,carbonscaler_price_tiebreak,texas,123,0,351.0,31.5659,27.0714
optionA_tie_0.01,carbonscaler_price_tiebreak,texas,124,0,345.0,38.9968,50.5642
optionA_tie_0.01,carbonscaler_price_tiebreak,texas,125,0,327.0,153.8136,133.0052
optionA_tie_0.01,carbonscaler_price_tiebreak,texas,126,0,317.0,137.7394,127.6533
optionA_tie_0.01,carbonscaler_price_tiebreak,texas,127,0,302.0,112.7035,127.4758
optionA_tie_0.01,carbonscaler_price_tiebreak,texas,128,0,259.0,75.7125,68.7393
optionA_tie_0.01,carbonscaler_price_tiebreak,texas,129,0,238.0,35.6457,19.6374
optionA_tie_0.01,carbonscaler_price_tiebreak,texas,130,0,231.0,44.3438,62.1764
optionA_tie_0.01,carbonscaler_price_tiebreak,texas,131,0,243.0,35.9372,21.0082
optionA_tie_0.01,carbonscaler_price_tiebreak,texas,132,0,254.0,38.1315,50.9989
optionA_tie_0.01,carbonscaler_price_tiebreak,texas,133,0,247.0,38.1886,42.7127
optionA_tie_0.01,carbonscaler_price_tiebreak,texas,134,0,226.0,39.6707,35.2655
optionA_tie_0.01,carbonscaler_price_tiebreak,texas,135,0,235.0,47.3615,31.6689
optionA_tie_0.01,carbonscaler_price_tiebreak,texas,136,0,228.0,68.7809,77.6323
optionA_tie_0.01,carbonscaler_price_tiebreak,texas,137,0,236.0,111.203,103.2048
optionA_tie_0.01,carbonscaler_price_tiebreak,texas,138,0,235.0,128.2242,114.5151
optionA_tie_0.01,carbonscaler_price_tiebreak,texas,139,0,251.0,109.0926,108.3063
optionA_tie_0.01,carbonscaler_price_tiebreak,texas,140,0,288.0,101.7683,117.6982
optionA_tie_0.01,carbonscaler_price_tiebreak,texas,141,0,318.0,65.184,56.8147
optionA_tie_0.01,carbonscaler_price_tiebreak,texas,142,0,354.0,58.0316,53.5464
optionA_tie_0.01,carbonscaler_price_tiebreak,texas,143,0,407.0,42.5978,66.0952
optionA_tie_0.01,carbonscaler_price_tiebreak,texas,144,0,463.0,33.627,36.459
optionA_tie_0.01,carbonscaler_price_tiebreak,texas,145,0,473.0,26.1557,13.8144
optionA_tie_0.01,carbonscaler_price_tiebreak,texas,146,0,481.0,32.1188,26.6674
optionA_tie_0.01,carbonscaler_price_tiebreak,texas,147,0,492.0,37.0733,28.8513
optionA_tie_0.01,carbonscaler_price_tiebreak,texas,148,0,503.0,30.1579,61.9976
optionA_tie_0.01,carbonscaler_price_tiebreak,texas,149,0,505.0,23.4652,17.8156
optionA_tie_0.01,carbonscaler_price_tiebreak,texas,150,0,503.0,43.1502,41.647
optionA_tie_0.01,carbonscaler_price_tiebreak,texas,151,0,504.0,66.5858,61.6512
optionA_tie_0.01,carbonscaler_price_tiebreak,texas,152,0,504.0,138.1495,287.0703
optionA_tie_0.01,carbonscaler_price_tiebreak,texas,153,0,504.0,51.5384,43.2347
optionA_tie_0.01,carbonscaler_price_tiebreak,texas,154,0,501.0,46.3416,47.3293
optionA_tie_0.01,carbonscaler_price_tiebreak,texas,155,0,499.0,44.2455,57.8439
optionA_tie_0.01,carbonscaler_price_tiebreak,texas,156,0,493.0,45.3638,62.2896
optionA_tie_0.01,carbonscaler_price_tiebreak,texas,157,0,463.0,48.8051,64.2054
optionA_tie_0.01,carbonscaler_price_tiebreak,texas,158,0,365.0,51.476,20.107
optionA_tie_0.01,carbonscaler_price_tiebreak,texas,159,0,316.0,51.6154,62.4952
optionA_tie_0.01,carbonscaler_price_tiebreak,texas,160,0,288.0,72.6202,86.4649
optionA_tie_0.01,carbonscaler_price_tiebreak,texas,161,0,281.0,100.3706,98.2854
optionA_tie_0.01,carbonscaler_price_tiebreak,texas,162,0,291.0,105.4917,102.8885
optionA_tie_0.01,carbonscaler_price_tiebreak,texas,163,0,296.0,97.4007,103.3636
optionA_tie_0.01,carbonscaler_price_tiebreak,texas,164,0,293.0,94.1298,79.272
optionA_tie_0.01,carbonscaler_price_tiebreak,texas,165,0,269.0,69.0595,66.6765
optionA_tie_0.01,carbonscaler_price_tiebreak,texas,166,0,311.0,52.4568,47.5106
optionA_tie_0.01,carbonscaler_price_tiebreak,texas,167,0,361.0,47.2983,81.2659
optionA_tie_0.03,carbonscaler_price_tiebreak,texas,0,0,329.0,34.7798,0.5833
optionA_tie_0.03,carbonscaler_price_tiebreak,texas,1,0,333.0,43.659,50.068
optionA_tie_0.03,carbonscaler_price_tiebreak,texas,2,0,321.0,54.8968,73.2643
optionA_tie_0.03,carbonscaler_price_tiebreak,texas,3,0,320.0,31.5659,27.0714
optionA_tie_0.03,carbonscaler_price_tiebreak,texas,4,0,331.0,38.9968,50.5642
optionA_tie_0.03,carbonscaler_price_tiebreak,texas,5,0,343.0,153.8136,133.0052
optionA_tie_0.03,carbonscaler_price_tiebreak,texas,6,0,363.0,137.7394,127.6533
optionA_tie_0.03,carbonscaler_price_tiebreak,texas,7,0,375.0,112.7035,127.4758
optionA_tie_0.03,carbonscaler_price_tiebreak,texas,8,0,382.0,75.7125,68.7393
optionA_tie_0.03,carbonscaler_price_tiebreak,texas,9,0,388.0,35.6457,19.6374
optionA_tie_0.03,carbonscaler_price_tiebreak,texas,10,0,409.0,44.3438,62.1764
optionA_tie_0.03,carbonscaler_price_tiebreak,texas,11,0,427.0,35.9372,21.0082
optionA_tie_0.03,carbonscaler_price_tiebreak,texas,12,0,431.0,38.1315,50.9989
optionA_tie_0.03,carbonscaler_price_tiebreak,texas,13,0,420.0,38.1886,42.7127
optionA_tie_0.03,carbonscaler_price_tiebreak,texas,14,0,326.0,39.6707,35.2655
optionA_tie_0.03,carbonscaler_price_tiebreak,texas,15,0,275.0,47.3615,31.6689
optionA_tie_0.03,carbonscaler_price_tiebreak,texas,16,0,286.0,68.7809,77.6323
optionA_tie_0.03,carbonscaler_price_tiebreak,texas,17,0,280.0,111.203,103.2048
optionA_tie_0.03,carbonscaler_price_tiebreak,texas,18,0,257.0,128.2242,114.5151
optionA_tie_0.03,carbonscaler_price_tiebreak,texas,19,0,241.0,109.0926,108.3063
optionA_tie_0.03,carbonscaler_price_tiebreak,texas,20,0,243.0,101.7683,117.6982
optionA_tie_0.03,carbonscaler_price_tiebreak,texas,21,0,251.0,65.184,56.8147
optionA_tie_0.03,carbonscaler_price_tiebreak,texas,22,0,255.0,58.0316,53.5464
optionA_tie_0.03,carbonscaler_price_tiebreak,texas,23,0,327.0,42.5978,66.0952
optionA_tie_0.03,carbonscaler_price_tiebreak,texas,24,0,402.0,33.627,36.459
optionA_tie_0.03,carbonscaler_price_tiebreak,texas,25,0,385.0,26.1557,13.8144
optionA_tie_0.03,carbonscaler_price_tiebreak,texas,26,0,363.0,32.1188,26.6674
optionA_tie_0.03,carbonscaler_price_tiebreak,texas,27,0,343.0,37.0733,28.8513
optionA_tie_0.03,carbonscaler_price_tiebreak,texas,28,0,309.0,30.1579,61.9976
optionA_tie_0.03,carbonscaler_price_tiebreak,texas,29,0,283.0,23.4652,17.8156
optionA_tie_0.03,carbonscaler_price_tiebreak,texas,30,0,263.0,43.1502,41.647
optionA_tie_0.03,carbonscaler_price_tiebreak,texas,31,0,262.0,66.5858,61.6512
optionA_tie_0.03,carbonscaler_price_tiebreak,texas,32,0,257.0,138.1495,287.0703
optionA_tie_0.03,carbonscaler_price_tiebreak,texas,33,0,260.0,51.5384,43.2347
optionA_tie_0.03,carbonscaler_price_tiebreak,texas,34,0,271.0,46.3416,47.3293
optionA_tie_0.03,carbonscaler_price_tiebreak,texas,35,0,285.0,44.2455,57.8439
optionA_tie_0.03,carbonscaler_price_tiebreak,texas,36,0,296.0,45.3638,62.2896
optionA_tie_0.03,carbonscaler_price_tiebreak,texas,37,0,292.0,48.8051,64.2054
optionA_tie_0.03,carbonscaler_price_tiebreak,texas,38,0,239.0,51.476,20.107
optionA_tie_0.03,carbonscaler_price_tiebreak,texas,39,1,200.0,51.6154,62.4952
optionA_tie_0.03,carbonscaler_price_tiebreak,texas,40,2,191.0,72.6202,86.4649
optionA_tie_0.03,carbonscaler_price_tiebreak,texas,41,1,199.0,100.3706,98.2854
optionA_tie_0.03,carbonscaler_price_tiebreak,texas,42,1,193.0,105.4917,102.8885
optionA_tie_0.03,carbonscaler_price_tiebreak,texas,43,1,198.0,97.4007,103.3636
optionA_tie_0.03,carbonscaler_price_tiebreak,texas,44,1,199.0,94.1298,79.272
optionA_tie_0.03,carbonscaler_price_tiebreak,texas,45,1,212.0,69.0595,66.6765
optionA_tie_0.03,carbonscaler_price_tiebreak,texas,46,0,236.0,52.4568,47.5106
optionA_tie_0.03,carbonscaler_price_tiebreak,texas,47,0,322.0,47.2983,81.2659
optionA_tie_0.03,carbonscaler_price_tiebreak,texas,48,0,374.0,35.1946,36.8934
optionA_tie_0.03,carbonscaler_price_tiebreak,texas,49,0,357.0,26.9337,21.3365
optionA_tie_0.03,carbonscaler_price_tiebreak,texas,50,0,335.0,27.766,1.951
optionA_tie_0.03,carbonscaler_price_tiebreak,texas,51,0,318.0,26.8679,8.729
optionA_tie_0.03,carbonscaler_price_tiebreak,texas,52,0,294.0,32.1051,29.6991
optionA_tie_0.03,carbonscaler_price_tiebreak,texas,53,0,283.0,23.9699,29.8911
optionA_tie_0.03,carbonscaler_price_tiebreak,texas,54,0,292.0,50.3498,28.7662
optionA_tie_0.03,carbonscaler_price_tiebreak,texas,55,0,312.0,58.473,51.5192
optionA_tie_0.03,carbonscaler_price_tiebreak,texas,56,0,336.0,56.9128,66.3191
optionA_tie_0.03,carbonscaler_price_tiebreak,texas,57,0,341.0,64.8707,61.4467
optionA_tie_0.03,carbonscaler_price_tiebreak,texas,58,0,341.0,68.664,75.3879
optionA_tie_0.03,carbonscaler_price_tiebreak,texas,59,0,361.0,56.1997,46.5673
optionA_tie_0.03,carbonscaler_price_tiebreak,texas,60,0,389.0,50.4553,57.0859
optionA_tie_0.03,carbonscaler_price_tiebreak,texas,61,0,398.0,50.708,33.0799
optionA_tie_0.03,carbonscaler_price_tiebreak,texas,62,0,355.0,52.9678,48.4055
optionA_tie_0.03,carbonscaler_price_tiebreak,texas,63,0,331.0,58.8784,55.4826
optionA_tie_0.03,carbonscaler_price_tiebreak,texas,64,0,346.0,69.3683,96.4196
optionA_tie_0.03,carbonscaler_price_tiebreak,texas,65,0,334.0,70.5607,85.1707
optionA_tie_0.03,carbonscaler_price_tiebreak,texas,66,0,319.0,65.4046,49.2341
optionA_tie_0.03,carbonscaler_price_tiebreak,texas,67,0,320.0,52.4934,43.3725
optionA_tie_0.03,carbonscaler_price_tiebreak,texas,68,0,327.0,48.7833,58.9517
optionA_tie_0.03,carbonscaler_price_tiebreak,texas,69,0,329.0,48.264,42.3642
optionA_tie_0.03,carbonscaler_price_tiebreak,texas,70,0,367.0,40.2067,25.7487
optionA_tie_0.03,carbonscaler_price_tiebreak,texas,71,0,420.0,38.6399,20.7555
optionA_tie_0.03,carbonscaler_price_tiebreak,texas,72,0,453.0,25.005,18.7779
optionA_tie_0.03,carbonscaler_price_tiebreak,texas,73,0,448.0,14.1714,11.0338
optionA_tie_0.03,carbonscaler_price_tiebreak,texas,74,0,443.0,17.0302,15.0893
optionA_tie_0.03,carbonscaler_price_tiebreak,texas,75,0,442.0,16.4485,29.7823
optionA_tie_0.03,carbonscaler_price_tiebreak,texas,76,0,440.0,19.7599,9.7297
optionA_tie_0.03,carbonscaler_price_tiebreak,texas,77,0,425.0,13.1885,14.6047
optionA_tie_0.03,carbonscaler_price_tiebreak,texas,78,0,386.0,25.134,39.4399
optionA_tie_0.03,carbonscaler_price_tiebreak,texas,79,0,352.0,36.9328,41.1443
optionA_tie_0.03,carbonscaler_price_tiebreak,texas,80,0,325.0,41.8119,55.1713
optionA_tie_0.03,carbonscaler_price_tiebreak,texas,81,0,317.0,33.574,21.4423
optionA_tie_0.03,carbonscaler_price_tiebreak,texas,82,0,329.0,29.1706,28.2014
optionA_tie_0.03,carbonscaler_price_tiebreak,texas,83,0,345.0,26.8487,22.73
optionA_tie_0.03,carbonscaler_price_tiebreak,texas,84,0,357.0,27.2327,38.418
optionA_tie_0.03,carbonscaler_price_tiebreak,texas,85,0,329.0,25.5057,36.527
optionA_tie_0.03,carbonscaler_price_tiebreak,texas,86,0,271.0,21.4771,26.0467
optionA_tie_0.03,carbonscaler_price_tiebreak,texas,87,0,233.0,27.4873,19.9106
optionA_tie_0.03,carbonscaler_price_tiebreak,texas,88,1,193.0,36.9808,23.7817
optionA_tie_0.03,carbonscaler_price_tiebreak,texas,89,2,182.0,57.2815,49.8727
optionA_tie_0.03,carbonscaler_price_tiebreak,texas,90,2,185.0,76.1777,83.9432
optionA_tie_0.03,carbonscaler_price_tiebreak,texas,91,2,185.0,73.5011,55.1757
optionA_tie_0.03,carbonscaler_price_tiebreak,texas,92,2,188.0,69.3436,254.8129
optionA_tie_0.03,carbonscaler_price_tiebreak,texas,93,1,203.0,41.3881,26.4996
optionA_tie_0.03,carbonscaler_price_tiebreak,texas,94,1,211.0,46.7147,39.3783
optionA_tie_0.03,carbonscaler_price_tiebreak,texas,95,0,262.0,37.5459,36.9086
optionA_tie_0.03,carbonscaler_price_tiebreak,texas,96,0,299.0,18.3422,22.6686
optionA_tie_0.03,carbonscaler_price_tiebreak,texas,97,0,305.0,23.8631,36.8306
optionA_tie_0.03,carbonscaler_price_tiebreak,texas,98,0,307.0,18.3429,16.9203
optionA_tie_0.03,carbonscaler_price_tiebreak,texas,99,0,305.0,25.3375,4.47
optionA_tie_0.03,carbonscaler_price_tiebreak,texas,100,0,290.0,71.2353,105.3646
optionA_tie_0.03,carbonscaler_price_tiebreak,texas,101,0,270.0,34.526,36.4763
optionA_tie_0.03,carbonscaler_price_tiebreak,texas,102,0,258.0,37.1991,51.6098
optionA_tie_0.03,carbonscaler_price_tiebreak,texas,103,0,254.0,42.6776,38.8888
optionA_tie_0.03,carbonscaler_price_tiebreak,texas,104,0,254.0,38.4615,56.8896
optionA_tie_0.03,carbonscaler_price_tiebreak,texas,105,0,253.0,171.9712,368.3534
optionA_tie_0.03,carbonscaler_price_tiebreak,texas,106,0,250.0,25.8761,3.1621
optionA_tie_0.03,carbonscaler_price_tiebreak,texas,107,0,256.0,20.8654,39.2828
optionA_tie_0.03,carbonscaler_price_tiebreak,texas,108,0,260.0,13.6561,30.106
optionA_tie_0.03,carbonscaler_price_tiebreak,texas,109,0,256.0,11.5445,18.6526
optionA_tie_0.03,carbonscaler_price_tiebreak,texas,110,0,229.0,21.1756,25.8241
optionA_tie_0.03,carbonscaler_price_tiebreak,texas,111,1,201.0,20.1438,20.4667
optionA_tie_0.03,carbonscaler_price_tiebreak,texas,112,2,191.0,38.1854,28.4718
optionA_tie_0.03,carbonscaler_price_tiebreak,texas,113,2,178.0,68.8497,77.2861
optionA_tie_0.03,carbonscaler_price_tiebreak,texas,114,1,187.0,81.1963,93.5924
optionA_tie_0.03,carbonscaler_price_tiebreak,texas,115,0,211.0,81.1428,95.1163
optionA_tie_0.03,carbonscaler_price_tiebreak,texas,116,0,216.0,68.1103,68.306
optionA_tie_0.03,carbonscaler_price_tiebreak,texas,117,0,235.0,71.371,54.8652
optionA_tie_0.03,carbonscaler_price_tiebreak,texas,118,0,260.0,38.0976,26.0119
optionA_tie_0.03,carbonscaler_price_tiebreak,texas,119,0,298.0,33.2382,33.5736
optionA_tie_0.03,carbonscaler_price_tiebreak,texas,120,0,357.0,34.7798,0.5833
optionA_tie_0.03,carbonscaler_price_tiebreak,texas,121,0,370.0,43.659,50.068
optionA_tie_0.03,carbonscaler_price_tiebreak,texas,122,0,361.0,54.8968,73.2643
optionA_tie_0.03,carbonscaler_price_tiebreak,texas,123,0,351.0,31.5659,27.0714
optionA_tie_0.03,carbonscaler_price_tiebreak,texas,124,0,345.0,38.9968,50.5642
optionA_tie_0.03,carbonscaler_price_tiebreak,texas,125,0,327.0,153.8136,133.0052
optionA_tie_0.03,carbonscaler_price_tiebreak,texas,126,0,317.0,137.7394,127.6533
optionA_tie_0.03,carbonscaler_price_tiebreak,texas,127,0,302.0,112.7035,127.4758
optionA_tie_0.03,carbonscaler_price_tiebreak,texas,128,0,259.0,75.7125,68.7393
optionA_tie_0.03,carbonscaler_price_tiebreak,texas,129,0,238.0,35.6457,19.6374
optionA_tie_0.03,carbonscaler_price_tiebreak,texas,130,0,231.0,44.3438,62.1764
optionA_tie_0.03,carbonscaler_price_tiebreak,texas,131,0,243.0,35.9372,21.0082
optionA_tie_0.03,carbonscaler_price_tiebreak,texas,132,0,254.0,38.1315,50.9989
optionA_tie_0.03,carbonscaler_price_tiebreak,texas,133,0,247.0,38.1886,42.7127
optionA_tie_0.03,carbonscaler_price_tiebreak,texas,134,0,226.0,39.6707,35.2655
optionA_tie_0.03,carbonscaler_price_tiebreak,texas,135,0,235.0,47.3615,31.6689
optionA_tie_0.03,carbonscaler_price_tiebreak,texas,136,0,228.0,68.7809,77.6323
optionA_tie_0.03,carbonscaler_price_tiebreak,texas,137,0,236.0,111.203,103.2048
optionA_tie_0.03,carbonscaler_price_tiebreak,texas,138,0,235.0,128.2242,114.5151
optionA_tie_0.03,carbonscaler_price_tiebreak,texas,139,0,251.0,109.0926,108.3063
optionA_tie_0.03,carbonscaler_price_tiebreak,texas,140,0,288.0,101.7683,117.6982
optionA_tie_0.03,carbonscaler_price_tiebreak,texas,141,0,318.0,65.184,56.8147
optionA_tie_0.03,carbonscaler_price_tiebreak,texas,142,0,354.0,58.0316,53.5464
optionA_tie_0.03,carbonscaler_price_tiebreak,texas,143,0,407.0,42.5978,66.0952
optionA_tie_0.03,carbonscaler_price_tiebreak,texas,144,0,463.0,33.627,36.459
optionA_tie_0.03,carbonscaler_price_tiebreak,texas,145,0,473.0,26.1557,13.8144
optionA_tie_0.03,carbonscaler_price_tiebreak,texas,146,0,481.0,32.1188,26.6674
optionA_tie_0.03,carbonscaler_price_tiebreak,texas,147,0,492.0,37.0733,28.8513
optionA_tie_0.03,carbonscaler_price_tiebreak,texas,148,0,503.0,30.1579,61.9976
optionA_tie_0.03,carbonscaler_price_tiebreak,texas,149,0,505.0,23.4652,17.8156
optionA_tie_0.03,carbonscaler_price_tiebreak,texas,150,0,503.0,43.1502,41.647
optionA_tie_0.03,carbonscaler_price_tiebreak,texas,151,0,504.0,66.5858,61.6512
optionA_tie_0.03,carbonscaler_price_tiebreak,texas,152,0,504.0,138.1495,287.0703
optionA_tie_0.03,carbonscaler_price_tiebreak,texas,153,0,504.0,51.5384,43.2347
optionA_tie_0.03,carbonscaler_price_tiebreak,texas,154,0,501.0,46.3416,47.3293
optionA_tie_0.03,carbonscaler_price_tiebreak,texas,155,0,499.0,44.2455,57.8439
optionA_tie_0.03,carbonscaler_price_tiebreak,texas,156,0,493.0,45.3638,62.2896
optionA_tie_0.03,carbonscaler_price_tiebreak,texas,157,0,463.0,48.8051,64.2054
optionA_tie_0.03,carbonscaler_price_tiebreak,texas,158,0,365.0,51.476,20.107
optionA_tie_0.03,carbonscaler_price_tiebreak,texas,159,0,316.0,51.6154,62.4952
optionA_tie_0.03,carbonscaler_price_tiebreak,texas,160,0,288.0,72.6202,86.4649
optionA_tie_0.03,carbonscaler_price_tiebreak,texas,161,0,281.0,100.3706,98.2854
optionA_tie_0.03,carbonscaler_price_tiebreak,texas,162,0,291.0,105.4917,102.8885
optionA_tie_0.03,carbonscaler_price_tiebreak,texas,163,0,296.0,97.4007,103.3636
optionA_tie_0.03,carbonscaler_price_tiebreak,texas,164,0,293.0,94.1298,79.272
optionA_tie_0.03,carbonscaler_price_tiebreak,texas,165,0,269.0,69.0595,66.6765
optionA_tie_0.03,carbonscaler_price_tiebreak,texas,166,0,311.0,52.4568,47.5106
optionA_tie_0.03,carbonscaler_price_tiebreak,texas,167,0,361.0,47.2983,81.2659
optionA_tie_0.05,carbonscaler_price_tiebreak,texas,0,0,329.0,34.7798,0.5833
optionA_tie_0.05,carbonscaler_price_tiebreak,texas,1,0,333.0,43.659,50.068
optionA_tie_0.05,carbonscaler_price_tiebreak,texas,2,0,321.0,54.8968,73.2643
optionA_tie_0.05,carbonscaler_price_tiebreak,texas,3,0,320.0,31.5659,27.0714
optionA_tie_0.05,carbonscaler_price_tiebreak,texas,4,0,331.0,38.9968,50.5642
optionA_tie_0.05,carbonscaler_price_tiebreak,texas,5,0,343.0,153.8136,133.0052
optionA_tie_0.05,carbonscaler_price_tiebreak,texas,6,0,363.0,137.7394,127.6533
optionA_tie_0.05,carbonscaler_price_tiebreak,texas,7,0,375.0,112.7035,127.4758
optionA_tie_0.05,carbonscaler_price_tiebreak,texas,8,0,382.0,75.7125,68.7393
optionA_tie_0.05,carbonscaler_price_tiebreak,texas,9,0,388.0,35.6457,19.6374
optionA_tie_0.05,carbonscaler_price_tiebreak,texas,10,0,409.0,44.3438,62.1764
optionA_tie_0.05,carbonscaler_price_tiebreak,texas,11,0,427.0,35.9372,21.0082
optionA_tie_0.05,carbonscaler_price_tiebreak,texas,12,0,431.0,38.1315,50.9989
optionA_tie_0.05,carbonscaler_price_tiebreak,texas,13,0,420.0,38.1886,42.7127
optionA_tie_0.05,carbonscaler_price_tiebreak,texas,14,0,326.0,39.6707,35.2655
optionA_tie_0.05,carbonscaler_price_tiebreak,texas,15,0,275.0,47.3615,31.6689
optionA_tie_0.05,carbonscaler_price_tiebreak,texas,16,0,286.0,68.7809,77.6323
optionA_tie_0.05,carbonscaler_price_tiebreak,texas,17,0,280.0,111.203,103.2048
optionA_tie_0.05,carbonscaler_price_tiebreak,texas,18,0,257.0,128.2242,114.5151
optionA_tie_0.05,carbonscaler_price_tiebreak,texas,19,0,241.0,109.0926,108.3063
optionA_tie_0.05,carbonscaler_price_tiebreak,texas,20,0,243.0,101.7683,117.6982
optionA_tie_0.05,carbonscaler_price_tiebreak,texas,21,0,251.0,65.184,56.8147
optionA_tie_0.05,carbonscaler_price_tiebreak,texas,22,0,255.0,58.0316,53.5464
optionA_tie_0.05,carbonscaler_price_tiebreak,texas,23,0,327.0,42.5978,66.0952
optionA_tie_0.05,carbonscaler_price_tiebreak,texas,24,0,402.0,33.627,36.459
optionA_tie_0.05,carbonscaler_price_tiebreak,texas,25,0,385.0,26.1557,13.8144
optionA_tie_0.05,carbonscaler_price_tiebreak,texas,26,0,363.0,32.1188,26.6674
optionA_tie_0.05,carbonscaler_price_tiebreak,texas,27,0,343.0,37.0733,28.8513
optionA_tie_0.05,carbonscaler_price_tiebreak,texas,28,0,309.0,30.1579,61.9976
optionA_tie_0.05,carbonscaler_price_tiebreak,texas,29,0,283.0,23.4652,17.8156
optionA_tie_0.05,carbonscaler_price_tiebreak,texas,30,0,263.0,43.1502,41.647
optionA_tie_0.05,carbonscaler_price_tiebreak,texas,31,0,262.0,66.5858,61.6512
optionA_tie_0.05,carbonscaler_price_tiebreak,texas,32,0,257.0,138.1495,287.0703
optionA_tie_0.05,carbonscaler_price_tiebreak,texas,33,0,260.0,51.5384,43.2347
optionA_tie_0.05,carbonscaler_price_tiebreak,texas,34,0,271.0,46.3416,47.3293
optionA_tie_0.05,carbonscaler_price_tiebreak,texas,35,0,285.0,44.2455,57.8439
optionA_tie_0.05,carbonscaler_price_tiebreak,texas,36,0,296.0,45.3638,62.2896
optionA_tie_0.05,carbonscaler_price_tiebreak,texas,37,0,292.0,48.8051,64.2054
optionA_tie_0.05,carbonscaler_price_tiebreak,texas,38,0,239.0,51.476,20.107
optionA_tie_0.05,carbonscaler_price_tiebreak,texas,39,1,200.0,51.6154,62.4952
optionA_tie_0.05,carbonscaler_price_tiebreak,texas,40,2,191.0,72.6202,86.4649
optionA_tie_0.05,carbonscaler_price_tiebreak,texas,41,1,199.0,100.3706,98.2854
optionA_tie_0.05,carbonscaler_price_tiebreak,texas,42,1,193.0,105.4917,102.8885
optionA_tie_0.05,carbonscaler_price_tiebreak,texas,43,1,198.0,97.4007,103.3636
optionA_tie_0.05,carbonscaler_price_tiebreak,texas,44,1,199.0,94.1298,79.272
optionA_tie_0.05,carbonscaler_price_tiebreak,texas,45,1,212.0,69.0595,66.6765
optionA_tie_0.05,carbonscaler_price_tiebreak,texas,46,0,236.0,52.4568,47.5106
optionA_tie_0.05,carbonscaler_price_tiebreak,texas,47,0,322.0,47.2983,81.2659
optionA_tie_0.05,carbonscaler_price_tiebreak,texas,48,0,374.0,35.1946,36.8934
optionA_tie_0.05,carbonscaler_price_tiebreak,texas,49,0,357.0,26.9337,21.3365
optionA_tie_0.05,carbonscaler_price_tiebreak,texas,50,0,335.0,27.766,1.951
optionA_tie_0.05,carbonscaler_price_tiebreak,texas,51,0,318.0,26.8679,8.729
optionA_tie_0.05,carbonscaler_price_tiebreak,texas,52,0,294.0,32.1051,29.6991
optionA_tie_0.05,carbonscaler_price_tiebreak,texas,53,0,283.0,23.9699,29.8911
optionA_tie_0.05,carbonscaler_price_tiebreak,texas,54,0,292.0,50.3498,28.7662
optionA_tie_0.05,carbonscaler_price_tiebreak,texas,55,0,312.0,58.473,51.5192
optionA_tie_0.05,carbonscaler_price_tiebreak,texas,56,0,336.0,56.9128,66.3191
optionA_tie_0.05,carbonscaler_price_tiebreak,texas,57,0,341.0,64.8707,61.4467
optionA_tie_0.05,carbonscaler_price_tiebreak,texas,58,0,341.0,68.664,75.3879
optionA_tie_0.05,carbonscaler_price_tiebreak,texas,59,0,361.0,56.1997,46.5673
optionA_tie_0.05,carbonscaler_price_tiebreak,texas,60,0,389.0,50.4553,57.0859
optionA_tie_0.05,carbonscaler_price_tiebreak,texas,61,0,398.0,50.708,33.0799
optionA_tie_0.05,carbonscaler_price_tiebreak,texas,62,0,355.0,52.9678,48.4055
optionA_tie_0.05,carbonscaler_price_tiebreak,texas,63,0,331.0,58.8784,55.4826
optionA_tie_0.05,carbonscaler_price_tiebreak,texas,64,0,346.0,69.3683,96.4196
optionA_tie_0.05,carbonscaler_price_tiebreak,texas,65,0,334.0,70.5607,85.1707
optionA_tie_0.05,carbonscaler_price_tiebreak,texas,66,0,319.0,65.4046,49.2341
optionA_tie_0.05,carbonscaler_price_tiebreak,texas,67,0,320.0,52.4934,43.3725
optionA_tie_0.05,carbonscaler_price_tiebreak,texas,68,0,327.0,48.7833,58.9517
optionA_tie_0.05,carbonscaler_price_tiebreak,texas,69,0,329.0,48.264,42.3642
optionA_tie_0.05,carbonscaler_price_tiebreak,texas,70,0,367.0,40.2067,25.7487
optionA_tie_0.05,carbonscaler_price_tiebreak,texas,71,0,420.0,38.6399,20.7555
optionA_tie_0.05,carbonscaler_price_tiebreak,texas,72,0,453.0,25.005,18.7779
optionA_tie_0.05,carbonscaler_price_tiebreak,texas,73,0,448.0,14.1714,11.0338
optionA_tie_0.05,carbonscaler_price_tiebreak,texas,74,0,443.0,17.0302,15.0893
optionA_tie_0.05,carbonscaler_price_tiebreak,texas,75,0,442.0,16.4485,29.7823
optionA_tie_0.05,carbonscaler_price_tiebreak,texas,76,0,440.0,19.7599,9.7297
optionA_tie_0.05,carbonscaler_price_tiebreak,texas,77,0,425.0,13.1885,14.6047
optionA_tie_0.05,carbonscaler_price_tiebreak,texas,78,0,386.0,25.134,39.4399
optionA_tie_0.05,carbonscaler_price_tiebreak,texas,79,0,352.0,36.9328,41.1443
optionA_tie_0.05,carbonscaler_price_tiebreak,texas,80,0,325.0,41.8119,55.1713
optionA_tie_0.05,carbonscaler_price_tiebreak,texas,81,0,317.0,33.574,21.4423
optionA_tie_0.05,carbonscaler_price_tiebreak,texas,82,0,329.0,29.1706,28.2014
optionA_tie_0.05,carbonscaler_price_tiebreak,texas,83,0,345.0,26.8487,22.73
optionA_tie_0.05,carbonscaler_price_tiebreak,texas,84,0,357.0,27.2327,38.418
optionA_tie_0.05,carbonscaler_price_tiebreak,texas,85,0,329.0,25.5057,36.527
optionA_tie_0.05,carbonscaler_price_tiebreak,texas,86,0,271.0,21.4771,26.0467
optionA_tie_0.05,carbonscaler_price_tiebreak,texas,87,0,233.0,27.4873,19.9106
optionA_tie_0.05,carbonscaler_price_tiebreak,texas,88,2,193.0,36.9808,23.7817
optionA_tie_0.05,carbonscaler_price_tiebreak,texas,89,2,182.0,57.2815,49.8727
optionA_tie_0.05,carbonscaler_price_tiebreak,texas,90,1,185.0,76.1777,83.9432
optionA_tie_0.05,carbonscaler_price_tiebreak,texas,91,1,185.0,73.5011,55.1757
optionA_tie_0.05,carbonscaler_price_tiebreak,texas,92,2,188.0,69.3436,254.8129
optionA_tie_0.05,carbonscaler_price_tiebreak,texas,93,1,203.0,41.3881,26.4996
optionA_tie_0.05,carbonscaler_price_tiebreak,texas,94,1,211.0,46.7147,39.3783
optionA_tie_0.05,carbonscaler_price_tiebreak,texas,95,0,262.0,37.5459,36.9086
optionA_tie_0.05,carbonscaler_price_tiebreak,texas,96,0,299.0,18.3422,22.6686
optionA_tie_0.05,carbonscaler_price_tiebreak,texas,97,0,305.0,23.8631,36.8306
optionA_tie_0.05,carbonscaler_price_tiebreak,texas,98,0,307.0,18.3429,16.9203
optionA_tie_0.05,carbonscaler_price_tiebreak,texas,99,0,305.0,25.3375,4.47
optionA_tie_0.05,carbonscaler_price_tiebreak,texas,100,0,290.0,71.2353,105.3646
optionA_tie_0.05,carbonscaler_price_tiebreak,texas,101,0,270.0,34.526,36.4763
optionA_tie_0.05,carbonscaler_price_tiebreak,texas,102,0,258.0,37.1991,51.6098
optionA_tie_0.05,carbonscaler_price_tiebreak,texas,103,0,254.0,42.6776,38.8888
optionA_tie_0.05,carbonscaler_price_tiebreak,texas,104,0,254.0,38.4615,56.8896
optionA_tie_0.05,carbonscaler_price_tiebreak,texas,105,0,253.0,171.9712,368.3534
optionA_tie_0.05,carbonscaler_price_tiebreak,texas,106,0,250.0,25.8761,3.1621
optionA_tie_0.05,carbonscaler_price_tiebreak,texas,107,0,256.0,20.8654,39.2828
optionA_tie_0.05,carbonscaler_price_tiebreak,texas,108,0,260.0,13.6561,30.106
optionA_tie_0.05,carbonscaler_price_tiebreak,texas,109,0,256.0,11.5445,18.6526
optionA_tie_0.05,carbonscaler_price_tiebreak,texas,110,0,229.0,21.1756,25.8241
optionA_tie_0.05,carbonscaler_price_tiebreak,texas,111,1,201.0,20.1438,20.4667
optionA_tie_0.05,carbonscaler_price_tiebreak,texas,112,2,191.0,38.1854,28.4718
optionA_tie_0.05,carbonscaler_price_tiebreak,texas,113,2,178.0,68.8497,77.2861
optionA_tie_0.05,carbonscaler_price_tiebreak,texas,114,1,187.0,81.1963,93.5924
optionA_tie_0.05,carbonscaler_price_tiebreak,texas,115,0,211.0,81.1428,95.1163
optionA_tie_0.05,carbonscaler_price_tiebreak,texas,116,1,216.0,68.1103,68.306
optionA_tie_0.05,carbonscaler_price_tiebreak,texas,117,0,235.0,71.371,54.8652
optionA_tie_0.05,carbonscaler_price_tiebreak,texas,118,0,260.0,38.0976,26.0119
optionA_tie_0.05,carbonscaler_price_tiebreak,texas,119,0,298.0,33.2382,33.5736
optionA_tie_0.05,carbonscaler_price_tiebreak,texas,120,0,357.0,34.7798,0.5833
optionA_tie_0.05,carbonscaler_price_tiebreak,texas,121,0,370.0,43.659,50.068
optionA_tie_0.05,carbonscaler_price_tiebreak,texas,122,0,361.0,54.8968,73.2643
optionA_tie_0.05,carbonscaler_price_tiebreak,texas,123,0,351.0,31.5659,27.0714
optionA_tie_0.05,carbonscaler_price_tiebreak,texas,124,0,345.0,38.9968,50.5642
optionA_tie_0.05,carbonscaler_price_tiebreak,texas,125,0,327.0,153.8136,133.0052
optionA_tie_0.05,carbonscaler_price_tiebreak,texas,126,0,317.0,137.7394,127.6533
optionA_tie_0.05,carbonscaler_price_tiebreak,texas,127,0,302.0,112.7035,127.4758
optionA_tie_0.05,carbonscaler_price_tiebreak,texas,128,0,259.0,75.7125,68.7393
optionA_tie_0.05,carbonscaler_price_tiebreak,texas,129,0,238.0,35.6457,19.6374
optionA_tie_0.05,carbonscaler_price_tiebreak,texas,130,0,231.0,44.3438,62.1764
optionA_tie_0.05,carbonscaler_price_tiebreak,texas,131,0,243.0,35.9372,21.0082
optionA_tie_0.05,carbonscaler_price_tiebreak,texas,132,0,254.0,38.1315,50.9989
optionA_tie_0.05,carbonscaler_price_tiebreak,texas,133,0,247.0,38.1886,42.7127
optionA_tie_0.05,carbonscaler_price_tiebreak,texas,134,0,226.0,39.6707,35.2655
optionA_tie_0.05,carbonscaler_price_tiebreak,texas,135,0,235.0,47.3615,31.6689
optionA_tie_0.05,carbonscaler_price_tiebreak,texas,136,0,228.0,68.7809,77.6323
optionA_tie_0.05,carbonscaler_price_tiebreak,texas,137,0,236.0,111.203,103.2048
optionA_tie_0.05,carbonscaler_price_tiebreak,texas,138,0,235.0,128.2242,114.5151
optionA_tie_0.05,carbonscaler_price_tiebreak,texas,139,0,251.0,109.0926,108.3063
optionA_tie_0.05,carbonscaler_price_tiebreak,texas,140,0,288.0,101.7683,117.6982
optionA_tie_0.05,carbonscaler_price_tiebreak,texas,141,0,318.0,65.184,56.8147
optionA_tie_0.05,carbonscaler_price_tiebreak,texas,142,0,354.0,58.0316,53.5464
optionA_tie_0.05,carbonscaler_price_tiebreak,texas,143,0,407.0,42.5978,66.0952
optionA_tie_0.05,carbonscaler_price_tiebreak,texas,144,0,463.0,33.627,36.459
optionA_tie_0.05,carbonscaler_price_tiebreak,texas,145,0,473.0,26.1557,13.8144
optionA_tie_0.05,carbonscaler_price_tiebreak,texas,146,0,481.0,32.1188,26.6674
optionA_tie_0.05,carbonscaler_price_tiebreak,texas,147,0,492.0,37.0733,28.8513
optionA_tie_0.05,carbonscaler_price_tiebreak,texas,148,0,503.0,30.1579,61.9976
optionA_tie_0.05,carbonscaler_price_tiebreak,texas,149,0,505.0,23.4652,17.8156
optionA_tie_0.05,carbonscaler_price_tiebreak,texas,150,0,503.0,43.1502,41.647
optionA_tie_0.05,carbonscaler_price_tiebreak,texas,151,0,504.0,66.5858,61.6512
optionA_tie_0.05,carbonscaler_price_tiebreak,texas,152,0,504.0,138.1495,287.0703
optionA_tie_0.05,carbonscaler_price_tiebreak,texas,153,0,504.0,51.5384,43.2347
optionA_tie_0.05,carbonscaler_price_tiebreak,texas,154,0,501.0,46.3416,47.3293
optionA_tie_0.05,carbonscaler_price_tiebreak,texas,155,0,499.0,44.2455,57.8439
optionA_tie_0.05,carbonscaler_price_tiebreak,texas,156,0,493.0,45.3638,62.2896
optionA_tie_0.05,carbonscaler_price_tiebreak,texas,157,0,463.0,48.8051,64.2054
optionA_tie_0.05,carbonscaler_price_tiebreak,texas,158,0,365.0,51.476,20.107
optionA_tie_0.05,carbonscaler_price_tiebreak,texas,159,0,316.0,51.6154,62.4952
optionA_tie_0.05,carbonscaler_price_tiebreak,texas,160,0,288.0,72.6202,86.4649
optionA_tie_0.05,carbonscaler_price_tiebreak,texas,161,0,281.0,100.3706,98.2854
optionA_tie_0.05,carbonscaler_price_tiebreak,texas,162,0,291.0,105.4917,102.8885
optionA_tie_0.05,carbonscaler_price_tiebreak,texas,163,0,296.0,97.4007,103.3636
optionA_tie_0.05,carbonscaler_price_tiebreak,texas,164,0,293.0,94.1298,79.272
optionA_tie_0.05,carbonscaler_price_tiebreak,texas,165,0,269.0,69.0595,66.6765
optionA_tie_0.05,carbonscaler_price_tiebreak,texas,166,0,311.0,52.4568,47.5106
optionA_tie_0.05,carbonscaler_price_tiebreak,texas,167,0,361.0,47.2983,81.2659
optionA_tie_0.10,carbonscaler_price_tiebreak,texas,0,0,329.0,34.7798,0.5833
optionA_tie_0.10,carbonscaler_price_tiebreak,texas,1,0,333.0,43.659,50.068
optionA_tie_0.10,carbonscaler_price_tiebreak,texas,2,0,321.0,54.8968,73.2643
optionA_tie_0.10,carbonscaler_price_tiebreak,texas,3,0,320.0,31.5659,27.0714
optionA_tie_0.10,carbonscaler_price_tiebreak,texas,4,0,331.0,38.9968,50.5642
optionA_tie_0.10,carbonscaler_price_tiebreak,texas,5,0,343.0,153.8136,133.0052
optionA_tie_0.10,carbonscaler_price_tiebreak,texas,6,0,363.0,137.7394,127.6533
optionA_tie_0.10,carbonscaler_price_tiebreak,texas,7,0,375.0,112.7035,127.4758
optionA_tie_0.10,carbonscaler_price_tiebreak,texas,8,0,382.0,75.7125,68.7393
optionA_tie_0.10,carbonscaler_price_tiebreak,texas,9,0,388.0,35.6457,19.6374
optionA_tie_0.10,carbonscaler_price_tiebreak,texas,10,0,409.0,44.3438,62.1764
optionA_tie_0.10,carbonscaler_price_tiebreak,texas,11,0,427.0,35.9372,21.0082
optionA_tie_0.10,carbonscaler_price_tiebreak,texas,12,0,431.0,38.1315,50.9989
optionA_tie_0.10,carbonscaler_price_tiebreak,texas,13,0,420.0,38.1886,42.7127
optionA_tie_0.10,carbonscaler_price_tiebreak,texas,14,0,326.0,39.6707,35.2655
optionA_tie_0.10,carbonscaler_price_tiebreak,texas,15,0,275.0,47.3615,31.6689
optionA_tie_0.10,carbonscaler_price_tiebreak,texas,16,0,286.0,68.7809,77.6323
optionA_tie_0.10,carbonscaler_price_tiebreak,texas,17,0,280.0,111.203,103.2048
optionA_tie_0.10,carbonscaler_price_tiebreak,texas,18,0,257.0,128.2242,114.5151
optionA_tie_0.10,carbonscaler_price_tiebreak,texas,19,0,241.0,109.0926,108.3063
optionA_tie_0.10,carbonscaler_price_tiebreak,texas,20,0,243.0,101.7683,117.6982
optionA_tie_0.10,carbonscaler_price_tiebreak,texas,21,0,251.0,65.184,56.8147
optionA_tie_0.10,carbonscaler_price_tiebreak,texas,22,0,255.0,58.0316,53.5464
optionA_tie_0.10,carbonscaler_price_tiebreak,texas,23,0,327.0,42.5978,66.0952
optionA_tie_0.10,carbonscaler_price_tiebreak,texas,24,0,402.0,33.627,36.459
optionA_tie_0.10,carbonscaler_price_tiebreak,texas,25,0,385.0,26.1557,13.8144
optionA_tie_0.10,carbonscaler_price_tiebreak,texas,26,0,363.0,32.1188,26.6674
optionA_tie_0.10,carbonscaler_price_tiebreak,texas,27,0,343.0,37.0733,28.8513
optionA_tie_0.10,carbonscaler_price_tiebreak,texas,28,0,309.0,30.1579,61.9976
optionA_tie_0.10,carbonscaler_price_tiebreak,texas,29,0,283.0,23.4652,17.8156
optionA_tie_0.10,carbonscaler_price_tiebreak,texas,30,0,263.0,43.1502,41.647
optionA_tie_0.10,carbonscaler_price_tiebreak,texas,31,0,262.0,66.5858,61.6512
optionA_tie_0.10,carbonscaler_price_tiebreak,texas,32,0,257.0,138.1495,287.0703
optionA_tie_0.10,carbonscaler_price_tiebreak,texas,33,0,260.0,51.5384,43.2347
optionA_tie_0.10,carbonscaler_price_tiebreak,texas,34,0,271.0,46.3416,47.3293
optionA_tie_0.10,carbonscaler_price_tiebreak,texas,35,0,285.0,44.2455,57.8439
optionA_tie_0.10,carbonscaler_price_tiebreak,texas,36,0,296.0,45.3638,62.2896
optionA_tie_0.10,carbonscaler_price_tiebreak,texas,37,0,292.0,48.8051,64.2054
optionA_tie_0.10,carbonscaler_price_tiebreak,texas,38,0,239.0,51.476,20.107
optionA_tie_0.10,carbonscaler_price_tiebreak,texas,39,1,200.0,51.6154,62.4952
optionA_tie_0.10,carbonscaler_price_tiebreak,texas,40,2,191.0,72.6202,86.4649
optionA_tie_0.10,carbonscaler_price_tiebreak,texas,41,1,199.0,100.3706,98.2854
optionA_tie_0.10,carbonscaler_price_tiebreak,texas,42,0,193.0,105.4917,102.8885
optionA_tie_0.10,carbonscaler_price_tiebreak,texas,43,1,198.0,97.4007,103.3636
optionA_tie_0.10,carbonscaler_price_tiebreak,texas,44,1,199.0,94.1298,79.272
optionA_tie_0.10,carbonscaler_price_tiebreak,texas,45,1,212.0,69.0595,66.6765
optionA_tie_0.10,carbonscaler_price_tiebreak,texas,46,0,236.0,52.4568,47.5106
optionA_tie_0.10,carbonscaler_price_tiebreak,texas,47,0,322.0,47.2983,81.2659
optionA_tie_0.10,carbonscaler_price_tiebreak,texas,48,0,374.0,35.1946,36.8934
optionA_tie_0.10,carbonscaler_price_tiebreak,texas,49,0,357.0,26.9337,21.3365
optionA_tie_0.10,carbonscaler_price_tiebreak,texas,50,0,335.0,27.766,1.951
optionA_tie_0.10,carbonscaler_price_tiebreak,texas,51,0,318.0,26.8679,8.729
optionA_tie_0.10,carbonscaler_price_tiebreak,texas,52,0,294.0,32.1051,29.6991
optionA_tie_0.10,carbonscaler_price_tiebreak,texas,53,0,283.0,23.9699,29.8911
optionA_tie_0.10,carbonscaler_price_tiebreak,texas,54,0,292.0,50.3498,28.7662
optionA_tie_0.10,carbonscaler_price_tiebreak,texas,55,0,312.0,58.473,51.5192
optionA_tie_0.10,carbonscaler_price_tiebreak,texas,56,0,336.0,56.9128,66.3191
optionA_tie_0.10,carbonscaler_price_tiebreak,texas,57,0,341.0,64.8707,61.4467
optionA_tie_0.10,carbonscaler_price_tiebreak,texas,58,0,341.0,68.664,75.3879
optionA_tie_0.10,carbonscaler_price_tiebreak,texas,59,0,361.0,56.1997,46.5673
optionA_tie_0.10,carbonscaler_price_tiebreak,texas,60,0,389.0,50.4553,57.0859
optionA_tie_0.10,carbonscaler_price_tiebreak,texas,61,0,398.0,50.708,33.0799
optionA_tie_0.10,carbonscaler_price_tiebreak,texas,62,0,355.0,52.9678,48.4055
optionA_tie_0.10,carbonscaler_price_tiebreak,texas,63,0,331.0,58.8784,55.4826
optionA_tie_0.10,carbonscaler_price_tiebreak,texas,64,0,346.0,69.3683,96.4196
optionA_tie_0.10,carbonscaler_price_tiebreak,texas,65,0,334.0,70.5607,85.1707
optionA_tie_0.10,carbonscaler_price_tiebreak,texas,66,0,319.0,65.4046,49.2341
optionA_tie_0.10,carbonscaler_price_tiebreak,texas,67,0,320.0,52.4934,43.3725
optionA_tie_0.10,carbonscaler_price_tiebreak,texas,68,0,327.0,48.7833,58.9517
optionA_tie_0.10,carbonscaler_price_tiebreak,texas,69,0,329.0,48.264,42.3642
optionA_tie_0.10,carbonscaler_price_tiebreak,texas,70,0,367.0,40.2067,25.7487
optionA_tie_0.10,carbonscaler_price_tiebreak,texas,71,0,420.0,38.6399,20.7555
optionA_tie_0.10,carbonscaler_price_tiebreak,texas,72,0,453.0,25.005,18.7779
optionA_tie_0.10,carbonscaler_price_tiebreak,texas,73,0,448.0,14.1714,11.0338
optionA_tie_0.10,carbonscaler_price_tiebreak,texas,74,0,443.0,17.0302,15.0893
optionA_tie_0.10,carbonscaler_price_tiebreak,texas,75,0,442.0,16.4485,29.7823
optionA_tie_0.10,carbonscaler_price_tiebreak,texas,76,0,440.0,19.7599,9.7297
optionA_tie_0.10,carbonscaler_price_tiebreak,texas,77,0,425.0,13.1885,14.6047
optionA_tie_0.10,carbonscaler_price_tiebreak,texas,78,0,386.0,25.134,39.4399
optionA_tie_0.10,carbonscaler_price_tiebreak,texas,79,0,352.0,36.9328,41.1443
optionA_tie_0.10,carbonscaler_price_tiebreak,texas,80,0,325.0,41.8119,55.1713
optionA_tie_0.10,carbonscaler_price_tiebreak,texas,81,0,317.0,33.574,21.4423
optionA_tie_0.10,carbonscaler_price_tiebreak,texas,82,0,329.0,29.1706,28.2014
optionA_tie_0.10,carbonscaler_price_tiebreak,texas,83,0,345.0,26.8487,22.73
optionA_tie_0.10,carbonscaler_price_tiebreak,texas,84,0,357.0,27.2327,38.418
optionA_tie_0.10,carbonscaler_price_tiebreak,texas,85,0,329.0,25.5057,36.527
optionA_tie_0.10,carbonscaler_price_tiebreak,texas,86,0,271.0,21.4771,26.0467
optionA_tie_0.10,carbonscaler_price_tiebreak,texas,87,0,233.0,27.4873,19.9106
optionA_tie_0.10,carbonscaler_price_tiebreak,texas,88,1,193.0,36.9808,23.7817
optionA_tie_0.10,carbonscaler_price_tiebreak,texas,89,2,182.0,57.2815,49.8727
optionA_tie_0.10,carbonscaler_price_tiebreak,texas,90,2,185.0,76.1777,83.9432
optionA_tie_0.10,carbonscaler_price_tiebreak,texas,91,2,185.0,73.5011,55.1757
optionA_tie_0.10,carbonscaler_price_tiebreak,texas,92,2,188.0,69.3436,254.8129
optionA_tie_0.10,carbonscaler_price_tiebreak,texas,93,1,203.0,41.3881,26.4996
optionA_tie_0.10,carbonscaler_price_tiebreak,texas,94,1,211.0,46.7147,39.3783
optionA_tie_0.10,carbonscaler_price_tiebreak,texas,95,0,262.0,37.5459,36.9086
optionA_tie_0.10,carbonscaler_price_tiebreak,texas,96,0,299.0,18.3422,22.6686
optionA_tie_0.10,carbonscaler_price_tiebreak,texas,97,0,305.0,23.8631,36.8306
optionA_tie_0.10,carbonscaler_price_tiebreak,texas,98,0,307.0,18.3429,16.9203
optionA_tie_0.10,carbonscaler_price_tiebreak,texas,99,0,305.0,25.3375,4.47
optionA_tie_0.10,carbonscaler_price_tiebreak,texas,100,0,290.0,71.2353,105.3646
optionA_tie_0.10,carbonscaler_price_tiebreak,texas,101,0,270.0,34.526,36.4763
optionA_tie_0.10,carbonscaler_price_tiebreak,texas,102,0,258.0,37.1991,51.6098
optionA_tie_0.10,carbonscaler_price_tiebreak,texas,103,0,254.0,42.6776,38.8888
optionA_tie_0.10,carbonscaler_price_tiebreak,texas,104,0,254.0,38.4615,56.8896
optionA_tie_0.10,carbonscaler_price_tiebreak,texas,105,0,253.0,171.9712,368.3534
optionA_tie_0.10,carbonscaler_price_tiebreak,texas,106,0,250.0,25.8761,3.1621
optionA_tie_0.10,carbonscaler_price_tiebreak,texas,107,0,256.0,20.8654,39.2828
optionA_tie_0.10,carbonscaler_price_tiebreak,texas,108,0,260.0,13.6561,30.106
optionA_tie_0.10,carbonscaler_price_tiebreak,texas,109,0,256.0,11.5445,18.6526
optionA_tie_0.10,carbonscaler_price_tiebreak,texas,110,0,229.0,21.1756,25.8241
optionA_tie_0.10,carbonscaler_price_tiebreak,texas,111,1,201.0,20.1438,20.4667
optionA_tie_0.10,carbonscaler_price_tiebreak,texas,112,2,191.0,38.1854,28.4718
optionA_tie_0.10,carbonscaler_price_tiebreak,texas,113,2,178.0,68.8497,77.2861
optionA_tie_0.10,carbonscaler_price_tiebreak,texas,114,2,187.0,81.1963,93.5924
optionA_tie_0.10,carbonscaler_price_tiebreak,texas,115,1,211.0,81.1428,95.1163
optionA_tie_0.10,carbonscaler_price_tiebreak,texas,116,0,216.0,68.1103,68.306
optionA_tie_0.10,carbonscaler_price_tiebreak,texas,117,0,235.0,71.371,54.8652
optionA_tie_0.10,carbonscaler_price_tiebreak,texas,118,0,260.0,38.0976,26.0119
optionA_tie_0.10,carbonscaler_price_tiebreak,texas,119,0,298.0,33.2382,33.5736
optionA_tie_0.10,carbonscaler_price_tiebreak,texas,120,0,357.0,34.7798,0.5833
optionA_tie_0.10,carbonscaler_price_tiebreak,texas,121,0,370.0,43.659,50.068
optionA_tie_0.10,carbonscaler_price_tiebreak,texas,122,0,361.0,54.8968,73.2643
optionA_tie_0.10,carbonscaler_price_tiebreak,texas,123,0,351.0,31.5659,27.0714
optionA_tie_0.10,carbonscaler_price_tiebreak,texas,124,0,345.0,38.9968,50.5642
optionA_tie_0.10,carbonscaler_price_tiebreak,texas,125,0,327.0,153.8136,133.0052
optionA_tie_0.10,carbonscaler_price_tiebreak,texas,126,0,317.0,137.7394,127.6533
optionA_tie_0.10,carbonscaler_price_tiebreak,texas,127,0,302.0,112.7035,127.4758
optionA_tie_0.10,carbonscaler_price_tiebreak,texas,128,0,259.0,75.7125,68.7393
optionA_tie_0.10,carbonscaler_price_tiebreak,texas,129,0,238.0,35.6457,19.6374
optionA_tie_0.10,carbonscaler_price_tiebreak,texas,130,0,231.0,44.3438,62.1764
optionA_tie_0.10,carbonscaler_price_tiebreak,texas,131,0,243.0,35.9372,21.0082
optionA_tie_0.10,carbonscaler_price_tiebreak,texas,132,0,254.0,38.1315,50.9989
optionA_tie_0.10,carbonscaler_price_tiebreak,texas,133,0,247.0,38.1886,42.7127
optionA_tie_0.10,carbonscaler_price_tiebreak,texas,134,0,226.0,39.6707,35.2655
optionA_tie_0.10,carbonscaler_price_tiebreak,texas,135,0,235.0,47.3615,31.6689
optionA_tie_0.10,carbonscaler_price_tiebreak,texas,136,0,228.0,68.7809,77.6323
optionA_tie_0.10,carbonscaler_price_tiebreak,texas,137,0,236.0,111.203,103.2048
optionA_tie_0.10,carbonscaler_price_tiebreak,texas,138,0,235.0,128.2242,114.5151
optionA_tie_0.10,carbonscaler_price_tiebreak,texas,139,0,251.0,109.0926,108.3063
optionA_tie_0.10,carbonscaler_price_tiebreak,texas,140,0,288.0,101.7683,117.6982
optionA_tie_0.10,carbonscaler_price_tiebreak,texas,141,0,318.0,65.184,56.8147
optionA_tie_0.10,carbonscaler_price_tiebreak,texas,142,0,354.0,58.0316,53.5464
optionA_tie_0.10,carbonscaler_price_tiebreak,texas,143,0,407.0,42.5978,66.0952
optionA_tie_0.10,carbonscaler_price_tiebreak,texas,144,0,463.0,33.627,36.459
optionA_tie_0.10,carbonscaler_price_tiebreak,texas,145,0,473.0,26.1557,13.8144
optionA_tie_0.10,carbonscaler_price_tiebreak,texas,146,0,481.0,32.1188,26.6674
optionA_tie_0.10,carbonscaler_price_tiebreak,texas,147,0,492.0,37.0733,28.8513
optionA_tie_0.10,carbonscaler_price_tiebreak,texas,148,0,503.0,30.1579,61.9976
optionA_tie_0.10,carbonscaler_price_tiebreak,texas,149,0,505.0,23.4652,17.8156
optionA_tie_0.10,carbonscaler_price_tiebreak,texas,150,0,503.0,43.1502,41.647
optionA_tie_0.10,carbonscaler_price_tiebreak,texas,151,0,504.0,66.5858,61.6512
optionA_tie_0.10,carbonscaler_price_tiebreak,texas,152,0,504.0,138.1495,287.0703
optionA_tie_0.10,carbonscaler_price_tiebreak,texas,153,0,504.0,51.5384,43.2347
optionA_tie_0.10,carbonscaler_price_tiebreak,texas,154,0,501.0,46.3416,47.3293
optionA_tie_0.10,carbonscaler_price_tiebreak,texas,155,0,499.0,44.2455,57.8439
optionA_tie_0.10,carbonscaler_price_tiebreak,texas,156,0,493.0,45.3638,62.2896
optionA_tie_0.10,carbonscaler_price_tiebreak,texas,157,0,463.0,48.8051,64.2054
optionA_tie_0.10,carbonscaler_price_tiebreak,texas,158,0,365.0,51.476,20.107
optionA_tie_0.10,carbonscaler_price_tiebreak,texas,159,0,316.0,51.6154,62.4952
optionA_tie_0.10,carbonscaler_price_tiebreak,texas,160,0,288.0,72.6202,86.4649
optionA_tie_0.10,carbonscaler_price_tiebreak,texas,161,0,281.0,100.3706,98.2854
optionA_tie_0.10,carbonscaler_price_tiebreak,texas,162,0,291.0,105.4917,102.8885
optionA_tie_0.10,carbonscaler_price_tiebreak,texas,163,0,296.0,97.4007,103.3636
optionA_tie_0.10,carbonscaler_price_tiebreak,texas,164,0,293.0,94.1298,79.272
optionA_tie_0.10,carbonscaler_price_tiebreak,texas,165,0,269.0,69.0595,66.6765
optionA_tie_0.10,carbonscaler_price_tiebreak,texas,166,0,311.0,52.4568,47.5106
optionA_tie_0.10,carbonscaler_price_tiebreak,texas,167,0,361.0,47.2983,81.2659
optionA_tie_0.20,carbonscaler_price_tiebreak,texas,0,0,329.0,34.7798,0.5833
optionA_tie_0.20,carbonscaler_price_tiebreak,texas,1,0,333.0,43.659,50.068
optionA_tie_0.20,carbonscaler_price_tiebreak,texas,2,0,321.0,54.8968,73.2643
optionA_tie_0.20,carbonscaler_price_tiebreak,texas,3,0,320.0,31.5659,27.0714
optionA_tie_0.20,carbonscaler_price_tiebreak,texas,4,0,331.0,38.9968,50.5642
optionA_tie_0.20,carbonscaler_price_tiebreak,texas,5,0,343.0,153.8136,133.0052
optionA_tie_0.20,carbonscaler_price_tiebreak,texas,6,0,363.0,137.7394,127.6533
optionA_tie_0.20,carbonscaler_price_tiebreak,texas,7,0,375.0,112.7035,127.4758
optionA_tie_0.20,carbonscaler_price_tiebreak,texas,8,0,382.0,75.7125,68.7393
optionA_tie_0.20,carbonscaler_price_tiebreak,texas,9,0,388.0,35.6457,19.6374
optionA_tie_0.20,carbonscaler_price_tiebreak,texas,10,0,409.0,44.3438,62.1764
optionA_tie_0.20,carbonscaler_price_tiebreak,texas,11,0,427.0,35.9372,21.0082
optionA_tie_0.20,carbonscaler_price_tiebreak,texas,12,0,431.0,38.1315,50.9989
optionA_tie_0.20,carbonscaler_price_tiebreak,texas,13,0,420.0,38.1886,42.7127
optionA_tie_0.20,carbonscaler_price_tiebreak,texas,14,0,326.0,39.6707,35.2655
optionA_tie_0.20,carbonscaler_price_tiebreak,texas,15,0,275.0,47.3615,31.6689
optionA_tie_0.20,carbonscaler_price_tiebreak,texas,16,0,286.0,68.7809,77.6323
optionA_tie_0.20,carbonscaler_price_tiebreak,texas,17,0,280.0,111.203,103.2048
optionA_tie_0.20,carbonscaler_price_tiebreak,texas,18,0,257.0,128.2242,114.5151
optionA_tie_0.20,carbonscaler_price_tiebreak,texas,19,0,241.0,109.0926,108.3063
optionA_tie_0.20,carbonscaler_price_tiebreak,texas,20,0,243.0,101.7683,117.6982
optionA_tie_0.20,carbonscaler_price_tiebreak,texas,21,0,251.0,65.184,56.8147
optionA_tie_0.20,carbonscaler_price_tiebreak,texas,22,0,255.0,58.0316,53.5464
optionA_tie_0.20,carbonscaler_price_tiebreak,texas,23,0,327.0,42.5978,66.0952
optionA_tie_0.20,carbonscaler_price_tiebreak,texas,24,0,402.0,33.627,36.459
optionA_tie_0.20,carbonscaler_price_tiebreak,texas,25,0,385.0,26.1557,13.8144
optionA_tie_0.20,carbonscaler_price_tiebreak,texas,26,0,363.0,32.1188,26.6674
optionA_tie_0.20,carbonscaler_price_tiebreak,texas,27,0,343.0,37.0733,28.8513
optionA_tie_0.20,carbonscaler_price_tiebreak,texas,28,0,309.0,30.1579,61.9976
optionA_tie_0.20,carbonscaler_price_tiebreak,texas,29,0,283.0,23.4652,17.8156
optionA_tie_0.20,carbonscaler_price_tiebreak,texas,30,0,263.0,43.1502,41.647
optionA_tie_0.20,carbonscaler_price_tiebreak,texas,31,0,262.0,66.5858,61.6512
optionA_tie_0.20,carbonscaler_price_tiebreak,texas,32,0,257.0,138.1495,287.0703
optionA_tie_0.20,carbonscaler_price_tiebreak,texas,33,0,260.0,51.5384,43.2347
optionA_tie_0.20,carbonscaler_price_tiebreak,texas,34,0,271.0,46.3416,47.3293
optionA_tie_0.20,carbonscaler_price_tiebreak,texas,35,0,285.0,44.2455,57.8439
optionA_tie_0.20,carbonscaler_price_tiebreak,texas,36,0,296.0,45.3638,62.2896
optionA_tie_0.20,carbonscaler_price_tiebreak,texas,37,0,292.0,48.8051,64.2054
optionA_tie_0.20,carbonscaler_price_tiebreak,texas,38,0,239.0,51.476,20.107
optionA_tie_0.20,carbonscaler_price_tiebreak,texas,39,2,200.0,51.6154,62.4952
optionA_tie_0.20,carbonscaler_price_tiebreak,texas,40,2,191.0,72.6202,86.4649
optionA_tie_0.20,carbonscaler_price_tiebreak,texas,41,0,199.0,100.3706,98.2854
optionA_tie_0.20,carbonscaler_price_tiebreak,texas,42,0,193.0,105.4917,102.8885
optionA_tie_0.20,carbonscaler_price_tiebreak,texas,43,0,198.0,97.4007,103.3636
optionA_tie_0.20,carbonscaler_price_tiebreak,texas,44,0,199.0,94.1298,79.272
optionA_tie_0.20,carbonscaler_price_tiebreak,texas,45,1,212.0,69.0595,66.6765
optionA_tie_0.20,carbonscaler_price_tiebreak,texas,46,0,236.0,52.4568,47.5106
optionA_tie_0.20,carbonscaler_price_tiebreak,texas,47,0,322.0,47.2983,81.2659
optionA_tie_0.20,carbonscaler_price_tiebreak,texas,48,0,374.0,35.1946,36.8934
optionA_tie_0.20,carbonscaler_price_tiebreak,texas,49,0,357.0,26.9337,21.3365
optionA_tie_0.20,carbonscaler_price_tiebreak,texas,50,0,335.0,27.766,1.951
optionA_tie_0.20,carbonscaler_price_tiebreak,texas,51,0,318.0,26.8679,8.729
optionA_tie_0.20,carbonscaler_price_tiebreak,texas,52,0,294.0,32.1051,29.6991
optionA_tie_0.20,carbonscaler_price_tiebreak,texas,53,0,283.0,23.9699,29.8911
optionA_tie_0.20,carbonscaler_price_tiebreak,texas,54,0,292.0,50.3498,28.7662
optionA_tie_0.20,carbonscaler_price_tiebreak,texas,55,0,312.0,58.473,51.5192
optionA_tie_0.20,carbonscaler_price_tiebreak,texas,56,0,336.0,56.9128,66.3191
optionA_tie_0.20,carbonscaler_price_tiebreak,texas,57,0,341.0,64.8707,61.4467
optionA_tie_0.20,carbonscaler_price_tiebreak,texas,58,0,341.0,68.664,75.3879
optionA_tie_0.20,carbonscaler_price_tiebreak,texas,59,0,361.0,56.1997,46.5673
optionA_tie_0.20,carbonscaler_price_tiebreak,texas,60,0,389.0,50.4553,57.0859
optionA_tie_0.20,carbonscaler_price_tiebreak,texas,61,0,398.0,50.708,33.0799
optionA_tie_0.20,carbonscaler_price_tiebreak,texas,62,0,355.0,52.9678,48.4055
optionA_tie_0.20,carbonscaler_price_tiebreak,texas,63,0,331.0,58.8784,55.4826
optionA_tie_0.20,carbonscaler_price_tiebreak,texas,64,0,346.0,69.3683,96.4196
optionA_tie_0.20,carbonscaler_price_tiebreak,texas,65,0,334.0,70.5607,85.1707
optionA_tie_0.20,carbonscaler_price_tiebreak,texas,66,0,319.0,65.4046,49.2341
optionA_tie_0.20,carbonscaler_price_tiebreak,texas,67,0,320.0,52.4934,43.3725
optionA_tie_0.20,carbonscaler_price_tiebreak,texas,68,0,327.0,48.7833,58.9517
optionA_tie_0.20,carbonscaler_price_tiebreak,texas,69,0,329.0,48.264,42.3642
optionA_tie_0.20,carbonscaler_price_tiebreak,texas,70,0,367.0,40.2067,25.7487
optionA_tie_0.20,carbonscaler_price_tiebreak,texas,71,0,420.0,38.6399,20.7555
optionA_tie_0.20,carbonscaler_price_tiebreak,texas,72,0,453.0,25.005,18.7779
optionA_tie_0.20,carbonscaler_price_tiebreak,texas,73,0,448.0,14.1714,11.0338
optionA_tie_0.20,carbonscaler_price_tiebreak,texas,74,0,443.0,17.0302,15.0893
optionA_tie_0.20,carbonscaler_price_tiebreak,texas,75,0,442.0,16.4485,29.7823
optionA_tie_0.20,carbonscaler_price_tiebreak,texas,76,0,440.0,19.7599,9.7297
optionA_tie_0.20,carbonscaler_price_tiebreak,texas,77,0,425.0,13.1885,14.6047
optionA_tie_0.20,carbonscaler_price_tiebreak,texas,78,0,386.0,25.134,39.4399
optionA_tie_0.20,carbonscaler_price_tiebreak,texas,79,0,352.0,36.9328,41.1443
optionA_tie_0.20,carbonscaler_price_tiebreak,texas,80,0,325.0,41.8119,55.1713
optionA_tie_0.20,carbonscaler_price_tiebreak,texas,81,0,317.0,33.574,21.4423
optionA_tie_0.20,carbonscaler_price_tiebreak,texas,82,0,329.0,29.1706,28.2014
optionA_tie_0.20,carbonscaler_price_tiebreak,texas,83,0,345.0,26.8487,22.73
optionA_tie_0.20,carbonscaler_price_tiebreak,texas,84,0,357.0,27.2327,38.418
optionA_tie_0.20,carbonscaler_price_tiebreak,texas,85,0,329.0,25.5057,36.527
optionA_tie_0.20,carbonscaler_price_tiebreak,texas,86,0,271.0,21.4771,26.0467
optionA_tie_0.20,carbonscaler_price_tiebreak,texas,87,0,233.0,27.4873,19.9106
optionA_tie_0.20,carbonscaler_price_tiebreak,texas,88,2,193.0,36.9808,23.7817
optionA_tie_0.20,carbonscaler_price_tiebreak,texas,89,2,182.0,57.2815,49.8727
optionA_tie_0.20,carbonscaler_price_tiebreak,texas,90,0,185.0,76.1777,83.9432
optionA_tie_0.20,carbonscaler_price_tiebreak,texas,91,1,185.0,73.5011,55.1757
optionA_tie_0.20,carbonscaler_price_tiebreak,texas,92,2,188.0,69.3436,254.8129
optionA_tie_0.20,carbonscaler_price_tiebreak,texas,93,2,203.0,41.3881,26.4996
optionA_tie_0.20,carbonscaler_price_tiebreak,texas,94,1,211.0,46.7147,39.3783
optionA_tie_0.20,carbonscaler_price_tiebreak,texas,95,0,262.0,37.5459,36.9086
optionA_tie_0.20,carbonscaler_price_tiebreak,texas,96,0,299.0,18.3422,22.6686
optionA_tie_0.20,carbonscaler_price_tiebreak,texas,97,0,305.0,23.8631,36.8306
optionA_tie_0.20,carbonscaler_price_tiebreak,texas,98,0,307.0,18.3429,16.9203
optionA_tie_0.20,carbonscaler_price_tiebreak,texas,99,0,305.0,25.3375,4.47
optionA_tie_0.20,carbonscaler_price_tiebreak,texas,100,0,290.0,71.2353,105.3646
optionA_tie_0.20,carbonscaler_price_tiebreak,texas,101,0,270.0,34.526,36.4763
optionA_tie_0.20,carbonscaler_price_tiebreak,texas,102,0,258.0,37.1991,51.6098
optionA_tie_0.20,carbonscaler_price_tiebreak,texas,103,0,254.0,42.6776,38.8888
optionA_tie_0.20,carbonscaler_price_tiebreak,texas,104,0,254.0,38.4615,56.8896
optionA_tie_0.20,carbonscaler_price_tiebreak,texas,105,0,253.0,171.9712,368.3534
optionA_tie_0.20,carbonscaler_price_tiebreak,texas,106,0,250.0,25.8761,3.1621
optionA_tie_0.20,carbonscaler_price_tiebreak,texas,107,0,256.0,20.8654,39.2828
optionA_tie_0.20,carbonscaler_price_tiebreak,texas,108,0,260.0,13.6561,30.106
optionA_tie_0.20,carbonscaler_price_tiebreak,texas,109,0,256.0,11.5445,18.6526
optionA_tie_0.20,carbonscaler_price_tiebreak,texas,110,1,229.0,21.1756,25.8241
optionA_tie_0.20,carbonscaler_price_tiebreak,texas,111,2,201.0,20.1438,20.4667
optionA_tie_0.20,carbonscaler_price_tiebreak,texas,112,2,191.0,38.1854,28.4718
optionA_tie_0.20,carbonscaler_price_tiebreak,texas,113,2,178.0,68.8497,77.2861
optionA_tie_0.20,carbonscaler_price_tiebreak,texas,114,0,187.0,81.1963,93.5924
optionA_tie_0.20,carbonscaler_price_tiebreak,texas,115,0,211.0,81.1428,95.1163
optionA_tie_0.20,carbonscaler_price_tiebreak,texas,116,1,216.0,68.1103,68.306
optionA_tie_0.20,carbonscaler_price_tiebreak,texas,117,0,235.0,71.371,54.8652
optionA_tie_0.20,carbonscaler_price_tiebreak,texas,118,0,260.0,38.0976,26.0119
optionA_tie_0.20,carbonscaler_price_tiebreak,texas,119,0,298.0,33.2382,33.5736
optionA_tie_0.20,carbonscaler_price_tiebreak,texas,120,0,357.0,34.7798,0.5833
optionA_tie_0.20,carbonscaler_price_tiebreak,texas,121,0,370.0,43.659,50.068
optionA_tie_0.20,carbonscaler_price_tiebreak,texas,122,0,361.0,54.8968,73.2643
optionA_tie_0.20,carbonscaler_price_tiebreak,texas,123,0,351.0,31.5659,27.0714
optionA_tie_0.20,carbonscaler_price_tiebreak,texas,124,0,345.0,38.9968,50.5642
optionA_tie_0.20,carbonscaler_price_tiebreak,texas,125,0,327.0,153.8136,133.0052
optionA_tie_0.20,carbonscaler_price_tiebreak,texas,126,0,317.0,137.7394,127.6533
optionA_tie_0.20,carbonscaler_price_tiebreak,texas,127,0,302.0,112.7035,127.4758
optionA_tie_0.20,carbonscaler_price_tiebreak,texas,128,0,259.0,75.7125,68.7393
optionA_tie_0.20,carbonscaler_price_tiebreak,texas,129,0,238.0,35.6457,19.6374
optionA_tie_0.20,carbonscaler_price_tiebreak,texas,130,1,231.0,44.3438,62.1764
optionA_tie_0.20,carbonscaler_price_tiebreak,texas,131,0,243.0,35.9372,21.0082
optionA_tie_0.20,carbonscaler_price_tiebreak,texas,132,0,254.0,38.1315,50.9989
optionA_tie_0.20,carbonscaler_price_tiebreak,texas,133,0,247.0,38.1886,42.7127
optionA_tie_0.20,carbonscaler_price_tiebreak,texas,134,1,226.0,39.6707,35.2655
optionA_tie_0.20,carbonscaler_price_tiebreak,texas,135,0,235.0,47.3615,31.6689
optionA_tie_0.20,carbonscaler_price_tiebreak,texas,136,1,228.0,68.7809,77.6323
optionA_tie_0.20,carbonscaler_price_tiebreak,texas,137,0,236.0,111.203,103.2048
optionA_tie_0.20,carbonscaler_price_tiebreak,texas,138,0,235.0,128.2242,114.5151
optionA_tie_0.20,carbonscaler_price_tiebreak,texas,139,0,251.0,109.0926,108.3063
optionA_tie_0.20,carbonscaler_price_tiebreak,texas,140,0,288.0,101.7683,117.6982
optionA_tie_0.20,carbonscaler_price_tiebreak,texas,141,0,318.0,65.184,56.8147
optionA_tie_0.20,carbonscaler_price_tiebreak,texas,142,0,354.0,58.0316,53.5464
optionA_tie_0.20,carbonscaler_price_tiebreak,texas,143,0,407.0,42.5978,66.0952
optionA_tie_0.20,carbonscaler_price_tiebreak,texas,144,0,463.0,33.627,36.459
optionA_tie_0.20,carbonscaler_price_tiebreak,texas,145,0,473.0,26.1557,13.8144
optionA_tie_0.20,carbonscaler_price_tiebreak,texas,146,0,481.0,32.1188,26.6674
optionA_tie_0.20,carbonscaler_price_tiebreak,texas,147,0,492.0,37.0733,28.8513
optionA_tie_0.20,carbonscaler_price_tiebreak,texas,148,0,503.0,30.1579,61.9976
optionA_tie_0.20,carbonscaler_price_tiebreak,texas,149,0,505.0,23.4652,17.8156
optionA_tie_0.20,carbonscaler_price_tiebreak,texas,150,0,503.0,43.1502,41.647
optionA_tie_0.20,carbonscaler_price_tiebreak,texas,151,0,504.0,66.5858,61.6512
optionA_tie_0.20,carbonscaler_price_tiebreak,texas,152,0,504.0,138.1495,287.0703
optionA_tie_0.20,carbonscaler_price_tiebreak,texas,153,0,504.0,51.5384,43.2347
optionA_tie_0.20,carbonscaler_price_tiebreak,texas,154,0,501.0,46.3416,47.3293
optionA_tie_0.20,carbonscaler_price_tiebreak,texas,155,0,499.0,44.2455,57.8439
optionA_tie_0.20,carbonscaler_price_tiebreak,texas,156,0,493.0,45.3638,62.2896
optionA_tie_0.20,carbonscaler_price_tiebreak,texas,157,0,463.0,48.8051,64.2054
optionA_tie_0.20,carbonscaler_price_tiebreak,texas,158,0,365.0,51.476,20.107
optionA_tie_0.20,carbonscaler_price_tiebreak,texas,159,0,316.0,51.6154,62.4952
optionA_tie_0.20,carbonscaler_price_tiebreak,texas,160,0,288.0,72.6202,86.4649
optionA_tie_0.20,carbonscaler_price_tiebreak,texas,161,0,281.0,100.3706,98.2854
optionA_tie_0.20,carbonscaler_price_tiebreak,texas,162,0,291.0,105.4917,102.8885
optionA_tie_0.20,carbonscaler_price_tiebreak,texas,163,0,296.0,97.4007,103.3636
optionA_tie_0.20,carbonscaler_price_tiebreak,texas,164,0,293.0,94.1298,79.272
optionA_tie_0.20,carbonscaler_price_tiebreak,texas,165,0,269.0,69.0595,66.6765
optionA_tie_0.20,carbonscaler_price_tiebreak,texas,166,0,311.0,52.4568,47.5106
optionA_tie_0.20,carbonscaler_price_tiebreak,texas,167,0,361.0,47.2983,81.2659
optionB_budget0.80_beta0.01_gamma0.50,carbonscaler_budget,texas,0,0,329.0,34.7798,0.5833
optionB_budget0.80_beta0.01_gamma0.50,carbonscaler_budget,texas,1,0,333.0,43.659,50.068
optionB_budget0.80_beta0.01_gamma0.50,carbonscaler_budget,texas,2,0,321.0,54.8968,73.2643
optionB_budget0.80_beta0.01_gamma0.50,carbonscaler_budget,texas,3,0,320.0,31.5659,27.0714
optionB_budget0.80_beta0.01_gamma0.50,carbonscaler_budget,texas,4,0,331.0,38.9968,50.5642
optionB_budget0.80_beta0.01_gamma0.50,carbonscaler_budget,texas,5,0,343.0,153.8136,133.0052
optionB_budget0.80_beta0.01_gamma0.50,carbonscaler_budget,texas,6,0,363.0,137.7394,127.6533
optionB_budget0.80_beta0.01_gamma0.50,carbonscaler_budget,texas,7,0,375.0,112.7035,127.4758
optionB_budget0.80_beta0.01_gamma0.50,carbonscaler_budget,texas,8,0,382.0,75.7125,68.7393
optionB_budget0.80_beta0.01_gamma0.50,carbonscaler_budget,texas,9,0,388.0,35.6457,19.6374
optionB_budget0.80_beta0.01_gamma0.50,carbonscaler_budget,texas,10,0,409.0,44.3438,62.1764
optionB_budget0.80_beta0.01_gamma0.50,carbonscaler_budget,texas,11,0,427.0,35.9372,21.0082
optionB_budget0.80_beta0.01_gamma0.50,carbonscaler_budget,texas,12,0,431.0,38.1315,50.9989
optionB_budget0.80_beta0.01_gamma0.50,carbonscaler_budget,texas,13,0,420.0,38.1886,42.7127
optionB_budget0.80_beta0.01_gamma0.50,carbonscaler_budget,texas,14,0,326.0,39.6707,35.2655
optionB_budget0.80_beta0.01_gamma0.50,carbonscaler_budget,texas,15,0,275.0,47.3615,31.6689
optionB_budget0.80_beta0.01_gamma0.50,carbonscaler_budget,texas,16,0,286.0,68.7809,77.6323
optionB_budget0.80_beta0.01_gamma0.50,carbonscaler_budget,texas,17,0,280.0,111.203,103.2048
optionB_budget0.80_beta0.01_gamma0.50,carbonscaler_budget,texas,18,0,257.0,128.2242,114.5151
optionB_budget0.80_beta0.01_gamma0.50,carbonscaler_budget,texas,19,0,241.0,109.0926,108.3063
optionB_budget0.80_beta0.01_gamma0.50,carbonscaler_budget,texas,20,0,243.0,101.7683,117.6982
optionB_budget0.80_beta0.01_gamma0.50,carbonscaler_budget,texas,21,0,251.0,65.184,56.8147
optionB_budget0.80_beta0.01_gamma0.50,carbonscaler_budget,texas,22,0,255.0,58.0316,53.5464
optionB_budget0.80_beta0.01_gamma0.50,carbonscaler_budget,texas,23,0,327.0,42.5978,66.0952
optionB_budget0.80_beta0.01_gamma0.50,carbonscaler_budget,texas,24,0,402.0,33.627,36.459
optionB_budget0.80_beta0.01_gamma0.50,carbonscaler_budget,texas,25,0,385.0,26.1557,13.8144
optionB_budget0.80_beta0.01_gamma0.50,carbonscaler_budget,texas,26,0,363.0,32.1188,26.6674
optionB_budget0.80_beta0.01_gamma0.50,carbonscaler_budget,texas,27,0,343.0,37.0733,28.8513
optionB_budget0.80_beta0.01_gamma0.50,carbonscaler_budget,texas,28,0,309.0,30.1579,61.9976
optionB_budget0.80_beta0.01_gamma0.50,carbonscaler_budget,texas,29,0,283.0,23.4652,17.8156
optionB_budget0.80_beta0.01_gamma0.50,carbonscaler_budget,texas,30,0,263.0,43.1502,41.647
optionB_budget0.80_beta0.01_gamma0.50,carbonscaler_budget,texas,31,0,262.0,66.5858,61.6512
optionB_budget0.80_beta0.01_gamma0.50,carbonscaler_budget,texas,32,0,257.0,138.1495,287.0703
optionB_budget0.80_beta0.01_gamma0.50,carbonscaler_budget,texas,33,0,260.0,51.5384,43.2347
optionB_budget0.80_beta0.01_gamma0.50,carbonscaler_budget,texas,34,0,271.0,46.3416,47.3293
optionB_budget0.80_beta0.01_gamma0.50,carbonscaler_budget,texas,35,0,285.0,44.2455,57.8439
optionB_budget0.80_beta0.01_gamma0.50,carbonscaler_budget,texas,36,0,296.0,45.3638,62.2896
optionB_budget0.80_beta0.01_gamma0.50,carbonscaler_budget,texas,37,0,292.0,48.8051,64.2054
optionB_budget0.80_beta0.01_gamma0.50,carbonscaler_budget,texas,38,0,239.0,51.476,20.107
optionB_budget0.80_beta0.01_gamma0.50,carbonscaler_budget,texas,39,1,200.0,51.6154,62.4952
optionB_budget0.80_beta0.01_gamma0.50,carbonscaler_budget,texas,40,1,191.0,72.6202,86.4649
optionB_budget0.80_beta0.01_gamma0.50,carbonscaler_budget,texas,41,1,199.0,100.3706,98.2854
optionB_budget0.80_beta0.01_gamma0.50,carbonscaler_budget,texas,42,1,193.0,105.4917,102.8885
optionB_budget0.80_beta0.01_gamma0.50,carbonscaler_budget,texas,43,1,198.0,97.4007,103.3636
optionB_budget0.80_beta0.01_gamma0.50,carbonscaler_budget,texas,44,1,199.0,94.1298,79.272
optionB_budget0.80_beta0.01_gamma0.50,carbonscaler_budget,texas,45,1,212.0,69.0595,66.6765
optionB_budget0.80_beta0.01_gamma0.50,carbonscaler_budget,texas,46,0,236.0,52.4568,47.5106
optionB_budget0.80_beta0.01_gamma0.50,carbonscaler_budget,texas,47,0,322.0,47.2983,81.2659
optionB_budget0.80_beta0.01_gamma0.50,carbonscaler_budget,texas,48,0,374.0,35.1946,36.8934
optionB_budget0.80_beta0.01_gamma0.50,carbonscaler_budget,texas,49,0,357.0,26.9337,21.3365
optionB_budget0.80_beta0.01_gamma0.50,carbonscaler_budget,texas,50,0,335.0,27.766,1.951
optionB_budget0.80_beta0.01_gamma0.50,carbonscaler_budget,texas,51,0,318.0,26.8679,8.729
optionB_budget0.80_beta0.01_gamma0.50,carbonscaler_budget,texas,52,0,294.0,32.1051,29.6991
optionB_budget0.80_beta0.01_gamma0.50,carbonscaler_budget,texas,53,0,283.0,23.9699,29.8911
optionB_budget0.80_beta0.01_gamma0.50,carbonscaler_budget,texas,54,0,292.0,50.3498,28.7662
optionB_budget0.80_beta0.01_gamma0.50,carbonscaler_budget,texas,55,0,312.0,58.473,51.5192
optionB_budget0.80_beta0.01_gamma0.50,carbonscaler_budget,texas,56,0,336.0,56.9128,66.3191
optionB_budget0.80_beta0.01_gamma0.50,carbonscaler_budget,texas,57,0,341.0,64.8707,61.4467
optionB_budget0.80_beta0.01_gamma0.50,carbonscaler_budget,texas,58,0,341.0,68.664,75.3879
optionB_budget0.80_beta0.01_gamma0.50,carbonscaler_budget,texas,59,0,361.0,56.1997,46.5673
optionB_budget0.80_beta0.01_gamma0.50,carbonscaler_budget,texas,60,0,389.0,50.4553,57.0859
optionB_budget0.80_beta0.01_gamma0.50,carbonscaler_budget,texas,61,0,398.0,50.708,33.0799
optionB_budget0.80_beta0.01_gamma0.50,carbonscaler_budget,texas,62,0,355.0,52.9678,48.4055
optionB_budget0.80_beta0.01_gamma0.50,carbonscaler_budget,texas,63,0,331.0,58.8784,55.4826
optionB_budget0.80_beta0.01_gamma0.50,carbonscaler_budget,texas,64,0,346.0,69.3683,96.4196
optionB_budget0.80_beta0.01_gamma0.50,carbonscaler_budget,texas,65,0,334.0,70.5607,85.1707
optionB_budget0.80_beta0.01_gamma0.50,carbonscaler_budget,texas,66,0,319.0,65.4046,49.2341
optionB_budget0.80_beta0.01_gamma0.50,carbonscaler_budget,texas,67,0,320.0,52.4934,43.3725
optionB_budget0.80_beta0.01_gamma0.50,carbonscaler_budget,texas,68,0,327.0,48.7833,58.9517
optionB_budget0.80_beta0.01_gamma0.50,carbonscaler_budget,texas,69,0,329.0,48.264,42.3642
optionB_budget0.80_beta0.01_gamma0.50,carbonscaler_budget,texas,70,0,367.0,40.2067,25.7487
optionB_budget0.80_beta0.01_gamma0.50,carbonscaler_budget,texas,71,0,420.0,38.6399,20.7555
optionB_budget0.80_beta0.01_gamma0.50,carbonscaler_budget,texas,72,0,453.0,25.005,18.7779
optionB_budget0.80_beta0.01_gamma0.50,carbonscaler_budget,texas,73,0,448.0,14.1714,11.0338
optionB_budget0.80_beta0.01_gamma0.50,carbonscaler_budget,texas,74,0,443.0,17.0302,15.0893
optionB_budget0.80_beta0.01_gamma0.50,carbonscaler_budget,texas,75,0,442.0,16.4485,29.7823
optionB_budget0.80_beta0.01_gamma0.50,carbonscaler_budget,texas,76,0,440.0,19.7599,9.7297
optionB_budget0.80_beta0.01_gamma0.50,carbonscaler_budget,texas,77,0,425.0,13.1885,14.6047
optionB_budget0.80_beta0.01_gamma0.50,carbonscaler_budget,texas,78,0,386.0,25.134,39.4399
optionB_budget0.80_beta0.01_gamma0.50,carbonscaler_budget,texas,79,0,352.0,36.9328,41.1443
optionB_budget0.80_beta0.01_gamma0.50,carbonscaler_budget,texas,80,0,325.0,41.8119,55.1713
optionB_budget0.80_beta0.01_gamma0.50,carbonscaler_budget,texas,81,0,317.0,33.574,21.4423
optionB_budget0.80_beta0.01_gamma0.50,carbonscaler_budget,texas,82,0,329.0,29.1706,28.2014
optionB_budget0.80_beta0.01_gamma0.50,carbonscaler_budget,texas,83,0,345.0,26.8487,22.73
optionB_budget0.80_beta0.01_gamma0.50,carbonscaler_budget,texas,84,0,357.0,27.2327,38.418
optionB_budget0.80_beta0.01_gamma0.50,carbonscaler_budget,texas,85,0,329.0,25.5057,36.527
optionB_budget0.80_beta0.01_gamma0.50,carbonscaler_budget,texas,86,0,271.0,21.4771,26.0467
optionB_budget0.80_beta0.01_gamma0.50,carbonscaler_budget,texas,87,1,233.0,27.4873,19.9106
optionB_budget0.80_beta0.01_gamma0.50,carbonscaler_budget,texas,88,1,193.0,36.9808,23.7817
optionB_budget0.80_beta0.01_gamma0.50,carbonscaler_budget,texas,89,1,182.0,57.2815,49.8727
optionB_budget0.80_beta0.01_gamma0.50,carbonscaler_budget,texas,90,1,185.0,76.1777,83.9432
optionB_budget0.80_beta0.01_gamma0.50,carbonscaler_budget,texas,91,1,185.0,73.5011,55.1757
optionB_budget0.80_beta0.01_gamma0.50,carbonscaler_budget,texas,92,1,188.0,69.3436,254.8129
optionB_budget0.80_beta0.01_gamma0.50,carbonscaler_budget,texas,93,1,203.0,41.3881,26.4996
optionB_budget0.80_beta0.01_gamma0.50,carbonscaler_budget,texas,94,1,211.0,46.7147,39.3783
optionB_budget0.80_beta0.01_gamma0.50,carbonscaler_budget,texas,95,0,262.0,37.5459,36.9086
optionB_budget0.80_beta0.01_gamma0.50,carbonscaler_budget,texas,96,0,299.0,18.3422,22.6686
optionB_budget0.80_beta0.01_gamma0.50,carbonscaler_budget,texas,97,0,305.0,23.8631,36.8306
optionB_budget0.80_beta0.01_gamma0.50,carbonscaler_budget,texas,98,0,307.0,18.3429,16.9203
optionB_budget0.80_beta0.01_gamma0.50,carbonscaler_budget,texas,99,0,305.0,25.3375,4.47
optionB_budget0.80_beta0.01_gamma0.50,carbonscaler_budget,texas,100,0,290.0,71.2353,105.3646
optionB_budget0.80_beta0.01_gamma0.50,carbonscaler_budget,texas,101,0,270.0,34.526,36.4763
optionB_budget0.80_beta0.01_gamma0.50,carbonscaler_budget,texas,102,0,258.0,37.1991,51.6098
optionB_budget0.80_beta0.01_gamma0.50,carbonscaler_budget,texas,103,0,254.0,42.6776,38.8888
optionB_budget0.80_beta0.01_gamma0.50,carbonscaler_budget,texas,104,0,254.0,38.4615,56.8896
optionB_budget0.80_beta0.01_gamma0.50,carbonscaler_budget,texas,105,0,253.0,171.9712,368.3534
optionB_budget0.80_beta0.01_gamma0.50,carbonscaler_budget,texas,106,0,250.0,25.8761,3.1621
optionB_budget0.80_beta0.01_gamma0.50,carbonscaler_budget,texas,107,0,256.0,20.8654,39.2828
optionB_budget0.80_beta0.01_gamma0.50,carbonscaler_budget,texas,108,0,260.0,13.6561,30.106
optionB_budget0.80_beta0.01_gamma0.50,carbonscaler_budget,texas,109,2,256.0,11.5445,18.6526
optionB_budget0.80_beta0.01_gamma0.50,carbonscaler_budget,texas,110,1,229.0,21.1756,25.8241
optionB_budget0.80_beta0.01_gamma0.50,carbonscaler_budget,texas,111,1,201.0,20.1438,20.4667
optionB_budget0.80_beta0.01_gamma0.50,carbonscaler_budget,texas,112,1,191.0,38.1854,28.4718
optionB_budget0.80_beta0.01_gamma0.50,carbonscaler_budget,texas,113,1,178.0,68.8497,77.2861
optionB_budget0.80_beta0.01_gamma0.50,carbonscaler_budget,texas,114,1,187.0,81.1963,93.5924
optionB_budget0.80_beta0.01_gamma0.50,carbonscaler_budget,texas,115,0,211.0,81.1428,95.1163
optionB_budget0.80_beta0.01_gamma0.50,carbonscaler_budget,texas,116,0,216.0,68.1103,68.306
optionB_budget0.80_beta0.01_gamma0.50,carbonscaler_budget,texas,117,0,235.0,71.371,54.8652
optionB_budget0.80_beta0.01_gamma0.50,carbonscaler_budget,texas,118,0,260.0,38.0976,26.0119
optionB_budget0.80_beta0.01_gamma0.50,carbonscaler_budget,texas,119,0,298.0,33.2382,33.5736
optionB_budget0.80_beta0.01_gamma0.50,carbonscaler_budget,texas,120,0,357.0,34.7798,0.5833
optionB_budget0.80_beta0.01_gamma0.50,carbonscaler_budget,texas,121,0,370.0,43.659,50.068
optionB_budget0.80_beta0.01_gamma0.50,carbonscaler_budget,texas,122,0,361.0,54.8968,73.2643
optionB_budget0.80_beta0.01_gamma0.50,carbonscaler_budget,texas,123,0,351.0,31.5659,27.0714
optionB_budget0.80_beta0.01_gamma0.50,carbonscaler_budget,texas,124,0,345.0,38.9968,50.5642
optionB_budget0.80_beta0.01_gamma0.50,carbonscaler_budget,texas,125,0,327.0,153.8136,133.0052
optionB_budget0.80_beta0.01_gamma0.50,carbonscaler_budget,texas,126,0,317.0,137.7394,127.6533
optionB_budget0.80_beta0.01_gamma0.50,carbonscaler_budget,texas,127,0,302.0,112.7035,127.4758
optionB_budget0.80_beta0.01_gamma0.50,carbonscaler_budget,texas,128,0,259.0,75.7125,68.7393
optionB_budget0.80_beta0.01_gamma0.50,carbonscaler_budget,texas,129,0,238.0,35.6457,19.6374
optionB_budget0.80_beta0.01_gamma0.50,carbonscaler_budget,texas,130,1,231.0,44.3438,62.1764
optionB_budget0.80_beta0.01_gamma0.50,carbonscaler_budget,texas,131,0,243.0,35.9372,21.0082
optionB_budget0.80_beta0.01_gamma0.50,carbonscaler_budget,texas,132,0,254.0,38.1315,50.9989
optionB_budget0.80_beta0.01_gamma0.50,carbonscaler_budget,texas,133,0,247.0,38.1886,42.7127
optionB_budget0.80_beta0.01_gamma0.50,carbonscaler_budget,texas,134,1,226.0,39.6707,35.2655
optionB_budget0.80_beta0.01_gamma0.50,carbonscaler_budget,texas,135,0,235.0,47.3615,31.6689
optionB_budget0.80_beta0.01_gamma0.50,carbonscaler_budget,texas,136,0,228.0,68.7809,77.6323
optionB_budget0.80_beta0.01_gamma0.50,carbonscaler_budget,texas,137,0,236.0,111.203,103.2048
optionB_budget0.80_beta0.01_gamma0.50,carbonscaler_budget,texas,138,0,235.0,128.2242,114.5151
optionB_budget0.80_beta0.01_gamma0.50,carbonscaler_budget,texas,139,0,251.0,109.0926,108.3063
optionB_budget0.80_beta0.01_gamma0.50,carbonscaler_budget,texas,140,0,288.0,101.7683,117.6982
optionB_budget0.80_beta0.01_gamma0.50,carbonscaler_budget,texas,141,0,318.0,65.184,56.8147
optionB_budget0.80_beta0.01_gamma0.50,carbonscaler_budget,texas,142,0,354.0,58.0316,53.5464
optionB_budget0.80_beta0.01_gamma0.50,carbonscaler_budget,texas,143,0,407.0,42.5978,66.0952
optionB_budget0.80_beta0.01_gamma0.50,carbonscaler_budget,texas,144,0,463.0,33.627,36.459
optionB_budget0.80_beta0.01_gamma0.50,carbonscaler_budget,texas,145,0,473.0,26.1557,13.8144
optionB_budget0.80_beta0.01_gamma0.50,carbonscaler_budget,texas,146,0,481.0,32.1188,26.6674
optionB_budget0.80_beta0.01_gamma0.50,carbonscaler_budget,texas,147,0,492.0,37.0733,28.8513
optionB_budget0.80_beta0.01_gamma0.50,carbonscaler_budget,texas,148,0,503.0,30.1579,61.9976
optionB_budget0.80_beta0.01_gamma0.50,carbonscaler_budget,texas,149,0,505.0,23.4652,17.8156
optionB_budget0.80_beta0.01_gamma0.50,carbonscaler_budget,texas,150,0,503.0,43.1502,41.647
optionB_budget0.80_beta0.01_gamma0.50,carbonscaler_budget,texas,151,0,504.0,66.5858,61.6512
optionB_budget0.80_beta0.01_gamma0.50,carbonscaler_budget,texas,152,0,504.0,138.1495,287.0703
optionB_budget0.80_beta0.01_gamma0.50,carbonscaler_budget,texas,153,0,504.0,51.5384,43.2347
optionB_budget0.80_beta0.01_gamma0.50,carbonscaler_budget,texas,154,0,501.0,46.3416,47.3293
optionB_budget0.80_beta0.01_gamma0.50,carbonscaler_budget,texas,155,0,499.0,44.2455,57.8439
optionB_budget0.80_beta0.01_gamma0.50,carbonscaler_budget,texas,156,0,493.0,45.3638,62.2896
optionB_budget0.80_beta0.01_gamma0.50,carbonscaler_budget,texas,157,0,463.0,48.8051,64.2054
optionB_budget0.80_beta0.01_gamma0.50,carbonscaler_budget,texas,158,0,365.0,51.476,20.107
optionB_budget0.80_beta0.01_gamma0.50,carbonscaler_budget,texas,159,0,316.0,51.6154,62.4952
optionB_budget0.80_beta0.01_gamma0.50,carbonscaler_budget,texas,160,0,288.0,72.6202,86.4649
optionB_budget0.80_beta0.01_gamma0.50,carbonscaler_budget,texas,161,0,281.0,100.3706,98.2854
optionB_budget0.80_beta0.01_gamma0.50,carbonscaler_budget,texas,162,0,291.0,105.4917,102.8885
optionB_budget0.80_beta0.01_gamma0.50,carbonscaler_budget,texas,163,0,296.0,97.4007,103.3636
optionB_budget0.80_beta0.01_gamma0.50,carbonscaler_budget,texas,164,0,293.0,94.1298,79.272
optionB_budget0.80_beta0.01_gamma0.50,carbonscaler_budget,texas,165,0,269.0,69.0595,66.6765
optionB_budget0.80_beta0.01_gamma0.50,carbonscaler_budget,texas,166,0,311.0,52.4568,47.5106
optionB_budget0.80_beta0.01_gamma0.50,carbonscaler_budget,texas,167,0,361.0,47.2983,81.2659
optionB_budget0.85_beta0.01_gamma0.50,carbonscaler_budget,texas,0,0,329.0,34.7798,0.5833
optionB_budget0.85_beta0.01_gamma0.50,carbonscaler_budget,texas,1,0,333.0,43.659,50.068
optionB_budget0.85_beta0.01_gamma0.50,carbonscaler_budget,texas,2,0,321.0,54.8968,73.2643
optionB_budget0.85_beta0.01_gamma0.50,carbonscaler_budget,texas,3,0,320.0,31.5659,27.0714
optionB_budget0.85_beta0.01_gamma0.50,carbonscaler_budget,texas,4,0,331.0,38.9968,50.5642
optionB_budget0.85_beta0.01_gamma0.50,carbonscaler_budget,texas,5,0,343.0,153.8136,133.0052
optionB_budget0.85_beta0.01_gamma0.50,carbonscaler_budget,texas,6,0,363.0,137.7394,127.6533
optionB_budget0.85_beta0.01_gamma0.50,carbonscaler_budget,texas,7,0,375.0,112.7035,127.4758
optionB_budget0.85_beta0.01_gamma0.50,carbonscaler_budget,texas,8,0,382.0,75.7125,68.7393
optionB_budget0.85_beta0.01_gamma0.50,carbonscaler_budget,texas,9,0,388.0,35.6457,19.6374
optionB_budget0.85_beta0.01_gamma0.50,carbonscaler_budget,texas,10,0,409.0,44.3438,62.1764
optionB_budget0.85_beta0.01_gamma0.50,carbonscaler_budget,texas,11,0,427.0,35.9372,21.0082
optionB_budget0.85_beta0.01_gamma0.50,carbonscaler_budget,texas,12,0,431.0,38.1315,50.9989
optionB_budget0.85_beta0.01_gamma0.50,carbonscaler_budget,texas,13,0,420.0,38.1886,42.7127
optionB_budget0.85_beta0.01_gamma0.50,carbonscaler_budget,texas,14,0,326.0,39.6707,35.2655
optionB_budget0.85_beta0.01_gamma0.50,carbonscaler_budget,texas,15,0,275.0,47.3615,31.6689
optionB_budget0.85_beta0.01_gamma0.50,carbonscaler_budget,texas,16,0,286.0,68.7809,77.6323
optionB_budget0.85_beta0.01_gamma0.50,carbonscaler_budget,texas,17,0,280.0,111.203,103.2048
optionB_budget0.85_beta0.01_gamma0.50,carbonscaler_budget,texas,18,0,257.0,128.2242,114.5151
optionB_budget0.85_beta0.01_gamma0.50,carbonscaler_budget,texas,19,0,241.0,109.0926,108.3063
optionB_budget0.85_beta0.01_gamma0.50,carbonscaler_budget,texas,20,0,243.0,101.7683,117.6982
optionB_budget0.85_beta0.01_gamma0.50,carbonscaler_budget,texas,21,0,251.0,65.184,56.8147
optionB_budget0.85_beta0.01_gamma0.50,carbonscaler_budget,texas,22,0,255.0,58.0316,53.5464
optionB_budget0.85_beta0.01_gamma0.50,carbonscaler_budget,texas,23,0,327.0,42.5978,66.0952
optionB_budget0.85_beta0.01_gamma0.50,carbonscaler_budget,texas,24,0,402.0,33.627,36.459
optionB_budget0.85_beta0.01_gamma0.50,carbonscaler_budget,texas,25,0,385.0,26.1557,13.8144
optionB_budget0.85_beta0.01_gamma0.50,carbonscaler_budget,texas,26,0,363.0,32.1188,26.6674
optionB_budget0.85_beta0.01_gamma0.50,carbonscaler_budget,texas,27,0,343.0,37.0733,28.8513
optionB_budget0.85_beta0.01_gamma0.50,carbonscaler_budget,texas,28,0,309.0,30.1579,61.9976
optionB_budget0.85_beta0.01_gamma0.50,carbonscaler_budget,texas,29,0,283.0,23.4652,17.8156
optionB_budget0.85_beta0.01_gamma0.50,carbonscaler_budget,texas,30,0,263.0,43.1502,41.647
optionB_budget0.85_beta0.01_gamma0.50,carbonscaler_budget,texas,31,0,262.0,66.5858,61.6512
optionB_budget0.85_beta0.01_gamma0.50,carbonscaler_budget,texas,32,0,257.0,138.1495,287.0703
optionB_budget0.85_beta0.01_gamma0.50,carbonscaler_budget,texas,33,0,260.0,51.5384,43.2347
optionB_budget0.85_beta0.01_gamma0.50,carbonscaler_budget,texas,34,0,271.0,46.3416,47.3293
optionB_budget0.85_beta0.01_gamma0.50,carbonscaler_budget,texas,35,0,285.0,44.2455,57.8439
optionB_budget0.85_beta0.01_gamma0.50,carbonscaler_budget,texas,36,0,296.0,45.3638,62.2896
optionB_budget0.85_beta0.01_gamma0.50,carbonscaler_budget,texas,37,0,292.0,48.8051,64.2054
optionB_budget0.85_beta0.01_gamma0.50,carbonscaler_budget,texas,38,0,239.0,51.476,20.107
optionB_budget0.85_beta0.01_gamma0.50,carbonscaler_budget,texas,39,1,200.0,51.6154,62.4952
optionB_budget0.85_beta0.01_gamma0.50,carbonscaler_budget,texas,40,1,191.0,72.6202,86.4649
optionB_budget0.85_beta0.01_gamma0.50,carbonscaler_budget,texas,41,1,199.0,100.3706,98.2854
optionB_budget0.85_beta0.01_gamma0.50,carbonscaler_budget,texas,42,1,193.0,105.4917,102.8885
optionB_budget0.85_beta0.01_gamma0.50,carbonscaler_budget,texas,43,1,198.0,97.4007,103.3636
optionB_budget0.85_beta0.01_gamma0.50,carbonscaler_budget,texas,44,1,199.0,94.1298,79.272
optionB_budget0.85_beta0.01_gamma0.50,carbonscaler_budget,texas,45,1,212.0,69.0595,66.6765
optionB_budget0.85_beta0.01_gamma0.50,carbonscaler_budget,texas,46,0,236.0,52.4568,47.5106
optionB_budget0.85_beta0.01_gamma0.50,carbonscaler_budget,texas,47,0,322.0,47.2983,81.2659
optionB_budget0.85_beta0.01_gamma0.50,carbonscaler_budget,texas,48,0,374.0,35.1946,36.8934
optionB_budget0.85_beta0.01_gamma0.50,carbonscaler_budget,texas,49,0,357.0,26.9337,21.3365
optionB_budget0.85_beta0.01_gamma0.50,carbonscaler_budget,texas,50,0,335.0,27.766,1.951
optionB_budget0.85_beta0.01_gamma0.50,carbonscaler_budget,texas,51,0,318.0,26.8679,8.729
optionB_budget0.85_beta0.01_gamma0.50,carbonscaler_budget,texas,52,0,294.0,32.1051,29.6991
optionB_budget0.85_beta0.01_gamma0.50,carbonscaler_budget,texas,53,0,283.0,23.9699,29.8911
optionB_budget0.85_beta0.01_gamma0.50,carbonscaler_budget,texas,54,0,292.0,50.3498,28.7662
optionB_budget0.85_beta0.01_gamma0.50,carbonscaler_budget,texas,55,0,312.0,58.473,51.5192
optionB_budget0.85_beta0.01_gamma0.50,carbonscaler_budget,texas,56,0,336.0,56.9128,66.3191
optionB_budget0.85_beta0.01_gamma0.50,carbonscaler_budget,texas,57,0,341.0,64.8707,61.4467
optionB_budget0.85_beta0.01_gamma0.50,carbonscaler_budget,texas,58,0,341.0,68.664,75.3879
optionB_budget0.85_beta0.01_gamma0.50,carbonscaler_budget,texas,59,0,361.0,56.1997,46.5673
optionB_budget0.85_beta0.01_gamma0.50,carbonscaler_budget,texas,60,0,389.0,50.4553,57.0859
optionB_budget0.85_beta0.01_gamma0.50,carbonscaler_budget,texas,61,0,398.0,50.708,33.0799
optionB_budget0.85_beta0.01_gamma0.50,carbonscaler_budget,texas,62,0,355.0,52.9678,48.4055
optionB_budget0.85_beta0.01_gamma0.50,carbonscaler_budget,texas,63,0,331.0,58.8784,55.4826
optionB_budget0.85_beta0.01_gamma0.50,carbonscaler_budget,texas,64,0,346.0,69.3683,96.4196
optionB_budget0.85_beta0.01_gamma0.50,carbonscaler_budget,texas,65,0,334.0,70.5607,85.1707
optionB_budget0.85_beta0.01_gamma0.50,carbonscaler_budget,texas,66,0,319.0,65.4046,49.2341
optionB_budget0.85_beta0.01_gamma0.50,carbonscaler_budget,texas,67,0,320.0,52.4934,43.3725
optionB_budget0.85_beta0.01_gamma0.50,carbonscaler_budget,texas,68,0,327.0,48.7833,58.9517
optionB_budget0.85_beta0.01_gamma0.50,carbonscaler_budget,texas,69,0,329.0,48.264,42.3642
optionB_budget0.85_beta0.01_gamma0.50,carbonscaler_budget,texas,70,0,367.0,40.2067,25.7487
optionB_budget0.85_beta0.01_gamma0.50,carbonscaler_budget,texas,71,0,420.0,38.6399,20.7555
optionB_budget0.85_beta0.01_gamma0.50,carbonscaler_budget,texas,72,0,453.0,25.005,18.7779
optionB_budget0.85_beta0.01_gamma0.50,carbonscaler_budget,texas,73,0,448.0,14.1714,11.0338
optionB_budget0.85_beta0.01_gamma0.50,carbonscaler_budget,texas,74,0,443.0,17.0302,15.0893
optionB_budget0.85_beta0.01_gamma0.50,carbonscaler_budget,texas,75,0,442.0,16.4485,29.7823
optionB_budget0.85_beta0.01_gamma0.50,carbonscaler_budget,texas,76,0,440.0,19.7599,9.7297
optionB_budget0.85_beta0.01_gamma0.50,carbonscaler_budget,texas,77,0,425.0,13.1885,14.6047
optionB_budget0.85_beta0.01_gamma0.50,carbonscaler_budget,texas,78,0,386.0,25.134,39.4399
optionB_budget0.85_beta0.01_gamma0.50,carbonscaler_budget,texas,79,0,352.0,36.9328,41.1443
optionB_budget0.85_beta0.01_gamma0.50,carbonscaler_budget,texas,80,0,325.0,41.8119,55.1713
optionB_budget0.85_beta0.01_gamma0.50,carbonscaler_budget,texas,81,0,317.0,33.574,21.4423
optionB_budget0.85_beta0.01_gamma0.50,carbonscaler_budget,texas,82,0,329.0,29.1706,28.2014
optionB_budget0.85_beta0.01_gamma0.50,carbonscaler_budget,texas,83,0,345.0,26.8487,22.73
optionB_budget0.85_beta0.01_gamma0.50,carbonscaler_budget,texas,84,0,357.0,27.2327,38.418
optionB_budget0.85_beta0.01_gamma0.50,carbonscaler_budget,texas,85,0,329.0,25.5057,36.527
optionB_budget0.85_beta0.01_gamma0.50,carbonscaler_budget,texas,86,0,271.0,21.4771,26.0467
optionB_budget0.85_beta0.01_gamma0.50,carbonscaler_budget,texas,87,1,233.0,27.4873,19.9106
optionB_budget0.85_beta0.01_gamma0.50,carbonscaler_budget,texas,88,1,193.0,36.9808,23.7817
optionB_budget0.85_beta0.01_gamma0.50,carbonscaler_budget,texas,89,1,182.0,57.2815,49.8727
optionB_budget0.85_beta0.01_gamma0.50,carbonscaler_budget,texas,90,1,185.0,76.1777,83.9432
optionB_budget0.85_beta0.01_gamma0.50,carbonscaler_budget,texas,91,1,185.0,73.5011,55.1757
optionB_budget0.85_beta0.01_gamma0.50,carbonscaler_budget,texas,92,1,188.0,69.3436,254.8129
optionB_budget0.85_beta0.01_gamma0.50,carbonscaler_budget,texas,93,1,203.0,41.3881,26.4996
optionB_budget0.85_beta0.01_gamma0.50,carbonscaler_budget,texas,94,1,211.0,46.7147,39.3783
optionB_budget0.85_beta0.01_gamma0.50,carbonscaler_budget,texas,95,0,262.0,37.5459,36.9086
optionB_budget0.85_beta0.01_gamma0.50,carbonscaler_budget,texas,96,0,299.0,18.3422,22.6686
optionB_budget0.85_beta0.01_gamma0.50,carbonscaler_budget,texas,97,0,305.0,23.8631,36.8306
optionB_budget0.85_beta0.01_gamma0.50,carbonscaler_budget,texas,98,0,307.0,18.3429,16.9203
optionB_budget0.85_beta0.01_gamma0.50,carbonscaler_budget,texas,99,0,305.0,25.3375,4.47
optionB_budget0.85_beta0.01_gamma0.50,carbonscaler_budget,texas,100,0,290.0,71.2353,105.3646
optionB_budget0.85_beta0.01_gamma0.50,carbonscaler_budget,texas,101,0,270.0,34.526,36.4763
optionB_budget0.85_beta0.01_gamma0.50,carbonscaler_budget,texas,102,0,258.0,37.1991,51.6098
optionB_budget0.85_beta0.01_gamma0.50,carbonscaler_budget,texas,103,0,254.0,42.6776,38.8888
optionB_budget0.85_beta0.01_gamma0.50,carbonscaler_budget,texas,104,0,254.0,38.4615,56.8896
optionB_budget0.85_beta0.01_gamma0.50,carbonscaler_budget,texas,105,0,253.0,171.9712,368.3534
optionB_budget0.85_beta0.01_gamma0.50,carbonscaler_budget,texas,106,0,250.0,25.8761,3.1621
optionB_budget0.85_beta0.01_gamma0.50,carbonscaler_budget,texas,107,0,256.0,20.8654,39.2828
optionB_budget0.85_beta0.01_gamma0.50,carbonscaler_budget,texas,108,0,260.0,13.6561,30.106
optionB_budget0.85_beta0.01_gamma0.50,carbonscaler_budget,texas,109,0,256.0,11.5445,18.6526
optionB_budget0.85_beta0.01_gamma0.50,carbonscaler_budget,texas,110,1,229.0,21.1756,25.8241
optionB_budget0.85_beta0.01_gamma0.50,carbonscaler_budget,texas,111,1,201.0,20.1438,20.4667
optionB_budget0.85_beta0.01_gamma0.50,carbonscaler_budget,texas,112,1,191.0,38.1854,28.4718
optionB_budget0.85_beta0.01_gamma0.50,carbonscaler_budget,texas,113,1,178.0,68.8497,77.2861
optionB_budget0.85_beta0.01_gamma0.50,carbonscaler_budget,texas,114,1,187.0,81.1963,93.5924
optionB_budget0.85_beta0.01_gamma0.50,carbonscaler_budget,texas,115,1,211.0,81.1428,95.1163
optionB_budget0.85_beta0.01_gamma0.50,carbonscaler_budget,texas,116,1,216.0,68.1103,68.306
optionB_budget0.85_beta0.01_gamma0.50,carbonscaler_budget,texas,117,0,235.0,71.371,54.8652
optionB_budget0.85_beta0.01_gamma0.50,carbonscaler_budget,texas,118,0,260.0,38.0976,26.0119
optionB_budget0.85_beta0.01_gamma0.50,carbonscaler_budget,texas,119,0,298.0,33.2382,33.5736
optionB_budget0.85_beta0.01_gamma0.50,carbonscaler_budget,texas,120,0,357.0,34.7798,0.5833
optionB_budget0.85_beta0.01_gamma0.50,carbonscaler_budget,texas,121,0,370.0,43.659,50.068
optionB_budget0.85_beta0.01_gamma0.50,carbonscaler_budget,texas,122,0,361.0,54.8968,73.2643
optionB_budget0.85_beta0.01_gamma0.50,carbonscaler_budget,texas,123,0,351.0,31.5659,27.0714
optionB_budget0.85_beta0.01_gamma0.50,carbonscaler_budget,texas,124,0,345.0,38.9968,50.5642
optionB_budget0.85_beta0.01_gamma0.50,carbonscaler_budget,texas,125,0,327.0,153.8136,133.0052
optionB_budget0.85_beta0.01_gamma0.50,carbonscaler_budget,texas,126,0,317.0,137.7394,127.6533
optionB_budget0.85_beta0.01_gamma0.50,carbonscaler_budget,texas,127,0,302.0,112.7035,127.4758
optionB_budget0.85_beta0.01_gamma0.50,carbonscaler_budget,texas,128,0,259.0,75.7125,68.7393
optionB_budget0.85_beta0.01_gamma0.50,carbonscaler_budget,texas,129,0,238.0,35.6457,19.6374
optionB_budget0.85_beta0.01_gamma0.50,carbonscaler_budget,texas,130,0,231.0,44.3438,62.1764
optionB_budget0.85_beta0.01_gamma0.50,carbonscaler_budget,texas,131,0,243.0,35.9372,21.0082
optionB_budget0.85_beta0.01_gamma0.50,carbonscaler_budget,texas,132,0,254.0,38.1315,50.9989
optionB_budget0.85_beta0.01_gamma0.50,carbonscaler_budget,texas,133,0,247.0,38.1886,42.7127
optionB_budget0.85_beta0.01_gamma0.50,carbonscaler_budget,texas,134,1,226.0,39.6707,35.2655
optionB_budget0.85_beta0.01_gamma0.50,carbonscaler_budget,texas,135,0,235.0,47.3615,31.6689
optionB_budget0.85_beta0.01_gamma0.50,carbonscaler_budget,texas,136,0,228.0,68.7809,77.6323
optionB_budget0.85_beta0.01_gamma0.50,carbonscaler_budget,texas,137,0,236.0,111.203,103.2048
optionB_budget0.85_beta0.01_gamma0.50,carbonscaler_budget,texas,138,0,235.0,128.2242,114.5151
optionB_budget0.85_beta0.01_gamma0.50,carbonscaler_budget,texas,139,0,251.0,109.0926,108.3063
optionB_budget0.85_beta0.01_gamma0.50,carbonscaler_budget,texas,140,0,288.0,101.7683,117.6982
optionB_budget0.85_beta0.01_gamma0.50,carbonscaler_budget,texas,141,0,318.0,65.184,56.8147
optionB_budget0.85_beta0.01_gamma0.50,carbonscaler_budget,texas,142,0,354.0,58.0316,53.5464
optionB_budget0.85_beta0.01_gamma0.50,carbonscaler_budget,texas,143,0,407.0,42.5978,66.0952
optionB_budget0.85_beta0.01_gamma0.50,carbonscaler_budget,texas,144,0,463.0,33.627,36.459
optionB_budget0.85_beta0.01_gamma0.50,carbonscaler_budget,texas,145,0,473.0,26.1557,13.8144
optionB_budget0.85_beta0.01_gamma0.50,carbonscaler_budget,texas,146,0,481.0,32.1188,26.6674
optionB_budget0.85_beta0.01_gamma0.50,carbonscaler_budget,texas,147,0,492.0,37.0733,28.8513
optionB_budget0.85_beta0.01_gamma0.50,carbonscaler_budget,texas,148,0,503.0,30.1579,61.9976
optionB_budget0.85_beta0.01_gamma0.50,carbonscaler_budget,texas,149,0,505.0,23.4652,17.8156
optionB_budget0.85_beta0.01_gamma0.50,carbonscaler_budget,texas,150,0,503.0,43.1502,41.647
optionB_budget0.85_beta0.01_gamma0.50,carbonscaler_budget,texas,151,0,504.0,66.5858,61.6512
optionB_budget0.85_beta0.01_gamma0.50,carbonscaler_budget,texas,152,0,504.0,138.1495,287.0703
optionB_budget0.85_beta0.01_gamma0.50,carbonscaler_budget,texas,153,0,504.0,51.5384,43.2347
optionB_budget0.85_beta0.01_gamma0.50,carbonscaler_budget,texas,154,0,501.0,46.3416,47.3293
optionB_budget0.85_beta0.01_gamma0.50,carbonscaler_budget,texas,155,0,499.0,44.2455,57.8439
optionB_budget0.85_beta0.01_gamma0.50,carbonscaler_budget,texas,156,0,493.0,45.3638,62.2896
optionB_budget0.85_beta0.01_gamma0.50,carbonscaler_budget,texas,157,0,463.0,48.8051,64.2054
optionB_budget0.85_beta0.01_gamma0.50,carbonscaler_budget,texas,158,0,365.0,51.476,20.107
optionB_budget0.85_beta0.01_gamma0.50,carbonscaler_budget,texas,159,0,316.0,51.6154,62.4952
optionB_budget0.85_beta0.01_gamma0.50,carbonscaler_budget,texas,160,0,288.0,72.6202,86.4649
optionB_budget0.85_beta0.01_gamma0.50,carbonscaler_budget,texas,161,0,281.0,100.3706,98.2854
optionB_budget0.85_beta0.01_gamma0.50,carbonscaler_budget,texas,162,0,291.0,105.4917,102.8885
optionB_budget0.85_beta0.01_gamma0.50,carbonscaler_budget,texas,163,0,296.0,97.4007,103.3636
optionB_budget0.85_beta0.01_gamma0.50,carbonscaler_budget,texas,164,0,293.0,94.1298,79.272
optionB_budget0.85_beta0.01_gamma0.50,carbonscaler_budget,texas,165,0,269.0,69.0595,66.6765
optionB_budget0.85_beta0.01_gamma0.50,carbonscaler_budget,texas,166,0,311.0,52.4568,47.5106
optionB_budget0.85_beta0.01_gamma0.50,carbonscaler_budget,texas,167,0,361.0,47.2983,81.2659
optionB_budget0.90_beta0.01_gamma0.50,carbonscaler_budget,texas,0,0,329.0,34.7798,0.5833
optionB_budget0.90_beta0.01_gamma0.50,carbonscaler_budget,texas,1,0,333.0,43.659,50.068
optionB_budget0.90_beta0.01_gamma0.50,carbonscaler_budget,texas,2,0,321.0,54.8968,73.2643
optionB_budget0.90_beta0.01_gamma0.50,carbonscaler_budget,texas,3,0,320.0,31.5659,27.0714
optionB_budget0.90_beta0.01_gamma0.50,carbonscaler_budget,texas,4,0,331.0,38.9968,50.5642
optionB_budget0.90_beta0.01_gamma0.50,carbonscaler_budget,texas,5,0,343.0,153.8136,133.0052
optionB_budget0.90_beta0.01_gamma0.50,carbonscaler_budget,texas,6,0,363.0,137.7394,127.6533
optionB_budget0.90_beta0.01_gamma0.50,carbonscaler_budget,texas,7,0,375.0,112.7035,127.4758
optionB_budget0.90_beta0.01_gamma0.50,carbonscaler_budget,texas,8,0,382.0,75.7125,68.7393
optionB_budget0.90_beta0.01_gamma0.50,carbonscaler_budget,texas,9,0,388.0,35.6457,19.6374
optionB_budget0.90_beta0.01_gamma0.50,carbonscaler_budget,texas,10,0,409.0,44.3438,62.1764
optionB_budget0.90_beta0.01_gamma0.50,carbonscaler_budget,texas,11,0,427.0,35.9372,21.0082
optionB_budget0.90_beta0.01_gamma0.50,carbonscaler_budget,texas,12,0,431.0,38.1315,50.9989
optionB_budget0.90_beta0.01_gamma0.50,carbonscaler_budget,texas,13,0,420.0,38.1886,42.7127
optionB_budget0.90_beta0.01_gamma0.50,carbonscaler_budget,texas,14,0,326.0,39.6707,35.2655
optionB_budget0.90_beta0.01_gamma0.50,carbonscaler_budget,texas,15,0,275.0,47.3615,31.6689
optionB_budget0.90_beta0.01_gamma0.50,carbonscaler_budget,texas,16,0,286.0,68.7809,77.6323
optionB_budget0.90_beta0.01_gamma0.50,carbonscaler_budget,texas,17,0,280.0,111.203,103.2048
optionB_budget0.90_beta0.01_gamma0.50,carbonscaler_budget,texas,18,0,257.0,128.2242,114.5151
optionB_budget0.90_beta0.01_gamma0.50,carbonscaler_budget,texas,19,0,241.0,109.0926,108.3063
optionB_budget0.90_beta0.01_gamma0.50,carbonscaler_budget,texas,20,0,243.0,101.7683,117.6982
optionB_budget0.90_beta0.01_gamma0.50,carbonscaler_budget,texas,21,0,251.0,65.184,56.8147
optionB_budget0.90_beta0.01_gamma0.50,carbonscaler_budget,texas,22,0,255.0,58.0316,53.5464
optionB_budget0.90_beta0.01_gamma0.50,carbonscaler_budget,texas,23,0,327.0,42.5978,66.0952
optionB_budget0.90_beta0.01_gamma0.50,carbonscaler_budget,texas,24,0,402.0,33.627,36.459
optionB_budget0.90_beta0.01_gamma0.50,carbonscaler_budget,texas,25,0,385.0,26.1557,13.8144
optionB_budget0.90_beta0.01_gamma0.50,carbonscaler_budget,texas,26,0,363.0,32.1188,26.6674
optionB_budget0.90_beta0.01_gamma0.50,carbonscaler_budget,texas,27,0,343.0,37.0733,28.8513
optionB_budget0.90_beta0.01_gamma0.50,carbonscaler_budget,texas,28,0,309.0,30.1579,61.9976
optionB_budget0.90_beta0.01_gamma0.50,carbonscaler_budget,texas,29,0,283.0,23.4652,17.8156
optionB_budget0.90_beta0.01_gamma0.50,carbonscaler_budget,texas,30,0,263.0,43.1502,41.647
optionB_budget0.90_beta0.01_gamma0.50,carbonscaler_budget,texas,31,0,262.0,66.5858,61.6512
optionB_budget0.90_beta0.01_gamma0.50,carbonscaler_budget,texas,32,0,257.0,138.1495,287.0703
optionB_budget0.90_beta0.01_gamma0.50,carbonscaler_budget,texas,33,0,260.0,51.5384,43.2347
optionB_budget0.90_beta0.01_gamma0.50,carbonscaler_budget,texas,34,0,271.0,46.3416,47.3293
optionB_budget0.90_beta0.01_gamma0.50,carbonscaler_budget,texas,35,0,285.0,44.2455,57.8439
optionB_budget0.90_beta0.01_gamma0.50,carbonscaler_budget,texas,36,0,296.0,45.3638,62.2896
optionB_budget0.90_beta0.01_gamma0.50,carbonscaler_budget,texas,37,0,292.0,48.8051,64.2054
optionB_budget0.90_beta0.01_gamma0.50,carbonscaler_budget,texas,38,0,239.0,51.476,20.107
optionB_budget0.90_beta0.01_gamma0.50,carbonscaler_budget,texas,39,1,200.0,51.6154,62.4952
optionB_budget0.90_beta0.01_gamma0.50,carbonscaler_budget,texas,40,1,191.0,72.6202,86.4649
optionB_budget0.90_beta0.01_gamma0.50,carbonscaler_budget,texas,41,1,199.0,100.3706,98.2854
optionB_budget0.90_beta0.01_gamma0.50,carbonscaler_budget,texas,42,1,193.0,105.4917,102.8885
optionB_budget0.90_beta0.01_gamma0.50,carbonscaler_budget,texas,43,1,198.0,97.4007,103.3636
optionB_budget0.90_beta0.01_gamma0.50,carbonscaler_budget,texas,44,1,199.0,94.1298,79.272
optionB_budget0.90_beta0.01_gamma0.50,carbonscaler_budget,texas,45,1,212.0,69.0595,66.6765
optionB_budget0.90_beta0.01_gamma0.50,carbonscaler_budget,texas,46,0,236.0,52.4568,47.5106
optionB_budget0.90_beta0.01_gamma0.50,carbonscaler_budget,texas,47,0,322.0,47.2983,81.2659
optionB_budget0.90_beta0.01_gamma0.50,carbonscaler_budget,texas,48,0,374.0,35.1946,36.8934
optionB_budget0.90_beta0.01_gamma0.50,carbonscaler_budget,texas,49,0,357.0,26.9337,21.3365
optionB_budget0.90_beta0.01_gamma0.50,carbonscaler_budget,texas,50,0,335.0,27.766,1.951
optionB_budget0.90_beta0.01_gamma0.50,carbonscaler_budget,texas,51,0,318.0,26.8679,8.729
optionB_budget0.90_beta0.01_gamma0.50,carbonscaler_budget,texas,52,0,294.0,32.1051,29.6991
optionB_budget0.90_beta0.01_gamma0.50,carbonscaler_budget,texas,53,0,283.0,23.9699,29.8911
optionB_budget0.90_beta0.01_gamma0.50,carbonscaler_budget,texas,54,0,292.0,50.3498,28.7662
optionB_budget0.90_beta0.01_gamma0.50,carbonscaler_budget,texas,55,0,312.0,58.473,51.5192
optionB_budget0.90_beta0.01_gamma0.50,carbonscaler_budget,texas,56,0,336.0,56.9128,66.3191
optionB_budget0.90_beta0.01_gamma0.50,carbonscaler_budget,texas,57,0,341.0,64.8707,61.4467
optionB_budget0.90_beta0.01_gamma0.50,carbonscaler_budget,texas,58,0,341.0,68.664,75.3879
optionB_budget0.90_beta0.01_gamma0.50,carbonscaler_budget,texas,59,0,361.0,56.1997,46.5673
optionB_budget0.90_beta0.01_gamma0.50,carbonscaler_budget,texas,60,0,389.0,50.4553,57.0859
optionB_budget0.90_beta0.01_gamma0.50,carbonscaler_budget,texas,61,0,398.0,50.708,33.0799
optionB_budget0.90_beta0.01_gamma0.50,carbonscaler_budget,texas,62,0,355.0,52.9678,48.4055
optionB_budget0.90_beta0.01_gamma0.50,carbonscaler_budget,texas,63,0,331.0,58.8784,55.4826
optionB_budget0.90_beta0.01_gamma0.50,carbonscaler_budget,texas,64,0,346.0,69.3683,96.4196
optionB_budget0.90_beta0.01_gamma0.50,carbonscaler_budget,texas,65,0,334.0,70.5607,85.1707
optionB_budget0.90_beta0.01_gamma0.50,carbonscaler_budget,texas,66,0,319.0,65.4046,49.2341
optionB_budget0.90_beta0.01_gamma0.50,carbonscaler_budget,texas,67,0,320.0,52.4934,43.3725
optionB_budget0.90_beta0.01_gamma0.50,carbonscaler_budget,texas,68,0,327.0,48.7833,58.9517
optionB_budget0.90_beta0.01_gamma0.50,carbonscaler_budget,texas,69,0,329.0,48.264,42.3642
optionB_budget0.90_beta0.01_gamma0.50,carbonscaler_budget,texas,70,0,367.0,40.2067,25.7487
optionB_budget0.90_beta0.01_gamma0.50,carbonscaler_budget,texas,71,0,420.0,38.6399,20.7555
optionB_budget0.90_beta0.01_gamma0.50,carbonscaler_budget,texas,72,0,453.0,25.005,18.7779
optionB_budget0.90_beta0.01_gamma0.50,carbonscaler_budget,texas,73,0,448.0,14.1714,11.0338
optionB_budget0.90_beta0.01_gamma0.50,carbonscaler_budget,texas,74,0,443.0,17.0302,15.0893
optionB_budget0.90_beta0.01_gamma0.50,carbonscaler_budget,texas,75,0,442.0,16.4485,29.7823
optionB_budget0.90_beta0.01_gamma0.50,carbonscaler_budget,texas,76,0,440.0,19.7599,9.7297
optionB_budget0.90_beta0.01_gamma0.50,carbonscaler_budget,texas,77,0,425.0,13.1885,14.6047
optionB_budget0.90_beta0.01_gamma0.50,carbonscaler_budget,texas,78,0,386.0,25.134,39.4399
optionB_budget0.90_beta0.01_gamma0.50,carbonscaler_budget,texas,79,0,352.0,36.9328,41.1443
optionB_budget0.90_beta0.01_gamma0.50,carbonscaler_budget,texas,80,0,325.0,41.8119,55.1713
optionB_budget0.90_beta0.01_gamma0.50,carbonscaler_budget,texas,81,0,317.0,33.574,21.4423
optionB_budget0.90_beta0.01_gamma0.50,carbonscaler_budget,texas,82,0,329.0,29.1706,28.2014
optionB_budget0.90_beta0.01_gamma0.50,carbonscaler_budget,texas,83,0,345.0,26.8487,22.73
optionB_budget0.90_beta0.01_gamma0.50,carbonscaler_budget,texas,84,0,357.0,27.2327,38.418
optionB_budget0.90_beta0.01_gamma0.50,carbonscaler_budget,texas,85,0,329.0,25.5057,36.527
optionB_budget0.90_beta0.01_gamma0.50,carbonscaler_budget,texas,86,0,271.0,21.4771,26.0467
optionB_budget0.90_beta0.01_gamma0.50,carbonscaler_budget,texas,87,1,233.0,27.4873,19.9106
optionB_budget0.90_beta0.01_gamma0.50,carbonscaler_budget,texas,88,1,193.0,36.9808,23.7817
optionB_budget0.90_beta0.01_gamma0.50,carbonscaler_budget,texas,89,1,182.0,57.2815,49.8727
optionB_budget0.90_beta0.01_gamma0.50,carbonscaler_budget,texas,90,1,185.0,76.1777,83.9432
optionB_budget0.90_beta0.01_gamma0.50,carbonscaler_budget,texas,91,1,185.0,73.5011,55.1757
optionB_budget0.90_beta0.01_gamma0.50,carbonscaler_budget,texas,92,1,188.0,69.3436,254.8129
optionB_budget0.90_beta0.01_gamma0.50,carbonscaler_budget,texas,93,1,203.0,41.3881,26.4996
optionB_budget0.90_beta0.01_gamma0.50,carbonscaler_budget,texas,94,1,211.0,46.7147,39.3783
optionB_budget0.90_beta0.01_gamma0.50,carbonscaler_budget,texas,95,0,262.0,37.5459,36.9086
optionB_budget0.90_beta0.01_gamma0.50,carbonscaler_budget,texas,96,0,299.0,18.3422,22.6686
optionB_budget0.90_beta0.01_gamma0.50,carbonscaler_budget,texas,97,0,305.0,23.8631,36.8306
optionB_budget0.90_beta0.01_gamma0.50,carbonscaler_budget,texas,98,0,307.0,18.3429,16.9203
optionB_budget0.90_beta0.01_gamma0.50,carbonscaler_budget,texas,99,0,305.0,25.3375,4.47
optionB_budget0.90_beta0.01_gamma0.50,carbonscaler_budget,texas,100,0,290.0,71.2353,105.3646
optionB_budget0.90_beta0.01_gamma0.50,carbonscaler_budget,texas,101,0,270.0,34.526,36.4763
optionB_budget0.90_beta0.01_gamma0.50,carbonscaler_budget,texas,102,0,258.0,37.1991,51.6098
optionB_budget0.90_beta0.01_gamma0.50,carbonscaler_budget,texas,103,0,254.0,42.6776,38.8888
optionB_budget0.90_beta0.01_gamma0.50,carbonscaler_budget,texas,104,0,254.0,38.4615,56.8896
optionB_budget0.90_beta0.01_gamma0.50,carbonscaler_budget,texas,105,0,253.0,171.9712,368.3534
optionB_budget0.90_beta0.01_gamma0.50,carbonscaler_budget,texas,106,0,250.0,25.8761,3.1621
optionB_budget0.90_beta0.01_gamma0.50,carbonscaler_budget,texas,107,0,256.0,20.8654,39.2828
optionB_budget0.90_beta0.01_gamma0.50,carbonscaler_budget,texas,108,0,260.0,13.6561,30.106
optionB_budget0.90_beta0.01_gamma0.50,carbonscaler_budget,texas,109,0,256.0,11.5445,18.6526
optionB_budget0.90_beta0.01_gamma0.50,carbonscaler_budget,texas,110,1,229.0,21.1756,25.8241
optionB_budget0.90_beta0.01_gamma0.50,carbonscaler_budget,texas,111,1,201.0,20.1438,20.4667
optionB_budget0.90_beta0.01_gamma0.50,carbonscaler_budget,texas,112,1,191.0,38.1854,28.4718
optionB_budget0.90_beta0.01_gamma0.50,carbonscaler_budget,texas,113,1,178.0,68.8497,77.2861
optionB_budget0.90_beta0.01_gamma0.50,carbonscaler_budget,texas,114,1,187.0,81.1963,93.5924
optionB_budget0.90_beta0.01_gamma0.50,carbonscaler_budget,texas,115,1,211.0,81.1428,95.1163
optionB_budget0.90_beta0.01_gamma0.50,carbonscaler_budget,texas,116,1,216.0,68.1103,68.306
optionB_budget0.90_beta0.01_gamma0.50,carbonscaler_budget,texas,117,0,235.0,71.371,54.8652
optionB_budget0.90_beta0.01_gamma0.50,carbonscaler_budget,texas,118,0,260.0,38.0976,26.0119
optionB_budget0.90_beta0.01_gamma0.50,carbonscaler_budget,texas,119,0,298.0,33.2382,33.5736
optionB_budget0.90_beta0.01_gamma0.50,carbonscaler_budget,texas,120,0,357.0,34.7798,0.5833
optionB_budget0.90_beta0.01_gamma0.50,carbonscaler_budget,texas,121,0,370.0,43.659,50.068
optionB_budget0.90_beta0.01_gamma0.50,carbonscaler_budget,texas,122,0,361.0,54.8968,73.2643
optionB_budget0.90_beta0.01_gamma0.50,carbonscaler_budget,texas,123,0,351.0,31.5659,27.0714
optionB_budget0.90_beta0.01_gamma0.50,carbonscaler_budget,texas,124,0,345.0,38.9968,50.5642
optionB_budget0.90_beta0.01_gamma0.50,carbonscaler_budget,texas,125,0,327.0,153.8136,133.0052
optionB_budget0.90_beta0.01_gamma0.50,carbonscaler_budget,texas,126,0,317.0,137.7394,127.6533
optionB_budget0.90_beta0.01_gamma0.50,carbonscaler_budget,texas,127,0,302.0,112.7035,127.4758
optionB_budget0.90_beta0.01_gamma0.50,carbonscaler_budget,texas,128,0,259.0,75.7125,68.7393
optionB_budget0.90_beta0.01_gamma0.50,carbonscaler_budget,texas,129,0,238.0,35.6457,19.6374
optionB_budget0.90_beta0.01_gamma0.50,carbonscaler_budget,texas,130,1,231.0,44.3438,62.1764
optionB_budget0.90_beta0.01_gamma0.50,carbonscaler_budget,texas,131,0,243.0,35.9372,21.0082
optionB_budget0.90_beta0.01_gamma0.50,carbonscaler_budget,texas,132,0,254.0,38.1315,50.9989
optionB_budget0.90_beta0.01_gamma0.50,carbonscaler_budget,texas,133,0,247.0,38.1886,42.7127
optionB_budget0.90_beta0.01_gamma0.50,carbonscaler_budget,texas,134,1,226.0,39.6707,35.2655
optionB_budget0.90_beta0.01_gamma0.50,carbonscaler_budget,texas,135,0,235.0,47.3615,31.6689
optionB_budget0.90_beta0.01_gamma0.50,carbonscaler_budget,texas,136,0,228.0,68.7809,77.6323
optionB_budget0.90_beta0.01_gamma0.50,carbonscaler_budget,texas,137,0,236.0,111.203,103.2048
optionB_budget0.90_beta0.01_gamma0.50,carbonscaler_budget,texas,138,0,235.0,128.2242,114.5151
optionB_budget0.90_beta0.01_gamma0.50,carbonscaler_budget,texas,139,0,251.0,109.0926,108.3063
optionB_budget0.90_beta0.01_gamma0.50,carbonscaler_budget,texas,140,0,288.0,101.7683,117.6982
optionB_budget0.90_beta0.01_gamma0.50,carbonscaler_budget,texas,141,0,318.0,65.184,56.8147
optionB_budget0.90_beta0.01_gamma0.50,carbonscaler_budget,texas,142,0,354.0,58.0316,53.5464
optionB_budget0.90_beta0.01_gamma0.50,carbonscaler_budget,texas,143,0,407.0,42.5978,66.0952
optionB_budget0.90_beta0.01_gamma0.50,carbonscaler_budget,texas,144,0,463.0,33.627,36.459
optionB_budget0.90_beta0.01_gamma0.50,carbonscaler_budget,texas,145,0,473.0,26.1557,13.8144
optionB_budget0.90_beta0.01_gamma0.50,carbonscaler_budget,texas,146,0,481.0,32.1188,26.6674
optionB_budget0.90_beta0.01_gamma0.50,carbonscaler_budget,texas,147,0,492.0,37.0733,28.8513
optionB_budget0.90_beta0.01_gamma0.50,carbonscaler_budget,texas,148,0,503.0,30.1579,61.9976
optionB_budget0.90_beta0.01_gamma0.50,carbonscaler_budget,texas,149,0,505.0,23.4652,17.8156
optionB_budget0.90_beta0.01_gamma0.50,carbonscaler_budget,texas,150,0,503.0,43.1502,41.647
optionB_budget0.90_beta0.01_gamma0.50,carbonscaler_budget,texas,151,0,504.0,66.5858,61.6512
optionB_budget0.90_beta0.01_gamma0.50,carbonscaler_budget,texas,152,0,504.0,138.1495,287.0703
optionB_budget0.90_beta0.01_gamma0.50,carbonscaler_budget,texas,153,0,504.0,51.5384,43.2347
optionB_budget0.90_beta0.01_gamma0.50,carbonscaler_budget,texas,154,0,501.0,46.3416,47.3293
optionB_budget0.90_beta0.01_gamma0.50,carbonscaler_budget,texas,155,0,499.0,44.2455,57.8439
optionB_budget0.90_beta0.01_gamma0.50,carbonscaler_budget,texas,156,0,493.0,45.3638,62.2896
optionB_budget0.90_beta0.01_gamma0.50,carbonscaler_budget,texas,157,0,463.0,48.8051,64.2054
optionB_budget0.90_beta0.01_gamma0.50,carbonscaler_budget,texas,158,0,365.0,51.476,20.107
optionB_budget0.90_beta0.01_gamma0.50,carbonscaler_budget,texas,159,0,316.0,51.6154,62.4952
optionB_budget0.90_beta0.01_gamma0.50,carbonscaler_budget,texas,160,0,288.0,72.6202,86.4649
optionB_budget0.90_beta0.01_gamma0.50,carbonscaler_budget,texas,161,0,281.0,100.3706,98.2854
optionB_budget0.90_beta0.01_gamma0.50,carbonscaler_budget,texas,162,0,291.0,105.4917,102.8885
optionB_budget0.90_beta0.01_gamma0.50,carbonscaler_budget,texas,163,0,296.0,97.4007,103.3636
optionB_budget0.90_beta0.01_gamma0.50,carbonscaler_budget,texas,164,0,293.0,94.1298,79.272
optionB_budget0.90_beta0.01_gamma0.50,carbonscaler_budget,texas,165,0,269.0,69.0595,66.6765
optionB_budget0.90_beta0.01_gamma0.50,carbonscaler_budget,texas,166,0,311.0,52.4568,47.5106
optionB_budget0.90_beta0.01_gamma0.50,carbonscaler_budget,texas,167,0,361.0,47.2983,81.2659
optionB_budget1.00_beta0.01_gamma0.50,carbonscaler_budget,texas,0,0,329.0,34.7798,0.5833
optionB_budget1.00_beta0.01_gamma0.50,carbonscaler_budget,texas,1,0,333.0,43.659,50.068
optionB_budget1.00_beta0.01_gamma0.50,carbonscaler_budget,texas,2,0,321.0,54.8968,73.2643
optionB_budget1.00_beta0.01_gamma0.50,carbonscaler_budget,texas,3,0,320.0,31.5659,27.0714
optionB_budget1.00_beta0.01_gamma0.50,carbonscaler_budget,texas,4,0,331.0,38.9968,50.5642
optionB_budget1.00_beta0.01_gamma0.50,carbonscaler_budget,texas,5,0,343.0,153.8136,133.0052
optionB_budget1.00_beta0.01_gamma0.50,carbonscaler_budget,texas,6,0,363.0,137.7394,127.6533
optionB_budget1.00_beta0.01_gamma0.50,carbonscaler_budget,texas,7,0,375.0,112.7035,127.4758
optionB_budget1.00_beta0.01_gamma0.50,carbonscaler_budget,texas,8,0,382.0,75.7125,68.7393
optionB_budget1.00_beta0.01_gamma0.50,carbonscaler_budget,texas,9,0,388.0,35.6457,19.6374
optionB_budget1.00_beta0.01_gamma0.50,carbonscaler_budget,texas,10,0,409.0,44.3438,62.1764
optionB_budget1.00_beta0.01_gamma0.50,carbonscaler_budget,texas,11,0,427.0,35.9372,21.0082
optionB_budget1.00_beta0.01_gamma0.50,carbonscaler_budget,texas,12,0,431.0,38.1315,50.9989
optionB_budget1.00_beta0.01_gamma0.50,carbonscaler_budget,texas,13,0,420.0,38.1886,42.7127
optionB_budget1.00_beta0.01_gamma0.50,carbonscaler_budget,texas,14,0,326.0,39.6707,35.2655
optionB_budget1.00_beta0.01_gamma0.50,carbonscaler_budget,texas,15,0,275.0,47.3615,31.6689
optionB_budget1.00_beta0.01_gamma0.50,carbonscaler_budget,texas,16,0,286.0,68.7809,77.6323
optionB_budget1.00_beta0.01_gamma0.50,carbonscaler_budget,texas,17,0,280.0,111.203,103.2048
optionB_budget1.00_beta0.01_gamma0.50,carbonscaler_budget,texas,18,0,257.0,128.2242,114.5151
optionB_budget1.00_beta0.01_gamma0.50,carbonscaler_budget,texas,19,0,241.0,109.0926,108.3063
optionB_budget1.00_beta0.01_gamma0.50,carbonscaler_budget,texas,20,0,243.0,101.7683,117.6982
optionB_budget1.00_beta0.01_gamma0.50,carbonscaler_budget,texas,21,0,251.0,65.184,56.8147
optionB_budget1.00_beta0.01_gamma0.50,carbonscaler_budget,texas,22,0,255.0,58.0316,53.5464
optionB_budget1.00_beta0.01_gamma0.50,carbonscaler_budget,texas,23,0,327.0,42.5978,66.0952
optionB_budget1.00_beta0.01_gamma0.50,carbonscaler_budget,texas,24,0,402.0,33.627,36.459
optionB_budget1.00_beta0.01_gamma0.50,carbonscaler_budget,texas,25,0,385.0,26.1557,13.8144
optionB_budget1.00_beta0.01_gamma0.50,carbonscaler_budget,texas,26,0,363.0,32.1188,26.6674
optionB_budget1.00_beta0.01_gamma0.50,carbonscaler_budget,texas,27,0,343.0,37.0733,28.8513
optionB_budget1.00_beta0.01_gamma0.50,carbonscaler_budget,texas,28,0,309.0,30.1579,61.9976
optionB_budget1.00_beta0.01_gamma0.50,carbonscaler_budget,texas,29,0,283.0,23.4652,17.8156
optionB_budget1.00_beta0.01_gamma0.50,carbonscaler_budget,texas,30,0,263.0,43.1502,41.647
optionB_budget1.00_beta0.01_gamma0.50,carbonscaler_budget,texas,31,0,262.0,66.5858,61.6512
optionB_budget1.00_beta0.01_gamma0.50,carbonscaler_budget,texas,32,0,257.0,138.1495,287.0703
optionB_budget1.00_beta0.01_gamma0.50,carbonscaler_budget,texas,33,0,260.0,51.5384,43.2347
optionB_budget1.00_beta0.01_gamma0.50,carbonscaler_budget,texas,34,0,271.0,46.3416,47.3293
optionB_budget1.00_beta0.01_gamma0.50,carbonscaler_budget,texas,35,0,285.0,44.2455,57.8439
optionB_budget1.00_beta0.01_gamma0.50,carbonscaler_budget,texas,36,0,296.0,45.3638,62.2896
optionB_budget1.00_beta0.01_gamma0.50,carbonscaler_budget,texas,37,0,292.0,48.8051,64.2054
optionB_budget1.00_beta0.01_gamma0.50,carbonscaler_budget,texas,38,0,239.0,51.476,20.107
optionB_budget1.00_beta0.01_gamma0.50,carbonscaler_budget,texas,39,1,200.0,51.6154,62.4952
optionB_budget1.00_beta0.01_gamma0.50,carbonscaler_budget,texas,40,1,191.0,72.6202,86.4649
optionB_budget1.00_beta0.01_gamma0.50,carbonscaler_budget,texas,41,1,199.0,100.3706,98.2854
optionB_budget1.00_beta0.01_gamma0.50,carbonscaler_budget,texas,42,1,193.0,105.4917,102.8885
optionB_budget1.00_beta0.01_gamma0.50,carbonscaler_budget,texas,43,1,198.0,97.4007,103.3636
optionB_budget1.00_beta0.01_gamma0.50,carbonscaler_budget,texas,44,1,199.0,94.1298,79.272
optionB_budget1.00_beta0.01_gamma0.50,carbonscaler_budget,texas,45,1,212.0,69.0595,66.6765
optionB_budget1.00_beta0.01_gamma0.50,carbonscaler_budget,texas,46,0,236.0,52.4568,47.5106
optionB_budget1.00_beta0.01_gamma0.50,carbonscaler_budget,texas,47,0,322.0,47.2983,81.2659
optionB_budget1.00_beta0.01_gamma0.50,carbonscaler_budget,texas,48,0,374.0,35.1946,36.8934
optionB_budget1.00_beta0.01_gamma0.50,carbonscaler_budget,texas,49,0,357.0,26.9337,21.3365
optionB_budget1.00_beta0.01_gamma0.50,carbonscaler_budget,texas,50,0,335.0,27.766,1.951
optionB_budget1.00_beta0.01_gamma0.50,carbonscaler_budget,texas,51,0,318.0,26.8679,8.729
optionB_budget1.00_beta0.01_gamma0.50,carbonscaler_budget,texas,52,0,294.0,32.1051,29.6991
optionB_budget1.00_beta0.01_gamma0.50,carbonscaler_budget,texas,53,0,283.0,23.9699,29.8911
optionB_budget1.00_beta0.01_gamma0.50,carbonscaler_budget,texas,54,0,292.0,50.3498,28.7662
optionB_budget1.00_beta0.01_gamma0.50,carbonscaler_budget,texas,55,0,312.0,58.473,51.5192
optionB_budget1.00_beta0.01_gamma0.50,carbonscaler_budget,texas,56,0,336.0,56.9128,66.3191
optionB_budget1.00_beta0.01_gamma0.50,carbonscaler_budget,texas,57,0,341.0,64.8707,61.4467
optionB_budget1.00_beta0.01_gamma0.50,carbonscaler_budget,texas,58,0,341.0,68.664,75.3879
optionB_budget1.00_beta0.01_gamma0.50,carbonscaler_budget,texas,59,0,361.0,56.1997,46.5673
optionB_budget1.00_beta0.01_gamma0.50,carbonscaler_budget,texas,60,0,389.0,50.4553,57.0859
optionB_budget1.00_beta0.01_gamma0.50,carbonscaler_budget,texas,61,0,398.0,50.708,33.0799
optionB_budget1.00_beta0.01_gamma0.50,carbonscaler_budget,texas,62,0,355.0,52.9678,48.4055
optionB_budget1.00_beta0.01_gamma0.50,carbonscaler_budget,texas,63,0,331.0,58.8784,55.4826
optionB_budget1.00_beta0.01_gamma0.50,carbonscaler_budget,texas,64,0,346.0,69.3683,96.4196
optionB_budget1.00_beta0.01_gamma0.50,carbonscaler_budget,texas,65,0,334.0,70.5607,85.1707
optionB_budget1.00_beta0.01_gamma0.50,carbonscaler_budget,texas,66,0,319.0,65.4046,49.2341
optionB_budget1.00_beta0.01_gamma0.50,carbonscaler_budget,texas,67,0,320.0,52.4934,43.3725
optionB_budget1.00_beta0.01_gamma0.50,carbonscaler_budget,texas,68,0,327.0,48.7833,58.9517
optionB_budget1.00_beta0.01_gamma0.50,carbonscaler_budget,texas,69,0,329.0,48.264,42.3642
optionB_budget1.00_beta0.01_gamma0.50,carbonscaler_budget,texas,70,0,367.0,40.2067,25.7487
optionB_budget1.00_beta0.01_gamma0.50,carbonscaler_budget,texas,71,0,420.0,38.6399,20.7555
optionB_budget1.00_beta0.01_gamma0.50,carbonscaler_budget,texas,72,0,453.0,25.005,18.7779
optionB_budget1.00_beta0.01_gamma0.50,carbonscaler_budget,texas,73,0,448.0,14.1714,11.0338
optionB_budget1.00_beta0.01_gamma0.50,carbonscaler_budget,texas,74,0,443.0,17.0302,15.0893
optionB_budget1.00_beta0.01_gamma0.50,carbonscaler_budget,texas,75,0,442.0,16.4485,29.7823
optionB_budget1.00_beta0.01_gamma0.50,carbonscaler_budget,texas,76,0,440.0,19.7599,9.7297
optionB_budget1.00_beta0.01_gamma0.50,carbonscaler_budget,texas,77,0,425.0,13.1885,14.6047
optionB_budget1.00_beta0.01_gamma0.50,carbonscaler_budget,texas,78,0,386.0,25.134,39.4399
optionB_budget1.00_beta0.01_gamma0.50,carbonscaler_budget,texas,79,0,352.0,36.9328,41.1443
optionB_budget1.00_beta0.01_gamma0.50,carbonscaler_budget,texas,80,0,325.0,41.8119,55.1713
optionB_budget1.00_beta0.01_gamma0.50,carbonscaler_budget,texas,81,0,317.0,33.574,21.4423
optionB_budget1.00_beta0.01_gamma0.50,carbonscaler_budget,texas,82,0,329.0,29.1706,28.2014
optionB_budget1.00_beta0.01_gamma0.50,carbonscaler_budget,texas,83,0,345.0,26.8487,22.73
optionB_budget1.00_beta0.01_gamma0.50,carbonscaler_budget,texas,84,0,357.0,27.2327,38.418
optionB_budget1.00_beta0.01_gamma0.50,carbonscaler_budget,texas,85,0,329.0,25.5057,36.527
optionB_budget1.00_beta0.01_gamma0.50,carbonscaler_budget,texas,86,0,271.0,21.4771,26.0467
optionB_budget1.00_beta0.01_gamma0.50,carbonscaler_budget,texas,87,1,233.0,27.4873,19.9106
optionB_budget1.00_beta0.01_gamma0.50,carbonscaler_budget,texas,88,1,193.0,36.9808,23.7817
optionB_budget1.00_beta0.01_gamma0.50,carbonscaler_budget,texas,89,1,182.0,57.2815,49.8727
optionB_budget1.00_beta0.01_gamma0.50,carbonscaler_budget,texas,90,1,185.0,76.1777,83.9432
optionB_budget1.00_beta0.01_gamma0.50,carbonscaler_budget,texas,91,1,185.0,73.5011,55.1757
optionB_budget1.00_beta0.01_gamma0.50,carbonscaler_budget,texas,92,1,188.0,69.3436,254.8129
optionB_budget1.00_beta0.01_gamma0.50,carbonscaler_budget,texas,93,1,203.0,41.3881,26.4996
optionB_budget1.00_beta0.01_gamma0.50,carbonscaler_budget,texas,94,1,211.0,46.7147,39.3783
optionB_budget1.00_beta0.01_gamma0.50,carbonscaler_budget,texas,95,0,262.0,37.5459,36.9086
optionB_budget1.00_beta0.01_gamma0.50,carbonscaler_budget,texas,96,0,299.0,18.3422,22.6686
optionB_budget1.00_beta0.01_gamma0.50,carbonscaler_budget,texas,97,0,305.0,23.8631,36.8306
optionB_budget1.00_beta0.01_gamma0.50,carbonscaler_budget,texas,98,0,307.0,18.3429,16.9203
optionB_budget1.00_beta0.01_gamma0.50,carbonscaler_budget,texas,99,0,305.0,25.3375,4.47
optionB_budget1.00_beta0.01_gamma0.50,carbonscaler_budget,texas,100,0,290.0,71.2353,105.3646
optionB_budget1.00_beta0.01_gamma0.50,carbonscaler_budget,texas,101,0,270.0,34.526,36.4763
optionB_budget1.00_beta0.01_gamma0.50,carbonscaler_budget,texas,102,0,258.0,37.1991,51.6098
optionB_budget1.00_beta0.01_gamma0.50,carbonscaler_budget,texas,103,0,254.0,42.6776,38.8888
optionB_budget1.00_beta0.01_gamma0.50,carbonscaler_budget,texas,104,0,254.0,38.4615,56.8896
optionB_budget1.00_beta0.01_gamma0.50,carbonscaler_budget,texas,105,0,253.0,171.9712,368.3534
optionB_budget1.00_beta0.01_gamma0.50,carbonscaler_budget,texas,106,0,250.0,25.8761,3.1621
optionB_budget1.00_beta0.01_gamma0.50,carbonscaler_budget,texas,107,0,256.0,20.8654,39.2828
optionB_budget1.00_beta0.01_gamma0.50,carbonscaler_budget,texas,108,0,260.0,13.6561,30.106
optionB_budget1.00_beta0.01_gamma0.50,carbonscaler_budget,texas,109,0,256.0,11.5445,18.6526
optionB_budget1.00_beta0.01_gamma0.50,carbonscaler_budget,texas,110,1,229.0,21.1756,25.8241
optionB_budget1.00_beta0.01_gamma0.50,carbonscaler_budget,texas,111,1,201.0,20.1438,20.4667
optionB_budget1.00_beta0.01_gamma0.50,carbonscaler_budget,texas,112,1,191.0,38.1854,28.4718
optionB_budget1.00_beta0.01_gamma0.50,carbonscaler_budget,texas,113,1,178.0,68.8497,77.2861
optionB_budget1.00_beta0.01_gamma0.50,carbonscaler_budget,texas,114,1,187.0,81.1963,93.5924
optionB_budget1.00_beta0.01_gamma0.50,carbonscaler_budget,texas,115,1,211.0,81.1428,95.1163
optionB_budget1.00_beta0.01_gamma0.50,carbonscaler_budget,texas,116,1,216.0,68.1103,68.306
optionB_budget1.00_beta0.01_gamma0.50,carbonscaler_budget,texas,117,0,235.0,71.371,54.8652
optionB_budget1.00_beta0.01_gamma0.50,carbonscaler_budget,texas,118,0,260.0,38.0976,26.0119
optionB_budget1.00_beta0.01_gamma0.50,carbonscaler_budget,texas,119,0,298.0,33.2382,33.5736
optionB_budget1.00_beta0.01_gamma0.50,carbonscaler_budget,texas,120,0,357.0,34.7798,0.5833
optionB_budget1.00_beta0.01_gamma0.50,carbonscaler_budget,texas,121,0,370.0,43.659,50.068
optionB_budget1.00_beta0.01_gamma0.50,carbonscaler_budget,texas,122,0,361.0,54.8968,73.2643
optionB_budget1.00_beta0.01_gamma0.50,carbonscaler_budget,texas,123,0,351.0,31.5659,27.0714
optionB_budget1.00_beta0.01_gamma0.50,carbonscaler_budget,texas,124,0,345.0,38.9968,50.5642
optionB_budget1.00_beta0.01_gamma0.50,carbonscaler_budget,texas,125,0,327.0,153.8136,133.0052
optionB_budget1.00_beta0.01_gamma0.50,carbonscaler_budget,texas,126,0,317.0,137.7394,127.6533
optionB_budget1.00_beta0.01_gamma0.50,carbonscaler_budget,texas,127,0,302.0,112.7035,127.4758
optionB_budget1.00_beta0.01_gamma0.50,carbonscaler_budget,texas,128,0,259.0,75.7125,68.7393
optionB_budget1.00_beta0.01_gamma0.50,carbonscaler_budget,texas,129,0,238.0,35.6457,19.6374
optionB_budget1.00_beta0.01_gamma0.50,carbonscaler_budget,texas,130,1,231.0,44.3438,62.1764
optionB_budget1.00_beta0.01_gamma0.50,carbonscaler_budget,texas,131,0,243.0,35.9372,21.0082
optionB_budget1.00_beta0.01_gamma0.50,carbonscaler_budget,texas,132,0,254.0,38.1315,50.9989
optionB_budget1.00_beta0.01_gamma0.50,carbonscaler_budget,texas,133,0,247.0,38.1886,42.7127
optionB_budget1.00_beta0.01_gamma0.50,carbonscaler_budget,texas,134,1,226.0,39.6707,35.2655
optionB_budget1.00_beta0.01_gamma0.50,carbonscaler_budget,texas,135,0,235.0,47.3615,31.6689
optionB_budget1.00_beta0.01_gamma0.50,carbonscaler_budget,texas,136,0,228.0,68.7809,77.6323
optionB_budget1.00_beta0.01_gamma0.50,carbonscaler_budget,texas,137,0,236.0,111.203,103.2048
optionB_budget1.00_beta0.01_gamma0.50,carbonscaler_budget,texas,138,0,235.0,128.2242,114.5151
optionB_budget1.00_beta0.01_gamma0.50,carbonscaler_budget,texas,139,0,251.0,109.0926,108.3063
optionB_budget1.00_beta0.01_gamma0.50,carbonscaler_budget,texas,140,0,288.0,101.7683,117.6982
optionB_budget1.00_beta0.01_gamma0.50,carbonscaler_budget,texas,141,0,318.0,65.184,56.8147
optionB_budget1.00_beta0.01_gamma0.50,carbonscaler_budget,texas,142,0,354.0,58.0316,53.5464
optionB_budget1.00_beta0.01_gamma0.50,carbonscaler_budget,texas,143,0,407.0,42.5978,66.0952
optionB_budget1.00_beta0.01_gamma0.50,carbonscaler_budget,texas,144,0,463.0,33.627,36.459
optionB_budget1.00_beta0.01_gamma0.50,carbonscaler_budget,texas,145,0,473.0,26.1557,13.8144
optionB_budget1.00_beta0.01_gamma0.50,carbonscaler_budget,texas,146,0,481.0,32.1188,26.6674
optionB_budget1.00_beta0.01_gamma0.50,carbonscaler_budget,texas,147,0,492.0,37.0733,28.8513
optionB_budget1.00_beta0.01_gamma0.50,carbonscaler_budget,texas,148,0,503.0,30.1579,61.9976
optionB_budget1.00_beta0.01_gamma0.50,carbonscaler_budget,texas,149,0,505.0,23.4652,17.8156
optionB_budget1.00_beta0.01_gamma0.50,carbonscaler_budget,texas,150,0,503.0,43.1502,41.647
optionB_budget1.00_beta0.01_gamma0.50,carbonscaler_budget,texas,151,0,504.0,66.5858,61.6512
optionB_budget1.00_beta0.01_gamma0.50,carbonscaler_budget,texas,152,0,504.0,138.1495,287.0703
optionB_budget1.00_beta0.01_gamma0.50,carbonscaler_budget,texas,153,0,504.0,51.5384,43.2347
optionB_budget1.00_beta0.01_gamma0.50,carbonscaler_budget,texas,154,0,501.0,46.3416,47.3293
optionB_budget1.00_beta0.01_gamma0.50,carbonscaler_budget,texas,155,0,499.0,44.2455,57.8439
optionB_budget1.00_beta0.01_gamma0.50,carbonscaler_budget,texas,156,0,493.0,45.3638,62.2896
optionB_budget1.00_beta0.01_gamma0.50,carbonscaler_budget,texas,157,0,463.0,48.8051,64.2054
optionB_budget1.00_beta0.01_gamma0.50,carbonscaler_budget,texas,158,0,365.0,51.476,20.107
optionB_budget1.00_beta0.01_gamma0.50,carbonscaler_budget,texas,159,0,316.0,51.6154,62.4952
optionB_budget1.00_beta0.01_gamma0.50,carbonscaler_budget,texas,160,0,288.0,72.6202,86.4649
optionB_budget1.00_beta0.01_gamma0.50,carbonscaler_budget,texas,161,0,281.0,100.3706,98.2854
optionB_budget1.00_beta0.01_gamma0.50,carbonscaler_budget,texas,162,0,291.0,105.4917,102.8885
optionB_budget1.00_beta0.01_gamma0.50,carbonscaler_budget,texas,163,0,296.0,97.4007,103.3636
optionB_budget1.00_beta0.01_gamma0.50,carbonscaler_budget,texas,164,0,293.0,94.1298,79.272
optionB_budget1.00_beta0.01_gamma0.50,carbonscaler_budget,texas,165,0,269.0,69.0595,66.6765
optionB_budget1.00_beta0.01_gamma0.50,carbonscaler_budget,texas,166,0,311.0,52.4568,47.5106
optionB_budget1.00_beta0.01_gamma0.50,carbonscaler_budget,texas,167,0,361.0,47.2983,81.2659
optionB_budget1.10_beta0.01_gamma0.50,carbonscaler_budget,texas,0,0,329.0,34.7798,0.5833
optionB_budget1.10_beta0.01_gamma0.50,carbonscaler_budget,texas,1,0,333.0,43.659,50.068
optionB_budget1.10_beta0.01_gamma0.50,carbonscaler_budget,texas,2,0,321.0,54.8968,73.2643
optionB_budget1.10_beta0.01_gamma0.50,carbonscaler_budget,texas,3,0,320.0,31.5659,27.0714
optionB_budget1.10_beta0.01_gamma0.50,carbonscaler_budget,texas,4,0,331.0,38.9968,50.5642
optionB_budget1.10_beta0.01_gamma0.50,carbonscaler_budget,texas,5,0,343.0,153.8136,133.0052
optionB_budget1.10_beta0.01_gamma0.50,carbonscaler_budget,texas,6,0,363.0,137.7394,127.6533
optionB_budget1.10_beta0.01_gamma0.50,carbonscaler_budget,texas,7,0,375.0,112.7035,127.4758
optionB_budget1.10_beta0.01_gamma0.50,carbonscaler_budget,texas,8,0,382.0,75.7125,68.7393
optionB_budget1.10_beta0.01_gamma0.50,carbonscaler_budget,texas,9,0,388.0,35.6457,19.6374
optionB_budget1.10_beta0.01_gamma0.50,carbonscaler_budget,texas,10,0,409.0,44.3438,62.1764
optionB_budget1.10_beta0.01_gamma0.50,carbonscaler_budget,texas,11,0,427.0,35.9372,21.0082
optionB_budget1.10_beta0.01_gamma0.50,carbonscaler_budget,texas,12,0,431.0,38.1315,50.9989
optionB_budget1.10_beta0.01_gamma0.50,carbonscaler_budget,texas,13,0,420.0,38.1886,42.7127
optionB_budget1.10_beta0.01_gamma0.50,carbonscaler_budget,texas,14,0,326.0,39.6707,35.2655
optionB_budget1.10_beta0.01_gamma0.50,carbonscaler_budget,texas,15,0,275.0,47.3615,31.6689
optionB_budget1.10_beta0.01_gamma0.50,carbonscaler_budget,texas,16,0,286.0,68.7809,77.6323
optionB_budget1.10_beta0.01_gamma0.50,carbonscaler_budget,texas,17,0,280.0,111.203,103.2048
optionB_budget1.10_beta0.01_gamma0.50,carbonscaler_budget,texas,18,0,257.0,128.2242,114.5151
optionB_budget1.10_beta0.01_gamma0.50,carbonscaler_budget,texas,19,0,241.0,109.0926,108.3063
optionB_budget1.10_beta0.01_gamma0.50,carbonscaler_budget,texas,20,0,243.0,101.7683,117.6982
optionB_budget1.10_beta0.01_gamma0.50,carbonscaler_budget,texas,21,0,251.0,65.184,56.8147
optionB_budget1.10_beta0.01_gamma0.50,carbonscaler_budget,texas,22,0,255.0,58.0316,53.5464
optionB_budget1.10_beta0.01_gamma0.50,carbonscaler_budget,texas,23,0,327.0,42.5978,66.0952
optionB_budget1.10_beta0.01_gamma0.50,carbonscaler_budget,texas,24,0,402.0,33.627,36.459
optionB_budget1.10_beta0.01_gamma0.50,carbonscaler_budget,texas,25,0,385.0,26.1557,13.8144
optionB_budget1.10_beta0.01_gamma0.50,carbonscaler_budget,texas,26,0,363.0,32.1188,26.6674
optionB_budget1.10_beta0.01_gamma0.50,carbonscaler_budget,texas,27,0,343.0,37.0733,28.8513
optionB_budget1.10_beta0.01_gamma0.50,carbonscaler_budget,texas,28,0,309.0,30.1579,61.9976
optionB_budget1.10_beta0.01_gamma0.50,carbonscaler_budget,texas,29,0,283.0,23.4652,17.8156
optionB_budget1.10_beta0.01_gamma0.50,carbonscaler_budget,texas,30,0,263.0,43.1502,41.647
optionB_budget1.10_beta0.01_gamma0.50,carbonscaler_budget,texas,31,0,262.0,66.5858,61.6512
optionB_budget1.10_beta0.01_gamma0.50,carbonscaler_budget,texas,32,0,257.0,138.1495,287.0703
optionB_budget1.10_beta0.01_gamma0.50,carbonscaler_budget,texas,33,0,260.0,51.5384,43.2347
optionB_budget1.10_beta0.01_gamma0.50,carbonscaler_budget,texas,34,0,271.0,46.3416,47.3293
optionB_budget1.10_beta0.01_gamma0.50,carbonscaler_budget,texas,35,0,285.0,44.2455,57.8439
optionB_budget1.10_beta0.01_gamma0.50,carbonscaler_budget,texas,36,0,296.0,45.3638,62.2896
optionB_budget1.10_beta0.01_gamma0.50,carbonscaler_budget,texas,37,0,292.0,48.8051,64.2054
optionB_budget1.10_beta0.01_gamma0.50,carbonscaler_budget,texas,38,0,239.0,51.476,20.107
optionB_budget1.10_beta0.01_gamma0.50,carbonscaler_budget,texas,39,1,200.0,51.6154,62.4952
optionB_budget1.10_beta0.01_gamma0.50,carbonscaler_budget,texas,40,1,191.0,72.6202,86.4649
optionB_budget1.10_beta0.01_gamma0.50,carbonscaler_budget,texas,41,1,199.0,100.3706,98.2854
optionB_budget1.10_beta0.01_gamma0.50,carbonscaler_budget,texas,42,1,193.0,105.4917,102.8885
optionB_budget1.10_beta0.01_gamma0.50,carbonscaler_budget,texas,43,1,198.0,97.4007,103.3636
optionB_budget1.10_beta0.01_gamma0.50,carbonscaler_budget,texas,44,1,199.0,94.1298,79.272
optionB_budget1.10_beta0.01_gamma0.50,carbonscaler_budget,texas,45,1,212.0,69.0595,66.6765
optionB_budget1.10_beta0.01_gamma0.50,carbonscaler_budget,texas,46,0,236.0,52.4568,47.5106
optionB_budget1.10_beta0.01_gamma0.50,carbonscaler_budget,texas,47,0,322.0,47.2983,81.2659
optionB_budget1.10_beta0.01_gamma0.50,carbonscaler_budget,texas,48,0,374.0,35.1946,36.8934
optionB_budget1.10_beta0.01_gamma0.50,carbonscaler_budget,texas,49,0,357.0,26.9337,21.3365
optionB_budget1.10_beta0.01_gamma0.50,carbonscaler_budget,texas,50,0,335.0,27.766,1.951
optionB_budget1.10_beta0.01_gamma0.50,carbonscaler_budget,texas,51,0,318.0,26.8679,8.729
optionB_budget1.10_beta0.01_gamma0.50,carbonscaler_budget,texas,52,0,294.0,32.1051,29.6991
optionB_budget1.10_beta0.01_gamma0.50,carbonscaler_budget,texas,53,0,283.0,23.9699,29.8911
optionB_budget1.10_beta0.01_gamma0.50,carbonscaler_budget,texas,54,0,292.0,50.3498,28.7662
optionB_budget1.10_beta0.01_gamma0.50,carbonscaler_budget,texas,55,0,312.0,58.473,51.5192
optionB_budget1.10_beta0.01_gamma0.50,carbonscaler_budget,texas,56,0,336.0,56.9128,66.3191
optionB_budget1.10_beta0.01_gamma0.50,carbonscaler_budget,texas,57,0,341.0,64.8707,61.4467
optionB_budget1.10_beta0.01_gamma0.50,carbonscaler_budget,texas,58,0,341.0,68.664,75.3879
optionB_budget1.10_beta0.01_gamma0.50,carbonscaler_budget,texas,59,0,361.0,56.1997,46.5673
optionB_budget1.10_beta0.01_gamma0.50,carbonscaler_budget,texas,60,0,389.0,50.4553,57.0859
optionB_budget1.10_beta0.01_gamma0.50,carbonscaler_budget,texas,61,0,398.0,50.708,33.0799
optionB_budget1.10_beta0.01_gamma0.50,carbonscaler_budget,texas,62,0,355.0,52.9678,48.4055
optionB_budget1.10_beta0.01_gamma0.50,carbonscaler_budget,texas,63,0,331.0,58.8784,55.4826
optionB_budget1.10_beta0.01_gamma0.50,carbonscaler_budget,texas,64,0,346.0,69.3683,96.4196
optionB_budget1.10_beta0.01_gamma0.50,carbonscaler_budget,texas,65,0,334.0,70.5607,85.1707
optionB_budget1.10_beta0.01_gamma0.50,carbonscaler_budget,texas,66,0,319.0,65.4046,49.2341
optionB_budget1.10_beta0.01_gamma0.50,carbonscaler_budget,texas,67,0,320.0,52.4934,43.3725
optionB_budget1.10_beta0.01_gamma0.50,carbonscaler_budget,texas,68,0,327.0,48.7833,58.9517
optionB_budget1.10_beta0.01_gamma0.50,carbonscaler_budget,texas,69,0,329.0,48.264,42.3642
optionB_budget1.10_beta0.01_gamma0.50,carbonscaler_budget,texas,70,0,367.0,40.2067,25.7487
optionB_budget1.10_beta0.01_gamma0.50,carbonscaler_budget,texas,71,0,420.0,38.6399,20.7555
optionB_budget1.10_beta0.01_gamma0.50,carbonscaler_budget,texas,72,0,453.0,25.005,18.7779
optionB_budget1.10_beta0.01_gamma0.50,carbonscaler_budget,texas,73,0,448.0,14.1714,11.0338
optionB_budget1.10_beta0.01_gamma0.50,carbonscaler_budget,texas,74,0,443.0,17.0302,15.0893
optionB_budget1.10_beta0.01_gamma0.50,carbonscaler_budget,texas,75,0,442.0,16.4485,29.7823
optionB_budget1.10_beta0.01_gamma0.50,carbonscaler_budget,texas,76,0,440.0,19.7599,9.7297
optionB_budget1.10_beta0.01_gamma0.50,carbonscaler_budget,texas,77,0,425.0,13.1885,14.6047
optionB_budget1.10_beta0.01_gamma0.50,carbonscaler_budget,texas,78,0,386.0,25.134,39.4399
optionB_budget1.10_beta0.01_gamma0.50,carbonscaler_budget,texas,79,0,352.0,36.9328,41.1443
optionB_budget1.10_beta0.01_gamma0.50,carbonscaler_budget,texas,80,0,325.0,41.8119,55.1713
optionB_budget1.10_beta0.01_gamma0.50,carbonscaler_budget,texas,81,0,317.0,33.574,21.4423
optionB_budget1.10_beta0.01_gamma0.50,carbonscaler_budget,texas,82,0,329.0,29.1706,28.2014
optionB_budget1.10_beta0.01_gamma0.50,carbonscaler_budget,texas,83,0,345.0,26.8487,22.73
optionB_budget1.10_beta0.01_gamma0.50,carbonscaler_budget,texas,84,0,357.0,27.2327,38.418
optionB_budget1.10_beta0.01_gamma0.50,carbonscaler_budget,texas,85,0,329.0,25.5057,36.527
optionB_budget1.10_beta0.01_gamma0.50,carbonscaler_budget,texas,86,0,271.0,21.4771,26.0467
optionB_budget1.10_beta0.01_gamma0.50,carbonscaler_budget,texas,87,1,233.0,27.4873,19.9106
optionB_budget1.10_beta0.01_gamma0.50,carbonscaler_budget,texas,88,1,193.0,36.9808,23.7817
optionB_budget1.10_beta0.01_gamma0.50,carbonscaler_budget,texas,89,1,182.0,57.2815,49.8727
optionB_budget1.10_beta0.01_gamma0.50,carbonscaler_budget,texas,90,1,185.0,76.1777,83.9432
optionB_budget1.10_beta0.01_gamma0.50,carbonscaler_budget,texas,91,1,185.0,73.5011,55.1757
optionB_budget1.10_beta0.01_gamma0.50,carbonscaler_budget,texas,92,1,188.0,69.3436,254.8129
optionB_budget1.10_beta0.01_gamma0.50,carbonscaler_budget,texas,93,1,203.0,41.3881,26.4996
optionB_budget1.10_beta0.01_gamma0.50,carbonscaler_budget,texas,94,1,211.0,46.7147,39.3783
optionB_budget1.10_beta0.01_gamma0.50,carbonscaler_budget,texas,95,0,262.0,37.5459,36.9086
optionB_budget1.10_beta0.01_gamma0.50,carbonscaler_budget,texas,96,0,299.0,18.3422,22.6686
optionB_budget1.10_beta0.01_gamma0.50,carbonscaler_budget,texas,97,0,305.0,23.8631,36.8306
optionB_budget1.10_beta0.01_gamma0.50,carbonscaler_budget,texas,98,0,307.0,18.3429,16.9203
optionB_budget1.10_beta0.01_gamma0.50,carbonscaler_budget,texas,99,0,305.0,25.3375,4.47
optionB_budget1.10_beta0.01_gamma0.50,carbonscaler_budget,texas,100,0,290.0,71.2353,105.3646
optionB_budget1.10_beta0.01_gamma0.50,carbonscaler_budget,texas,101,0,270.0,34.526,36.4763
optionB_budget1.10_beta0.01_gamma0.50,carbonscaler_budget,texas,102,0,258.0,37.1991,51.6098
optionB_budget1.10_beta0.01_gamma0.50,carbonscaler_budget,texas,103,0,254.0,42.6776,38.8888
optionB_budget1.10_beta0.01_gamma0.50,carbonscaler_budget,texas,104,0,254.0,38.4615,56.8896
optionB_budget1.10_beta0.01_gamma0.50,carbonscaler_budget,texas,105,0,253.0,171.9712,368.3534
optionB_budget1.10_beta0.01_gamma0.50,carbonscaler_budget,texas,106,0,250.0,25.8761,3.1621
optionB_budget1.10_beta0.01_gamma0.50,carbonscaler_budget,texas,107,0,256.0,20.8654,39.2828
optionB_budget1.10_beta0.01_gamma0.50,carbonscaler_budget,texas,108,0,260.0,13.6561,30.106
optionB_budget1.10_beta0.01_gamma0.50,carbonscaler_budget,texas,109,0,256.0,11.5445,18.6526
optionB_budget1.10_beta0.01_gamma0.50,carbonscaler_budget,texas,110,1,229.0,21.1756,25.8241
optionB_budget1.10_beta0.01_gamma0.50,carbonscaler_budget,texas,111,1,201.0,20.1438,20.4667
optionB_budget1.10_beta0.01_gamma0.50,carbonscaler_budget,texas,112,1,191.0,38.1854,28.4718
optionB_budget1.10_beta0.01_gamma0.50,carbonscaler_budget,texas,113,1,178.0,68.8497,77.2861
optionB_budget1.10_beta0.01_gamma0.50,carbonscaler_budget,texas,114,1,187.0,81.1963,93.5924
optionB_budget1.10_beta0.01_gamma0.50,carbonscaler_budget,texas,115,1,211.0,81.1428,95.1163
optionB_budget1.10_beta0.01_gamma0.50,carbonscaler_budget,texas,116,1,216.0,68.1103,68.306
optionB_budget1.10_beta0.01_gamma0.50,carbonscaler_budget,texas,117,0,235.0,71.371,54.8652
optionB_budget1.10_beta0.01_gamma0.50,carbonscaler_budget,texas,118,0,260.0,38.0976,26.0119
optionB_budget1.10_beta0.01_gamma0.50,carbonscaler_budget,texas,119,0,298.0,33.2382,33.5736
optionB_budget1.10_beta0.01_gamma0.50,carbonscaler_budget,texas,120,0,357.0,34.7798,0.5833
optionB_budget1.10_beta0.01_gamma0.50,carbonscaler_budget,texas,121,0,370.0,43.659,50.068
optionB_budget1.10_beta0.01_gamma0.50,carbonscaler_budget,texas,122,0,361.0,54.8968,73.2643
optionB_budget1.10_beta0.01_gamma0.50,carbonscaler_budget,texas,123,0,351.0,31.5659,27.0714
optionB_budget1.10_beta0.01_gamma0.50,carbonscaler_budget,texas,124,0,345.0,38.9968,50.5642
optionB_budget1.10_beta0.01_gamma0.50,carbonscaler_budget,texas,125,0,327.0,153.8136,133.0052
optionB_budget1.10_beta0.01_gamma0.50,carbonscaler_budget,texas,126,0,317.0,137.7394,127.6533
optionB_budget1.10_beta0.01_gamma0.50,carbonscaler_budget,texas,127,0,302.0,112.7035,127.4758
optionB_budget1.10_beta0.01_gamma0.50,carbonscaler_budget,texas,128,0,259.0,75.7125,68.7393
optionB_budget1.10_beta0.01_gamma0.50,carbonscaler_budget,texas,129,0,238.0,35.6457,19.6374
optionB_budget1.10_beta0.01_gamma0.50,carbonscaler_budget,texas,130,1,231.0,44.3438,62.1764
optionB_budget1.10_beta0.01_gamma0.50,carbonscaler_budget,texas,131,0,243.0,35.9372,21.0082
optionB_budget1.10_beta0.01_gamma0.50,carbonscaler_budget,texas,132,0,254.0,38.1315,50.9989
optionB_budget1.10_beta0.01_gamma0.50,carbonscaler_budget,texas,133,0,247.0,38.1886,42.7127
optionB_budget1.10_beta0.01_gamma0.50,carbonscaler_budget,texas,134,1,226.0,39.6707,35.2655
optionB_budget1.10_beta0.01_gamma0.50,carbonscaler_budget,texas,135,0,235.0,47.3615,31.6689
optionB_budget1.10_beta0.01_gamma0.50,carbonscaler_budget,texas,136,0,228.0,68.7809,77.6323
optionB_budget1.10_beta0.01_gamma0.50,carbonscaler_budget,texas,137,0,236.0,111.203,103.2048
optionB_budget1.10_beta0.01_gamma0.50,carbonscaler_budget,texas,138,0,235.0,128.2242,114.5151
optionB_budget1.10_beta0.01_gamma0.50,carbonscaler_budget,texas,139,0,251.0,109.0926,108.3063
optionB_budget1.10_beta0.01_gamma0.50,carbonscaler_budget,texas,140,0,288.0,101.7683,117.6982
optionB_budget1.10_beta0.01_gamma0.50,carbonscaler_budget,texas,141,0,318.0,65.184,56.8147
optionB_budget1.10_beta0.01_gamma0.50,carbonscaler_budget,texas,142,0,354.0,58.0316,53.5464
optionB_budget1.10_beta0.01_gamma0.50,carbonscaler_budget,texas,143,0,407.0,42.5978,66.0952
optionB_budget1.10_beta0.01_gamma0.50,carbonscaler_budget,texas,144,0,463.0,33.627,36.459
optionB_budget1.10_beta0.01_gamma0.50,carbonscaler_budget,texas,145,0,473.0,26.1557,13.8144
optionB_budget1.10_beta0.01_gamma0.50,carbonscaler_budget,texas,146,0,481.0,32.1188,26.6674
optionB_budget1.10_beta0.01_gamma0.50,carbonscaler_budget,texas,147,0,492.0,37.0733,28.8513
optionB_budget1.10_beta0.01_gamma0.50,carbonscaler_budget,texas,148,0,503.0,30.1579,61.9976
optionB_budget1.10_beta0.01_gamma0.50,carbonscaler_budget,texas,149,0,505.0,23.4652,17.8156
optionB_budget1.10_beta0.01_gamma0.50,carbonscaler_budget,texas,150,0,503.0,43.1502,41.647
optionB_budget1.10_beta0.01_gamma0.50,carbonscaler_budget,texas,151,0,504.0,66.5858,61.6512
optionB_budget1.10_beta0.01_gamma0.50,carbonscaler_budget,texas,152,0,504.0,138.1495,287.0703
optionB_budget1.10_beta0.01_gamma0.50,carbonscaler_budget,texas,153,0,504.0,51.5384,43.2347
optionB_budget1.10_beta0.01_gamma0.50,carbonscaler_budget,texas,154,0,501.0,46.3416,47.3293
optionB_budget1.10_beta0.01_gamma0.50,carbonscaler_budget,texas,155,0,499.0,44.2455,57.8439
optionB_budget1.10_beta0.01_gamma0.50,carbonscaler_budget,texas,156,0,493.0,45.3638,62.2896
optionB_budget1.10_beta0.01_gamma0.50,carbonscaler_budget,texas,157,0,463.0,48.8051,64.2054
optionB_budget1.10_beta0.01_gamma0.50,carbonscaler_budget,texas,158,0,365.0,51.476,20.107
optionB_budget1.10_beta0.01_gamma0.50,carbonscaler_budget,texas,159,0,316.0,51.6154,62.4952
optionB_budget1.10_beta0.01_gamma0.50,carbonscaler_budget,texas,160,0,288.0,72.6202,86.4649
optionB_budget1.10_beta0.01_gamma0.50,carbonscaler_budget,texas,161,0,281.0,100.3706,98.2854
optionB_budget1.10_beta0.01_gamma0.50,carbonscaler_budget,texas,162,0,291.0,105.4917,102.8885
optionB_budget1.10_beta0.01_gamma0.50,carbonscaler_budget,texas,163,0,296.0,97.4007,103.3636
optionB_budget1.10_beta0.01_gamma0.50,carbonscaler_budget,texas,164,0,293.0,94.1298,79.272
optionB_budget1.10_beta0.01_gamma0.50,carbonscaler_budget,texas,165,0,269.0,69.0595,66.6765
optionB_budget1.10_beta0.01_gamma0.50,carbonscaler_budget,texas,166,0,311.0,52.4568,47.5106
optionB_budget1.10_beta0.01_gamma0.50,carbonscaler_budget,texas,167,0,361.0,47.2983,81.2659
optionB_budget1.20_beta0.01_gamma0.50,carbonscaler_budget,texas,0,0,329.0,34.7798,0.5833
optionB_budget1.20_beta0.01_gamma0.50,carbonscaler_budget,texas,1,0,333.0,43.659,50.068
optionB_budget1.20_beta0.01_gamma0.50,carbonscaler_budget,texas,2,0,321.0,54.8968,73.2643
optionB_budget1.20_beta0.01_gamma0.50,carbonscaler_budget,texas,3,0,320.0,31.5659,27.0714
optionB_budget1.20_beta0.01_gamma0.50,carbonscaler_budget,texas,4,0,331.0,38.9968,50.5642
optionB_budget1.20_beta0.01_gamma0.50,carbonscaler_budget,texas,5,0,343.0,153.8136,133.0052
optionB_budget1.20_beta0.01_gamma0.50,carbonscaler_budget,texas,6,0,363.0,137.7394,127.6533
optionB_budget1.20_beta0.01_gamma0.50,carbonscaler_budget,texas,7,0,375.0,112.7035,127.4758
optionB_budget1.20_beta0.01_gamma0.50,carbonscaler_budget,texas,8,0,382.0,75.7125,68.7393
optionB_budget1.20_beta0.01_gamma0.50,carbonscaler_budget,texas,9,0,388.0,35.6457,19.6374
optionB_budget1.20_beta0.01_gamma0.50,carbonscaler_budget,texas,10,0,409.0,44.3438,62.1764
optionB_budget1.20_beta0.01_gamma0.50,carbonscaler_budget,texas,11,0,427.0,35.9372,21.0082
optionB_budget1.20_beta0.01_gamma0.50,carbonscaler_budget,texas,12,0,431.0,38.1315,50.9989
optionB_budget1.20_beta0.01_gamma0.50,carbonscaler_budget,texas,13,0,420.0,38.1886,42.7127
optionB_budget1.20_beta0.01_gamma0.50,carbonscaler_budget,texas,14,0,326.0,39.6707,35.2655
optionB_budget1.20_beta0.01_gamma0.50,carbonscaler_budget,texas,15,0,275.0,47.3615,31.6689
optionB_budget1.20_beta0.01_gamma0.50,carbonscaler_budget,texas,16,0,286.0,68.7809,77.6323
optionB_budget1.20_beta0.01_gamma0.50,carbonscaler_budget,texas,17,0,280.0,111.203,103.2048
optionB_budget1.20_beta0.01_gamma0.50,carbonscaler_budget,texas,18,0,257.0,128.2242,114.5151
optionB_budget1.20_beta0.01_gamma0.50,carbonscaler_budget,texas,19,0,241.0,109.0926,108.3063
optionB_budget1.20_beta0.01_gamma0.50,carbonscaler_budget,texas,20,0,243.0,101.7683,117.6982
optionB_budget1.20_beta0.01_gamma0.50,carbonscaler_budget,texas,21,0,251.0,65.184,56.8147
optionB_budget1.20_beta0.01_gamma0.50,carbonscaler_budget,texas,22,0,255.0,58.0316,53.5464
optionB_budget1.20_beta0.01_gamma0.50,carbonscaler_budget,texas,23,0,327.0,42.5978,66.0952
optionB_budget1.20_beta0.01_gamma0.50,carbonscaler_budget,texas,24,0,402.0,33.627,36.459
optionB_budget1.20_beta0.01_gamma0.50,carbonscaler_budget,texas,25,0,385.0,26.1557,13.8144
optionB_budget1.20_beta0.01_gamma0.50,carbonscaler_budget,texas,26,0,363.0,32.1188,26.6674
optionB_budget1.20_beta0.01_gamma0.50,carbonscaler_budget,texas,27,0,343.0,37.0733,28.8513
optionB_budget1.20_beta0.01_gamma0.50,carbonscaler_budget,texas,28,0,309.0,30.1579,61.9976
optionB_budget1.20_beta0.01_gamma0.50,carbonscaler_budget,texas,29,0,283.0,23.4652,17.8156
optionB_budget1.20_beta0.01_gamma0.50,carbonscaler_budget,texas,30,0,263.0,43.1502,41.647
optionB_budget1.20_beta0.01_gamma0.50,carbonscaler_budget,texas,31,0,262.0,66.5858,61.6512
optionB_budget1.20_beta0.01_gamma0.50,carbonscaler_budget,texas,32,0,257.0,138.1495,287.0703
optionB_budget1.20_beta0.01_gamma0.50,carbonscaler_budget,texas,33,0,260.0,51.5384,43.2347
optionB_budget1.20_beta0.01_gamma0.50,carbonscaler_budget,texas,34,0,271.0,46.3416,47.3293
optionB_budget1.20_beta0.01_gamma0.50,carbonscaler_budget,texas,35,0,285.0,44.2455,57.8439
optionB_budget1.20_beta0.01_gamma0.50,carbonscaler_budget,texas,36,0,296.0,45.3638,62.2896
optionB_budget1.20_beta0.01_gamma0.50,carbonscaler_budget,texas,37,0,292.0,48.8051,64.2054
optionB_budget1.20_beta0.01_gamma0.50,carbonscaler_budget,texas,38,0,239.0,51.476,20.107
optionB_budget1.20_beta0.01_gamma0.50,carbonscaler_budget,texas,39,1,200.0,51.6154,62.4952
optionB_budget1.20_beta0.01_gamma0.50,carbonscaler_budget,texas,40,1,191.0,72.6202,86.4649
optionB_budget1.20_beta0.01_gamma0.50,carbonscaler_budget,texas,41,1,199.0,100.3706,98.2854
optionB_budget1.20_beta0.01_gamma0.50,carbonscaler_budget,texas,42,1,193.0,105.4917,102.8885
optionB_budget1.20_beta0.01_gamma0.50,carbonscaler_budget,texas,43,1,198.0,97.4007,103.3636
optionB_budget1.20_beta0.01_gamma0.50,carbonscaler_budget,texas,44,1,199.0,94.1298,79.272
optionB_budget1.20_beta0.01_gamma0.50,carbonscaler_budget,texas,45,1,212.0,69.0595,66.6765
optionB_budget1.20_beta0.01_gamma0.50,carbonscaler_budget,texas,46,0,236.0,52.4568,47.5106
optionB_budget1.20_beta0.01_gamma0.50,carbonscaler_budget,texas,47,0,322.0,47.2983,81.2659
optionB_budget1.20_beta0.01_gamma0.50,carbonscaler_budget,texas,48,0,374.0,35.1946,36.8934
optionB_budget1.20_beta0.01_gamma0.50,carbonscaler_budget,texas,49,0,357.0,26.9337,21.3365
optionB_budget1.20_beta0.01_gamma0.50,carbonscaler_budget,texas,50,0,335.0,27.766,1.951
optionB_budget1.20_beta0.01_gamma0.50,carbonscaler_budget,texas,51,0,318.0,26.8679,8.729
optionB_budget1.20_beta0.01_gamma0.50,carbonscaler_budget,texas,52,0,294.0,32.1051,29.6991
optionB_budget1.20_beta0.01_gamma0.50,carbonscaler_budget,texas,53,0,283.0,23.9699,29.8911
optionB_budget1.20_beta0.01_gamma0.50,carbonscaler_budget,texas,54,0,292.0,50.3498,28.7662
optionB_budget1.20_beta0.01_gamma0.50,carbonscaler_budget,texas,55,0,312.0,58.473,51.5192
optionB_budget1.20_beta0.01_gamma0.50,carbonscaler_budget,texas,56,0,336.0,56.9128,66.3191
optionB_budget1.20_beta0.01_gamma0.50,carbonscaler_budget,texas,57,0,341.0,64.8707,61.4467
optionB_budget1.20_beta0.01_gamma0.50,carbonscaler_budget,texas,58,0,341.0,68.664,75.3879
optionB_budget1.20_beta0.01_gamma0.50,carbonscaler_budget,texas,59,0,361.0,56.1997,46.5673
optionB_budget1.20_beta0.01_gamma0.50,carbonscaler_budget,texas,60,0,389.0,50.4553,57.0859
optionB_budget1.20_beta0.01_gamma0.50,carbonscaler_budget,texas,61,0,398.0,50.708,33.0799
optionB_budget1.20_beta0.01_gamma0.50,carbonscaler_budget,texas,62,0,355.0,52.9678,48.4055
optionB_budget1.20_beta0.01_gamma0.50,carbonscaler_budget,texas,63,0,331.0,58.8784,55.4826
optionB_budget1.20_beta0.01_gamma0.50,carbonscaler_budget,texas,64,0,346.0,69.3683,96.4196
optionB_budget1.20_beta0.01_gamma0.50,carbonscaler_budget,texas,65,0,334.0,70.5607,85.1707
optionB_budget1.20_beta0.01_gamma0.50,carbonscaler_budget,texas,66,0,319.0,65.4046,49.2341
optionB_budget1.20_beta0.01_gamma0.50,carbonscaler_budget,texas,67,0,320.0,52.4934,43.3725
optionB_budget1.20_beta0.01_gamma0.50,carbonscaler_budget,texas,68,0,327.0,48.7833,58.9517
optionB_budget1.20_beta0.01_gamma0.50,carbonscaler_budget,texas,69,0,329.0,48.264,42.3642
optionB_budget1.20_beta0.01_gamma0.50,carbonscaler_budget,texas,70,0,367.0,40.2067,25.7487
optionB_budget1.20_beta0.01_gamma0.50,carbonscaler_budget,texas,71,0,420.0,38.6399,20.7555
optionB_budget1.20_beta0.01_gamma0.50,carbonscaler_budget,texas,72,0,453.0,25.005,18.7779
optionB_budget1.20_beta0.01_gamma0.50,carbonscaler_budget,texas,73,0,448.0,14.1714,11.0338
optionB_budget1.20_beta0.01_gamma0.50,carbonscaler_budget,texas,74,0,443.0,17.0302,15.0893
optionB_budget1.20_beta0.01_gamma0.50,carbonscaler_budget,texas,75,0,442.0,16.4485,29.7823
optionB_budget1.20_beta0.01_gamma0.50,carbonscaler_budget,texas,76,0,440.0,19.7599,9.7297
optionB_budget1.20_beta0.01_gamma0.50,carbonscaler_budget,texas,77,0,425.0,13.1885,14.6047
optionB_budget1.20_beta0.01_gamma0.50,carbonscaler_budget,texas,78,0,386.0,25.134,39.4399
optionB_budget1.20_beta0.01_gamma0.50,carbonscaler_budget,texas,79,0,352.0,36.9328,41.1443
optionB_budget1.20_beta0.01_gamma0.50,carbonscaler_budget,texas,80,0,325.0,41.8119,55.1713
optionB_budget1.20_beta0.01_gamma0.50,carbonscaler_budget,texas,81,0,317.0,33.574,21.4423
optionB_budget1.20_beta0.01_gamma0.50,carbonscaler_budget,texas,82,0,329.0,29.1706,28.2014
optionB_budget1.20_beta0.01_gamma0.50,carbonscaler_budget,texas,83,0,345.0,26.8487,22.73
optionB_budget1.20_beta0.01_gamma0.50,carbonscaler_budget,texas,84,0,357.0,27.2327,38.418
optionB_budget1.20_beta0.01_gamma0.50,carbonscaler_budget,texas,85,0,329.0,25.5057,36.527
optionB_budget1.20_beta0.01_gamma0.50,carbonscaler_budget,texas,86,0,271.0,21.4771,26.0467
optionB_budget1.20_beta0.01_gamma0.50,carbonscaler_budget,texas,87,1,233.0,27.4873,19.9106
optionB_budget1.20_beta0.01_gamma0.50,carbonscaler_budget,texas,88,1,193.0,36.9808,23.7817
optionB_budget1.20_beta0.01_gamma0.50,carbonscaler_budget,texas,89,1,182.0,57.2815,49.8727
optionB_budget1.20_beta0.01_gamma0.50,carbonscaler_budget,texas,90,1,185.0,76.1777,83.9432
optionB_budget1.20_beta0.01_gamma0.50,carbonscaler_budget,texas,91,1,185.0,73.5011,55.1757
optionB_budget1.20_beta0.01_gamma0.50,carbonscaler_budget,texas,92,1,188.0,69.3436,254.8129
optionB_budget1.20_beta0.01_gamma0.50,carbonscaler_budget,texas,93,1,203.0,41.3881,26.4996
optionB_budget1.20_beta0.01_gamma0.50,carbonscaler_budget,texas,94,1,211.0,46.7147,39.3783
optionB_budget1.20_beta0.01_gamma0.50,carbonscaler_budget,texas,95,0,262.0,37.5459,36.9086
optionB_budget1.20_beta0.01_gamma0.50,carbonscaler_budget,texas,96,0,299.0,18.3422,22.6686
optionB_budget1.20_beta0.01_gamma0.50,carbonscaler_budget,texas,97,0,305.0,23.8631,36.8306
optionB_budget1.20_beta0.01_gamma0.50,carbonscaler_budget,texas,98,0,307.0,18.3429,16.9203
optionB_budget1.20_beta0.01_gamma0.50,carbonscaler_budget,texas,99,0,305.0,25.3375,4.47
optionB_budget1.20_beta0.01_gamma0.50,carbonscaler_budget,texas,100,0,290.0,71.2353,105.3646
optionB_budget1.20_beta0.01_gamma0.50,carbonscaler_budget,texas,101,0,270.0,34.526,36.4763
optionB_budget1.20_beta0.01_gamma0.50,carbonscaler_budget,texas,102,0,258.0,37.1991,51.6098
optionB_budget1.20_beta0.01_gamma0.50,carbonscaler_budget,texas,103,0,254.0,42.6776,38.8888
optionB_budget1.20_beta0.01_gamma0.50,carbonscaler_budget,texas,104,0,254.0,38.4615,56.8896
optionB_budget1.20_beta0.01_gamma0.50,carbonscaler_budget,texas,105,0,253.0,171.9712,368.3534
optionB_budget1.20_beta0.01_gamma0.50,carbonscaler_budget,texas,106,0,250.0,25.8761,3.1621
optionB_budget1.20_beta0.01_gamma0.50,carbonscaler_budget,texas,107,0,256.0,20.8654,39.2828
optionB_budget1.20_beta0.01_gamma0.50,carbonscaler_budget,texas,108,0,260.0,13.6561,30.106
optionB_budget1.20_beta0.01_gamma0.50,carbonscaler_budget,texas,109,0,256.0,11.5445,18.6526
optionB_budget1.20_beta0.01_gamma0.50,carbonscaler_budget,texas,110,1,229.0,21.1756,25.8241
optionB_budget1.20_beta0.01_gamma0.50,carbonscaler_budget,texas,111,1,201.0,20.1438,20.4667
optionB_budget1.20_beta0.01_gamma0.50,carbonscaler_budget,texas,112,1,191.0,38.1854,28.4718
optionB_budget1.20_beta0.01_gamma0.50,carbonscaler_budget,texas,113,1,178.0,68.8497,77.2861
optionB_budget1.20_beta0.01_gamma0.50,carbonscaler_budget,texas,114,1,187.0,81.1963,93.5924
optionB_budget1.20_beta0.01_gamma0.50,carbonscaler_budget,texas,115,1,211.0,81.1428,95.1163
optionB_budget1.20_beta0.01_gamma0.50,carbonscaler_budget,texas,116,1,216.0,68.1103,68.306
optionB_budget1.20_beta0.01_gamma0.50,carbonscaler_budget,texas,117,0,235.0,71.371,54.8652
optionB_budget1.20_beta0.01_gamma0.50,carbonscaler_budget,texas,118,0,260.0,38.0976,26.0119
optionB_budget1.20_beta0.01_gamma0.50,carbonscaler_budget,texas,119,0,298.0,33.2382,33.5736
optionB_budget1.20_beta0.01_gamma0.50,carbonscaler_budget,texas,120,0,357.0,34.7798,0.5833
optionB_budget1.20_beta0.01_gamma0.50,carbonscaler_budget,texas,121,0,370.0,43.659,50.068
optionB_budget1.20_beta0.01_gamma0.50,carbonscaler_budget,texas,122,0,361.0,54.8968,73.2643
optionB_budget1.20_beta0.01_gamma0.50,carbonscaler_budget,texas,123,0,351.0,31.5659,27.0714
optionB_budget1.20_beta0.01_gamma0.50,carbonscaler_budget,texas,124,0,345.0,38.9968,50.5642
optionB_budget1.20_beta0.01_gamma0.50,carbonscaler_budget,texas,125,0,327.0,153.8136,133.0052
optionB_budget1.20_beta0.01_gamma0.50,carbonscaler_budget,texas,126,0,317.0,137.7394,127.6533
optionB_budget1.20_beta0.01_gamma0.50,carbonscaler_budget,texas,127,0,302.0,112.7035,127.4758
optionB_budget1.20_beta0.01_gamma0.50,carbonscaler_budget,texas,128,0,259.0,75.7125,68.7393
optionB_budget1.20_beta0.01_gamma0.50,carbonscaler_budget,texas,129,0,238.0,35.6457,19.6374
optionB_budget1.20_beta0.01_gamma0.50,carbonscaler_budget,texas,130,1,231.0,44.3438,62.1764
optionB_budget1.20_beta0.01_gamma0.50,carbonscaler_budget,texas,131,0,243.0,35.9372,21.0082
optionB_budget1.20_beta0.01_gamma0.50,carbonscaler_budget,texas,132,0,254.0,38.1315,50.9989
optionB_budget1.20_beta0.01_gamma0.50,carbonscaler_budget,texas,133,0,247.0,38.1886,42.7127
optionB_budget1.20_beta0.01_gamma0.50,carbonscaler_budget,texas,134,1,226.0,39.6707,35.2655
optionB_budget1.20_beta0.01_gamma0.50,carbonscaler_budget,texas,135,0,235.0,47.3615,31.6689
optionB_budget1.20_beta0.01_gamma0.50,carbonscaler_budget,texas,136,0,228.0,68.7809,77.6323
optionB_budget1.20_beta0.01_gamma0.50,carbonscaler_budget,texas,137,0,236.0,111.203,103.2048
optionB_budget1.20_beta0.01_gamma0.50,carbonscaler_budget,texas,138,0,235.0,128.2242,114.5151
optionB_budget1.20_beta0.01_gamma0.50,carbonscaler_budget,texas,139,0,251.0,109.0926,108.3063
optionB_budget1.20_beta0.01_gamma0.50,carbonscaler_budget,texas,140,0,288.0,101.7683,117.6982
optionB_budget1.20_beta0.01_gamma0.50,carbonscaler_budget,texas,141,0,318.0,65.184,56.8147
optionB_budget1.20_beta0.01_gamma0.50,carbonscaler_budget,texas,142,0,354.0,58.0316,53.5464
optionB_budget1.20_beta0.01_gamma0.50,carbonscaler_budget,texas,143,0,407.0,42.5978,66.0952
optionB_budget1.20_beta0.01_gamma0.50,carbonscaler_budget,texas,144,0,463.0,33.627,36.459
optionB_budget1.20_beta0.01_gamma0.50,carbonscaler_budget,texas,145,0,473.0,26.1557,13.8144
optionB_budget1.20_beta0.01_gamma0.50,carbonscaler_budget,texas,146,0,481.0,32.1188,26.6674
optionB_budget1.20_beta0.01_gamma0.50,carbonscaler_budget,texas,147,0,492.0,37.0733,28.8513
optionB_budget1.20_beta0.01_gamma0.50,carbonscaler_budget,texas,148,0,503.0,30.1579,61.9976
optionB_budget1.20_beta0.01_gamma0.50,carbonscaler_budget,texas,149,0,505.0,23.4652,17.8156
optionB_budget1.20_beta0.01_gamma0.50,carbonscaler_budget,texas,150,0,503.0,43.1502,41.647
optionB_budget1.20_beta0.01_gamma0.50,carbonscaler_budget,texas,151,0,504.0,66.5858,61.6512
optionB_budget1.20_beta0.01_gamma0.50,carbonscaler_budget,texas,152,0,504.0,138.1495,287.0703
optionB_budget1.20_beta0.01_gamma0.50,carbonscaler_budget,texas,153,0,504.0,51.5384,43.2347
optionB_budget1.20_beta0.01_gamma0.50,carbonscaler_budget,texas,154,0,501.0,46.3416,47.3293
optionB_budget1.20_beta0.01_gamma0.50,carbonscaler_budget,texas,155,0,499.0,44.2455,57.8439
optionB_budget1.20_beta0.01_gamma0.50,carbonscaler_budget,texas,156,0,493.0,45.3638,62.2896
optionB_budget1.20_beta0.01_gamma0.50,carbonscaler_budget,texas,157,0,463.0,48.8051,64.2054
optionB_budget1.20_beta0.01_gamma0.50,carbonscaler_budget,texas,158,0,365.0,51.476,20.107
optionB_budget1.20_beta0.01_gamma0.50,carbonscaler_budget,texas,159,0,316.0,51.6154,62.4952
optionB_budget1.20_beta0.01_gamma0.50,carbonscaler_budget,texas,160,0,288.0,72.6202,86.4649
optionB_budget1.20_beta0.01_gamma0.50,carbonscaler_budget,texas,161,0,281.0,100.3706,98.2854
optionB_budget1.20_beta0.01_gamma0.50,carbonscaler_budget,texas,162,0,291.0,105.4917,102.8885
optionB_budget1.20_beta0.01_gamma0.50,carbonscaler_budget,texas,163,0,296.0,97.4007,103.3636
optionB_budget1.20_beta0.01_gamma0.50,carbonscaler_budget,texas,164,0,293.0,94.1298,79.272
optionB_budget1.20_beta0.01_gamma0.50,carbonscaler_budget,texas,165,0,269.0,69.0595,66.6765
optionB_budget1.20_beta0.01_gamma0.50,carbonscaler_budget,texas,166,0,311.0,52.4568,47.5106
optionB_budget1.20_beta0.01_gamma0.50,carbonscaler_budget,texas,167,0,361.0,47.2983,81.2659
optionB_budget0.90_beta0.0025_gamma0.50,carbonscaler_budget,texas,0,0,329.0,34.7798,0.5833
optionB_budget0.90_beta0.0025_gamma0.50,carbonscaler_budget,texas,1,0,333.0,43.659,50.068
optionB_budget0.90_beta0.0025_gamma0.50,carbonscaler_budget,texas,2,0,321.0,54.8968,73.2643
optionB_budget0.90_beta0.0025_gamma0.50,carbonscaler_budget,texas,3,0,320.0,31.5659,27.0714
optionB_budget0.90_beta0.0025_gamma0.50,carbonscaler_budget,texas,4,0,331.0,38.9968,50.5642
optionB_budget0.90_beta0.0025_gamma0.50,carbonscaler_budget,texas,5,0,343.0,153.8136,133.0052
optionB_budget0.90_beta0.0025_gamma0.50,carbonscaler_budget,texas,6,0,363.0,137.7394,127.6533
optionB_budget0.90_beta0.0025_gamma0.50,carbonscaler_budget,texas,7,0,375.0,112.7035,127.4758
optionB_budget0.90_beta0.0025_gamma0.50,carbonscaler_budget,texas,8,0,382.0,75.7125,68.7393
optionB_budget0.90_beta0.0025_gamma0.50,carbonscaler_budget,texas,9,0,388.0,35.6457,19.6374
optionB_budget0.90_beta0.0025_gamma0.50,carbonscaler_budget,texas,10,0,409.0,44.3438,62.1764
optionB_budget0.90_beta0.0025_gamma0.50,carbonscaler_budget,texas,11,0,427.0,35.9372,21.0082
optionB_budget0.90_beta0.0025_gamma0.50,carbonscaler_budget,texas,12,0,431.0,38.1315,50.9989
optionB_budget0.90_beta0.0025_gamma0.50,carbonscaler_budget,texas,13,0,420.0,38.1886,42.7127
optionB_budget0.90_beta0.0025_gamma0.50,carbonscaler_budget,texas,14,0,326.0,39.6707,35.2655
optionB_budget0.90_beta0.0025_gamma0.50,carbonscaler_budget,texas,15,0,275.0,47.3615,31.6689
optionB_budget0.90_beta0.0025_gamma0.50,carbonscaler_budget,texas,16,0,286.0,68.7809,77.6323
optionB_budget0.90_beta0.0025_gamma0.50,carbonscaler_budget,texas,17,0,280.0,111.203,103.2048
optionB_budget0.90_beta0.0025_gamma0.50,carbonscaler_budget,texas,18,0,257.0,128.2242,114.5151
optionB_budget0.90_beta0.0025_gamma0.50,carbonscaler_budget,texas,19,0,241.0,109.0926,108.3063
optionB_budget0.90_beta0.0025_gamma0.50,carbonscaler_budget,texas,20,0,243.0,101.7683,117.6982
optionB_budget0.90_beta0.0025_gamma0.50,carbonscaler_budget,texas,21,0,251.0,65.184,56.8147
optionB_budget0.90_beta0.0025_gamma0.50,carbonscaler_budget,texas,22,0,255.0,58.0316,53.5464
optionB_budget0.90_beta0.0025_gamma0.50,carbonscaler_budget,texas,23,0,327.0,42.5978,66.0952
optionB_budget0.90_beta0.0025_gamma0.50,carbonscaler_budget,texas,24,0,402.0,33.627,36.459
optionB_budget0.90_beta0.0025_gamma0.50,carbonscaler_budget,texas,25,0,385.0,26.1557,13.8144
optionB_budget0.90_beta0.0025_gamma0.50,carbonscaler_budget,texas,26,0,363.0,32.1188,26.6674
optionB_budget0.90_beta0.0025_gamma0.50,carbonscaler_budget,texas,27,0,343.0,37.0733,28.8513
optionB_budget0.90_beta0.0025_gamma0.50,carbonscaler_budget,texas,28,0,309.0,30.1579,61.9976
optionB_budget0.90_beta0.0025_gamma0.50,carbonscaler_budget,texas,29,0,283.0,23.4652,17.8156
optionB_budget0.90_beta0.0025_gamma0.50,carbonscaler_budget,texas,30,0,263.0,43.1502,41.647
optionB_budget0.90_beta0.0025_gamma0.50,carbonscaler_budget,texas,31,0,262.0,66.5858,61.6512
optionB_budget0.90_beta0.0025_gamma0.50,carbonscaler_budget,texas,32,0,257.0,138.1495,287.0703
optionB_budget0.90_beta0.0025_gamma0.50,carbonscaler_budget,texas,33,0,260.0,51.5384,43.2347
optionB_budget0.90_beta0.0025_gamma0.50,carbonscaler_budget,texas,34,0,271.0,46.3416,47.3293
optionB_budget0.90_beta0.0025_gamma0.50,carbonscaler_budget,texas,35,0,285.0,44.2455,57.8439
optionB_budget0.90_beta0.0025_gamma0.50,carbonscaler_budget,texas,36,0,296.0,45.3638,62.2896
optionB_budget0.90_beta0.0025_gamma0.50,carbonscaler_budget,texas,37,0,292.0,48.8051,64.2054
optionB_budget0.90_beta0.0025_gamma0.50,carbonscaler_budget,texas,38,0,239.0,51.476,20.107
optionB_budget0.90_beta0.0025_gamma0.50,carbonscaler_budget,texas,39,1,200.0,51.6154,62.4952
optionB_budget0.90_beta0.0025_gamma0.50,carbonscaler_budget,texas,40,1,191.0,72.6202,86.4649
optionB_budget0.90_beta0.0025_gamma0.50,carbonscaler_budget,texas,41,1,199.0,100.3706,98.2854
optionB_budget0.90_beta0.0025_gamma0.50,carbonscaler_budget,texas,42,1,193.0,105.4917,102.8885
optionB_budget0.90_beta0.0025_gamma0.50,carbonscaler_budget,texas,43,1,198.0,97.4007,103.3636
optionB_budget0.90_beta0.0025_gamma0.50,carbonscaler_budget,texas,44,1,199.0,94.1298,79.272
optionB_budget0.90_beta0.0025_gamma0.50,carbonscaler_budget,texas,45,1,212.0,69.0595,66.6765
optionB_budget0.90_beta0.0025_gamma0.50,carbonscaler_budget,texas,46,0,236.0,52.4568,47.5106
optionB_budget0.90_beta0.0025_gamma0.50,carbonscaler_budget,texas,47,0,322.0,47.2983,81.2659
optionB_budget0.90_beta0.0025_gamma0.50,carbonscaler_budget,texas,48,0,374.0,35.1946,36.8934
optionB_budget0.90_beta0.0025_gamma0.50,carbonscaler_budget,texas,49,0,357.0,26.9337,21.3365
optionB_budget0.90_beta0.0025_gamma0.50,carbonscaler_budget,texas,50,0,335.0,27.766,1.951
optionB_budget0.90_beta0.0025_gamma0.50,carbonscaler_budget,texas,51,0,318.0,26.8679,8.729
optionB_budget0.90_beta0.0025_gamma0.50,carbonscaler_budget,texas,52,0,294.0,32.1051,29.6991
optionB_budget0.90_beta0.0025_gamma0.50,carbonscaler_budget,texas,53,0,283.0,23.9699,29.8911
optionB_budget0.90_beta0.0025_gamma0.50,carbonscaler_budget,texas,54,0,292.0,50.3498,28.7662
optionB_budget0.90_beta0.0025_gamma0.50,carbonscaler_budget,texas,55,0,312.0,58.473,51.5192
optionB_budget0.90_beta0.0025_gamma0.50,carbonscaler_budget,texas,56,0,336.0,56.9128,66.3191
optionB_budget0.90_beta0.0025_gamma0.50,carbonscaler_budget,texas,57,0,341.0,64.8707,61.4467
optionB_budget0.90_beta0.0025_gamma0.50,carbonscaler_budget,texas,58,0,341.0,68.664,75.3879
optionB_budget0.90_beta0.0025_gamma0.50,carbonscaler_budget,texas,59,0,361.0,56.1997,46.5673
optionB_budget0.90_beta0.0025_gamma0.50,carbonscaler_budget,texas,60,0,389.0,50.4553,57.0859
optionB_budget0.90_beta0.0025_gamma0.50,carbonscaler_budget,texas,61,0,398.0,50.708,33.0799
optionB_budget0.90_beta0.0025_gamma0.50,carbonscaler_budget,texas,62,0,355.0,52.9678,48.4055
optionB_budget0.90_beta0.0025_gamma0.50,carbonscaler_budget,texas,63,0,331.0,58.8784,55.4826
optionB_budget0.90_beta0.0025_gamma0.50,carbonscaler_budget,texas,64,0,346.0,69.3683,96.4196
optionB_budget0.90_beta0.0025_gamma0.50,carbonscaler_budget,texas,65,0,334.0,70.5607,85.1707
optionB_budget0.90_beta0.0025_gamma0.50,carbonscaler_budget,texas,66,0,319.0,65.4046,49.2341
optionB_budget0.90_beta0.0025_gamma0.50,carbonscaler_budget,texas,67,0,320.0,52.4934,43.3725
optionB_budget0.90_beta0.0025_gamma0.50,carbonscaler_budget,texas,68,0,327.0,48.7833,58.9517
optionB_budget0.90_beta0.0025_gamma0.50,carbonscaler_budget,texas,69,0,329.0,48.264,42.3642
optionB_budget0.90_beta0.0025_gamma0.50,carbonscaler_budget,texas,70,0,367.0,40.2067,25.7487
optionB_budget0.90_beta0.0025_gamma0.50,carbonscaler_budget,texas,71,0,420.0,38.6399,20.7555
optionB_budget0.90_beta0.0025_gamma0.50,carbonscaler_budget,texas,72,0,453.0,25.005,18.7779
optionB_budget0.90_beta0.0025_gamma0.50,carbonscaler_budget,texas,73,0,448.0,14.1714,11.0338
optionB_budget0.90_beta0.0025_gamma0.50,carbonscaler_budget,texas,74,0,443.0,17.0302,15.0893
optionB_budget0.90_beta0.0025_gamma0.50,carbonscaler_budget,texas,75,0,442.0,16.4485,29.7823
optionB_budget0.90_beta0.0025_gamma0.50,carbonscaler_budget,texas,76,0,440.0,19.7599,9.7297
optionB_budget0.90_beta0.0025_gamma0.50,carbonscaler_budget,texas,77,0,425.0,13.1885,14.6047
optionB_budget0.90_beta0.0025_gamma0.50,carbonscaler_budget,texas,78,0,386.0,25.134,39.4399
optionB_budget0.90_beta0.0025_gamma0.50,carbonscaler_budget,texas,79,0,352.0,36.9328,41.1443
optionB_budget0.90_beta0.0025_gamma0.50,carbonscaler_budget,texas,80,0,325.0,41.8119,55.1713
optionB_budget0.90_beta0.0025_gamma0.50,carbonscaler_budget,texas,81,0,317.0,33.574,21.4423
optionB_budget0.90_beta0.0025_gamma0.50,carbonscaler_budget,texas,82,0,329.0,29.1706,28.2014
optionB_budget0.90_beta0.0025_gamma0.50,carbonscaler_budget,texas,83,0,345.0,26.8487,22.73
optionB_budget0.90_beta0.0025_gamma0.50,carbonscaler_budget,texas,84,0,357.0,27.2327,38.418
optionB_budget0.90_beta0.0025_gamma0.50,carbonscaler_budget,texas,85,0,329.0,25.5057,36.527
optionB_budget0.90_beta0.0025_gamma0.50,carbonscaler_budget,texas,86,0,271.0,21.4771,26.0467
optionB_budget0.90_beta0.0025_gamma0.50,carbonscaler_budget,texas,87,1,233.0,27.4873,19.9106
optionB_budget0.90_beta0.0025_gamma0.50,carbonscaler_budget,texas,88,1,193.0,36.9808,23.7817
optionB_budget0.90_beta0.0025_gamma0.50,carbonscaler_budget,texas,89,1,182.0,57.2815,49.8727
optionB_budget0.90_beta0.0025_gamma0.50,carbonscaler_budget,texas,90,1,185.0,76.1777,83.9432
optionB_budget0.90_beta0.0025_gamma0.50,carbonscaler_budget,texas,91,1,185.0,73.5011,55.1757
optionB_budget0.90_beta0.0025_gamma0.50,carbonscaler_budget,texas,92,1,188.0,69.3436,254.8129
optionB_budget0.90_beta0.0025_gamma0.50,carbonscaler_budget,texas,93,1,203.0,41.3881,26.4996
optionB_budget0.90_beta0.0025_gamma0.50,carbonscaler_budget,texas,94,1,211.0,46.7147,39.3783
optionB_budget0.90_beta0.0025_gamma0.50,carbonscaler_budget,texas,95,0,262.0,37.5459,36.9086
optionB_budget0.90_beta0.0025_gamma0.50,carbonscaler_budget,texas,96,0,299.0,18.3422,22.6686
optionB_budget0.90_beta0.0025_gamma0.50,carbonscaler_budget,texas,97,0,305.0,23.8631,36.8306
optionB_budget0.90_beta0.0025_gamma0.50,carbonscaler_budget,texas,98,0,307.0,18.3429,16.9203
optionB_budget0.90_beta0.0025_gamma0.50,carbonscaler_budget,texas,99,0,305.0,25.3375,4.47
optionB_budget0.90_beta0.0025_gamma0.50,carbonscaler_budget,texas,100,0,290.0,71.2353,105.3646
optionB_budget0.90_beta0.0025_gamma0.50,carbonscaler_budget,texas,101,0,270.0,34.526,36.4763
optionB_budget0.90_beta0.0025_gamma0.50,carbonscaler_budget,texas,102,0,258.0,37.1991,51.6098
optionB_budget0.90_beta0.0025_gamma0.50,carbonscaler_budget,texas,103,0,254.0,42.6776,38.8888
optionB_budget0.90_beta0.0025_gamma0.50,carbonscaler_budget,texas,104,0,254.0,38.4615,56.8896
optionB_budget0.90_beta0.0025_gamma0.50,carbonscaler_budget,texas,105,0,253.0,171.9712,368.3534
optionB_budget0.90_beta0.0025_gamma0.50,carbonscaler_budget,texas,106,0,250.0,25.8761,3.1621
optionB_budget0.90_beta0.0025_gamma0.50,carbonscaler_budget,texas,107,0,256.0,20.8654,39.2828
optionB_budget0.90_beta0.0025_gamma0.50,carbonscaler_budget,texas,108,0,260.0,13.6561,30.106
optionB_budget0.90_beta0.0025_gamma0.50,carbonscaler_budget,texas,109,1,256.0,11.5445,18.6526
optionB_budget0.90_beta0.0025_gamma0.50,carbonscaler_budget,texas,110,1,229.0,21.1756,25.8241
optionB_budget0.90_beta0.0025_gamma0.50,carbonscaler_budget,texas,111,1,201.0,20.1438,20.4667
optionB_budget0.90_beta0.0025_gamma0.50,carbonscaler_budget,texas,112,1,191.0,38.1854,28.4718
optionB_budget0.90_beta0.0025_gamma0.50,carbonscaler_budget,texas,113,2,178.0,68.8497,77.2861
optionB_budget0.90_beta0.0025_gamma0.50,carbonscaler_budget,texas,114,1,187.0,81.1963,93.5924
optionB_budget0.90_beta0.0025_gamma0.50,carbonscaler_budget,texas,115,1,211.0,81.1428,95.1163
optionB_budget0.90_beta0.0025_gamma0.50,carbonscaler_budget,texas,116,1,216.0,68.1103,68.306
optionB_budget0.90_beta0.0025_gamma0.50,carbonscaler_budget,texas,117,0,235.0,71.371,54.8652
optionB_budget0.90_beta0.0025_gamma0.50,carbonscaler_budget,texas,118,0,260.0,38.0976,26.0119
optionB_budget0.90_beta0.0025_gamma0.50,carbonscaler_budget,texas,119,0,298.0,33.2382,33.5736
optionB_budget0.90_beta0.0025_gamma0.50,carbonscaler_budget,texas,120,0,357.0,34.7798,0.5833
optionB_budget0.90_beta0.0025_gamma0.50,carbonscaler_budget,texas,121,0,370.0,43.659,50.068
optionB_budget0.90_beta0.0025_gamma0.50,carbonscaler_budget,texas,122,0,361.0,54.8968,73.2643
optionB_budget0.90_beta0.0025_gamma0.50,carbonscaler_budget,texas,123,0,351.0,31.5659,27.0714
optionB_budget0.90_beta0.0025_gamma0.50,carbonscaler_budget,texas,124,0,345.0,38.9968,50.5642
optionB_budget0.90_beta0.0025_gamma0.50,carbonscaler_budget,texas,125,0,327.0,153.8136,133.0052
optionB_budget0.90_beta0.0025_gamma0.50,carbonscaler_budget,texas,126,0,317.0,137.7394,127.6533
optionB_budget0.90_beta0.0025_gamma0.50,carbonscaler_budget,texas,127,0,302.0,112.7035,127.4758
optionB_budget0.90_beta0.0025_gamma0.50,carbonscaler_budget,texas,128,0,259.0,75.7125,68.7393
optionB_budget0.90_beta0.0025_gamma0.50,carbonscaler_budget,texas,129,0,238.0,35.6457,19.6374
optionB_budget0.90_beta0.0025_gamma0.50,carbonscaler_budget,texas,130,0,231.0,44.3438,62.1764
optionB_budget0.90_beta0.0025_gamma0.50,carbonscaler_budget,texas,131,0,243.0,35.9372,21.0082
optionB_budget0.90_beta0.0025_gamma0.50,carbonscaler_budget,texas,132,0,254.0,38.1315,50.9989
optionB_budget0.90_beta0.0025_gamma0.50,carbonscaler_budget,texas,133,0,247.0,38.1886,42.7127
optionB_budget0.90_beta0.0025_gamma0.50,carbonscaler_budget,texas,134,1,226.0,39.6707,35.2655
optionB_budget0.90_beta0.0025_gamma0.50,carbonscaler_budget,texas,135,0,235.0,47.3615,31.6689
optionB_budget0.90_beta0.0025_gamma0.50,carbonscaler_budget,texas,136,0,228.0,68.7809,77.6323
optionB_budget0.90_beta0.0025_gamma0.50,carbonscaler_budget,texas,137,0,236.0,111.203,103.2048
optionB_budget0.90_beta0.0025_gamma0.50,carbonscaler_budget,texas,138,0,235.0,128.2242,114.5151
optionB_budget0.90_beta0.0025_gamma0.50,carbonscaler_budget,texas,139,0,251.0,109.0926,108.3063
optionB_budget0.90_beta0.0025_gamma0.50,carbonscaler_budget,texas,140,0,288.0,101.7683,117.6982
optionB_budget0.90_beta0.0025_gamma0.50,carbonscaler_budget,texas,141,0,318.0,65.184,56.8147
optionB_budget0.90_beta0.0025_gamma0.50,carbonscaler_budget,texas,142,0,354.0,58.0316,53.5464
optionB_budget0.90_beta0.0025_gamma0.50,carbonscaler_budget,texas,143,0,407.0,42.5978,66.0952
optionB_budget0.90_beta0.0025_gamma0.50,carbonscaler_budget,texas,144,0,463.0,33.627,36.459
optionB_budget0.90_beta0.0025_gamma0.50,carbonscaler_budget,texas,145,0,473.0,26.1557,13.8144
optionB_budget0.90_beta0.0025_gamma0.50,carbonscaler_budget,texas,146,0,481.0,32.1188,26.6674
optionB_budget0.90_beta0.0025_gamma0.50,carbonscaler_budget,texas,147,0,492.0,37.0733,28.8513
optionB_budget0.90_beta0.0025_gamma0.50,carbonscaler_budget,texas,148,0,503.0,30.1579,61.9976
optionB_budget0.90_beta0.0025_gamma0.50,carbonscaler_budget,texas,149,0,505.0,23.4652,17.8156
optionB_budget0.90_beta0.0025_gamma0.50,carbonscaler_budget,texas,150,0,503.0,43.1502,41.647
optionB_budget0.90_beta0.0025_gamma0.50,carbonscaler_budget,texas,151,0,504.0,66.5858,61.6512
optionB_budget0.90_beta0.0025_gamma0.50,carbonscaler_budget,texas,152,0,504.0,138.1495,287.0703
optionB_budget0.90_beta0.0025_gamma0.50,carbonscaler_budget,texas,153,0,504.0,51.5384,43.2347
optionB_budget0.90_beta0.0025_gamma0.50,carbonscaler_budget,texas,154,0,501.0,46.3416,47.3293
optionB_budget0.90_beta0.0025_gamma0.50,carbonscaler_budget,texas,155,0,499.0,44.2455,57.8439
optionB_budget0.90_beta0.0025_gamma0.50,carbonscaler_budget,texas,156,0,493.0,45.3638,62.2896
optionB_budget0.90_beta0.0025_gamma0.50,carbonscaler_budget,texas,157,0,463.0,48.8051,64.2054
optionB_budget0.90_beta0.0025_gamma0.50,carbonscaler_budget,texas,158,0,365.0,51.476,20.107
optionB_budget0.90_beta0.0025_gamma0.50,carbonscaler_budget,texas,159,0,316.0,51.6154,62.4952
optionB_budget0.90_beta0.0025_gamma0.50,carbonscaler_budget,texas,160,0,288.0,72.6202,86.4649
optionB_budget0.90_beta0.0025_gamma0.50,carbonscaler_budget,texas,161,0,281.0,100.3706,98.2854
optionB_budget0.90_beta0.0025_gamma0.50,carbonscaler_budget,texas,162,0,291.0,105.4917,102.8885
optionB_budget0.90_beta0.0025_gamma0.50,carbonscaler_budget,texas,163,0,296.0,97.4007,103.3636
optionB_budget0.90_beta0.0025_gamma0.50,carbonscaler_budget,texas,164,0,293.0,94.1298,79.272
optionB_budget0.90_beta0.0025_gamma0.50,carbonscaler_budget,texas,165,0,269.0,69.0595,66.6765
optionB_budget0.90_beta0.0025_gamma0.50,carbonscaler_budget,texas,166,0,311.0,52.4568,47.5106
optionB_budget0.90_beta0.0025_gamma0.50,carbonscaler_budget,texas,167,0,361.0,47.2983,81.2659
optionB_budget0.90_beta0.0050_gamma0.50,carbonscaler_budget,texas,0,0,329.0,34.7798,0.5833
optionB_budget0.90_beta0.0050_gamma0.50,carbonscaler_budget,texas,1,0,333.0,43.659,50.068
optionB_budget0.90_beta0.0050_gamma0.50,carbonscaler_budget,texas,2,0,321.0,54.8968,73.2643
optionB_budget0.90_beta0.0050_gamma0.50,carbonscaler_budget,texas,3,0,320.0,31.5659,27.0714
optionB_budget0.90_beta0.0050_gamma0.50,carbonscaler_budget,texas,4,0,331.0,38.9968,50.5642
optionB_budget0.90_beta0.0050_gamma0.50,carbonscaler_budget,texas,5,0,343.0,153.8136,133.0052
optionB_budget0.90_beta0.0050_gamma0.50,carbonscaler_budget,texas,6,0,363.0,137.7394,127.6533
optionB_budget0.90_beta0.0050_gamma0.50,carbonscaler_budget,texas,7,0,375.0,112.7035,127.4758
optionB_budget0.90_beta0.0050_gamma0.50,carbonscaler_budget,texas,8,0,382.0,75.7125,68.7393
optionB_budget0.90_beta0.0050_gamma0.50,carbonscaler_budget,texas,9,0,388.0,35.6457,19.6374
optionB_budget0.90_beta0.0050_gamma0.50,carbonscaler_budget,texas,10,0,409.0,44.3438,62.1764
optionB_budget0.90_beta0.0050_gamma0.50,carbonscaler_budget,texas,11,0,427.0,35.9372,21.0082
optionB_budget0.90_beta0.0050_gamma0.50,carbonscaler_budget,texas,12,0,431.0,38.1315,50.9989
optionB_budget0.90_beta0.0050_gamma0.50,carbonscaler_budget,texas,13,0,420.0,38.1886,42.7127
optionB_budget0.90_beta0.0050_gamma0.50,carbonscaler_budget,texas,14,0,326.0,39.6707,35.2655
optionB_budget0.90_beta0.0050_gamma0.50,carbonscaler_budget,texas,15,0,275.0,47.3615,31.6689
optionB_budget0.90_beta0.0050_gamma0.50,carbonscaler_budget,texas,16,0,286.0,68.7809,77.6323
optionB_budget0.90_beta0.0050_gamma0.50,carbonscaler_budget,texas,17,0,280.0,111.203,103.2048
optionB_budget0.90_beta0.0050_gamma0.50,carbonscaler_budget,texas,18,0,257.0,128.2242,114.5151
optionB_budget0.90_beta0.0050_gamma0.50,carbonscaler_budget,texas,19,0,241.0,109.0926,108.3063
optionB_budget0.90_beta0.0050_gamma0.50,carbonscaler_budget,texas,20,0,243.0,101.7683,117.6982
optionB_budget0.90_beta0.0050_gamma0.50,carbonscaler_budget,texas,21,0,251.0,65.184,56.8147
optionB_budget0.90_beta0.0050_gamma0.50,carbonscaler_budget,texas,22,0,255.0,58.0316,53.5464
optionB_budget0.90_beta0.0050_gamma0.50,carbonscaler_budget,texas,23,0,327.0,42.5978,66.0952
optionB_budget0.90_beta0.0050_gamma0.50,carbonscaler_budget,texas,24,0,402.0,33.627,36.459
optionB_budget0.90_beta0.0050_gamma0.50,carbonscaler_budget,texas,25,0,385.0,26.1557,13.8144
optionB_budget0.90_beta0.0050_gamma0.50,carbonscaler_budget,texas,26,0,363.0,32.1188,26.6674
optionB_budget0.90_beta0.0050_gamma0.50,carbonscaler_budget,texas,27,0,343.0,37.0733,28.8513
optionB_budget0.90_beta0.0050_gamma0.50,carbonscaler_budget,texas,28,0,309.0,30.1579,61.9976
optionB_budget0.90_beta0.0050_gamma0.50,carbonscaler_budget,texas,29,0,283.0,23.4652,17.8156
optionB_budget0.90_beta0.0050_gamma0.50,carbonscaler_budget,texas,30,0,263.0,43.1502,41.647
optionB_budget0.90_beta0.0050_gamma0.50,carbonscaler_budget,texas,31,0,262.0,66.5858,61.6512
optionB_budget0.90_beta0.0050_gamma0.50,carbonscaler_budget,texas,32,0,257.0,138.1495,287.0703
optionB_budget0.90_beta0.0050_gamma0.50,carbonscaler_budget,texas,33,0,260.0,51.5384,43.2347
optionB_budget0.90_beta0.0050_gamma0.50,carbonscaler_budget,texas,34,0,271.0,46.3416,47.3293
optionB_budget0.90_beta0.0050_gamma0.50,carbonscaler_budget,texas,35,0,285.0,44.2455,57.8439
optionB_budget0.90_beta0.0050_gamma0.50,carbonscaler_budget,texas,36,0,296.0,45.3638,62.2896
optionB_budget0.90_beta0.0050_gamma0.50,carbonscaler_budget,texas,37,0,292.0,48.8051,64.2054
optionB_budget0.90_beta0.0050_gamma0.50,carbonscaler_budget,texas,38,0,239.0,51.476,20.107
optionB_budget0.90_beta0.0050_gamma0.50,carbonscaler_budget,texas,39,1,200.0,51.6154,62.4952
optionB_budget0.90_beta0.0050_gamma0.50,carbonscaler_budget,texas,40,1,191.0,72.6202,86.4649
optionB_budget0.90_beta0.0050_gamma0.50,carbonscaler_budget,texas,41,1,199.0,100.3706,98.2854
optionB_budget0.90_beta0.0050_gamma0.50,carbonscaler_budget,texas,42,1,193.0,105.4917,102.8885
optionB_budget0.90_beta0.0050_gamma0.50,carbonscaler_budget,texas,43,1,198.0,97.4007,103.3636
optionB_budget0.90_beta0.0050_gamma0.50,carbonscaler_budget,texas,44,1,199.0,94.1298,79.272
optionB_budget0.90_beta0.0050_gamma0.50,carbonscaler_budget,texas,45,1,212.0,69.0595,66.6765
optionB_budget0.90_beta0.0050_gamma0.50,carbonscaler_budget,texas,46,0,236.0,52.4568,47.5106
optionB_budget0.90_beta0.0050_gamma0.50,carbonscaler_budget,texas,47,0,322.0,47.2983,81.2659
optionB_budget0.90_beta0.0050_gamma0.50,carbonscaler_budget,texas,48,0,374.0,35.1946,36.8934
optionB_budget0.90_beta0.0050_gamma0.50,carbonscaler_budget,texas,49,0,357.0,26.9337,21.3365
optionB_budget0.90_beta0.0050_gamma0.50,carbonscaler_budget,texas,50,0,335.0,27.766,1.951
optionB_budget0.90_beta0.0050_gamma0.50,carbonscaler_budget,texas,51,0,318.0,26.8679,8.729
optionB_budget0.90_beta0.0050_gamma0.50,carbonscaler_budget,texas,52,0,294.0,32.1051,29.6991
optionB_budget0.90_beta0.0050_gamma0.50,carbonscaler_budget,texas,53,0,283.0,23.9699,29.8911
optionB_budget0.90_beta0.0050_gamma0.50,carbonscaler_budget,texas,54,0,292.0,50.3498,28.7662
optionB_budget0.90_beta0.0050_gamma0.50,carbonscaler_budget,texas,55,0,312.0,58.473,51.5192
optionB_budget0.90_beta0.0050_gamma0.50,carbonscaler_budget,texas,56,0,336.0,56.9128,66.3191
optionB_budget0.90_beta0.0050_gamma0.50,carbonscaler_budget,texas,57,0,341.0,64.8707,61.4467
optionB_budget0.90_beta0.0050_gamma0.50,carbonscaler_budget,texas,58,0,341.0,68.664,75.3879
optionB_budget0.90_beta0.0050_gamma0.50,carbonscaler_budget,texas,59,0,361.0,56.1997,46.5673
optionB_budget0.90_beta0.0050_gamma0.50,carbonscaler_budget,texas,60,0,389.0,50.4553,57.0859
optionB_budget0.90_beta0.0050_gamma0.50,carbonscaler_budget,texas,61,0,398.0,50.708,33.0799
optionB_budget0.90_beta0.0050_gamma0.50,carbonscaler_budget,texas,62,0,355.0,52.9678,48.4055
optionB_budget0.90_beta0.0050_gamma0.50,carbonscaler_budget,texas,63,0,331.0,58.8784,55.4826
optionB_budget0.90_beta0.0050_gamma0.50,carbonscaler_budget,texas,64,0,346.0,69.3683,96.4196
optionB_budget0.90_beta0.0050_gamma0.50,carbonscaler_budget,texas,65,0,334.0,70.5607,85.1707
optionB_budget0.90_beta0.0050_gamma0.50,carbonscaler_budget,texas,66,0,319.0,65.4046,49.2341
optionB_budget0.90_beta0.0050_gamma0.50,carbonscaler_budget,texas,67,0,320.0,52.4934,43.3725
optionB_budget0.90_beta0.0050_gamma0.50,carbonscaler_budget,texas,68,0,327.0,48.7833,58.9517
optionB_budget0.90_beta0.0050_gamma0.50,carbonscaler_budget,texas,69,0,329.0,48.264,42.3642
optionB_budget0.90_beta0.0050_gamma0.50,carbonscaler_budget,texas,70,0,367.0,40.2067,25.7487
optionB_budget0.90_beta0.0050_gamma0.50,carbonscaler_budget,texas,71,0,420.0,38.6399,20.7555
optionB_budget0.90_beta0.0050_gamma0.50,carbonscaler_budget,texas,72,0,453.0,25.005,18.7779
optionB_budget0.90_beta0.0050_gamma0.50,carbonscaler_budget,texas,73,0,448.0,14.1714,11.0338
optionB_budget0.90_beta0.0050_gamma0.50,carbonscaler_budget,texas,74,0,443.0,17.0302,15.0893
optionB_budget0.90_beta0.0050_gamma0.50,carbonscaler_budget,texas,75,0,442.0,16.4485,29.7823
optionB_budget0.90_beta0.0050_gamma0.50,carbonscaler_budget,texas,76,0,440.0,19.7599,9.7297
optionB_budget0.90_beta0.0050_gamma0.50,carbonscaler_budget,texas,77,0,425.0,13.1885,14.6047
optionB_budget0.90_beta0.0050_gamma0.50,carbonscaler_budget,texas,78,0,386.0,25.134,39.4399
optionB_budget0.90_beta0.0050_gamma0.50,carbonscaler_budget,texas,79,0,352.0,36.9328,41.1443
optionB_budget0.90_beta0.0050_gamma0.50,carbonscaler_budget,texas,80,0,325.0,41.8119,55.1713
optionB_budget0.90_beta0.0050_gamma0.50,carbonscaler_budget,texas,81,0,317.0,33.574,21.4423
optionB_budget0.90_beta0.0050_gamma0.50,carbonscaler_budget,texas,82,0,329.0,29.1706,28.2014
optionB_budget0.90_beta0.0050_gamma0.50,carbonscaler_budget,texas,83,0,345.0,26.8487,22.73
optionB_budget0.90_beta0.0050_gamma0.50,carbonscaler_budget,texas,84,0,357.0,27.2327,38.418
optionB_budget0.90_beta0.0050_gamma0.50,carbonscaler_budget,texas,85,0,329.0,25.5057,36.527
optionB_budget0.90_beta0.0050_gamma0.50,carbonscaler_budget,texas,86,0,271.0,21.4771,26.0467
optionB_budget0.90_beta0.0050_gamma0.50,carbonscaler_budget,texas,87,1,233.0,27.4873,19.9106
optionB_budget0.90_beta0.0050_gamma0.50,carbonscaler_budget,texas,88,1,193.0,36.9808,23.7817
optionB_budget0.90_beta0.0050_gamma0.50,carbonscaler_budget,texas,89,1,182.0,57.2815,49.8727
optionB_budget0.90_beta0.0050_gamma0.50,carbonscaler_budget,texas,90,1,185.0,76.1777,83.9432
optionB_budget0.90_beta0.0050_gamma0.50,carbonscaler_budget,texas,91,1,185.0,73.5011,55.1757
optionB_budget0.90_beta0.0050_gamma0.50,carbonscaler_budget,texas,92,1,188.0,69.3436,254.8129
optionB_budget0.90_beta0.0050_gamma0.50,carbonscaler_budget,texas,93,1,203.0,41.3881,26.4996
optionB_budget0.90_beta0.0050_gamma0.50,carbonscaler_budget,texas,94,1,211.0,46.7147,39.3783
optionB_budget0.90_beta0.0050_gamma0.50,carbonscaler_budget,texas,95,0,262.0,37.5459,36.9086
optionB_budget0.90_beta0.0050_gamma0.50,carbonscaler_budget,texas,96,0,299.0,18.3422,22.6686
optionB_budget0.90_beta0.0050_gamma0.50,carbonscaler_budget,texas,97,0,305.0,23.8631,36.8306
optionB_budget0.90_beta0.0050_gamma0.50,carbonscaler_budget,texas,98,0,307.0,18.3429,16.9203
optionB_budget0.90_beta0.0050_gamma0.50,carbonscaler_budget,texas,99,0,305.0,25.3375,4.47
optionB_budget0.90_beta0.0050_gamma0.50,carbonscaler_budget,texas,100,0,290.0,71.2353,105.3646
optionB_budget0.90_beta0.0050_gamma0.50,carbonscaler_budget,texas,101,0,270.0,34.526,36.4763
optionB_budget0.90_beta0.0050_gamma0.50,carbonscaler_budget,texas,102,0,258.0,37.1991,51.6098
optionB_budget0.90_beta0.0050_gamma0.50,carbonscaler_budget,texas,103,0,254.0,42.6776,38.8888
optionB_budget0.90_beta0.0050_gamma0.50,carbonscaler_budget,texas,104,0,254.0,38.4615,56.8896
optionB_budget0.90_beta0.0050_gamma0.50,carbonscaler_budget,texas,105,0,253.0,171.9712,368.3534
optionB_budget0.90_beta0.0050_gamma0.50,carbonscaler_budget,texas,106,0,250.0,25.8761,3.1621
optionB_budget0.90_beta0.0050_gamma0.50,carbonscaler_budget,texas,107,0,256.0,20.8654,39.2828
optionB_budget0.90_beta0.0050_gamma0.50,carbonscaler_budget,texas,108,0,260.0,13.6561,30.106
optionB_budget0.90_beta0.0050_gamma0.50,carbonscaler_budget,texas,109,0,256.0,11.5445,18.6526
optionB_budget0.90_beta0.0050_gamma0.50,carbonscaler_budget,texas,110,1,229.0,21.1756,25.8241
optionB_budget0.90_beta0.0050_gamma0.50,carbonscaler_budget,texas,111,1,201.0,20.1438,20.4667
optionB_budget0.90_beta0.0050_gamma0.50,carbonscaler_budget,texas,112,1,191.0,38.1854,28.4718
optionB_budget0.90_beta0.0050_gamma0.50,carbonscaler_budget,texas,113,1,178.0,68.8497,77.2861
optionB_budget0.90_beta0.0050_gamma0.50,carbonscaler_budget,texas,114,1,187.0,81.1963,93.5924
optionB_budget0.90_beta0.0050_gamma0.50,carbonscaler_budget,texas,115,1,211.0,81.1428,95.1163
optionB_budget0.90_beta0.0050_gamma0.50,carbonscaler_budget,texas,116,1,216.0,68.1103,68.306
optionB_budget0.90_beta0.0050_gamma0.50,carbonscaler_budget,texas,117,0,235.0,71.371,54.8652
optionB_budget0.90_beta0.0050_gamma0.50,carbonscaler_budget,texas,118,0,260.0,38.0976,26.0119
optionB_budget0.90_beta0.0050_gamma0.50,carbonscaler_budget,texas,119,0,298.0,33.2382,33.5736
optionB_budget0.90_beta0.0050_gamma0.50,carbonscaler_budget,texas,120,0,357.0,34.7798,0.5833
optionB_budget0.90_beta0.0050_gamma0.50,carbonscaler_budget,texas,121,0,370.0,43.659,50.068
optionB_budget0.90_beta0.0050_gamma0.50,carbonscaler_budget,texas,122,0,361.0,54.8968,73.2643
optionB_budget0.90_beta0.0050_gamma0.50,carbonscaler_budget,texas,123,0,351.0,31.5659,27.0714
optionB_budget0.90_beta0.0050_gamma0.50,carbonscaler_budget,texas,124,0,345.0,38.9968,50.5642
optionB_budget0.90_beta0.0050_gamma0.50,carbonscaler_budget,texas,125,0,327.0,153.8136,133.0052
optionB_budget0.90_beta0.0050_gamma0.50,carbonscaler_budget,texas,126,0,317.0,137.7394,127.6533
optionB_budget0.90_beta0.0050_gamma0.50,carbonscaler_budget,texas,127,0,302.0,112.7035,127.4758
optionB_budget0.90_beta0.0050_gamma0.50,carbonscaler_budget,texas,128,0,259.0,75.7125,68.7393
optionB_budget0.90_beta0.0050_gamma0.50,carbonscaler_budget,texas,129,0,238.0,35.6457,19.6374
optionB_budget0.90_beta0.0050_gamma0.50,carbonscaler_budget,texas,130,1,231.0,44.3438,62.1764
optionB_budget0.90_beta0.0050_gamma0.50,carbonscaler_budget,texas,131,0,243.0,35.9372,21.0082
optionB_budget0.90_beta0.0050_gamma0.50,carbonscaler_budget,texas,132,0,254.0,38.1315,50.9989
optionB_budget0.90_beta0.0050_gamma0.50,carbonscaler_budget,texas,133,0,247.0,38.1886,42.7127
optionB_budget0.90_beta0.0050_gamma0.50,carbonscaler_budget,texas,134,1,226.0,39.6707,35.2655
optionB_budget0.90_beta0.0050_gamma0.50,carbonscaler_budget,texas,135,0,235.0,47.3615,31.6689
optionB_budget0.90_beta0.0050_gamma0.50,carbonscaler_budget,texas,136,0,228.0,68.7809,77.6323
optionB_budget0.90_beta0.0050_gamma0.50,carbonscaler_budget,texas,137,0,236.0,111.203,103.2048
optionB_budget0.90_beta0.0050_gamma0.50,carbonscaler_budget,texas,138,0,235.0,128.2242,114.5151
optionB_budget0.90_beta0.0050_gamma0.50,carbonscaler_budget,texas,139,0,251.0,109.0926,108.3063
optionB_budget0.90_beta0.0050_gamma0.50,carbonscaler_budget,texas,140,0,288.0,101.7683,117.6982
optionB_budget0.90_beta0.0050_gamma0.50,carbonscaler_budget,texas,141,0,318.0,65.184,56.8147
optionB_budget0.90_beta0.0050_gamma0.50,carbonscaler_budget,texas,142,0,354.0,58.0316,53.5464
optionB_budget0.90_beta0.0050_gamma0.50,carbonscaler_budget,texas,143,0,407.0,42.5978,66.0952
optionB_budget0.90_beta0.0050_gamma0.50,carbonscaler_budget,texas,144,0,463.0,33.627,36.459
optionB_budget0.90_beta0.0050_gamma0.50,carbonscaler_budget,texas,145,0,473.0,26.1557,13.8144
optionB_budget0.90_beta0.0050_gamma0.50,carbonscaler_budget,texas,146,0,481.0,32.1188,26.6674
optionB_budget0.90_beta0.0050_gamma0.50,carbonscaler_budget,texas,147,0,492.0,37.0733,28.8513
optionB_budget0.90_beta0.0050_gamma0.50,carbonscaler_budget,texas,148,0,503.0,30.1579,61.9976
optionB_budget0.90_beta0.0050_gamma0.50,carbonscaler_budget,texas,149,0,505.0,23.4652,17.8156
optionB_budget0.90_beta0.0050_gamma0.50,carbonscaler_budget,texas,150,0,503.0,43.1502,41.647
optionB_budget0.90_beta0.0050_gamma0.50,carbonscaler_budget,texas,151,0,504.0,66.5858,61.6512
optionB_budget0.90_beta0.0050_gamma0.50,carbonscaler_budget,texas,152,0,504.0,138.1495,287.0703
optionB_budget0.90_beta0.0050_gamma0.50,carbonscaler_budget,texas,153,0,504.0,51.5384,43.2347
optionB_budget0.90_beta0.0050_gamma0.50,carbonscaler_budget,texas,154,0,501.0,46.3416,47.3293
optionB_budget0.90_beta0.0050_gamma0.50,carbonscaler_budget,texas,155,0,499.0,44.2455,57.8439
optionB_budget0.90_beta0.0050_gamma0.50,carbonscaler_budget,texas,156,0,493.0,45.3638,62.2896
optionB_budget0.90_beta0.0050_gamma0.50,carbonscaler_budget,texas,157,0,463.0,48.8051,64.2054
optionB_budget0.90_beta0.0050_gamma0.50,carbonscaler_budget,texas,158,0,365.0,51.476,20.107
optionB_budget0.90_beta0.0050_gamma0.50,carbonscaler_budget,texas,159,0,316.0,51.6154,62.4952
optionB_budget0.90_beta0.0050_gamma0.50,carbonscaler_budget,texas,160,0,288.0,72.6202,86.4649
optionB_budget0.90_beta0.0050_gamma0.50,carbonscaler_budget,texas,161,0,281.0,100.3706,98.2854
optionB_budget0.90_beta0.0050_gamma0.50,carbonscaler_budget,texas,162,0,291.0,105.4917,102.8885
optionB_budget0.90_beta0.0050_gamma0.50,carbonscaler_budget,texas,163,0,296.0,97.4007,103.3636
optionB_budget0.90_beta0.0050_gamma0.50,carbonscaler_budget,texas,164,0,293.0,94.1298,79.272
optionB_budget0.90_beta0.0050_gamma0.50,carbonscaler_budget,texas,165,0,269.0,69.0595,66.6765
optionB_budget0.90_beta0.0050_gamma0.50,carbonscaler_budget,texas,166,0,311.0,52.4568,47.5106
optionB_budget0.90_beta0.0050_gamma0.50,carbonscaler_budget,texas,167,0,361.0,47.2983,81.2659
optionB_budget0.90_beta0.0100_gamma0.50,carbonscaler_budget,texas,0,0,329.0,34.7798,0.5833
optionB_budget0.90_beta0.0100_gamma0.50,carbonscaler_budget,texas,1,0,333.0,43.659,50.068
optionB_budget0.90_beta0.0100_gamma0.50,carbonscaler_budget,texas,2,0,321.0,54.8968,73.2643
optionB_budget0.90_beta0.0100_gamma0.50,carbonscaler_budget,texas,3,0,320.0,31.5659,27.0714
optionB_budget0.90_beta0.0100_gamma0.50,carbonscaler_budget,texas,4,0,331.0,38.9968,50.5642
optionB_budget0.90_beta0.0100_gamma0.50,carbonscaler_budget,texas,5,0,343.0,153.8136,133.0052
optionB_budget0.90_beta0.0100_gamma0.50,carbonscaler_budget,texas,6,0,363.0,137.7394,127.6533
optionB_budget0.90_beta0.0100_gamma0.50,carbonscaler_budget,texas,7,0,375.0,112.7035,127.4758
optionB_budget0.90_beta0.0100_gamma0.50,carbonscaler_budget,texas,8,0,382.0,75.7125,68.7393
optionB_budget0.90_beta0.0100_gamma0.50,carbonscaler_budget,texas,9,0,388.0,35.6457,19.6374
optionB_budget0.90_beta0.0100_gamma0.50,carbonscaler_budget,texas,10,0,409.0,44.3438,62.1764
optionB_budget0.90_beta0.0100_gamma0.50,carbonscaler_budget,texas,11,0,427.0,35.9372,21.0082
optionB_budget0.90_beta0.0100_gamma0.50,carbonscaler_budget,texas,12,0,431.0,38.1315,50.9989
optionB_budget0.90_beta0.0100_gamma0.50,carbonscaler_budget,texas,13,0,420.0,38.1886,42.7127
optionB_budget0.90_beta0.0100_gamma0.50,carbonscaler_budget,texas,14,0,326.0,39.6707,35.2655
optionB_budget0.90_beta0.0100_gamma0.50,carbonscaler_budget,texas,15,0,275.0,47.3615,31.6689
optionB_budget0.90_beta0.0100_gamma0.50,carbonscaler_budget,texas,16,0,286.0,68.7809,77.6323
optionB_budget0.90_beta0.0100_gamma0.50,carbonscaler_budget,texas,17,0,280.0,111.203,103.2048
optionB_budget0.90_beta0.0100_gamma0.50,carbonscaler_budget,texas,18,0,257.0,128.2242,114.5151
optionB_budget0.90_beta0.0100_gamma0.50,carbonscaler_budget,texas,19,0,241.0,109.0926,108.3063
optionB_budget0.90_beta0.0100_gamma0.50,carbonscaler_budget,texas,20,0,243.0,101.7683,117.6982
optionB_budget0.90_beta0.0100_gamma0.50,carbonscaler_budget,texas,21,0,251.0,65.184,56.8147
optionB_budget0.90_beta0.0100_gamma0.50,carbonscaler_budget,texas,22,0,255.0,58.0316,53.5464
optionB_budget0.90_beta0.0100_gamma0.50,carbonscaler_budget,texas,23,0,327.0,42.5978,66.0952
optionB_budget0.90_beta0.0100_gamma0.50,carbonscaler_budget,texas,24,0,402.0,33.627,36.459
optionB_budget0.90_beta0.0100_gamma0.50,carbonscaler_budget,texas,25,0,385.0,26.1557,13.8144
optionB_budget0.90_beta0.0100_gamma0.50,carbonscaler_budget,texas,26,0,363.0,32.1188,26.6674
optionB_budget0.90_beta0.0100_gamma0.50,carbonscaler_budget,texas,27,0,343.0,37.0733,28.8513
optionB_budget0.90_beta0.0100_gamma0.50,carbonscaler_budget,texas,28,0,309.0,30.1579,61.9976
optionB_budget0.90_beta0.0100_gamma0.50,carbonscaler_budget,texas,29,0,283.0,23.4652,17.8156
optionB_budget0.90_beta0.0100_gamma0.50,carbonscaler_budget,texas,30,0,263.0,43.1502,41.647
optionB_budget0.90_beta0.0100_gamma0.50,carbonscaler_budget,texas,31,0,262.0,66.5858,61.6512
optionB_budget0.90_beta0.0100_gamma0.50,carbonscaler_budget,texas,32,0,257.0,138.1495,287.0703
optionB_budget0.90_beta0.0100_gamma0.50,carbonscaler_budget,texas,33,0,260.0,51.5384,43.2347
optionB_budget0.90_beta0.0100_gamma0.50,carbonscaler_budget,texas,34,0,271.0,46.3416,47.3293
optionB_budget0.90_beta0.0100_gamma0.50,carbonscaler_budget,texas,35,0,285.0,44.2455,57.8439
optionB_budget0.90_beta0.0100_gamma0.50,carbonscaler_budget,texas,36,0,296.0,45.3638,62.2896
optionB_budget0.90_beta0.0100_gamma0.50,carbonscaler_budget,texas,37,0,292.0,48.8051,64.2054
optionB_budget0.90_beta0.0100_gamma0.50,carbonscaler_budget,texas,38,0,239.0,51.476,20.107
optionB_budget0.90_beta0.0100_gamma0.50,carbonscaler_budget,texas,39,1,200.0,51.6154,62.4952
optionB_budget0.90_beta0.0100_gamma0.50,carbonscaler_budget,texas,40,1,191.0,72.6202,86.4649
optionB_budget0.90_beta0.0100_gamma0.50,carbonscaler_budget,texas,41,1,199.0,100.3706,98.2854
optionB_budget0.90_beta0.0100_gamma0.50,carbonscaler_budget,texas,42,1,193.0,105.4917,102.8885
optionB_budget0.90_beta0.0100_gamma0.50,carbonscaler_budget,texas,43,1,198.0,97.4007,103.3636
optionB_budget0.90_beta0.0100_gamma0.50,carbonscaler_budget,texas,44,1,199.0,94.1298,79.272
optionB_budget0.90_beta0.0100_gamma0.50,carbonscaler_budget,texas,45,1,212.0,69.0595,66.6765
optionB_budget0.90_beta0.0100_gamma0.50,carbonscaler_budget,texas,46,0,236.0,52.4568,47.5106
optionB_budget0.90_beta0.0100_gamma0.50,carbonscaler_budget,texas,47,0,322.0,47.2983,81.2659
optionB_budget0.90_beta0.0100_gamma0.50,carbonscaler_budget,texas,48,0,374.0,35.1946,36.8934
optionB_budget0.90_beta0.0100_gamma0.50,carbonscaler_budget,texas,49,0,357.0,26.9337,21.3365
optionB_budget0.90_beta0.0100_gamma0.50,carbonscaler_budget,texas,50,0,335.0,27.766,1.951
optionB_budget0.90_beta0.0100_gamma0.50,carbonscaler_budget,texas,51,0,318.0,26.8679,8.729
optionB_budget0.90_beta0.0100_gamma0.50,carbonscaler_budget,texas,52,0,294.0,32.1051,29.6991
optionB_budget0.90_beta0.0100_gamma0.50,carbonscaler_budget,texas,53,0,283.0,23.9699,29.8911
optionB_budget0.90_beta0.0100_gamma0.50,carbonscaler_budget,texas,54,0,292.0,50.3498,28.7662
optionB_budget0.90_beta0.0100_gamma0.50,carbonscaler_budget,texas,55,0,312.0,58.473,51.5192
optionB_budget0.90_beta0.0100_gamma0.50,carbonscaler_budget,texas,56,0,336.0,56.9128,66.3191
optionB_budget0.90_beta0.0100_gamma0.50,carbonscaler_budget,texas,57,0,341.0,64.8707,61.4467
optionB_budget0.90_beta0.0100_gamma0.50,carbonscaler_budget,texas,58,0,341.0,68.664,75.3879
optionB_budget0.90_beta0.0100_gamma0.50,carbonscaler_budget,texas,59,0,361.0,56.1997,46.5673
optionB_budget0.90_beta0.0100_gamma0.50,carbonscaler_budget,texas,60,0,389.0,50.4553,57.0859
optionB_budget0.90_beta0.0100_gamma0.50,carbonscaler_budget,texas,61,0,398.0,50.708,33.0799
optionB_budget0.90_beta0.0100_gamma0.50,carbonscaler_budget,texas,62,0,355.0,52.9678,48.4055
optionB_budget0.90_beta0.0100_gamma0.50,carbonscaler_budget,texas,63,0,331.0,58.8784,55.4826
optionB_budget0.90_beta0.0100_gamma0.50,carbonscaler_budget,texas,64,0,346.0,69.3683,96.4196
optionB_budget0.90_beta0.0100_gamma0.50,carbonscaler_budget,texas,65,0,334.0,70.5607,85.1707
optionB_budget0.90_beta0.0100_gamma0.50,carbonscaler_budget,texas,66,0,319.0,65.4046,49.2341
optionB_budget0.90_beta0.0100_gamma0.50,carbonscaler_budget,texas,67,0,320.0,52.4934,43.3725
optionB_budget0.90_beta0.0100_gamma0.50,carbonscaler_budget,texas,68,0,327.0,48.7833,58.9517
optionB_budget0.90_beta0.0100_gamma0.50,carbonscaler_budget,texas,69,0,329.0,48.264,42.3642
optionB_budget0.90_beta0.0100_gamma0.50,carbonscaler_budget,texas,70,0,367.0,40.2067,25.7487
optionB_budget0.90_beta0.0100_gamma0.50,carbonscaler_budget,texas,71,0,420.0,38.6399,20.7555
optionB_budget0.90_beta0.0100_gamma0.50,carbonscaler_budget,texas,72,0,453.0,25.005,18.7779
optionB_budget0.90_beta0.0100_gamma0.50,carbonscaler_budget,texas,73,0,448.0,14.1714,11.0338
optionB_budget0.90_beta0.0100_gamma0.50,carbonscaler_budget,texas,74,0,443.0,17.0302,15.0893
optionB_budget0.90_beta0.0100_gamma0.50,carbonscaler_budget,texas,75,0,442.0,16.4485,29.7823
optionB_budget0.90_beta0.0100_gamma0.50,carbonscaler_budget,texas,76,0,440.0,19.7599,9.7297
optionB_budget0.90_beta0.0100_gamma0.50,carbonscaler_budget,texas,77,0,425.0,13.1885,14.6047
optionB_budget0.90_beta0.0100_gamma0.50,carbonscaler_budget,texas,78,0,386.0,25.134,39.4399
optionB_budget0.90_beta0.0100_gamma0.50,carbonscaler_budget,texas,79,0,352.0,36.9328,41.1443
optionB_budget0.90_beta0.0100_gamma0.50,carbonscaler_budget,texas,80,0,325.0,41.8119,55.1713
optionB_budget0.90_beta0.0100_gamma0.50,carbonscaler_budget,texas,81,0,317.0,33.574,21.4423
optionB_budget0.90_beta0.0100_gamma0.50,carbonscaler_budget,texas,82,0,329.0,29.1706,28.2014
optionB_budget0.90_beta0.0100_gamma0.50,carbonscaler_budget,texas,83,0,345.0,26.8487,22.73
optionB_budget0.90_beta0.0100_gamma0.50,carbonscaler_budget,texas,84,0,357.0,27.2327,38.418
optionB_budget0.90_beta0.0100_gamma0.50,carbonscaler_budget,texas,85,0,329.0,25.5057,36.527
optionB_budget0.90_beta0.0100_gamma0.50,carbonscaler_budget,texas,86,0,271.0,21.4771,26.0467
optionB_budget0.90_beta0.0100_gamma0.50,carbonscaler_budget,texas,87,1,233.0,27.4873,19.9106
optionB_budget0.90_beta0.0100_gamma0.50,carbonscaler_budget,texas,88,1,193.0,36.9808,23.7817
optionB_budget0.90_beta0.0100_gamma0.50,carbonscaler_budget,texas,89,1,182.0,57.2815,49.8727
optionB_budget0.90_beta0.0100_gamma0.50,carbonscaler_budget,texas,90,1,185.0,76.1777,83.9432
optionB_budget0.90_beta0.0100_gamma0.50,carbonscaler_budget,texas,91,1,185.0,73.5011,55.1757
optionB_budget0.90_beta0.0100_gamma0.50,carbonscaler_budget,texas,92,1,188.0,69.3436,254.8129
optionB_budget0.90_beta0.0100_gamma0.50,carbonscaler_budget,texas,93,1,203.0,41.3881,26.4996
optionB_budget0.90_beta0.0100_gamma0.50,carbonscaler_budget,texas,94,1,211.0,46.7147,39.3783
optionB_budget0.90_beta0.0100_gamma0.50,carbonscaler_budget,texas,95,0,262.0,37.5459,36.9086
optionB_budget0.90_beta0.0100_gamma0.50,carbonscaler_budget,texas,96,0,299.0,18.3422,22.6686
optionB_budget0.90_beta0.0100_gamma0.50,carbonscaler_budget,texas,97,0,305.0,23.8631,36.8306
optionB_budget0.90_beta0.0100_gamma0.50,carbonscaler_budget,texas,98,0,307.0,18.3429,16.9203
optionB_budget0.90_beta0.0100_gamma0.50,carbonscaler_budget,texas,99,0,305.0,25.3375,4.47
optionB_budget0.90_beta0.0100_gamma0.50,carbonscaler_budget,texas,100,0,290.0,71.2353,105.3646
optionB_budget0.90_beta0.0100_gamma0.50,carbonscaler_budget,texas,101,0,270.0,34.526,36.4763
optionB_budget0.90_beta0.0100_gamma0.50,carbonscaler_budget,texas,102,0,258.0,37.1991,51.6098
optionB_budget0.90_beta0.0100_gamma0.50,carbonscaler_budget,texas,103,0,254.0,42.6776,38.8888
optionB_budget0.90_beta0.0100_gamma0.50,carbonscaler_budget,texas,104,0,254.0,38.4615,56.8896
optionB_budget0.90_beta0.0100_gamma0.50,carbonscaler_budget,texas,105,0,253.0,171.9712,368.3534
optionB_budget0.90_beta0.0100_gamma0.50,carbonscaler_budget,texas,106,0,250.0,25.8761,3.1621
optionB_budget0.90_beta0.0100_gamma0.50,carbonscaler_budget,texas,107,0,256.0,20.8654,39.2828
optionB_budget0.90_beta0.0100_gamma0.50,carbonscaler_budget,texas,108,0,260.0,13.6561,30.106
optionB_budget0.90_beta0.0100_gamma0.50,carbonscaler_budget,texas,109,0,256.0,11.5445,18.6526
optionB_budget0.90_beta0.0100_gamma0.50,carbonscaler_budget,texas,110,1,229.0,21.1756,25.8241
optionB_budget0.90_beta0.0100_gamma0.50,carbonscaler_budget,texas,111,1,201.0,20.1438,20.4667
optionB_budget0.90_beta0.0100_gamma0.50,carbonscaler_budget,texas,112,1,191.0,38.1854,28.4718
optionB_budget0.90_beta0.0100_gamma0.50,carbonscaler_budget,texas,113,1,178.0,68.8497,77.2861
optionB_budget0.90_beta0.0100_gamma0.50,carbonscaler_budget,texas,114,1,187.0,81.1963,93.5924
optionB_budget0.90_beta0.0100_gamma0.50,carbonscaler_budget,texas,115,1,211.0,81.1428,95.1163
optionB_budget0.90_beta0.0100_gamma0.50,carbonscaler_budget,texas,116,1,216.0,68.1103,68.306
optionB_budget0.90_beta0.0100_gamma0.50,carbonscaler_budget,texas,117,0,235.0,71.371,54.8652
optionB_budget0.90_beta0.0100_gamma0.50,carbonscaler_budget,texas,118,0,260.0,38.0976,26.0119
optionB_budget0.90_beta0.0100_gamma0.50,carbonscaler_budget,texas,119,0,298.0,33.2382,33.5736
optionB_budget0.90_beta0.0100_gamma0.50,carbonscaler_budget,texas,120,0,357.0,34.7798,0.5833
optionB_budget0.90_beta0.0100_gamma0.50,carbonscaler_budget,texas,121,0,370.0,43.659,50.068
optionB_budget0.90_beta0.0100_gamma0.50,carbonscaler_budget,texas,122,0,361.0,54.8968,73.2643
optionB_budget0.90_beta0.0100_gamma0.50,carbonscaler_budget,texas,123,0,351.0,31.5659,27.0714
optionB_budget0.90_beta0.0100_gamma0.50,carbonscaler_budget,texas,124,0,345.0,38.9968,50.5642
optionB_budget0.90_beta0.0100_gamma0.50,carbonscaler_budget,texas,125,0,327.0,153.8136,133.0052
optionB_budget0.90_beta0.0100_gamma0.50,carbonscaler_budget,texas,126,0,317.0,137.7394,127.6533
optionB_budget0.90_beta0.0100_gamma0.50,carbonscaler_budget,texas,127,0,302.0,112.7035,127.4758
optionB_budget0.90_beta0.0100_gamma0.50,carbonscaler_budget,texas,128,0,259.0,75.7125,68.7393
optionB_budget0.90_beta0.0100_gamma0.50,carbonscaler_budget,texas,129,0,238.0,35.6457,19.6374
optionB_budget0.90_beta0.0100_gamma0.50,carbonscaler_budget,texas,130,1,231.0,44.3438,62.1764
optionB_budget0.90_beta0.0100_gamma0.50,carbonscaler_budget,texas,131,0,243.0,35.9372,21.0082
optionB_budget0.90_beta0.0100_gamma0.50,carbonscaler_budget,texas,132,0,254.0,38.1315,50.9989
optionB_budget0.90_beta0.0100_gamma0.50,carbonscaler_budget,texas,133,0,247.0,38.1886,42.7127
optionB_budget0.90_beta0.0100_gamma0.50,carbonscaler_budget,texas,134,1,226.0,39.6707,35.2655
optionB_budget0.90_beta0.0100_gamma0.50,carbonscaler_budget,texas,135,0,235.0,47.3615,31.6689
optionB_budget0.90_beta0.0100_gamma0.50,carbonscaler_budget,texas,136,0,228.0,68.7809,77.6323
optionB_budget0.90_beta0.0100_gamma0.50,carbonscaler_budget,texas,137,0,236.0,111.203,103.2048
optionB_budget0.90_beta0.0100_gamma0.50,carbonscaler_budget,texas,138,0,235.0,128.2242,114.5151
optionB_budget0.90_beta0.0100_gamma0.50,carbonscaler_budget,texas,139,0,251.0,109.0926,108.3063
optionB_budget0.90_beta0.0100_gamma0.50,carbonscaler_budget,texas,140,0,288.0,101.7683,117.6982
optionB_budget0.90_beta0.0100_gamma0.50,carbonscaler_budget,texas,141,0,318.0,65.184,56.8147
optionB_budget0.90_beta0.0100_gamma0.50,carbonscaler_budget,texas,142,0,354.0,58.0316,53.5464
optionB_budget0.90_beta0.0100_gamma0.50,carbonscaler_budget,texas,143,0,407.0,42.5978,66.0952
optionB_budget0.90_beta0.0100_gamma0.50,carbonscaler_budget,texas,144,0,463.0,33.627,36.459
optionB_budget0.90_beta0.0100_gamma0.50,carbonscaler_budget,texas,145,0,473.0,26.1557,13.8144
optionB_budget0.90_beta0.0100_gamma0.50,carbonscaler_budget,texas,146,0,481.0,32.1188,26.6674
optionB_budget0.90_beta0.0100_gamma0.50,carbonscaler_budget,texas,147,0,492.0,37.0733,28.8513
optionB_budget0.90_beta0.0100_gamma0.50,carbonscaler_budget,texas,148,0,503.0,30.1579,61.9976
optionB_budget0.90_beta0.0100_gamma0.50,carbonscaler_budget,texas,149,0,505.0,23.4652,17.8156
optionB_budget0.90_beta0.0100_gamma0.50,carbonscaler_budget,texas,150,0,503.0,43.1502,41.647
optionB_budget0.90_beta0.0100_gamma0.50,carbonscaler_budget,texas,151,0,504.0,66.5858,61.6512
optionB_budget0.90_beta0.0100_gamma0.50,carbonscaler_budget,texas,152,0,504.0,138.1495,287.0703
optionB_budget0.90_beta0.0100_gamma0.50,carbonscaler_budget,texas,153,0,504.0,51.5384,43.2347
optionB_budget0.90_beta0.0100_gamma0.50,carbonscaler_budget,texas,154,0,501.0,46.3416,47.3293
optionB_budget0.90_beta0.0100_gamma0.50,carbonscaler_budget,texas,155,0,499.0,44.2455,57.8439
optionB_budget0.90_beta0.0100_gamma0.50,carbonscaler_budget,texas,156,0,493.0,45.3638,62.2896
optionB_budget0.90_beta0.0100_gamma0.50,carbonscaler_budget,texas,157,0,463.0,48.8051,64.2054
optionB_budget0.90_beta0.0100_gamma0.50,carbonscaler_budget,texas,158,0,365.0,51.476,20.107
optionB_budget0.90_beta0.0100_gamma0.50,carbonscaler_budget,texas,159,0,316.0,51.6154,62.4952
optionB_budget0.90_beta0.0100_gamma0.50,carbonscaler_budget,texas,160,0,288.0,72.6202,86.4649
optionB_budget0.90_beta0.0100_gamma0.50,carbonscaler_budget,texas,161,0,281.0,100.3706,98.2854
optionB_budget0.90_beta0.0100_gamma0.50,carbonscaler_budget,texas,162,0,291.0,105.4917,102.8885
optionB_budget0.90_beta0.0100_gamma0.50,carbonscaler_budget,texas,163,0,296.0,97.4007,103.3636
optionB_budget0.90_beta0.0100_gamma0.50,carbonscaler_budget,texas,164,0,293.0,94.1298,79.272
optionB_budget0.90_beta0.0100_gamma0.50,carbonscaler_budget,texas,165,0,269.0,69.0595,66.6765
optionB_budget0.90_beta0.0100_gamma0.50,carbonscaler_budget,texas,166,0,311.0,52.4568,47.5106
optionB_budget0.90_beta0.0100_gamma0.50,carbonscaler_budget,texas,167,0,361.0,47.2983,81.2659
optionB_budget0.90_beta0.0200_gamma0.50,carbonscaler_budget,texas,0,0,329.0,34.7798,0.5833
optionB_budget0.90_beta0.0200_gamma0.50,carbonscaler_budget,texas,1,0,333.0,43.659,50.068
optionB_budget0.90_beta0.0200_gamma0.50,carbonscaler_budget,texas,2,0,321.0,54.8968,73.2643
optionB_budget0.90_beta0.0200_gamma0.50,carbonscaler_budget,texas,3,0,320.0,31.5659,27.0714
optionB_budget0.90_beta0.0200_gamma0.50,carbonscaler_budget,texas,4,0,331.0,38.9968,50.5642
optionB_budget0.90_beta0.0200_gamma0.50,carbonscaler_budget,texas,5,0,343.0,153.8136,133.0052
optionB_budget0.90_beta0.0200_gamma0.50,carbonscaler_budget,texas,6,0,363.0,137.7394,127.6533
optionB_budget0.90_beta0.0200_gamma0.50,carbonscaler_budget,texas,7,0,375.0,112.7035,127.4758
optionB_budget0.90_beta0.0200_gamma0.50,carbonscaler_budget,texas,8,0,382.0,75.7125,68.7393
optionB_budget0.90_beta0.0200_gamma0.50,carbonscaler_budget,texas,9,0,388.0,35.6457,19.6374
optionB_budget0.90_beta0.0200_gamma0.50,carbonscaler_budget,texas,10,0,409.0,44.3438,62.1764
optionB_budget0.90_beta0.0200_gamma0.50,carbonscaler_budget,texas,11,0,427.0,35.9372,21.0082
optionB_budget0.90_beta0.0200_gamma0.50,carbonscaler_budget,texas,12,0,431.0,38.1315,50.9989
optionB_budget0.90_beta0.0200_gamma0.50,carbonscaler_budget,texas,13,0,420.0,38.1886,42.7127
optionB_budget0.90_beta0.0200_gamma0.50,carbonscaler_budget,texas,14,0,326.0,39.6707,35.2655
optionB_budget0.90_beta0.0200_gamma0.50,carbonscaler_budget,texas,15,0,275.0,47.3615,31.6689
optionB_budget0.90_beta0.0200_gamma0.50,carbonscaler_budget,texas,16,0,286.0,68.7809,77.6323
optionB_budget0.90_beta0.0200_gamma0.50,carbonscaler_budget,texas,17,0,280.0,111.203,103.2048
optionB_budget0.90_beta0.0200_gamma0.50,carbonscaler_budget,texas,18,0,257.0,128.2242,114.5151
optionB_budget0.90_beta0.0200_gamma0.50,carbonscaler_budget,texas,19,0,241.0,109.0926,108.3063
optionB_budget0.90_beta0.0200_gamma0.50,carbonscaler_budget,texas,20,0,243.0,101.7683,117.6982
optionB_budget0.90_beta0.0200_gamma0.50,carbonscaler_budget,texas,21,0,251.0,65.184,56.8147
optionB_budget0.90_beta0.0200_gamma0.50,carbonscaler_budget,texas,22,0,255.0,58.0316,53.5464
optionB_budget0.90_beta0.0200_gamma0.50,carbonscaler_budget,texas,23,0,327.0,42.5978,66.0952
optionB_budget0.90_beta0.0200_gamma0.50,carbonscaler_budget,texas,24,0,402.0,33.627,36.459
optionB_budget0.90_beta0.0200_gamma0.50,carbonscaler_budget,texas,25,0,385.0,26.1557,13.8144
optionB_budget0.90_beta0.0200_gamma0.50,carbonscaler_budget,texas,26,0,363.0,32.1188,26.6674
optionB_budget0.90_beta0.0200_gamma0.50,carbonscaler_budget,texas,27,0,343.0,37.0733,28.8513
optionB_budget0.90_beta0.0200_gamma0.50,carbonscaler_budget,texas,28,0,309.0,30.1579,61.9976
optionB_budget0.90_beta0.0200_gamma0.50,carbonscaler_budget,texas,29,0,283.0,23.4652,17.8156
optionB_budget0.90_beta0.0200_gamma0.50,carbonscaler_budget,texas,30,0,263.0,43.1502,41.647
optionB_budget0.90_beta0.0200_gamma0.50,carbonscaler_budget,texas,31,0,262.0,66.5858,61.6512
optionB_budget0.90_beta0.0200_gamma0.50,carbonscaler_budget,texas,32,0,257.0,138.1495,287.0703
optionB_budget0.90_beta0.0200_gamma0.50,carbonscaler_budget,texas,33,0,260.0,51.5384,43.2347
optionB_budget0.90_beta0.0200_gamma0.50,carbonscaler_budget,texas,34,0,271.0,46.3416,47.3293
optionB_budget0.90_beta0.0200_gamma0.50,carbonscaler_budget,texas,35,0,285.0,44.2455,57.8439
optionB_budget0.90_beta0.0200_gamma0.50,carbonscaler_budget,texas,36,0,296.0,45.3638,62.2896
optionB_budget0.90_beta0.0200_gamma0.50,carbonscaler_budget,texas,37,0,292.0,48.8051,64.2054
optionB_budget0.90_beta0.0200_gamma0.50,carbonscaler_budget,texas,38,0,239.0,51.476,20.107
optionB_budget0.90_beta0.0200_gamma0.50,carbonscaler_budget,texas,39,1,200.0,51.6154,62.4952
optionB_budget0.90_beta0.0200_gamma0.50,carbonscaler_budget,texas,40,1,191.0,72.6202,86.4649
optionB_budget0.90_beta0.0200_gamma0.50,carbonscaler_budget,texas,41,0,199.0,100.3706,98.2854
optionB_budget0.90_beta0.0200_gamma0.50,carbonscaler_budget,texas,42,0,193.0,105.4917,102.8885
optionB_budget0.90_beta0.0200_gamma0.50,carbonscaler_budget,texas,43,0,198.0,97.4007,103.3636
optionB_budget0.90_beta0.0200_gamma0.50,carbonscaler_budget,texas,44,0,199.0,94.1298,79.272
optionB_budget0.90_beta0.0200_gamma0.50,carbonscaler_budget,texas,45,1,212.0,69.0595,66.6765
optionB_budget0.90_beta0.0200_gamma0.50,carbonscaler_budget,texas,46,0,236.0,52.4568,47.5106
optionB_budget0.90_beta0.0200_gamma0.50,carbonscaler_budget,texas,47,0,322.0,47.2983,81.2659
optionB_budget0.90_beta0.0200_gamma0.50,carbonscaler_budget,texas,48,0,374.0,35.1946,36.8934
optionB_budget0.90_beta0.0200_gamma0.50,carbonscaler_budget,texas,49,0,357.0,26.9337,21.3365
optionB_budget0.90_beta0.0200_gamma0.50,carbonscaler_budget,texas,50,0,335.0,27.766,1.951
optionB_budget0.90_beta0.0200_gamma0.50,carbonscaler_budget,texas,51,0,318.0,26.8679,8.729
optionB_budget0.90_beta0.0200_gamma0.50,carbonscaler_budget,texas,52,0,294.0,32.1051,29.6991
optionB_budget0.90_beta0.0200_gamma0.50,carbonscaler_budget,texas,53,0,283.0,23.9699,29.8911
optionB_budget0.90_beta0.0200_gamma0.50,carbonscaler_budget,texas,54,0,292.0,50.3498,28.7662
optionB_budget0.90_beta0.0200_gamma0.50,carbonscaler_budget,texas,55,0,312.0,58.473,51.5192
optionB_budget0.90_beta0.0200_gamma0.50,carbonscaler_budget,texas,56,0,336.0,56.9128,66.3191
optionB_budget0.90_beta0.0200_gamma0.50,carbonscaler_budget,texas,57,0,341.0,64.8707,61.4467
optionB_budget0.90_beta0.0200_gamma0.50,carbonscaler_budget,texas,58,0,341.0,68.664,75.3879
optionB_budget0.90_beta0.0200_gamma0.50,carbonscaler_budget,texas,59,0,361.0,56.1997,46.5673
optionB_budget0.90_beta0.0200_gamma0.50,carbonscaler_budget,texas,60,0,389.0,50.4553,57.0859
optionB_budget0.90_beta0.0200_gamma0.50,carbonscaler_budget,texas,61,0,398.0,50.708,33.0799
optionB_budget0.90_beta0.0200_gamma0.50,carbonscaler_budget,texas,62,0,355.0,52.9678,48.4055
optionB_budget0.90_beta0.0200_gamma0.50,carbonscaler_budget,texas,63,0,331.0,58.8784,55.4826
optionB_budget0.90_beta0.0200_gamma0.50,carbonscaler_budget,texas,64,0,346.0,69.3683,96.4196
optionB_budget0.90_beta0.0200_gamma0.50,carbonscaler_budget,texas,65,0,334.0,70.5607,85.1707
optionB_budget0.90_beta0.0200_gamma0.50,carbonscaler_budget,texas,66,0,319.0,65.4046,49.2341
optionB_budget0.90_beta0.0200_gamma0.50,carbonscaler_budget,texas,67,0,320.0,52.4934,43.3725
optionB_budget0.90_beta0.0200_gamma0.50,carbonscaler_budget,texas,68,0,327.0,48.7833,58.9517
optionB_budget0.90_beta0.0200_gamma0.50,carbonscaler_budget,texas,69,0,329.0,48.264,42.3642
optionB_budget0.90_beta0.0200_gamma0.50,carbonscaler_budget,texas,70,0,367.0,40.2067,25.7487
optionB_budget0.90_beta0.0200_gamma0.50,carbonscaler_budget,texas,71,0,420.0,38.6399,20.7555
optionB_budget0.90_beta0.0200_gamma0.50,carbonscaler_budget,texas,72,0,453.0,25.005,18.7779
optionB_budget0.90_beta0.0200_gamma0.50,carbonscaler_budget,texas,73,0,448.0,14.1714,11.0338
optionB_budget0.90_beta0.0200_gamma0.50,carbonscaler_budget,texas,74,0,443.0,17.0302,15.0893
optionB_budget0.90_beta0.0200_gamma0.50,carbonscaler_budget,texas,75,0,442.0,16.4485,29.7823
optionB_budget0.90_beta0.0200_gamma0.50,carbonscaler_budget,texas,76,0,440.0,19.7599,9.7297
optionB_budget0.90_beta0.0200_gamma0.50,carbonscaler_budget,texas,77,0,425.0,13.1885,14.6047
optionB_budget0.90_beta0.0200_gamma0.50,carbonscaler_budget,texas,78,0,386.0,25.134,39.4399
optionB_budget0.90_beta0.0200_gamma0.50,carbonscaler_budget,texas,79,0,352.0,36.9328,41.1443
optionB_budget0.90_beta0.0200_gamma0.50,carbonscaler_budget,texas,80,0,325.0,41.8119,55.1713
optionB_budget0.90_beta0.0200_gamma0.50,carbonscaler_budget,texas,81,0,317.0,33.574,21.4423
optionB_budget0.90_beta0.0200_gamma0.50,carbonscaler_budget,texas,82,0,329.0,29.1706,28.2014
optionB_budget0.90_beta0.0200_gamma0.50,carbonscaler_budget,texas,83,0,345.0,26.8487,22.73
optionB_budget0.90_beta0.0200_gamma0.50,carbonscaler_budget,texas,84,0,357.0,27.2327,38.418
optionB_budget0.90_beta0.0200_gamma0.50,carbonscaler_budget,texas,85,0,329.0,25.5057,36.527
optionB_budget0.90_beta0.0200_gamma0.50,carbonscaler_budget,texas,86,0,271.0,21.4771,26.0467
optionB_budget0.90_beta0.0200_gamma0.50,carbonscaler_budget,texas,87,1,233.0,27.4873,19.9106
optionB_budget0.90_beta0.0200_gamma0.50,carbonscaler_budget,texas,88,1,193.0,36.9808,23.7817
optionB_budget0.90_beta0.0200_gamma0.50,carbonscaler_budget,texas,89,1,182.0,57.2815,49.8727
optionB_budget0.90_beta0.0200_gamma0.50,carbonscaler_budget,texas,90,1,185.0,76.1777,83.9432
optionB_budget0.90_beta0.0200_gamma0.50,carbonscaler_budget,texas,91,1,185.0,73.5011,55.1757
optionB_budget0.90_beta0.0200_gamma0.50,carbonscaler_budget,texas,92,1,188.0,69.3436,254.8129
optionB_budget0.90_beta0.0200_gamma0.50,carbonscaler_budget,texas,93,1,203.0,41.3881,26.4996
optionB_budget0.90_beta0.0200_gamma0.50,carbonscaler_budget,texas,94,1,211.0,46.7147,39.3783
optionB_budget0.90_beta0.0200_gamma0.50,carbonscaler_budget,texas,95,0,262.0,37.5459,36.9086
optionB_budget0.90_beta0.0200_gamma0.50,carbonscaler_budget,texas,96,0,299.0,18.3422,22.6686
optionB_budget0.90_beta0.0200_gamma0.50,carbonscaler_budget,texas,97,0,305.0,23.8631,36.8306
optionB_budget0.90_beta0.0200_gamma0.50,carbonscaler_budget,texas,98,0,307.0,18.3429,16.9203
optionB_budget0.90_beta0.0200_gamma0.50,carbonscaler_budget,texas,99,0,305.0,25.3375,4.47
optionB_budget0.90_beta0.0200_gamma0.50,carbonscaler_budget,texas,100,0,290.0,71.2353,105.3646
optionB_budget0.90_beta0.0200_gamma0.50,carbonscaler_budget,texas,101,0,270.0,34.526,36.4763
optionB_budget0.90_beta0.0200_gamma0.50,carbonscaler_budget,texas,102,0,258.0,37.1991,51.6098
optionB_budget0.90_beta0.0200_gamma0.50,carbonscaler_budget,texas,103,0,254.0,42.6776,38.8888
optionB_budget0.90_beta0.0200_gamma0.50,carbonscaler_budget,texas,104,0,254.0,38.4615,56.8896
optionB_budget0.90_beta0.0200_gamma0.50,carbonscaler_budget,texas,105,0,253.0,171.9712,368.3534
optionB_budget0.90_beta0.0200_gamma0.50,carbonscaler_budget,texas,106,1,250.0,25.8761,3.1621
optionB_budget0.90_beta0.0200_gamma0.50,carbonscaler_budget,texas,107,1,256.0,20.8654,39.2828
optionB_budget0.90_beta0.0200_gamma0.50,carbonscaler_budget,texas,108,1,260.0,13.6561,30.106
optionB_budget0.90_beta0.0200_gamma0.50,carbonscaler_budget,texas,109,1,256.0,11.5445,18.6526
optionB_budget0.90_beta0.0200_gamma0.50,carbonscaler_budget,texas,110,1,229.0,21.1756,25.8241
optionB_budget0.90_beta0.0200_gamma0.50,carbonscaler_budget,texas,111,2,201.0,20.1438,20.4667
optionB_budget0.90_beta0.0200_gamma0.50,carbonscaler_budget,texas,112,1,191.0,38.1854,28.4718
optionB_budget0.90_beta0.0200_gamma0.50,carbonscaler_budget,texas,113,1,178.0,68.8497,77.2861
optionB_budget0.90_beta0.0200_gamma0.50,carbonscaler_budget,texas,114,1,187.0,81.1963,93.5924
optionB_budget0.90_beta0.0200_gamma0.50,carbonscaler_budget,texas,115,0,211.0,81.1428,95.1163
optionB_budget0.90_beta0.0200_gamma0.50,carbonscaler_budget,texas,116,0,216.0,68.1103,68.306
optionB_budget0.90_beta0.0200_gamma0.50,carbonscaler_budget,texas,117,0,235.0,71.371,54.8652
optionB_budget0.90_beta0.0200_gamma0.50,carbonscaler_budget,texas,118,0,260.0,38.0976,26.0119
optionB_budget0.90_beta0.0200_gamma0.50,carbonscaler_budget,texas,119,0,298.0,33.2382,33.5736
optionB_budget0.90_beta0.0200_gamma0.50,carbonscaler_budget,texas,120,0,357.0,34.7798,0.5833
optionB_budget0.90_beta0.0200_gamma0.50,carbonscaler_budget,texas,121,0,370.0,43.659,50.068
optionB_budget0.90_beta0.0200_gamma0.50,carbonscaler_budget,texas,122,0,361.0,54.8968,73.2643
optionB_budget0.90_beta0.0200_gamma0.50,carbonscaler_budget,texas,123,0,351.0,31.5659,27.0714
optionB_budget0.90_beta0.0200_gamma0.50,carbonscaler_budget,texas,124,0,345.0,38.9968,50.5642
optionB_budget0.90_beta0.0200_gamma0.50,carbonscaler_budget,texas,125,0,327.0,153.8136,133.0052
optionB_budget0.90_beta0.0200_gamma0.50,carbonscaler_budget,texas,126,0,317.0,137.7394,127.6533
optionB_budget0.90_beta0.0200_gamma0.50,carbonscaler_budget,texas,127,0,302.0,112.7035,127.4758
optionB_budget0.90_beta0.0200_gamma0.50,carbonscaler_budget,texas,128,0,259.0,75.7125,68.7393
optionB_budget0.90_beta0.0200_gamma0.50,carbonscaler_budget,texas,129,1,238.0,35.6457,19.6374
optionB_budget0.90_beta0.0200_gamma0.50,carbonscaler_budget,texas,130,1,231.0,44.3438,62.1764
optionB_budget0.90_beta0.0200_gamma0.50,carbonscaler_budget,texas,131,1,243.0,35.9372,21.0082
optionB_budget0.90_beta0.0200_gamma0.50,carbonscaler_budget,texas,132,0,254.0,38.1315,50.9989
optionB_budget0.90_beta0.0200_gamma0.50,carbonscaler_budget,texas,133,0,247.0,38.1886,42.7127
optionB_budget0.90_beta0.0200_gamma0.50,carbonscaler_budget,texas,134,1,226.0,39.6707,35.2655
optionB_budget0.90_beta0.0200_gamma0.50,carbonscaler_budget,texas,135,0,235.0,47.3615,31.6689
optionB_budget0.90_beta0.0200_gamma0.50,carbonscaler_budget,texas,136,0,228.0,68.7809,77.6323
optionB_budget0.90_beta0.0200_gamma0.50,carbonscaler_budget,texas,137,0,236.0,111.203,103.2048
optionB_budget0.90_beta0.0200_gamma0.50,carbonscaler_budget,texas,138,0,235.0,128.2242,114.5151
optionB_budget0.90_beta0.0200_gamma0.50,carbonscaler_budget,texas,139,0,251.0,109.0926,108.3063
optionB_budget0.90_beta0.0200_gamma0.50,carbonscaler_budget,texas,140,0,288.0,101.7683,117.6982
optionB_budget0.90_beta0.0200_gamma0.50,carbonscaler_budget,texas,141,0,318.0,65.184,56.8147
optionB_budget0.90_beta0.0200_gamma0.50,carbonscaler_budget,texas,142,0,354.0,58.0316,53.5464
optionB_budget0.90_beta0.0200_gamma0.50,carbonscaler_budget,texas,143,0,407.0,42.5978,66.0952
optionB_budget0.90_beta0.0200_gamma0.50,carbonscaler_budget,texas,144,0,463.0,33.627,36.459
optionB_budget0.90_beta0.0200_gamma0.50,carbonscaler_budget,texas,145,0,473.0,26.1557,13.8144
optionB_budget0.90_beta0.0200_gamma0.50,carbonscaler_budget,texas,146,0,481.0,32.1188,26.6674
optionB_budget0.90_beta0.0200_gamma0.50,carbonscaler_budget,texas,147,0,492.0,37.0733,28.8513
optionB_budget0.90_beta0.0200_gamma0.50,carbonscaler_budget,texas,148,0,503.0,30.1579,61.9976
optionB_budget0.90_beta0.0200_gamma0.50,carbonscaler_budget,texas,149,0,505.0,23.4652,17.8156
optionB_budget0.90_beta0.0200_gamma0.50,carbonscaler_budget,texas,150,0,503.0,43.1502,41.647
optionB_budget0.90_beta0.0200_gamma0.50,carbonscaler_budget,texas,151,0,504.0,66.5858,61.6512
optionB_budget0.90_beta0.0200_gamma0.50,carbonscaler_budget,texas,152,0,504.0,138.1495,287.0703
optionB_budget0.90_beta0.0200_gamma0.50,carbonscaler_budget,texas,153,0,504.0,51.5384,43.2347
optionB_budget0.90_beta0.0200_gamma0.50,carbonscaler_budget,texas,154,0,501.0,46.3416,47.3293
optionB_budget0.90_beta0.0200_gamma0.50,carbonscaler_budget,texas,155,0,499.0,44.2455,57.8439
optionB_budget0.90_beta0.0200_gamma0.50,carbonscaler_budget,texas,156,0,493.0,45.3638,62.2896
optionB_budget0.90_beta0.0200_gamma0.50,carbonscaler_budget,texas,157,0,463.0,48.8051,64.2054
optionB_budget0.90_beta0.0200_gamma0.50,carbonscaler_budget,texas,158,0,365.0,51.476,20.107
optionB_budget0.90_beta0.0200_gamma0.50,carbonscaler_budget,texas,159,0,316.0,51.6154,62.4952
optionB_budget0.90_beta0.0200_gamma0.50,carbonscaler_budget,texas,160,0,288.0,72.6202,86.4649
optionB_budget0.90_beta0.0200_gamma0.50,carbonscaler_budget,texas,161,0,281.0,100.3706,98.2854
optionB_budget0.90_beta0.0200_gamma0.50,carbonscaler_budget,texas,162,0,291.0,105.4917,102.8885
optionB_budget0.90_beta0.0200_gamma0.50,carbonscaler_budget,texas,163,0,296.0,97.4007,103.3636
optionB_budget0.90_beta0.0200_gamma0.50,carbonscaler_budget,texas,164,0,293.0,94.1298,79.272
optionB_budget0.90_beta0.0200_gamma0.50,carbonscaler_budget,texas,165,0,269.0,69.0595,66.6765
optionB_budget0.90_beta0.0200_gamma0.50,carbonscaler_budget,texas,166,0,311.0,52.4568,47.5106
optionB_budget0.90_beta0.0200_gamma0.50,carbonscaler_budget,texas,167,0,361.0,47.2983,81.2659
optionB_budget0.90_beta0.0400_gamma0.50,carbonscaler_budget,texas,0,0,329.0,34.7798,0.5833
optionB_budget0.90_beta0.0400_gamma0.50,carbonscaler_budget,texas,1,0,333.0,43.659,50.068
optionB_budget0.90_beta0.0400_gamma0.50,carbonscaler_budget,texas,2,0,321.0,54.8968,73.2643
optionB_budget0.90_beta0.0400_gamma0.50,carbonscaler_budget,texas,3,0,320.0,31.5659,27.0714
optionB_budget0.90_beta0.0400_gamma0.50,carbonscaler_budget,texas,4,0,331.0,38.9968,50.5642
optionB_budget0.90_beta0.0400_gamma0.50,carbonscaler_budget,texas,5,0,343.0,153.8136,133.0052
optionB_budget0.90_beta0.0400_gamma0.50,carbonscaler_budget,texas,6,0,363.0,137.7394,127.6533
optionB_budget0.90_beta0.0400_gamma0.50,carbonscaler_budget,texas,7,0,375.0,112.7035,127.4758
optionB_budget0.90_beta0.0400_gamma0.50,carbonscaler_budget,texas,8,0,382.0,75.7125,68.7393
optionB_budget0.90_beta0.0400_gamma0.50,carbonscaler_budget,texas,9,0,388.0,35.6457,19.6374
optionB_budget0.90_beta0.0400_gamma0.50,carbonscaler_budget,texas,10,0,409.0,44.3438,62.1764
optionB_budget0.90_beta0.0400_gamma0.50,carbonscaler_budget,texas,11,0,427.0,35.9372,21.0082
optionB_budget0.90_beta0.0400_gamma0.50,carbonscaler_budget,texas,12,0,431.0,38.1315,50.9989
optionB_budget0.90_beta0.0400_gamma0.50,carbonscaler_budget,texas,13,0,420.0,38.1886,42.7127
optionB_budget0.90_beta0.0400_gamma0.50,carbonscaler_budget,texas,14,0,326.0,39.6707,35.2655
optionB_budget0.90_beta0.0400_gamma0.50,carbonscaler_budget,texas,15,0,275.0,47.3615,31.6689
optionB_budget0.90_beta0.0400_gamma0.50,carbonscaler_budget,texas,16,0,286.0,68.7809,77.6323
optionB_budget0.90_beta0.0400_gamma0.50,carbonscaler_budget,texas,17,0,280.0,111.203,103.2048
optionB_budget0.90_beta0.0400_gamma0.50,carbonscaler_budget,texas,18,0,257.0,128.2242,114.5151
optionB_budget0.90_beta0.0400_gamma0.50,carbonscaler_budget,texas,19,0,241.0,109.0926,108.3063
optionB_budget0.90_beta0.0400_gamma0.50,carbonscaler_budget,texas,20,0,243.0,101.7683,117.6982
optionB_budget0.90_beta0.0400_gamma0.50,carbonscaler_budget,texas,21,0,251.0,65.184,56.8147
optionB_budget0.90_beta0.0400_gamma0.50,carbonscaler_budget,texas,22,0,255.0,58.0316,53.5464
optionB_budget0.90_beta0.0400_gamma0.50,carbonscaler_budget,texas,23,0,327.0,42.5978,66.0952
optionB_budget0.90_beta0.0400_gamma0.50,carbonscaler_budget,texas,24,0,402.0,33.627,36.459
optionB_budget0.90_beta0.0400_gamma0.50,carbonscaler_budget,texas,25,0,385.0,26.1557,13.8144
optionB_budget0.90_beta0.0400_gamma0.50,carbonscaler_budget,texas,26,0,363.0,32.1188,26.6674
optionB_budget0.90_beta0.0400_gamma0.50,carbonscaler_budget,texas,27,0,343.0,37.0733,28.8513
optionB_budget0.90_beta0.0400_gamma0.50,carbonscaler_budget,texas,28,0,309.0,30.1579,61.9976
optionB_budget0.90_beta0.0400_gamma0.50,carbonscaler_budget,texas,29,0,283.0,23.4652,17.8156
optionB_budget0.90_beta0.0400_gamma0.50,carbonscaler_budget,texas,30,0,263.0,43.1502,41.647
optionB_budget0.90_beta0.0400_gamma0.50,carbonscaler_budget,texas,31,0,262.0,66.5858,61.6512
optionB_budget0.90_beta0.0400_gamma0.50,carbonscaler_budget,texas,32,0,257.0,138.1495,287.0703
optionB_budget0.90_beta0.0400_gamma0.50,carbonscaler_budget,texas,33,0,260.0,51.5384,43.2347
optionB_budget0.90_beta0.0400_gamma0.50,carbonscaler_budget,texas,34,0,271.0,46.3416,47.3293
optionB_budget0.90_beta0.0400_gamma0.50,carbonscaler_budget,texas,35,0,285.0,44.2455,57.8439
optionB_budget0.90_beta0.0400_gamma0.50,carbonscaler_budget,texas,36,0,296.0,45.3638,62.2896
optionB_budget0.90_beta0.0400_gamma0.50,carbonscaler_budget,texas,37,0,292.0,48.8051,64.2054
optionB_budget0.90_beta0.0400_gamma0.50,carbonscaler_budget,texas,38,0,239.0,51.476,20.107
optionB_budget0.90_beta0.0400_gamma0.50,carbonscaler_budget,texas,39,1,200.0,51.6154,62.4952
optionB_budget0.90_beta0.0400_gamma0.50,carbonscaler_budget,texas,40,1,191.0,72.6202,86.4649
optionB_budget0.90_beta0.0400_gamma0.50,carbonscaler_budget,texas,41,0,199.0,100.3706,98.2854
optionB_budget0.90_beta0.0400_gamma0.50,carbonscaler_budget,texas,42,0,193.0,105.4917,102.8885
optionB_budget0.90_beta0.0400_gamma0.50,carbonscaler_budget,texas,43,0,198.0,97.4007,103.3636
optionB_budget0.90_beta0.0400_gamma0.50,carbonscaler_budget,texas,44,0,199.0,94.1298,79.272
optionB_budget0.90_beta0.0400_gamma0.50,carbonscaler_budget,texas,45,0,212.0,69.0595,66.6765
optionB_budget0.90_beta0.0400_gamma0.50,carbonscaler_budget,texas,46,0,236.0,52.4568,47.5106
optionB_budget0.90_beta0.0400_gamma0.50,carbonscaler_budget,texas,47,0,322.0,47.2983,81.2659
optionB_budget0.90_beta0.0400_gamma0.50,carbonscaler_budget,texas,48,0,374.0,35.1946,36.8934
optionB_budget0.90_beta0.0400_gamma0.50,carbonscaler_budget,texas,49,0,357.0,26.9337,21.3365
optionB_budget0.90_beta0.0400_gamma0.50,carbonscaler_budget,texas,50,0,335.0,27.766,1.951
optionB_budget0.90_beta0.0400_gamma0.50,carbonscaler_budget,texas,51,0,318.0,26.8679,8.729
optionB_budget0.90_beta0.0400_gamma0.50,carbonscaler_budget,texas,52,0,294.0,32.1051,29.6991
optionB_budget0.90_beta0.0400_gamma0.50,carbonscaler_budget,texas,53,0,283.0,23.9699,29.8911
optionB_budget0.90_beta0.0400_gamma0.50,carbonscaler_budget,texas,54,0,292.0,50.3498,28.7662
optionB_budget0.90_beta0.0400_gamma0.50,carbonscaler_budget,texas,55,0,312.0,58.473,51.5192
optionB_budget0.90_beta0.0400_gamma0.50,carbonscaler_budget,texas,56,0,336.0,56.9128,66.3191
optionB_budget0.90_beta0.0400_gamma0.50,carbonscaler_budget,texas,57,0,341.0,64.8707,61.4467
optionB_budget0.90_beta0.0400_gamma0.50,carbonscaler_budget,texas,58,0,341.0,68.664,75.3879
optionB_budget0.90_beta0.0400_gamma0.50,carbonscaler_budget,texas,59,0,361.0,56.1997,46.5673
optionB_budget0.90_beta0.0400_gamma0.50,carbonscaler_budget,texas,60,0,389.0,50.4553,57.0859
optionB_budget0.90_beta0.0400_gamma0.50,carbonscaler_budget,texas,61,0,398.0,50.708,33.0799
optionB_budget0.90_beta0.0400_gamma0.50,carbonscaler_budget,texas,62,0,355.0,52.9678,48.4055
optionB_budget0.90_beta0.0400_gamma0.50,carbonscaler_budget,texas,63,0,331.0,58.8784,55.4826
optionB_budget0.90_beta0.0400_gamma0.50,carbonscaler_budget,texas,64,0,346.0,69.3683,96.4196
optionB_budget0.90_beta0.0400_gamma0.50,carbonscaler_budget,texas,65,0,334.0,70.5607,85.1707
optionB_budget0.90_beta0.0400_gamma0.50,carbonscaler_budget,texas,66,0,319.0,65.4046,49.2341
optionB_budget0.90_beta0.0400_gamma0.50,carbonscaler_budget,texas,67,0,320.0,52.4934,43.3725
optionB_budget0.90_beta0.0400_gamma0.50,carbonscaler_budget,texas,68,0,327.0,48.7833,58.9517
optionB_budget0.90_beta0.0400_gamma0.50,carbonscaler_budget,texas,69,0,329.0,48.264,42.3642
optionB_budget0.90_beta0.0400_gamma0.50,carbonscaler_budget,texas,70,0,367.0,40.2067,25.7487
optionB_budget0.90_beta0.0400_gamma0.50,carbonscaler_budget,texas,71,0,420.0,38.6399,20.7555
optionB_budget0.90_beta0.0400_gamma0.50,carbonscaler_budget,texas,72,0,453.0,25.005,18.7779
optionB_budget0.90_beta0.0400_gamma0.50,carbonscaler_budget,texas,73,0,448.0,14.1714,11.0338
optionB_budget0.90_beta0.0400_gamma0.50,carbonscaler_budget,texas,74,0,443.0,17.0302,15.0893
optionB_budget0.90_beta0.0400_gamma0.50,carbonscaler_budget,texas,75,0,442.0,16.4485,29.7823
optionB_budget0.90_beta0.0400_gamma0.50,carbonscaler_budget,texas,76,0,440.0,19.7599,9.7297
optionB_budget0.90_beta0.0400_gamma0.50,carbonscaler_budget,texas,77,0,425.0,13.1885,14.6047
optionB_budget0.90_beta0.0400_gamma0.50,carbonscaler_budget,texas,78,0,386.0,25.134,39.4399
optionB_budget0.90_beta0.0400_gamma0.50,carbonscaler_budget,texas,79,0,352.0,36.9328,41.1443
optionB_budget0.90_beta0.0400_gamma0.50,carbonscaler_budget,texas,80,0,325.0,41.8119,55.1713
optionB_budget0.90_beta0.0400_gamma0.50,carbonscaler_budget,texas,81,0,317.0,33.574,21.4423
optionB_budget0.90_beta0.0400_gamma0.50,carbonscaler_budget,texas,82,0,329.0,29.1706,28.2014
optionB_budget0.90_beta0.0400_gamma0.50,carbonscaler_budget,texas,83,0,345.0,26.8487,22.73
optionB_budget0.90_beta0.0400_gamma0.50,carbonscaler_budget,texas,84,0,357.0,27.2327,38.418
optionB_budget0.90_beta0.0400_gamma0.50,carbonscaler_budget,texas,85,0,329.0,25.5057,36.527
optionB_budget0.90_beta0.0400_gamma0.50,carbonscaler_budget,texas,86,1,271.0,21.4771,26.0467
optionB_budget0.90_beta0.0400_gamma0.50,carbonscaler_budget,texas,87,1,233.0,27.4873,19.9106
optionB_budget0.90_beta0.0400_gamma0.50,carbonscaler_budget,texas,88,1,193.0,36.9808,23.7817
optionB_budget0.90_beta0.0400_gamma0.50,carbonscaler_budget,texas,89,1,182.0,57.2815,49.8727
optionB_budget0.90_beta0.0400_gamma0.50,carbonscaler_budget,texas,90,1,185.0,76.1777,83.9432
optionB_budget0.90_beta0.0400_gamma0.50,carbonscaler_budget,texas,91,1,185.0,73.5011,55.1757
optionB_budget0.90_beta0.0400_gamma0.50,carbonscaler_budget,texas,92,1,188.0,69.3436,254.8129
optionB_budget0.90_beta0.0400_gamma0.50,carbonscaler_budget,texas,93,1,203.0,41.3881,26.4996
optionB_budget0.90_beta0.0400_gamma0.50,carbonscaler_budget,texas,94,1,211.0,46.7147,39.3783
optionB_budget0.90_beta0.0400_gamma0.50,carbonscaler_budget,texas,95,0,262.0,37.5459,36.9086
optionB_budget0.90_beta0.0400_gamma0.50,carbonscaler_budget,texas,96,0,299.0,18.3422,22.6686
optionB_budget0.90_beta0.0400_gamma0.50,carbonscaler_budget,texas,97,0,305.0,23.8631,36.8306
optionB_budget0.90_beta0.0400_gamma0.50,carbonscaler_budget,texas,98,0,307.0,18.3429,16.9203
optionB_budget0.90_beta0.0400_gamma0.50,carbonscaler_budget,texas,99,0,305.0,25.3375,4.47
optionB_budget0.90_beta0.0400_gamma0.50,carbonscaler_budget,texas,100,0,290.0,71.2353,105.3646
optionB_budget0.90_beta0.0400_gamma0.50,carbonscaler_budget,texas,101,0,270.0,34.526,36.4763
optionB_budget0.90_beta0.0400_gamma0.50,carbonscaler_budget,texas,102,0,258.0,37.1991,51.6098
optionB_budget0.90_beta0.0400_gamma0.50,carbonscaler_budget,texas,103,0,254.0,42.6776,38.8888
optionB_budget0.90_beta0.0400_gamma0.50,carbonscaler_budget,texas,104,0,254.0,38.4615,56.8896
optionB_budget0.90_beta0.0400_gamma0.50,carbonscaler_budget,texas,105,0,253.0,171.9712,368.3534
optionB_budget0.90_beta0.0400_gamma0.50,carbonscaler_budget,texas,106,1,250.0,25.8761,3.1621
optionB_budget0.90_beta0.0400_gamma0.50,carbonscaler_budget,texas,107,1,256.0,20.8654,39.2828
optionB_budget0.90_beta0.0400_gamma0.50,carbonscaler_budget,texas,108,1,260.0,13.6561,30.106
optionB_budget0.90_beta0.0400_gamma0.50,carbonscaler_budget,texas,109,1,256.0,11.5445,18.6526
optionB_budget0.90_beta0.0400_gamma0.50,carbonscaler_budget,texas,110,1,229.0,21.1756,25.8241
optionB_budget0.90_beta0.0400_gamma0.50,carbonscaler_budget,texas,111,2,201.0,20.1438,20.4667
optionB_budget0.90_beta0.0400_gamma0.50,carbonscaler_budget,texas,112,2,191.0,38.1854,28.4718
optionB_budget0.90_beta0.0400_gamma0.50,carbonscaler_budget,texas,113,1,178.0,68.8497,77.2861
optionB_budget0.90_beta0.0400_gamma0.50,carbonscaler_budget,texas,114,0,187.0,81.1963,93.5924
optionB_budget0.90_beta0.0400_gamma0.50,carbonscaler_budget,texas,115,0,211.0,81.1428,95.1163
optionB_budget0.90_beta0.0400_gamma0.50,carbonscaler_budget,texas,116,0,216.0,68.1103,68.306
optionB_budget0.90_beta0.0400_gamma0.50,carbonscaler_budget,texas,117,0,235.0,71.371,54.8652
optionB_budget0.90_beta0.0400_gamma0.50,carbonscaler_budget,texas,118,0,260.0,38.0976,26.0119
optionB_budget0.90_beta0.0400_gamma0.50,carbonscaler_budget,texas,119,0,298.0,33.2382,33.5736
optionB_budget0.90_beta0.0400_gamma0.50,carbonscaler_budget,texas,120,0,357.0,34.7798,0.5833
optionB_budget0.90_beta0.0400_gamma0.50,carbonscaler_budget,texas,121,0,370.0,43.659,50.068
optionB_budget0.90_beta0.0400_gamma0.50,carbonscaler_budget,texas,122,0,361.0,54.8968,73.2643
optionB_budget0.90_beta0.0400_gamma0.50,carbonscaler_budget,texas,123,0,351.0,31.5659,27.0714
optionB_budget0.90_beta0.0400_gamma0.50,carbonscaler_budget,texas,124,0,345.0,38.9968,50.5642
optionB_budget0.90_beta0.0400_gamma0.50,carbonscaler_budget,texas,125,0,327.0,153.8136,133.0052
optionB_budget0.90_beta0.0400_gamma0.50,carbonscaler_budget,texas,126,0,317.0,137.7394,127.6533
optionB_budget0.90_beta0.0400_gamma0.50,carbonscaler_budget,texas,127,0,302.0,112.7035,127.4758
optionB_budget0.90_beta0.0400_gamma0.50,carbonscaler_budget,texas,128,0,259.0,75.7125,68.7393
optionB_budget0.90_beta0.0400_gamma0.50,carbonscaler_budget,texas,129,1,238.0,35.6457,19.6374
optionB_budget0.90_beta0.0400_gamma0.50,carbonscaler_budget,texas,130,1,231.0,44.3438,62.1764
optionB_budget0.90_beta0.0400_gamma0.50,carbonscaler_budget,texas,131,1,243.0,35.9372,21.0082
optionB_budget0.90_beta0.0400_gamma0.50,carbonscaler_budget,texas,132,0,254.0,38.1315,50.9989
optionB_budget0.90_beta0.0400_gamma0.50,carbonscaler_budget,texas,133,0,247.0,38.1886,42.7127
optionB_budget0.90_beta0.0400_gamma0.50,carbonscaler_budget,texas,134,1,226.0,39.6707,35.2655
optionB_budget0.90_beta0.0400_gamma0.50,carbonscaler_budget,texas,135,0,235.0,47.3615,31.6689
optionB_budget0.90_beta0.0400_gamma0.50,carbonscaler_budget,texas,136,0,228.0,68.7809,77.6323
optionB_budget0.90_beta0.0400_gamma0.50,carbonscaler_budget,texas,137,0,236.0,111.203,103.2048
optionB_budget0.90_beta0.0400_gamma0.50,carbonscaler_budget,texas,138,0,235.0,128.2242,114.5151
optionB_budget0.90_beta0.0400_gamma0.50,carbonscaler_budget,texas,139,0,251.0,109.0926,108.3063
optionB_budget0.90_beta0.0400_gamma0.50,carbonscaler_budget,texas,140,0,288.0,101.7683,117.6982
optionB_budget0.90_beta0.0400_gamma0.50,carbonscaler_budget,texas,141,0,318.0,65.184,56.8147
optionB_budget0.90_beta0.0400_gamma0.50,carbonscaler_budget,texas,142,0,354.0,58.0316,53.5464
optionB_budget0.90_beta0.0400_gamma0.50,carbonscaler_budget,texas,143,0,407.0,42.5978,66.0952
optionB_budget0.90_beta0.0400_gamma0.50,carbonscaler_budget,texas,144,0,463.0,33.627,36.459
optionB_budget0.90_beta0.0400_gamma0.50,carbonscaler_budget,texas,145,0,473.0,26.1557,13.8144
optionB_budget0.90_beta0.0400_gamma0.50,carbonscaler_budget,texas,146,0,481.0,32.1188,26.6674
optionB_budget0.90_beta0.0400_gamma0.50,carbonscaler_budget,texas,147,0,492.0,37.0733,28.8513
optionB_budget0.90_beta0.0400_gamma0.50,carbonscaler_budget,texas,148,0,503.0,30.1579,61.9976
optionB_budget0.90_beta0.0400_gamma0.50,carbonscaler_budget,texas,149,0,505.0,23.4652,17.8156
optionB_budget0.90_beta0.0400_gamma0.50,carbonscaler_budget,texas,150,0,503.0,43.1502,41.647
optionB_budget0.90_beta0.0400_gamma0.50,carbonscaler_budget,texas,151,0,504.0,66.5858,61.6512
optionB_budget0.90_beta0.0400_gamma0.50,carbonscaler_budget,texas,152,0,504.0,138.1495,287.0703
optionB_budget0.90_beta0.0400_gamma0.50,carbonscaler_budget,texas,153,0,504.0,51.5384,43.2347
optionB_budget0.90_beta0.0400_gamma0.50,carbonscaler_budget,texas,154,0,501.0,46.3416,47.3293
optionB_budget0.90_beta0.0400_gamma0.50,carbonscaler_budget,texas,155,0,499.0,44.2455,57.8439
optionB_budget0.90_beta0.0400_gamma0.50,carbonscaler_budget,texas,156,0,493.0,45.3638,62.2896
optionB_budget0.90_beta0.0400_gamma0.50,carbonscaler_budget,texas,157,0,463.0,48.8051,64.2054
optionB_budget0.90_beta0.0400_gamma0.50,carbonscaler_budget,texas,158,0,365.0,51.476,20.107
optionB_budget0.90_beta0.0400_gamma0.50,carbonscaler_budget,texas,159,0,316.0,51.6154,62.4952
optionB_budget0.90_beta0.0400_gamma0.50,carbonscaler_budget,texas,160,0,288.0,72.6202,86.4649
optionB_budget0.90_beta0.0400_gamma0.50,carbonscaler_budget,texas,161,0,281.0,100.3706,98.2854
optionB_budget0.90_beta0.0400_gamma0.50,carbonscaler_budget,texas,162,0,291.0,105.4917,102.8885
optionB_budget0.90_beta0.0400_gamma0.50,carbonscaler_budget,texas,163,0,296.0,97.4007,103.3636
optionB_budget0.90_beta0.0400_gamma0.50,carbonscaler_budget,texas,164,0,293.0,94.1298,79.272
optionB_budget0.90_beta0.0400_gamma0.50,carbonscaler_budget,texas,165,0,269.0,69.0595,66.6765
optionB_budget0.90_beta0.0400_gamma0.50,carbonscaler_budget,texas,166,0,311.0,52.4568,47.5106
optionB_budget0.90_beta0.0400_gamma0.50,carbonscaler_budget,texas,167,0,361.0,47.2983,81.2659
optionB_budget0.90_beta0.01_gamma0.10,carbonscaler_budget,texas,0,0,329.0,34.7798,0.5833
optionB_budget0.90_beta0.01_gamma0.10,carbonscaler_budget,texas,1,0,333.0,43.659,50.068
optionB_budget0.90_beta0.01_gamma0.10,carbonscaler_budget,texas,2,0,321.0,54.8968,73.2643
optionB_budget0.90_beta0.01_gamma0.10,carbonscaler_budget,texas,3,0,320.0,31.5659,27.0714
optionB_budget0.90_beta0.01_gamma0.10,carbonscaler_budget,texas,4,0,331.0,38.9968,50.5642
optionB_budget0.90_beta0.01_gamma0.10,carbonscaler_budget,texas,5,0,343.0,153.8136,133.0052
optionB_budget0.90_beta0.01_gamma0.10,carbonscaler_budget,texas,6,0,363.0,137.7394,127.6533
optionB_budget0.90_beta0.01_gamma0.10,carbonscaler_budget,texas,7,0,375.0,112.7035,127.4758
optionB_budget0.90_beta0.01_gamma0.10,carbonscaler_budget,texas,8,0,382.0,75.7125,68.7393
optionB_budget0.90_beta0.01_gamma0.10,carbonscaler_budget,texas,9,0,388.0,35.6457,19.6374
optionB_budget0.90_beta0.01_gamma0.10,carbonscaler_budget,texas,10,0,409.0,44.3438,62.1764
optionB_budget0.90_beta0.01_gamma0.10,carbonscaler_budget,texas,11,0,427.0,35.9372,21.0082
optionB_budget0.90_beta0.01_gamma0.10,carbonscaler_budget,texas,12,0,431.0,38.1315,50.9989
optionB_budget0.90_beta0.01_gamma0.10,carbonscaler_budget,texas,13,0,420.0,38.1886,42.7127
optionB_budget0.90_beta0.01_gamma0.10,carbonscaler_budget,texas,14,0,326.0,39.6707,35.2655
optionB_budget0.90_beta0.01_gamma0.10,carbonscaler_budget,texas,15,0,275.0,47.3615,31.6689
optionB_budget0.90_beta0.01_gamma0.10,carbonscaler_budget,texas,16,0,286.0,68.7809,77.6323
optionB_budget0.90_beta0.01_gamma0.10,carbonscaler_budget,texas,17,0,280.0,111.203,103.2048
optionB_budget0.90_beta0.01_gamma0.10,carbonscaler_budget,texas,18,0,257.0,128.2242,114.5151
optionB_budget0.90_beta0.01_gamma0.10,carbonscaler_budget,texas,19,0,241.0,109.0926,108.3063
optionB_budget0.90_beta0.01_gamma0.10,carbonscaler_budget,texas,20,0,243.0,101.7683,117.6982
optionB_budget0.90_beta0.01_gamma0.10,carbonscaler_budget,texas,21,0,251.0,65.184,56.8147
optionB_budget0.90_beta0.01_gamma0.10,carbonscaler_budget,texas,22,0,255.0,58.0316,53.5464
optionB_budget0.90_beta0.01_gamma0.10,carbonscaler_budget,texas,23,0,327.0,42.5978,66.0952
optionB_budget0.90_beta0.01_gamma0.10,carbonscaler_budget,texas,24,0,402.0,33.627,36.459
optionB_budget0.90_beta0.01_gamma0.10,carbonscaler_budget,texas,25,0,385.0,26.1557,13.8144
optionB_budget0.90_beta0.01_gamma0.10,carbonscaler_budget,texas,26,0,363.0,32.1188,26.6674
optionB_budget0.90_beta0.01_gamma0.10,carbonscaler_budget,texas,27,0,343.0,37.0733,28.8513
optionB_budget0.90_beta0.01_gamma0.10,carbonscaler_budget,texas,28,0,309.0,30.1579,61.9976
optionB_budget0.90_beta0.01_gamma0.10,carbonscaler_budget,texas,29,0,283.0,23.4652,17.8156
optionB_budget0.90_beta0.01_gamma0.10,carbonscaler_budget,texas,30,0,263.0,43.1502,41.647
optionB_budget0.90_beta0.01_gamma0.10,carbonscaler_budget,texas,31,0,262.0,66.5858,61.6512
optionB_budget0.90_beta0.01_gamma0.10,carbonscaler_budget,texas,32,0,257.0,138.1495,287.0703
optionB_budget0.90_beta0.01_gamma0.10,carbonscaler_budget,texas,33,0,260.0,51.5384,43.2347
optionB_budget0.90_beta0.01_gamma0.10,carbonscaler_budget,texas,34,0,271.0,46.3416,47.3293
optionB_budget0.90_beta0.01_gamma0.10,carbonscaler_budget,texas,35,0,285.0,44.2455,57.8439
optionB_budget0.90_beta0.01_gamma0.10,carbonscaler_budget,texas,36,0,296.0,45.3638,62.2896
optionB_budget0.90_beta0.01_gamma0.10,carbonscaler_budget,texas,37,0,292.0,48.8051,64.2054
optionB_budget0.90_beta0.01_gamma0.10,carbonscaler_budget,texas,38,0,239.0,51.476,20.107
optionB_budget0.90_beta0.01_gamma0.10,carbonscaler_budget,texas,39,1,200.0,51.6154,62.4952
optionB_budget0.90_beta0.01_gamma0.10,carbonscaler_budget,texas,40,1,191.0,72.6202,86.4649
optionB_budget0.90_beta0.01_gamma0.10,carbonscaler_budget,texas,41,1,199.0,100.3706,98.2854
optionB_budget0.90_beta0.01_gamma0.10,carbonscaler_budget,texas,42,1,193.0,105.4917,102.8885
optionB_budget0.90_beta0.01_gamma0.10,carbonscaler_budget,texas,43,1,198.0,97.4007,103.3636
optionB_budget0.90_beta0.01_gamma0.10,carbonscaler_budget,texas,44,1,199.0,94.1298,79.272
optionB_budget0.90_beta0.01_gamma0.10,carbonscaler_budget,texas,45,1,212.0,69.0595,66.6765
optionB_budget0.90_beta0.01_gamma0.10,carbonscaler_budget,texas,46,0,236.0,52.4568,47.5106
optionB_budget0.90_beta0.01_gamma0.10,carbonscaler_budget,texas,47,0,322.0,47.2983,81.2659
optionB_budget0.90_beta0.01_gamma0.10,carbonscaler_budget,texas,48,0,374.0,35.1946,36.8934
optionB_budget0.90_beta0.01_gamma0.10,carbonscaler_budget,texas,49,0,357.0,26.9337,21.3365
optionB_budget0.90_beta0.01_gamma0.10,carbonscaler_budget,texas,50,0,335.0,27.766,1.951
optionB_budget0.90_beta0.01_gamma0.10,carbonscaler_budget,texas,51,0,318.0,26.8679,8.729
optionB_budget0.90_beta0.01_gamma0.10,carbonscaler_budget,texas,52,0,294.0,32.1051,29.6991
optionB_budget0.90_beta0.01_gamma0.10,carbonscaler_budget,texas,53,0,283.0,23.9699,29.8911
optionB_budget0.90_beta0.01_gamma0.10,carbonscaler_budget,texas,54,0,292.0,50.3498,28.7662
optionB_budget0.90_beta0.01_gamma0.10,carbonscaler_budget,texas,55,0,312.0,58.473,51.5192
optionB_budget0.90_beta0.01_gamma0.10,carbonscaler_budget,texas,56,0,336.0,56.9128,66.3191
optionB_budget0.90_beta0.01_gamma0.10,carbonscaler_budget,texas,57,0,341.0,64.8707,61.4467
optionB_budget0.90_beta0.01_gamma0.10,carbonscaler_budget,texas,58,0,341.0,68.664,75.3879
optionB_budget0.90_beta0.01_gamma0.10,carbonscaler_budget,texas,59,0,361.0,56.1997,46.5673
optionB_budget0.90_beta0.01_gamma0.10,carbonscaler_budget,texas,60,0,389.0,50.4553,57.0859
optionB_budget0.90_beta0.01_gamma0.10,carbonscaler_budget,texas,61,0,398.0,50.708,33.0799
optionB_budget0.90_beta0.01_gamma0.10,carbonscaler_budget,texas,62,0,355.0,52.9678,48.4055
optionB_budget0.90_beta0.01_gamma0.10,carbonscaler_budget,texas,63,0,331.0,58.8784,55.4826
optionB_budget0.90_beta0.01_gamma0.10,carbonscaler_budget,texas,64,0,346.0,69.3683,96.4196
optionB_budget0.90_beta0.01_gamma0.10,carbonscaler_budget,texas,65,0,334.0,70.5607,85.1707
optionB_budget0.90_beta0.01_gamma0.10,carbonscaler_budget,texas,66,0,319.0,65.4046,49.2341
optionB_budget0.90_beta0.01_gamma0.10,carbonscaler_budget,texas,67,0,320.0,52.4934,43.3725
optionB_budget0.90_beta0.01_gamma0.10,carbonscaler_budget,texas,68,0,327.0,48.7833,58.9517
optionB_budget0.90_beta0.01_gamma0.10,carbonscaler_budget,texas,69,0,329.0,48.264,42.3642
optionB_budget0.90_beta0.01_gamma0.10,carbonscaler_budget,texas,70,0,367.0,40.2067,25.7487
optionB_budget0.90_beta0.01_gamma0.10,carbonscaler_budget,texas,71,0,420.0,38.6399,20.7555
optionB_budget0.90_beta0.01_gamma0.10,carbonscaler_budget,texas,72,0,453.0,25.005,18.7779
optionB_budget0.90_beta0.01_gamma0.10,carbonscaler_budget,texas,73,0,448.0,14.1714,11.0338
optionB_budget0.90_beta0.01_gamma0.10,carbonscaler_budget,texas,74,0,443.0,17.0302,15.0893
optionB_budget0.90_beta0.01_gamma0.10,carbonscaler_budget,texas,75,0,442.0,16.4485,29.7823
optionB_budget0.90_beta0.01_gamma0.10,carbonscaler_budget,texas,76,0,440.0,19.7599,9.7297
optionB_budget0.90_beta0.01_gamma0.10,carbonscaler_budget,texas,77,0,425.0,13.1885,14.6047
optionB_budget0.90_beta0.01_gamma0.10,carbonscaler_budget,texas,78,0,386.0,25.134,39.4399
optionB_budget0.90_beta0.01_gamma0.10,carbonscaler_budget,texas,79,0,352.0,36.9328,41.1443
optionB_budget0.90_beta0.01_gamma0.10,carbonscaler_budget,texas,80,0,325.0,41.8119,55.1713
optionB_budget0.90_beta0.01_gamma0.10,carbonscaler_budget,texas,81,0,317.0,33.574,21.4423
optionB_budget0.90_beta0.01_gamma0.10,carbonscaler_budget,texas,82,0,329.0,29.1706,28.2014
optionB_budget0.90_beta0.01_gamma0.10,carbonscaler_budget,texas,83,0,345.0,26.8487,22.73
optionB_budget0.90_beta0.01_gamma0.10,carbonscaler_budget,texas,84,0,357.0,27.2327,38.418
optionB_budget0.90_beta0.01_gamma0.10,carbonscaler_budget,texas,85,0,329.0,25.5057,36.527
optionB_budget0.90_beta0.01_gamma0.10,carbonscaler_budget,texas,86,0,271.0,21.4771,26.0467
optionB_budget0.90_beta0.01_gamma0.10,carbonscaler_budget,texas,87,1,233.0,27.4873,19.9106
optionB_budget0.90_beta0.01_gamma0.10,carbonscaler_budget,texas,88,1,193.0,36.9808,23.7817
optionB_budget0.90_beta0.01_gamma0.10,carbonscaler_budget,texas,89,1,182.0,57.2815,49.8727
optionB_budget0.90_beta0.01_gamma0.10,carbonscaler_budget,texas,90,1,185.0,76.1777,83.9432
optionB_budget0.90_beta0.01_gamma0.10,carbonscaler_budget,texas,91,1,185.0,73.5011,55.1757
optionB_budget0.90_beta0.01_gamma0.10,carbonscaler_budget,texas,92,1,188.0,69.3436,254.8129
optionB_budget0.90_beta0.01_gamma0.10,carbonscaler_budget,texas,93,1,203.0,41.3881,26.4996
optionB_budget0.90_beta0.01_gamma0.10,carbonscaler_budget,texas,94,1,211.0,46.7147,39.3783
optionB_budget0.90_beta0.01_gamma0.10,carbonscaler_budget,texas,95,0,262.0,37.5459,36.9086
optionB_budget0.90_beta0.01_gamma0.10,carbonscaler_budget,texas,96,0,299.0,18.3422,22.6686
optionB_budget0.90_beta0.01_gamma0.10,carbonscaler_budget,texas,97,0,305.0,23.8631,36.8306
optionB_budget0.90_beta0.01_gamma0.10,carbonscaler_budget,texas,98,0,307.0,18.3429,16.9203
optionB_budget0.90_beta0.01_gamma0.10,carbonscaler_budget,texas,99,0,305.0,25.3375,4.47
optionB_budget0.90_beta0.01_gamma0.10,carbonscaler_budget,texas,100,0,290.0,71.2353,105.3646
optionB_budget0.90_beta0.01_gamma0.10,carbonscaler_budget,texas,101,0,270.0,34.526,36.4763
optionB_budget0.90_beta0.01_gamma0.10,carbonscaler_budget,texas,102,0,258.0,37.1991,51.6098
optionB_budget0.90_beta0.01_gamma0.10,carbonscaler_budget,texas,103,0,254.0,42.6776,38.8888
optionB_budget0.90_beta0.01_gamma0.10,carbonscaler_budget,texas,104,0,254.0,38.4615,56.8896
optionB_budget0.90_beta0.01_gamma0.10,carbonscaler_budget,texas,105,0,253.0,171.9712,368.3534
optionB_budget0.90_beta0.01_gamma0.10,carbonscaler_budget,texas,106,0,250.0,25.8761,3.1621
optionB_budget0.90_beta0.01_gamma0.10,carbonscaler_budget,texas,107,0,256.0,20.8654,39.2828
optionB_budget0.90_beta0.01_gamma0.10,carbonscaler_budget,texas,108,0,260.0,13.6561,30.106
optionB_budget0.90_beta0.01_gamma0.10,carbonscaler_budget,texas,109,0,256.0,11.5445,18.6526
optionB_budget0.90_beta0.01_gamma0.10,carbonscaler_budget,texas,110,1,229.0,21.1756,25.8241
optionB_budget0.90_beta0.01_gamma0.10,carbonscaler_budget,texas,111,1,201.0,20.1438,20.4667
optionB_budget0.90_beta0.01_gamma0.10,carbonscaler_budget,texas,112,1,191.0,38.1854,28.4718
optionB_budget0.90_beta0.01_gamma0.10,carbonscaler_budget,texas,113,1,178.0,68.8497,77.2861
optionB_budget0.90_beta0.01_gamma0.10,carbonscaler_budget,texas,114,1,187.0,81.1963,93.5924
optionB_budget0.90_beta0.01_gamma0.10,carbonscaler_budget,texas,115,1,211.0,81.1428,95.1163
optionB_budget0.90_beta0.01_gamma0.10,carbonscaler_budget,texas,116,1,216.0,68.1103,68.306
optionB_budget0.90_beta0.01_gamma0.10,carbonscaler_budget,texas,117,0,235.0,71.371,54.8652
optionB_budget0.90_beta0.01_gamma0.10,carbonscaler_budget,texas,118,0,260.0,38.0976,26.0119
optionB_budget0.90_beta0.01_gamma0.10,carbonscaler_budget,texas,119,0,298.0,33.2382,33.5736
optionB_budget0.90_beta0.01_gamma0.10,carbonscaler_budget,texas,120,0,357.0,34.7798,0.5833
optionB_budget0.90_beta0.01_gamma0.10,carbonscaler_budget,texas,121,0,370.0,43.659,50.068
optionB_budget0.90_beta0.01_gamma0.10,carbonscaler_budget,texas,122,0,361.0,54.8968,73.2643
optionB_budget0.90_beta0.01_gamma0.10,carbonscaler_budget,texas,123,0,351.0,31.5659,27.0714
optionB_budget0.90_beta0.01_gamma0.10,carbonscaler_budget,texas,124,0,345.0,38.9968,50.5642
optionB_budget0.90_beta0.01_gamma0.10,carbonscaler_budget,texas,125,0,327.0,153.8136,133.0052
optionB_budget0.90_beta0.01_gamma0.10,carbonscaler_budget,texas,126,0,317.0,137.7394,127.6533
optionB_budget0.90_beta0.01_gamma0.10,carbonscaler_budget,texas,127,0,302.0,112.7035,127.4758
optionB_budget0.90_beta0.01_gamma0.10,carbonscaler_budget,texas,128,0,259.0,75.7125,68.7393
optionB_budget0.90_beta0.01_gamma0.10,carbonscaler_budget,texas,129,0,238.0,35.6457,19.6374
optionB_budget0.90_beta0.01_gamma0.10,carbonscaler_budget,texas,130,1,231.0,44.3438,62.1764
optionB_budget0.90_beta0.01_gamma0.10,carbonscaler_budget,texas,131,0,243.0,35.9372,21.0082
optionB_budget0.90_beta0.01_gamma0.10,carbonscaler_budget,texas,132,0,254.0,38.1315,50.9989
optionB_budget0.90_beta0.01_gamma0.10,carbonscaler_budget,texas,133,0,247.0,38.1886,42.7127
optionB_budget0.90_beta0.01_gamma0.10,carbonscaler_budget,texas,134,1,226.0,39.6707,35.2655
optionB_budget0.90_beta0.01_gamma0.10,carbonscaler_budget,texas,135,0,235.0,47.3615,31.6689
optionB_budget0.90_beta0.01_gamma0.10,carbonscaler_budget,texas,136,0,228.0,68.7809,77.6323
optionB_budget0.90_beta0.01_gamma0.10,carbonscaler_budget,texas,137,0,236.0,111.203,103.2048
optionB_budget0.90_beta0.01_gamma0.10,carbonscaler_budget,texas,138,0,235.0,128.2242,114.5151
optionB_budget0.90_beta0.01_gamma0.10,carbonscaler_budget,texas,139,0,251.0,109.0926,108.3063
optionB_budget0.90_beta0.01_gamma0.10,carbonscaler_budget,texas,140,0,288.0,101.7683,117.6982
optionB_budget0.90_beta0.01_gamma0.10,carbonscaler_budget,texas,141,0,318.0,65.184,56.8147
optionB_budget0.90_beta0.01_gamma0.10,carbonscaler_budget,texas,142,0,354.0,58.0316,53.5464
optionB_budget0.90_beta0.01_gamma0.10,carbonscaler_budget,texas,143,0,407.0,42.5978,66.0952
optionB_budget0.90_beta0.01_gamma0.10,carbonscaler_budget,texas,144,0,463.0,33.627,36.459
optionB_budget0.90_beta0.01_gamma0.10,carbonscaler_budget,texas,145,0,473.0,26.1557,13.8144
optionB_budget0.90_beta0.01_gamma0.10,carbonscaler_budget,texas,146,0,481.0,32.1188,26.6674
optionB_budget0.90_beta0.01_gamma0.10,carbonscaler_budget,texas,147,0,492.0,37.0733,28.8513
optionB_budget0.90_beta0.01_gamma0.10,carbonscaler_budget,texas,148,0,503.0,30.1579,61.9976
optionB_budget0.90_beta0.01_gamma0.10,carbonscaler_budget,texas,149,0,505.0,23.4652,17.8156
optionB_budget0.90_beta0.01_gamma0.10,carbonscaler_budget,texas,150,0,503.0,43.1502,41.647
optionB_budget0.90_beta0.01_gamma0.10,carbonscaler_budget,texas,151,0,504.0,66.5858,61.6512
optionB_budget0.90_beta0.01_gamma0.10,carbonscaler_budget,texas,152,0,504.0,138.1495,287.0703
optionB_budget0.90_beta0.01_gamma0.10,carbonscaler_budget,texas,153,0,504.0,51.5384,43.2347
optionB_budget0.90_beta0.01_gamma0.10,carbonscaler_budget,texas,154,0,501.0,46.3416,47.3293
optionB_budget0.90_beta0.01_gamma0.10,carbonscaler_budget,texas,155,0,499.0,44.2455,57.8439
optionB_budget0.90_beta0.01_gamma0.10,carbonscaler_budget,texas,156,0,493.0,45.3638,62.2896
optionB_budget0.90_beta0.01_gamma0.10,carbonscaler_budget,texas,157,0,463.0,48.8051,64.2054
optionB_budget0.90_beta0.01_gamma0.10,carbonscaler_budget,texas,158,0,365.0,51.476,20.107
optionB_budget0.90_beta0.01_gamma0.10,carbonscaler_budget,texas,159,0,316.0,51.6154,62.4952
optionB_budget0.90_beta0.01_gamma0.10,carbonscaler_budget,texas,160,0,288.0,72.6202,86.4649
optionB_budget0.90_beta0.01_gamma0.10,carbonscaler_budget,texas,161,0,281.0,100.3706,98.2854
optionB_budget0.90_beta0.01_gamma0.10,carbonscaler_budget,texas,162,0,291.0,105.4917,102.8885
optionB_budget0.90_beta0.01_gamma0.10,carbonscaler_budget,texas,163,0,296.0,97.4007,103.3636
optionB_budget0.90_beta0.01_gamma0.10,carbonscaler_budget,texas,164,0,293.0,94.1298,79.272
optionB_budget0.90_beta0.01_gamma0.10,carbonscaler_budget,texas,165,0,269.0,69.0595,66.6765
optionB_budget0.90_beta0.01_gamma0.10,carbonscaler_budget,texas,166,0,311.0,52.4568,47.5106
optionB_budget0.90_beta0.01_gamma0.10,carbonscaler_budget,texas,167,0,361.0,47.2983,81.2659
optionB_budget0.90_beta0.01_gamma0.25,carbonscaler_budget,texas,0,0,329.0,34.7798,0.5833
optionB_budget0.90_beta0.01_gamma0.25,carbonscaler_budget,texas,1,0,333.0,43.659,50.068
optionB_budget0.90_beta0.01_gamma0.25,carbonscaler_budget,texas,2,0,321.0,54.8968,73.2643
optionB_budget0.90_beta0.01_gamma0.25,carbonscaler_budget,texas,3,0,320.0,31.5659,27.0714
optionB_budget0.90_beta0.01_gamma0.25,carbonscaler_budget,texas,4,0,331.0,38.9968,50.5642
optionB_budget0.90_beta0.01_gamma0.25,carbonscaler_budget,texas,5,0,343.0,153.8136,133.0052
optionB_budget0.90_beta0.01_gamma0.25,carbonscaler_budget,texas,6,0,363.0,137.7394,127.6533
optionB_budget0.90_beta0.01_gamma0.25,carbonscaler_budget,texas,7,0,375.0,112.7035,127.4758
optionB_budget0.90_beta0.01_gamma0.25,carbonscaler_budget,texas,8,0,382.0,75.7125,68.7393
optionB_budget0.90_beta0.01_gamma0.25,carbonscaler_budget,texas,9,0,388.0,35.6457,19.6374
optionB_budget0.90_beta0.01_gamma0.25,carbonscaler_budget,texas,10,0,409.0,44.3438,62.1764
optionB_budget0.90_beta0.01_gamma0.25,carbonscaler_budget,texas,11,0,427.0,35.9372,21.0082
optionB_budget0.90_beta0.01_gamma0.25,carbonscaler_budget,texas,12,0,431.0,38.1315,50.9989
optionB_budget0.90_beta0.01_gamma0.25,carbonscaler_budget,texas,13,0,420.0,38.1886,42.7127
optionB_budget0.90_beta0.01_gamma0.25,carbonscaler_budget,texas,14,0,326.0,39.6707,35.2655
optionB_budget0.90_beta0.01_gamma0.25,carbonscaler_budget,texas,15,0,275.0,47.3615,31.6689
optionB_budget0.90_beta0.01_gamma0.25,carbonscaler_budget,texas,16,0,286.0,68.7809,77.6323
optionB_budget0.90_beta0.01_gamma0.25,carbonscaler_budget,texas,17,0,280.0,111.203,103.2048
optionB_budget0.90_beta0.01_gamma0.25,carbonscaler_budget,texas,18,0,257.0,128.2242,114.5151
optionB_budget0.90_beta0.01_gamma0.25,carbonscaler_budget,texas,19,0,241.0,109.0926,108.3063
optionB_budget0.90_beta0.01_gamma0.25,carbonscaler_budget,texas,20,0,243.0,101.7683,117.6982
optionB_budget0.90_beta0.01_gamma0.25,carbonscaler_budget,texas,21,0,251.0,65.184,56.8147
optionB_budget0.90_beta0.01_gamma0.25,carbonscaler_budget,texas,22,0,255.0,58.0316,53.5464
optionB_budget0.90_beta0.01_gamma0.25,carbonscaler_budget,texas,23,0,327.0,42.5978,66.0952
optionB_budget0.90_beta0.01_gamma0.25,carbonscaler_budget,texas,24,0,402.0,33.627,36.459
optionB_budget0.90_beta0.01_gamma0.25,carbonscaler_budget,texas,25,0,385.0,26.1557,13.8144
optionB_budget0.90_beta0.01_gamma0.25,carbonscaler_budget,texas,26,0,363.0,32.1188,26.6674
optionB_budget0.90_beta0.01_gamma0.25,carbonscaler_budget,texas,27,0,343.0,37.0733,28.8513
optionB_budget0.90_beta0.01_gamma0.25,carbonscaler_budget,texas,28,0,309.0,30.1579,61.9976
optionB_budget0.90_beta0.01_gamma0.25,carbonscaler_budget,texas,29,0,283.0,23.4652,17.8156
optionB_budget0.90_beta0.01_gamma0.25,carbonscaler_budget,texas,30,0,263.0,43.1502,41.647
optionB_budget0.90_beta0.01_gamma0.25,carbonscaler_budget,texas,31,0,262.0,66.5858,61.6512
optionB_budget0.90_beta0.01_gamma0.25,carbonscaler_budget,texas,32,0,257.0,138.1495,287.0703
optionB_budget0.90_beta0.01_gamma0.25,carbonscaler_budget,texas,33,0,260.0,51.5384,43.2347
optionB_budget0.90_beta0.01_gamma0.25,carbonscaler_budget,texas,34,0,271.0,46.3416,47.3293
optionB_budget0.90_beta0.01_gamma0.25,carbonscaler_budget,texas,35,0,285.0,44.2455,57.8439
optionB_budget0.90_beta0.01_gamma0.25,carbonscaler_budget,texas,36,0,296.0,45.3638,62.2896
optionB_budget0.90_beta0.01_gamma0.25,carbonscaler_budget,texas,37,0,292.0,48.8051,64.2054
optionB_budget0.90_beta0.01_gamma0.25,carbonscaler_budget,texas,38,0,239.0,51.476,20.107
optionB_budget0.90_beta0.01_gamma0.25,carbonscaler_budget,texas,39,1,200.0,51.6154,62.4952
optionB_budget0.90_beta0.01_gamma0.25,carbonscaler_budget,texas,40,1,191.0,72.6202,86.4649
optionB_budget0.90_beta0.01_gamma0.25,carbonscaler_budget,texas,41,1,199.0,100.3706,98.2854
optionB_budget0.90_beta0.01_gamma0.25,carbonscaler_budget,texas,42,1,193.0,105.4917,102.8885
optionB_budget0.90_beta0.01_gamma0.25,carbonscaler_budget,texas,43,1,198.0,97.4007,103.3636
optionB_budget0.90_beta0.01_gamma0.25,carbonscaler_budget,texas,44,1,199.0,94.1298,79.272
optionB_budget0.90_beta0.01_gamma0.25,carbonscaler_budget,texas,45,1,212.0,69.0595,66.6765
optionB_budget0.90_beta0.01_gamma0.25,carbonscaler_budget,texas,46,0,236.0,52.4568,47.5106
optionB_budget0.90_beta0.01_gamma0.25,carbonscaler_budget,texas,47,0,322.0,47.2983,81.2659
optionB_budget0.90_beta0.01_gamma0.25,carbonscaler_budget,texas,48,0,374.0,35.1946,36.8934
optionB_budget0.90_beta0.01_gamma0.25,carbonscaler_budget,texas,49,0,357.0,26.9337,21.3365
optionB_budget0.90_beta0.01_gamma0.25,carbonscaler_budget,texas,50,0,335.0,27.766,1.951
optionB_budget0.90_beta0.01_gamma0.25,carbonscaler_budget,texas,51,0,318.0,26.8679,8.729
optionB_budget0.90_beta0.01_gamma0.25,carbonscaler_budget,texas,52,0,294.0,32.1051,29.6991
optionB_budget0.90_beta0.01_gamma0.25,carbonscaler_budget,texas,53,0,283.0,23.9699,29.8911
optionB_budget0.90_beta0.01_gamma0.25,carbonscaler_budget,texas,54,0,292.0,50.3498,28.7662
optionB_budget0.90_beta0.01_gamma0.25,carbonscaler_budget,texas,55,0,312.0,58.473,51.5192
optionB_budget0.90_beta0.01_gamma0.25,carbonscaler_budget,texas,56,0,336.0,56.9128,66.3191
optionB_budget0.90_beta0.01_gamma0.25,carbonscaler_budget,texas,57,0,341.0,64.8707,61.4467
optionB_budget0.90_beta0.01_gamma0.25,carbonscaler_budget,texas,58,0,341.0,68.664,75.3879
optionB_budget0.90_beta0.01_gamma0.25,carbonscaler_budget,texas,59,0,361.0,56.1997,46.5673
optionB_budget0.90_beta0.01_gamma0.25,carbonscaler_budget,texas,60,0,389.0,50.4553,57.0859
optionB_budget0.90_beta0.01_gamma0.25,carbonscaler_budget,texas,61,0,398.0,50.708,33.0799
optionB_budget0.90_beta0.01_gamma0.25,carbonscaler_budget,texas,62,0,355.0,52.9678,48.4055
optionB_budget0.90_beta0.01_gamma0.25,carbonscaler_budget,texas,63,0,331.0,58.8784,55.4826
optionB_budget0.90_beta0.01_gamma0.25,carbonscaler_budget,texas,64,0,346.0,69.3683,96.4196
optionB_budget0.90_beta0.01_gamma0.25,carbonscaler_budget,texas,65,0,334.0,70.5607,85.1707
optionB_budget0.90_beta0.01_gamma0.25,carbonscaler_budget,texas,66,0,319.0,65.4046,49.2341
optionB_budget0.90_beta0.01_gamma0.25,carbonscaler_budget,texas,67,0,320.0,52.4934,43.3725
optionB_budget0.90_beta0.01_gamma0.25,carbonscaler_budget,texas,68,0,327.0,48.7833,58.9517
optionB_budget0.90_beta0.01_gamma0.25,carbonscaler_budget,texas,69,0,329.0,48.264,42.3642
optionB_budget0.90_beta0.01_gamma0.25,carbonscaler_budget,texas,70,0,367.0,40.2067,25.7487
optionB_budget0.90_beta0.01_gamma0.25,carbonscaler_budget,texas,71,0,420.0,38.6399,20.7555
optionB_budget0.90_beta0.01_gamma0.25,carbonscaler_budget,texas,72,0,453.0,25.005,18.7779
optionB_budget0.90_beta0.01_gamma0.25,carbonscaler_budget,texas,73,0,448.0,14.1714,11.0338
optionB_budget0.90_beta0.01_gamma0.25,carbonscaler_budget,texas,74,0,443.0,17.0302,15.0893
optionB_budget0.90_beta0.01_gamma0.25,carbonscaler_budget,texas,75,0,442.0,16.4485,29.7823
optionB_budget0.90_beta0.01_gamma0.25,carbonscaler_budget,texas,76,0,440.0,19.7599,9.7297
optionB_budget0.90_beta0.01_gamma0.25,carbonscaler_budget,texas,77,0,425.0,13.1885,14.6047
optionB_budget0.90_beta0.01_gamma0.25,carbonscaler_budget,texas,78,0,386.0,25.134,39.4399
optionB_budget0.90_beta0.01_gamma0.25,carbonscaler_budget,texas,79,0,352.0,36.9328,41.1443
optionB_budget0.90_beta0.01_gamma0.25,carbonscaler_budget,texas,80,0,325.0,41.8119,55.1713
optionB_budget0.90_beta0.01_gamma0.25,carbonscaler_budget,texas,81,0,317.0,33.574,21.4423
optionB_budget0.90_beta0.01_gamma0.25,carbonscaler_budget,texas,82,0,329.0,29.1706,28.2014
optionB_budget0.90_beta0.01_gamma0.25,carbonscaler_budget,texas,83,0,345.0,26.8487,22.73
optionB_budget0.90_beta0.01_gamma0.25,carbonscaler_budget,texas,84,0,357.0,27.2327,38.418
optionB_budget0.90_beta0.01_gamma0.25,carbonscaler_budget,texas,85,0,329.0,25.5057,36.527
optionB_budget0.90_beta0.01_gamma0.25,carbonscaler_budget,texas,86,0,271.0,21.4771,26.0467
optionB_budget0.90_beta0.01_gamma0.25,carbonscaler_budget,texas,87,1,233.0,27.4873,19.9106
optionB_budget0.90_beta0.01_gamma0.25,carbonscaler_budget,texas,88,1,193.0,36.9808,23.7817
optionB_budget0.90_beta0.01_gamma0.25,carbonscaler_budget,texas,89,1,182.0,57.2815,49.8727
optionB_budget0.90_beta0.01_gamma0.25,carbonscaler_budget,texas,90,1,185.0,76.1777,83.9432
optionB_budget0.90_beta0.01_gamma0.25,carbonscaler_budget,texas,91,1,185.0,73.5011,55.1757
optionB_budget0.90_beta0.01_gamma0.25,carbonscaler_budget,texas,92,1,188.0,69.3436,254.8129
optionB_budget0.90_beta0.01_gamma0.25,carbonscaler_budget,texas,93,1,203.0,41.3881,26.4996
optionB_budget0.90_beta0.01_gamma0.25,carbonscaler_budget,texas,94,1,211.0,46.7147,39.3783
optionB_budget0.90_beta0.01_gamma0.25,carbonscaler_budget,texas,95,0,262.0,37.5459,36.9086
optionB_budget0.90_beta0.01_gamma0.25,carbonscaler_budget,texas,96,0,299.0,18.3422,22.6686
optionB_budget0.90_beta0.01_gamma0.25,carbonscaler_budget,texas,97,0,305.0,23.8631,36.8306
optionB_budget0.90_beta0.01_gamma0.25,carbonscaler_budget,texas,98,0,307.0,18.3429,16.9203
optionB_budget0.90_beta0.01_gamma0.25,carbonscaler_budget,texas,99,0,305.0,25.3375,4.47
optionB_budget0.90_beta0.01_gamma0.25,carbonscaler_budget,texas,100,0,290.0,71.2353,105.3646
optionB_budget0.90_beta0.01_gamma0.25,carbonscaler_budget,texas,101,0,270.0,34.526,36.4763
optionB_budget0.90_beta0.01_gamma0.25,carbonscaler_budget,texas,102,0,258.0,37.1991,51.6098
optionB_budget0.90_beta0.01_gamma0.25,carbonscaler_budget,texas,103,0,254.0,42.6776,38.8888
optionB_budget0.90_beta0.01_gamma0.25,carbonscaler_budget,texas,104,0,254.0,38.4615,56.8896
optionB_budget0.90_beta0.01_gamma0.25,carbonscaler_budget,texas,105,0,253.0,171.9712,368.3534
optionB_budget0.90_beta0.01_gamma0.25,carbonscaler_budget,texas,106,0,250.0,25.8761,3.1621
optionB_budget0.90_beta0.01_gamma0.25,carbonscaler_budget,texas,107,0,256.0,20.8654,39.2828
optionB_budget0.90_beta0.01_gamma0.25,carbonscaler_budget,texas,108,0,260.0,13.6561,30.106
optionB_budget0.90_beta0.01_gamma0.25,carbonscaler_budget,texas,109,0,256.0,11.5445,18.6526
optionB_budget0.90_beta0.01_gamma0.25,carbonscaler_budget,texas,110,1,229.0,21.1756,25.8241
optionB_budget0.90_beta0.01_gamma0.25,carbonscaler_budget,texas,111,1,201.0,20.1438,20.4667
optionB_budget0.90_beta0.01_gamma0.25,carbonscaler_budget,texas,112,1,191.0,38.1854,28.4718
optionB_budget0.90_beta0.01_gamma0.25,carbonscaler_budget,texas,113,1,178.0,68.8497,77.2861
optionB_budget0.90_beta0.01_gamma0.25,carbonscaler_budget,texas,114,1,187.0,81.1963,93.5924
optionB_budget0.90_beta0.01_gamma0.25,carbonscaler_budget,texas,115,1,211.0,81.1428,95.1163
optionB_budget0.90_beta0.01_gamma0.25,carbonscaler_budget,texas,116,1,216.0,68.1103,68.306
optionB_budget0.90_beta0.01_gamma0.25,carbonscaler_budget,texas,117,0,235.0,71.371,54.8652
optionB_budget0.90_beta0.01_gamma0.25,carbonscaler_budget,texas,118,0,260.0,38.0976,26.0119
optionB_budget0.90_beta0.01_gamma0.25,carbonscaler_budget,texas,119,0,298.0,33.2382,33.5736
optionB_budget0.90_beta0.01_gamma0.25,carbonscaler_budget,texas,120,0,357.0,34.7798,0.5833
optionB_budget0.90_beta0.01_gamma0.25,carbonscaler_budget,texas,121,0,370.0,43.659,50.068
optionB_budget0.90_beta0.01_gamma0.25,carbonscaler_budget,texas,122,0,361.0,54.8968,73.2643
optionB_budget0.90_beta0.01_gamma0.25,carbonscaler_budget,texas,123,0,351.0,31.5659,27.0714
optionB_budget0.90_beta0.01_gamma0.25,carbonscaler_budget,texas,124,0,345.0,38.9968,50.5642
optionB_budget0.90_beta0.01_gamma0.25,carbonscaler_budget,texas,125,0,327.0,153.8136,133.0052
optionB_budget0.90_beta0.01_gamma0.25,carbonscaler_budget,texas,126,0,317.0,137.7394,127.6533
optionB_budget0.90_beta0.01_gamma0.25,carbonscaler_budget,texas,127,0,302.0,112.7035,127.4758
optionB_budget0.90_beta0.01_gamma0.25,carbonscaler_budget,texas,128,0,259.0,75.7125,68.7393
optionB_budget0.90_beta0.01_gamma0.25,carbonscaler_budget,texas,129,0,238.0,35.6457,19.6374
optionB_budget0.90_beta0.01_gamma0.25,carbonscaler_budget,texas,130,1,231.0,44.3438,62.1764
optionB_budget0.90_beta0.01_gamma0.25,carbonscaler_budget,texas,131,0,243.0,35.9372,21.0082
optionB_budget0.90_beta0.01_gamma0.25,carbonscaler_budget,texas,132,0,254.0,38.1315,50.9989
optionB_budget0.90_beta0.01_gamma0.25,carbonscaler_budget,texas,133,0,247.0,38.1886,42.7127
optionB_budget0.90_beta0.01_gamma0.25,carbonscaler_budget,texas,134,1,226.0,39.6707,35.2655
optionB_budget0.90_beta0.01_gamma0.25,carbonscaler_budget,texas,135,0,235.0,47.3615,31.6689
optionB_budget0.90_beta0.01_gamma0.25,carbonscaler_budget,texas,136,0,228.0,68.7809,77.6323
optionB_budget0.90_beta0.01_gamma0.25,carbonscaler_budget,texas,137,0,236.0,111.203,103.2048
optionB_budget0.90_beta0.01_gamma0.25,carbonscaler_budget,texas,138,0,235.0,128.2242,114.5151
optionB_budget0.90_beta0.01_gamma0.25,carbonscaler_budget,texas,139,0,251.0,109.0926,108.3063
optionB_budget0.90_beta0.01_gamma0.25,carbonscaler_budget,texas,140,0,288.0,101.7683,117.6982
optionB_budget0.90_beta0.01_gamma0.25,carbonscaler_budget,texas,141,0,318.0,65.184,56.8147
optionB_budget0.90_beta0.01_gamma0.25,carbonscaler_budget,texas,142,0,354.0,58.0316,53.5464
optionB_budget0.90_beta0.01_gamma0.25,carbonscaler_budget,texas,143,0,407.0,42.5978,66.0952
optionB_budget0.90_beta0.01_gamma0.25,carbonscaler_budget,texas,144,0,463.0,33.627,36.459
optionB_budget0.90_beta0.01_gamma0.25,carbonscaler_budget,texas,145,0,473.0,26.1557,13.8144
optionB_budget0.90_beta0.01_gamma0.25,carbonscaler_budget,texas,146,0,481.0,32.1188,26.6674
optionB_budget0.90_beta0.01_gamma0.25,carbonscaler_budget,texas,147,0,492.0,37.0733,28.8513
optionB_budget0.90_beta0.01_gamma0.25,carbonscaler_budget,texas,148,0,503.0,30.1579,61.9976
optionB_budget0.90_beta0.01_gamma0.25,carbonscaler_budget,texas,149,0,505.0,23.4652,17.8156
optionB_budget0.90_beta0.01_gamma0.25,carbonscaler_budget,texas,150,0,503.0,43.1502,41.647
optionB_budget0.90_beta0.01_gamma0.25,carbonscaler_budget,texas,151,0,504.0,66.5858,61.6512
optionB_budget0.90_beta0.01_gamma0.25,carbonscaler_budget,texas,152,0,504.0,138.1495,287.0703
optionB_budget0.90_beta0.01_gamma0.25,carbonscaler_budget,texas,153,0,504.0,51.5384,43.2347
optionB_budget0.90_beta0.01_gamma0.25,carbonscaler_budget,texas,154,0,501.0,46.3416,47.3293
optionB_budget0.90_beta0.01_gamma0.25,carbonscaler_budget,texas,155,0,499.0,44.2455,57.8439
optionB_budget0.90_beta0.01_gamma0.25,carbonscaler_budget,texas,156,0,493.0,45.3638,62.2896
optionB_budget0.90_beta0.01_gamma0.25,carbonscaler_budget,texas,157,0,463.0,48.8051,64.2054
optionB_budget0.90_beta0.01_gamma0.25,carbonscaler_budget,texas,158,0,365.0,51.476,20.107
optionB_budget0.90_beta0.01_gamma0.25,carbonscaler_budget,texas,159,0,316.0,51.6154,62.4952
optionB_budget0.90_beta0.01_gamma0.25,carbonscaler_budget,texas,160,0,288.0,72.6202,86.4649
optionB_budget0.90_beta0.01_gamma0.25,carbonscaler_budget,texas,161,0,281.0,100.3706,98.2854
optionB_budget0.90_beta0.01_gamma0.25,carbonscaler_budget,texas,162,0,291.0,105.4917,102.8885
optionB_budget0.90_beta0.01_gamma0.25,carbonscaler_budget,texas,163,0,296.0,97.4007,103.3636
optionB_budget0.90_beta0.01_gamma0.25,carbonscaler_budget,texas,164,0,293.0,94.1298,79.272
optionB_budget0.90_beta0.01_gamma0.25,carbonscaler_budget,texas,165,0,269.0,69.0595,66.6765
optionB_budget0.90_beta0.01_gamma0.25,carbonscaler_budget,texas,166,0,311.0,52.4568,47.5106
optionB_budget0.90_beta0.01_gamma0.25,carbonscaler_budget,texas,167,0,361.0,47.2983,81.2659
optionB_budget0.90_beta0.01_gamma0.50,carbonscaler_budget,texas,0,0,329.0,34.7798,0.5833
optionB_budget0.90_beta0.01_gamma0.50,carbonscaler_budget,texas,1,0,333.0,43.659,50.068
optionB_budget0.90_beta0.01_gamma0.50,carbonscaler_budget,texas,2,0,321.0,54.8968,73.2643
optionB_budget0.90_beta0.01_gamma0.50,carbonscaler_budget,texas,3,0,320.0,31.5659,27.0714
optionB_budget0.90_beta0.01_gamma0.50,carbonscaler_budget,texas,4,0,331.0,38.9968,50.5642
optionB_budget0.90_beta0.01_gamma0.50,carbonscaler_budget,texas,5,0,343.0,153.8136,133.0052
optionB_budget0.90_beta0.01_gamma0.50,carbonscaler_budget,texas,6,0,363.0,137.7394,127.6533
optionB_budget0.90_beta0.01_gamma0.50,carbonscaler_budget,texas,7,0,375.0,112.7035,127.4758
optionB_budget0.90_beta0.01_gamma0.50,carbonscaler_budget,texas,8,0,382.0,75.7125,68.7393
optionB_budget0.90_beta0.01_gamma0.50,carbonscaler_budget,texas,9,0,388.0,35.6457,19.6374
optionB_budget0.90_beta0.01_gamma0.50,carbonscaler_budget,texas,10,0,409.0,44.3438,62.1764
optionB_budget0.90_beta0.01_gamma0.50,carbonscaler_budget,texas,11,0,427.0,35.9372,21.0082
optionB_budget0.90_beta0.01_gamma0.50,carbonscaler_budget,texas,12,0,431.0,38.1315,50.9989
optionB_budget0.90_beta0.01_gamma0.50,carbonscaler_budget,texas,13,0,420.0,38.1886,42.7127
optionB_budget0.90_beta0.01_gamma0.50,carbonscaler_budget,texas,14,0,326.0,39.6707,35.2655
optionB_budget0.90_beta0.01_gamma0.50,carbonscaler_budget,texas,15,0,275.0,47.3615,31.6689
optionB_budget0.90_beta0.01_gamma0.50,carbonscaler_budget,texas,16,0,286.0,68.7809,77.6323
optionB_budget0.90_beta0.01_gamma0.50,carbonscaler_budget,texas,17,0,280.0,111.203,103.2048
optionB_budget0.90_beta0.01_gamma0.50,carbonscaler_budget,texas,18,0,257.0,128.2242,114.5151
optionB_budget0.90_beta0.01_gamma0.50,carbonscaler_budget,texas,19,0,241.0,109.0926,108.3063
optionB_budget0.90_beta0.01_gamma0.50,carbonscaler_budget,texas,20,0,243.0,101.7683,117.6982
optionB_budget0.90_beta0.01_gamma0.50,carbonscaler_budget,texas,21,0,251.0,65.184,56.8147
optionB_budget0.90_beta0.01_gamma0.50,carbonscaler_budget,texas,22,0,255.0,58.0316,53.5464
optionB_budget0.90_beta0.01_gamma0.50,carbonscaler_budget,texas,23,0,327.0,42.5978,66.0952
optionB_budget0.90_beta0.01_gamma0.50,carbonscaler_budget,texas,24,0,402.0,33.627,36.459
optionB_budget0.90_beta0.01_gamma0.50,carbonscaler_budget,texas,25,0,385.0,26.1557,13.8144
optionB_budget0.90_beta0.01_gamma0.50,carbonscaler_budget,texas,26,0,363.0,32.1188,26.6674
optionB_budget0.90_beta0.01_gamma0.50,carbonscaler_budget,texas,27,0,343.0,37.0733,28.8513
optionB_budget0.90_beta0.01_gamma0.50,carbonscaler_budget,texas,28,0,309.0,30.1579,61.9976
optionB_budget0.90_beta0.01_gamma0.50,carbonscaler_budget,texas,29,0,283.0,23.4652,17.8156
optionB_budget0.90_beta0.01_gamma0.50,carbonscaler_budget,texas,30,0,263.0,43.1502,41.647
optionB_budget0.90_beta0.01_gamma0.50,carbonscaler_budget,texas,31,0,262.0,66.5858,61.6512
optionB_budget0.90_beta0.01_gamma0.50,carbonscaler_budget,texas,32,0,257.0,138.1495,287.0703
optionB_budget0.90_beta0.01_gamma0.50,carbonscaler_budget,texas,33,0,260.0,51.5384,43.2347
optionB_budget0.90_beta0.01_gamma0.50,carbonscaler_budget,texas,34,0,271.0,46.3416,47.3293
optionB_budget0.90_beta0.01_gamma0.50,carbonscaler_budget,texas,35,0,285.0,44.2455,57.8439
optionB_budget0.90_beta0.01_gamma0.50,carbonscaler_budget,texas,36,0,296.0,45.3638,62.2896
optionB_budget0.90_beta0.01_gamma0.50,carbonscaler_budget,texas,37,0,292.0,48.8051,64.2054
optionB_budget0.90_beta0.01_gamma0.50,carbonscaler_budget,texas,38,0,239.0,51.476,20.107
optionB_budget0.90_beta0.01_gamma0.50,carbonscaler_budget,texas,39,1,200.0,51.6154,62.4952
optionB_budget0.90_beta0.01_gamma0.50,carbonscaler_budget,texas,40,1,191.0,72.6202,86.4649
optionB_budget0.90_beta0.01_gamma0.50,carbonscaler_budget,texas,41,1,199.0,100.3706,98.2854
optionB_budget0.90_beta0.01_gamma0.50,carbonscaler_budget,texas,42,1,193.0,105.4917,102.8885
optionB_budget0.90_beta0.01_gamma0.50,carbonscaler_budget,texas,43,1,198.0,97.4007,103.3636
optionB_budget0.90_beta0.01_gamma0.50,carbonscaler_budget,texas,44,1,199.0,94.1298,79.272
optionB_budget0.90_beta0.01_gamma0.50,carbonscaler_budget,texas,45,1,212.0,69.0595,66.6765
optionB_budget0.90_beta0.01_gamma0.50,carbonscaler_budget,texas,46,0,236.0,52.4568,47.5106
optionB_budget0.90_beta0.01_gamma0.50,carbonscaler_budget,texas,47,0,322.0,47.2983,81.2659
optionB_budget0.90_beta0.01_gamma0.50,carbonscaler_budget,texas,48,0,374.0,35.1946,36.8934
optionB_budget0.90_beta0.01_gamma0.50,carbonscaler_budget,texas,49,0,357.0,26.9337,21.3365
optionB_budget0.90_beta0.01_gamma0.50,carbonscaler_budget,texas,50,0,335.0,27.766,1.951
optionB_budget0.90_beta0.01_gamma0.50,carbonscaler_budget,texas,51,0,318.0,26.8679,8.729
optionB_budget0.90_beta0.01_gamma0.50,carbonscaler_budget,texas,52,0,294.0,32.1051,29.6991
optionB_budget0.90_beta0.01_gamma0.50,carbonscaler_budget,texas,53,0,283.0,23.9699,29.8911
optionB_budget0.90_beta0.01_gamma0.50,carbonscaler_budget,texas,54,0,292.0,50.3498,28.7662
optionB_budget0.90_beta0.01_gamma0.50,carbonscaler_budget,texas,55,0,312.0,58.473,51.5192
optionB_budget0.90_beta0.01_gamma0.50,carbonscaler_budget,texas,56,0,336.0,56.9128,66.3191
optionB_budget0.90_beta0.01_gamma0.50,carbonscaler_budget,texas,57,0,341.0,64.8707,61.4467
optionB_budget0.90_beta0.01_gamma0.50,carbonscaler_budget,texas,58,0,341.0,68.664,75.3879
optionB_budget0.90_beta0.01_gamma0.50,carbonscaler_budget,texas,59,0,361.0,56.1997,46.5673
optionB_budget0.90_beta0.01_gamma0.50,carbonscaler_budget,texas,60,0,389.0,50.4553,57.0859
optionB_budget0.90_beta0.01_gamma0.50,carbonscaler_budget,texas,61,0,398.0,50.708,33.0799
optionB_budget0.90_beta0.01_gamma0.50,carbonscaler_budget,texas,62,0,355.0,52.9678,48.4055
optionB_budget0.90_beta0.01_gamma0.50,carbonscaler_budget,texas,63,0,331.0,58.8784,55.4826
optionB_budget0.90_beta0.01_gamma0.50,carbonscaler_budget,texas,64,0,346.0,69.3683,96.4196
optionB_budget0.90_beta0.01_gamma0.50,carbonscaler_budget,texas,65,0,334.0,70.5607,85.1707
optionB_budget0.90_beta0.01_gamma0.50,carbonscaler_budget,texas,66,0,319.0,65.4046,49.2341
optionB_budget0.90_beta0.01_gamma0.50,carbonscaler_budget,texas,67,0,320.0,52.4934,43.3725
optionB_budget0.90_beta0.01_gamma0.50,carbonscaler_budget,texas,68,0,327.0,48.7833,58.9517
optionB_budget0.90_beta0.01_gamma0.50,carbonscaler_budget,texas,69,0,329.0,48.264,42.3642
optionB_budget0.90_beta0.01_gamma0.50,carbonscaler_budget,texas,70,0,367.0,40.2067,25.7487
optionB_budget0.90_beta0.01_gamma0.50,carbonscaler_budget,texas,71,0,420.0,38.6399,20.7555
optionB_budget0.90_beta0.01_gamma0.50,carbonscaler_budget,texas,72,0,453.0,25.005,18.7779
optionB_budget0.90_beta0.01_gamma0.50,carbonscaler_budget,texas,73,0,448.0,14.1714,11.0338
optionB_budget0.90_beta0.01_gamma0.50,carbonscaler_budget,texas,74,0,443.0,17.0302,15.0893
optionB_budget0.90_beta0.01_gamma0.50,carbonscaler_budget,texas,75,0,442.0,16.4485,29.7823
optionB_budget0.90_beta0.01_gamma0.50,carbonscaler_budget,texas,76,0,440.0,19.7599,9.7297
optionB_budget0.90_beta0.01_gamma0.50,carbonscaler_budget,texas,77,0,425.0,13.1885,14.6047
optionB_budget0.90_beta0.01_gamma0.50,carbonscaler_budget,texas,78,0,386.0,25.134,39.4399
optionB_budget0.90_beta0.01_gamma0.50,carbonscaler_budget,texas,79,0,352.0,36.9328,41.1443
optionB_budget0.90_beta0.01_gamma0.50,carbonscaler_budget,texas,80,0,325.0,41.8119,55.1713
optionB_budget0.90_beta0.01_gamma0.50,carbonscaler_budget,texas,81,0,317.0,33.574,21.4423
optionB_budget0.90_beta0.01_gamma0.50,carbonscaler_budget,texas,82,0,329.0,29.1706,28.2014
optionB_budget0.90_beta0.01_gamma0.50,carbonscaler_budget,texas,83,0,345.0,26.8487,22.73
optionB_budget0.90_beta0.01_gamma0.50,carbonscaler_budget,texas,84,0,357.0,27.2327,38.418
optionB_budget0.90_beta0.01_gamma0.50,carbonscaler_budget,texas,85,0,329.0,25.5057,36.527
optionB_budget0.90_beta0.01_gamma0.50,carbonscaler_budget,texas,86,0,271.0,21.4771,26.0467
optionB_budget0.90_beta0.01_gamma0.50,carbonscaler_budget,texas,87,1,233.0,27.4873,19.9106
optionB_budget0.90_beta0.01_gamma0.50,carbonscaler_budget,texas,88,1,193.0,36.9808,23.7817
optionB_budget0.90_beta0.01_gamma0.50,carbonscaler_budget,texas,89,1,182.0,57.2815,49.8727
optionB_budget0.90_beta0.01_gamma0.50,carbonscaler_budget,texas,90,1,185.0,76.1777,83.9432
optionB_budget0.90_beta0.01_gamma0.50,carbonscaler_budget,texas,91,1,185.0,73.5011,55.1757
optionB_budget0.90_beta0.01_gamma0.50,carbonscaler_budget,texas,92,1,188.0,69.3436,254.8129
optionB_budget0.90_beta0.01_gamma0.50,carbonscaler_budget,texas,93,1,203.0,41.3881,26.4996
optionB_budget0.90_beta0.01_gamma0.50,carbonscaler_budget,texas,94,1,211.0,46.7147,39.3783
optionB_budget0.90_beta0.01_gamma0.50,carbonscaler_budget,texas,95,0,262.0,37.5459,36.9086
optionB_budget0.90_beta0.01_gamma0.50,carbonscaler_budget,texas,96,0,299.0,18.3422,22.6686
optionB_budget0.90_beta0.01_gamma0.50,carbonscaler_budget,texas,97,0,305.0,23.8631,36.8306
optionB_budget0.90_beta0.01_gamma0.50,carbonscaler_budget,texas,98,0,307.0,18.3429,16.9203
optionB_budget0.90_beta0.01_gamma0.50,carbonscaler_budget,texas,99,0,305.0,25.3375,4.47
optionB_budget0.90_beta0.01_gamma0.50,carbonscaler_budget,texas,100,0,290.0,71.2353,105.3646
optionB_budget0.90_beta0.01_gamma0.50,carbonscaler_budget,texas,101,0,270.0,34.526,36.4763
optionB_budget0.90_beta0.01_gamma0.50,carbonscaler_budget,texas,102,0,258.0,37.1991,51.6098
optionB_budget0.90_beta0.01_gamma0.50,carbonscaler_budget,texas,103,0,254.0,42.6776,38.8888
optionB_budget0.90_beta0.01_gamma0.50,carbonscaler_budget,texas,104,0,254.0,38.4615,56.8896
optionB_budget0.90_beta0.01_gamma0.50,carbonscaler_budget,texas,105,0,253.0,171.9712,368.3534
optionB_budget0.90_beta0.01_gamma0.50,carbonscaler_budget,texas,106,0,250.0,25.8761,3.1621
optionB_budget0.90_beta0.01_gamma0.50,carbonscaler_budget,texas,107,0,256.0,20.8654,39.2828
optionB_budget0.90_beta0.01_gamma0.50,carbonscaler_budget,texas,108,0,260.0,13.6561,30.106
optionB_budget0.90_beta0.01_gamma0.50,carbonscaler_budget,texas,109,0,256.0,11.5445,18.6526
optionB_budget0.90_beta0.01_gamma0.50,carbonscaler_budget,texas,110,1,229.0,21.1756,25.8241
optionB_budget0.90_beta0.01_gamma0.50,carbonscaler_budget,texas,111,1,201.0,20.1438,20.4667
optionB_budget0.90_beta0.01_gamma0.50,carbonscaler_budget,texas,112,1,191.0,38.1854,28.4718
optionB_budget0.90_beta0.01_gamma0.50,carbonscaler_budget,texas,113,1,178.0,68.8497,77.2861
optionB_budget0.90_beta0.01_gamma0.50,carbonscaler_budget,texas,114,1,187.0,81.1963,93.5924
optionB_budget0.90_beta0.01_gamma0.50,carbonscaler_budget,texas,115,1,211.0,81.1428,95.1163
optionB_budget0.90_beta0.01_gamma0.50,carbonscaler_budget,texas,116,1,216.0,68.1103,68.306
optionB_budget0.90_beta0.01_gamma0.50,carbonscaler_budget,texas,117,0,235.0,71.371,54.8652
optionB_budget0.90_beta0.01_gamma0.50,carbonscaler_budget,texas,118,0,260.0,38.0976,26.0119
optionB_budget0.90_beta0.01_gamma0.50,carbonscaler_budget,texas,119,0,298.0,33.2382,33.5736
optionB_budget0.90_beta0.01_gamma0.50,carbonscaler_budget,texas,120,0,357.0,34.7798,0.5833
optionB_budget0.90_beta0.01_gamma0.50,carbonscaler_budget,texas,121,0,370.0,43.659,50.068
optionB_budget0.90_beta0.01_gamma0.50,carbonscaler_budget,texas,122,0,361.0,54.8968,73.2643
optionB_budget0.90_beta0.01_gamma0.50,carbonscaler_budget,texas,123,0,351.0,31.5659,27.0714
optionB_budget0.90_beta0.01_gamma0.50,carbonscaler_budget,texas,124,0,345.0,38.9968,50.5642
optionB_budget0.90_beta0.01_gamma0.50,carbonscaler_budget,texas,125,0,327.0,153.8136,133.0052
optionB_budget0.90_beta0.01_gamma0.50,carbonscaler_budget,texas,126,0,317.0,137.7394,127.6533
optionB_budget0.90_beta0.01_gamma0.50,carbonscaler_budget,texas,127,0,302.0,112.7035,127.4758
optionB_budget0.90_beta0.01_gamma0.50,carbonscaler_budget,texas,128,0,259.0,75.7125,68.7393
optionB_budget0.90_beta0.01_gamma0.50,carbonscaler_budget,texas,129,0,238.0,35.6457,19.6374
optionB_budget0.90_beta0.01_gamma0.50,carbonscaler_budget,texas,130,1,231.0,44.3438,62.1764
optionB_budget0.90_beta0.01_gamma0.50,carbonscaler_budget,texas,131,0,243.0,35.9372,21.0082
optionB_budget0.90_beta0.01_gamma0.50,carbonscaler_budget,texas,132,0,254.0,38.1315,50.9989
optionB_budget0.90_beta0.01_gamma0.50,carbonscaler_budget,texas,133,0,247.0,38.1886,42.7127
optionB_budget0.90_beta0.01_gamma0.50,carbonscaler_budget,texas,134,1,226.0,39.6707,35.2655
optionB_budget0.90_beta0.01_gamma0.50,carbonscaler_budget,texas,135,0,235.0,47.3615,31.6689
optionB_budget0.90_beta0.01_gamma0.50,carbonscaler_budget,texas,136,0,228.0,68.7809,77.6323
optionB_budget0.90_beta0.01_gamma0.50,carbonscaler_budget,texas,137,0,236.0,111.203,103.2048
optionB_budget0.90_beta0.01_gamma0.50,carbonscaler_budget,texas,138,0,235.0,128.2242,114.5151
optionB_budget0.90_beta0.01_gamma0.50,carbonscaler_budget,texas,139,0,251.0,109.0926,108.3063
optionB_budget0.90_beta0.01_gamma0.50,carbonscaler_budget,texas,140,0,288.0,101.7683,117.6982
optionB_budget0.90_beta0.01_gamma0.50,carbonscaler_budget,texas,141,0,318.0,65.184,56.8147
optionB_budget0.90_beta0.01_gamma0.50,carbonscaler_budget,texas,142,0,354.0,58.0316,53.5464
optionB_budget0.90_beta0.01_gamma0.50,carbonscaler_budget,texas,143,0,407.0,42.5978,66.0952
optionB_budget0.90_beta0.01_gamma0.50,carbonscaler_budget,texas,144,0,463.0,33.627,36.459
optionB_budget0.90_beta0.01_gamma0.50,carbonscaler_budget,texas,145,0,473.0,26.1557,13.8144
optionB_budget0.90_beta0.01_gamma0.50,carbonscaler_budget,texas,146,0,481.0,32.1188,26.6674
optionB_budget0.90_beta0.01_gamma0.50,carbonscaler_budget,texas,147,0,492.0,37.0733,28.8513
optionB_budget0.90_beta0.01_gamma0.50,carbonscaler_budget,texas,148,0,503.0,30.1579,61.9976
optionB_budget0.90_beta0.01_gamma0.50,carbonscaler_budget,texas,149,0,505.0,23.4652,17.8156
optionB_budget0.90_beta0.01_gamma0.50,carbonscaler_budget,texas,150,0,503.0,43.1502,41.647
optionB_budget0.90_beta0.01_gamma0.50,carbonscaler_budget,texas,151,0,504.0,66.5858,61.6512
optionB_budget0.90_beta0.01_gamma0.50,carbonscaler_budget,texas,152,0,504.0,138.1495,287.0703
optionB_budget0.90_beta0.01_gamma0.50,carbonscaler_budget,texas,153,0,504.0,51.5384,43.2347
optionB_budget0.90_beta0.01_gamma0.50,carbonscaler_budget,texas,154,0,501.0,46.3416,47.3293
optionB_budget0.90_beta0.01_gamma0.50,carbonscaler_budget,texas,155,0,499.0,44.2455,57.8439
optionB_budget0.90_beta0.01_gamma0.50,carbonscaler_budget,texas,156,0,493.0,45.3638,62.2896
optionB_budget0.90_beta0.01_gamma0.50,carbonscaler_budget,texas,157,0,463.0,48.8051,64.2054
optionB_budget0.90_beta0.01_gamma0.50,carbonscaler_budget,texas,158,0,365.0,51.476,20.107
optionB_budget0.90_beta0.01_gamma0.50,carbonscaler_budget,texas,159,0,316.0,51.6154,62.4952
optionB_budget0.90_beta0.01_gamma0.50,carbonscaler_budget,texas,160,0,288.0,72.6202,86.4649
optionB_budget0.90_beta0.01_gamma0.50,carbonscaler_budget,texas,161,0,281.0,100.3706,98.2854
optionB_budget0.90_beta0.01_gamma0.50,carbonscaler_budget,texas,162,0,291.0,105.4917,102.8885
optionB_budget0.90_beta0.01_gamma0.50,carbonscaler_budget,texas,163,0,296.0,97.4007,103.3636
optionB_budget0.90_beta0.01_gamma0.50,carbonscaler_budget,texas,164,0,293.0,94.1298,79.272
optionB_budget0.90_beta0.01_gamma0.50,carbonscaler_budget,texas,165,0,269.0,69.0595,66.6765
optionB_budget0.90_beta0.01_gamma0.50,carbonscaler_budget,texas,166,0,311.0,52.4568,47.5106
optionB_budget0.90_beta0.01_gamma0.50,carbonscaler_budget,texas,167,0,361.0,47.2983,81.2659
optionB_budget0.90_beta0.01_gamma0.75,carbonscaler_budget,texas,0,0,329.0,34.7798,0.5833
optionB_budget0.90_beta0.01_gamma0.75,carbonscaler_budget,texas,1,0,333.0,43.659,50.068
optionB_budget0.90_beta0.01_gamma0.75,carbonscaler_budget,texas,2,0,321.0,54.8968,73.2643
optionB_budget0.90_beta0.01_gamma0.75,carbonscaler_budget,texas,3,0,320.0,31.5659,27.0714
optionB_budget0.90_beta0.01_gamma0.75,carbonscaler_budget,texas,4,0,331.0,38.9968,50.5642
optionB_budget0.90_beta0.01_gamma0.75,carbonscaler_budget,texas,5,0,343.0,153.8136,133.0052
optionB_budget0.90_beta0.01_gamma0.75,carbonscaler_budget,texas,6,0,363.0,137.7394,127.6533
optionB_budget0.90_beta0.01_gamma0.75,carbonscaler_budget,texas,7,0,375.0,112.7035,127.4758
optionB_budget0.90_beta0.01_gamma0.75,carbonscaler_budget,texas,8,0,382.0,75.7125,68.7393
optionB_budget0.90_beta0.01_gamma0.75,carbonscaler_budget,texas,9,0,388.0,35.6457,19.6374
optionB_budget0.90_beta0.01_gamma0.75,carbonscaler_budget,texas,10,0,409.0,44.3438,62.1764
optionB_budget0.90_beta0.01_gamma0.75,carbonscaler_budget,texas,11,0,427.0,35.9372,21.0082
optionB_budget0.90_beta0.01_gamma0.75,carbonscaler_budget,texas,12,0,431.0,38.1315,50.9989
optionB_budget0.90_beta0.01_gamma0.75,carbonscaler_budget,texas,13,0,420.0,38.1886,42.7127
optionB_budget0.90_beta0.01_gamma0.75,carbonscaler_budget,texas,14,0,326.0,39.6707,35.2655
optionB_budget0.90_beta0.01_gamma0.75,carbonscaler_budget,texas,15,0,275.0,47.3615,31.6689
optionB_budget0.90_beta0.01_gamma0.75,carbonscaler_budget,texas,16,0,286.0,68.7809,77.6323
optionB_budget0.90_beta0.01_gamma0.75,carbonscaler_budget,texas,17,0,280.0,111.203,103.2048
optionB_budget0.90_beta0.01_gamma0.75,carbonscaler_budget,texas,18,0,257.0,128.2242,114.5151
optionB_budget0.90_beta0.01_gamma0.75,carbonscaler_budget,texas,19,0,241.0,109.0926,108.3063
optionB_budget0.90_beta0.01_gamma0.75,carbonscaler_budget,texas,20,0,243.0,101.7683,117.6982
optionB_budget0.90_beta0.01_gamma0.75,carbonscaler_budget,texas,21,0,251.0,65.184,56.8147
optionB_budget0.90_beta0.01_gamma0.75,carbonscaler_budget,texas,22,0,255.0,58.0316,53.5464
optionB_budget0.90_beta0.01_gamma0.75,carbonscaler_budget,texas,23,0,327.0,42.5978,66.0952
optionB_budget0.90_beta0.01_gamma0.75,carbonscaler_budget,texas,24,0,402.0,33.627,36.459
optionB_budget0.90_beta0.01_gamma0.75,carbonscaler_budget,texas,25,0,385.0,26.1557,13.8144
optionB_budget0.90_beta0.01_gamma0.75,carbonscaler_budget,texas,26,0,363.0,32.1188,26.6674
optionB_budget0.90_beta0.01_gamma0.75,carbonscaler_budget,texas,27,0,343.0,37.0733,28.8513
optionB_budget0.90_beta0.01_gamma0.75,carbonscaler_budget,texas,28,0,309.0,30.1579,61.9976
optionB_budget0.90_beta0.01_gamma0.75,carbonscaler_budget,texas,29,0,283.0,23.4652,17.8156
optionB_budget0.90_beta0.01_gamma0.75,carbonscaler_budget,texas,30,0,263.0,43.1502,41.647
optionB_budget0.90_beta0.01_gamma0.75,carbonscaler_budget,texas,31,0,262.0,66.5858,61.6512
optionB_budget0.90_beta0.01_gamma0.75,carbonscaler_budget,texas,32,0,257.0,138.1495,287.0703
optionB_budget0.90_beta0.01_gamma0.75,carbonscaler_budget,texas,33,0,260.0,51.5384,43.2347
optionB_budget0.90_beta0.01_gamma0.75,carbonscaler_budget,texas,34,0,271.0,46.3416,47.3293
optionB_budget0.90_beta0.01_gamma0.75,carbonscaler_budget,texas,35,0,285.0,44.2455,57.8439
optionB_budget0.90_beta0.01_gamma0.75,carbonscaler_budget,texas,36,0,296.0,45.3638,62.2896
optionB_budget0.90_beta0.01_gamma0.75,carbonscaler_budget,texas,37,0,292.0,48.8051,64.2054
optionB_budget0.90_beta0.01_gamma0.75,carbonscaler_budget,texas,38,0,239.0,51.476,20.107
optionB_budget0.90_beta0.01_gamma0.75,carbonscaler_budget,texas,39,1,200.0,51.6154,62.4952
optionB_budget0.90_beta0.01_gamma0.75,carbonscaler_budget,texas,40,1,191.0,72.6202,86.4649
optionB_budget0.90_beta0.01_gamma0.75,carbonscaler_budget,texas,41,1,199.0,100.3706,98.2854
optionB_budget0.90_beta0.01_gamma0.75,carbonscaler_budget,texas,42,1,193.0,105.4917,102.8885
optionB_budget0.90_beta0.01_gamma0.75,carbonscaler_budget,texas,43,1,198.0,97.4007,103.3636
optionB_budget0.90_beta0.01_gamma0.75,carbonscaler_budget,texas,44,1,199.0,94.1298,79.272
optionB_budget0.90_beta0.01_gamma0.75,carbonscaler_budget,texas,45,1,212.0,69.0595,66.6765
optionB_budget0.90_beta0.01_gamma0.75,carbonscaler_budget,texas,46,0,236.0,52.4568,47.5106
optionB_budget0.90_beta0.01_gamma0.75,carbonscaler_budget,texas,47,0,322.0,47.2983,81.2659
optionB_budget0.90_beta0.01_gamma0.75,carbonscaler_budget,texas,48,0,374.0,35.1946,36.8934
optionB_budget0.90_beta0.01_gamma0.75,carbonscaler_budget,texas,49,0,357.0,26.9337,21.3365
optionB_budget0.90_beta0.01_gamma0.75,carbonscaler_budget,texas,50,0,335.0,27.766,1.951
optionB_budget0.90_beta0.01_gamma0.75,carbonscaler_budget,texas,51,0,318.0,26.8679,8.729
optionB_budget0.90_beta0.01_gamma0.75,carbonscaler_budget,texas,52,0,294.0,32.1051,29.6991
optionB_budget0.90_beta0.01_gamma0.75,carbonscaler_budget,texas,53,0,283.0,23.9699,29.8911
optionB_budget0.90_beta0.01_gamma0.75,carbonscaler_budget,texas,54,0,292.0,50.3498,28.7662
optionB_budget0.90_beta0.01_gamma0.75,carbonscaler_budget,texas,55,0,312.0,58.473,51.5192
optionB_budget0.90_beta0.01_gamma0.75,carbonscaler_budget,texas,56,0,336.0,56.9128,66.3191
optionB_budget0.90_beta0.01_gamma0.75,carbonscaler_budget,texas,57,0,341.0,64.8707,61.4467
optionB_budget0.90_beta0.01_gamma0.75,carbonscaler_budget,texas,58,0,341.0,68.664,75.3879
optionB_budget0.90_beta0.01_gamma0.75,carbonscaler_budget,texas,59,0,361.0,56.1997,46.5673
optionB_budget0.90_beta0.01_gamma0.75,carbonscaler_budget,texas,60,0,389.0,50.4553,57.0859
optionB_budget0.90_beta0.01_gamma0.75,carbonscaler_budget,texas,61,0,398.0,50.708,33.0799
optionB_budget0.90_beta0.01_gamma0.75,carbonscaler_budget,texas,62,0,355.0,52.9678,48.4055
optionB_budget0.90_beta0.01_gamma0.75,carbonscaler_budget,texas,63,0,331.0,58.8784,55.4826
optionB_budget0.90_beta0.01_gamma0.75,carbonscaler_budget,texas,64,0,346.0,69.3683,96.4196
optionB_budget0.90_beta0.01_gamma0.75,carbonscaler_budget,texas,65,0,334.0,70.5607,85.1707
optionB_budget0.90_beta0.01_gamma0.75,carbonscaler_budget,texas,66,0,319.0,65.4046,49.2341
optionB_budget0.90_beta0.01_gamma0.75,carbonscaler_budget,texas,67,0,320.0,52.4934,43.3725
optionB_budget0.90_beta0.01_gamma0.75,carbonscaler_budget,texas,68,0,327.0,48.7833,58.9517
optionB_budget0.90_beta0.01_gamma0.75,carbonscaler_budget,texas,69,0,329.0,48.264,42.3642
optionB_budget0.90_beta0.01_gamma0.75,carbonscaler_budget,texas,70,0,367.0,40.2067,25.7487
optionB_budget0.90_beta0.01_gamma0.75,carbonscaler_budget,texas,71,0,420.0,38.6399,20.7555
optionB_budget0.90_beta0.01_gamma0.75,carbonscaler_budget,texas,72,0,453.0,25.005,18.7779
optionB_budget0.90_beta0.01_gamma0.75,carbonscaler_budget,texas,73,0,448.0,14.1714,11.0338
optionB_budget0.90_beta0.01_gamma0.75,carbonscaler_budget,texas,74,0,443.0,17.0302,15.0893
optionB_budget0.90_beta0.01_gamma0.75,carbonscaler_budget,texas,75,0,442.0,16.4485,29.7823
optionB_budget0.90_beta0.01_gamma0.75,carbonscaler_budget,texas,76,0,440.0,19.7599,9.7297
optionB_budget0.90_beta0.01_gamma0.75,carbonscaler_budget,texas,77,0,425.0,13.1885,14.6047
optionB_budget0.90_beta0.01_gamma0.75,carbonscaler_budget,texas,78,0,386.0,25.134,39.4399
optionB_budget0.90_beta0.01_gamma0.75,carbonscaler_budget,texas,79,0,352.0,36.9328,41.1443
optionB_budget0.90_beta0.01_gamma0.75,carbonscaler_budget,texas,80,0,325.0,41.8119,55.1713
optionB_budget0.90_beta0.01_gamma0.75,carbonscaler_budget,texas,81,0,317.0,33.574,21.4423
optionB_budget0.90_beta0.01_gamma0.75,carbonscaler_budget,texas,82,0,329.0,29.1706,28.2014
optionB_budget0.90_beta0.01_gamma0.75,carbonscaler_budget,texas,83,0,345.0,26.8487,22.73
optionB_budget0.90_beta0.01_gamma0.75,carbonscaler_budget,texas,84,0,357.0,27.2327,38.418
optionB_budget0.90_beta0.01_gamma0.75,carbonscaler_budget,texas,85,0,329.0,25.5057,36.527
optionB_budget0.90_beta0.01_gamma0.75,carbonscaler_budget,texas,86,0,271.0,21.4771,26.0467
optionB_budget0.90_beta0.01_gamma0.75,carbonscaler_budget,texas,87,1,233.0,27.4873,19.9106
optionB_budget0.90_beta0.01_gamma0.75,carbonscaler_budget,texas,88,1,193.0,36.9808,23.7817
optionB_budget0.90_beta0.01_gamma0.75,carbonscaler_budget,texas,89,1,182.0,57.2815,49.8727
optionB_budget0.90_beta0.01_gamma0.75,carbonscaler_budget,texas,90,1,185.0,76.1777,83.9432
optionB_budget0.90_beta0.01_gamma0.75,carbonscaler_budget,texas,91,1,185.0,73.5011,55.1757
optionB_budget0.90_beta0.01_gamma0.75,carbonscaler_budget,texas,92,1,188.0,69.3436,254.8129
optionB_budget0.90_beta0.01_gamma0.75,carbonscaler_budget,texas,93,1,203.0,41.3881,26.4996
optionB_budget0.90_beta0.01_gamma0.75,carbonscaler_budget,texas,94,1,211.0,46.7147,39.3783
optionB_budget0.90_beta0.01_gamma0.75,carbonscaler_budget,texas,95,0,262.0,37.5459,36.9086
optionB_budget0.90_beta0.01_gamma0.75,carbonscaler_budget,texas,96,0,299.0,18.3422,22.6686
optionB_budget0.90_beta0.01_gamma0.75,carbonscaler_budget,texas,97,0,305.0,23.8631,36.8306
optionB_budget0.90_beta0.01_gamma0.75,carbonscaler_budget,texas,98,0,307.0,18.3429,16.9203
optionB_budget0.90_beta0.01_gamma0.75,carbonscaler_budget,texas,99,0,305.0,25.3375,4.47
optionB_budget0.90_beta0.01_gamma0.75,carbonscaler_budget,texas,100,0,290.0,71.2353,105.3646
optionB_budget0.90_beta0.01_gamma0.75,carbonscaler_budget,texas,101,0,270.0,34.526,36.4763
optionB_budget0.90_beta0.01_gamma0.75,carbonscaler_budget,texas,102,0,258.0,37.1991,51.6098
optionB_budget0.90_beta0.01_gamma0.75,carbonscaler_budget,texas,103,0,254.0,42.6776,38.8888
optionB_budget0.90_beta0.01_gamma0.75,carbonscaler_budget,texas,104,0,254.0,38.4615,56.8896
optionB_budget0.90_beta0.01_gamma0.75,carbonscaler_budget,texas,105,0,253.0,171.9712,368.3534
optionB_budget0.90_beta0.01_gamma0.75,carbonscaler_budget,texas,106,0,250.0,25.8761,3.1621
optionB_budget0.90_beta0.01_gamma0.75,carbonscaler_budget,texas,107,0,256.0,20.8654,39.2828
optionB_budget0.90_beta0.01_gamma0.75,carbonscaler_budget,texas,108,0,260.0,13.6561,30.106
optionB_budget0.90_beta0.01_gamma0.75,carbonscaler_budget,texas,109,0,256.0,11.5445,18.6526
optionB_budget0.90_beta0.01_gamma0.75,carbonscaler_budget,texas,110,1,229.0,21.1756,25.8241
optionB_budget0.90_beta0.01_gamma0.75,carbonscaler_budget,texas,111,1,201.0,20.1438,20.4667
optionB_budget0.90_beta0.01_gamma0.75,carbonscaler_budget,texas,112,1,191.0,38.1854,28.4718
optionB_budget0.90_beta0.01_gamma0.75,carbonscaler_budget,texas,113,1,178.0,68.8497,77.2861
optionB_budget0.90_beta0.01_gamma0.75,carbonscaler_budget,texas,114,1,187.0,81.1963,93.5924
optionB_budget0.90_beta0.01_gamma0.75,carbonscaler_budget,texas,115,1,211.0,81.1428,95.1163
optionB_budget0.90_beta0.01_gamma0.75,carbonscaler_budget,texas,116,1,216.0,68.1103,68.306
optionB_budget0.90_beta0.01_gamma0.75,carbonscaler_budget,texas,117,0,235.0,71.371,54.8652
optionB_budget0.90_beta0.01_gamma0.75,carbonscaler_budget,texas,118,0,260.0,38.0976,26.0119
optionB_budget0.90_beta0.01_gamma0.75,carbonscaler_budget,texas,119,0,298.0,33.2382,33.5736
optionB_budget0.90_beta0.01_gamma0.75,carbonscaler_budget,texas,120,0,357.0,34.7798,0.5833
optionB_budget0.90_beta0.01_gamma0.75,carbonscaler_budget,texas,121,0,370.0,43.659,50.068
optionB_budget0.90_beta0.01_gamma0.75,carbonscaler_budget,texas,122,0,361.0,54.8968,73.2643
optionB_budget0.90_beta0.01_gamma0.75,carbonscaler_budget,texas,123,0,351.0,31.5659,27.0714
optionB_budget0.90_beta0.01_gamma0.75,carbonscaler_budget,texas,124,0,345.0,38.9968,50.5642
optionB_budget0.90_beta0.01_gamma0.75,carbonscaler_budget,texas,125,0,327.0,153.8136,133.0052
optionB_budget0.90_beta0.01_gamma0.75,carbonscaler_budget,texas,126,0,317.0,137.7394,127.6533
optionB_budget0.90_beta0.01_gamma0.75,carbonscaler_budget,texas,127,0,302.0,112.7035,127.4758
optionB_budget0.90_beta0.01_gamma0.75,carbonscaler_budget,texas,128,0,259.0,75.7125,68.7393
optionB_budget0.90_beta0.01_gamma0.75,carbonscaler_budget,texas,129,0,238.0,35.6457,19.6374
optionB_budget0.90_beta0.01_gamma0.75,carbonscaler_budget,texas,130,1,231.0,44.3438,62.1764
optionB_budget0.90_beta0.01_gamma0.75,carbonscaler_budget,texas,131,0,243.0,35.9372,21.0082
optionB_budget0.90_beta0.01_gamma0.75,carbonscaler_budget,texas,132,0,254.0,38.1315,50.9989
optionB_budget0.90_beta0.01_gamma0.75,carbonscaler_budget,texas,133,0,247.0,38.1886,42.7127
optionB_budget0.90_beta0.01_gamma0.75,carbonscaler_budget,texas,134,1,226.0,39.6707,35.2655
optionB_budget0.90_beta0.01_gamma0.75,carbonscaler_budget,texas,135,0,235.0,47.3615,31.6689
optionB_budget0.90_beta0.01_gamma0.75,carbonscaler_budget,texas,136,0,228.0,68.7809,77.6323
optionB_budget0.90_beta0.01_gamma0.75,carbonscaler_budget,texas,137,0,236.0,111.203,103.2048
optionB_budget0.90_beta0.01_gamma0.75,carbonscaler_budget,texas,138,0,235.0,128.2242,114.5151
optionB_budget0.90_beta0.01_gamma0.75,carbonscaler_budget,texas,139,0,251.0,109.0926,108.3063
optionB_budget0.90_beta0.01_gamma0.75,carbonscaler_budget,texas,140,0,288.0,101.7683,117.6982
optionB_budget0.90_beta0.01_gamma0.75,carbonscaler_budget,texas,141,0,318.0,65.184,56.8147
optionB_budget0.90_beta0.01_gamma0.75,carbonscaler_budget,texas,142,0,354.0,58.0316,53.5464
optionB_budget0.90_beta0.01_gamma0.75,carbonscaler_budget,texas,143,0,407.0,42.5978,66.0952
optionB_budget0.90_beta0.01_gamma0.75,carbonscaler_budget,texas,144,0,463.0,33.627,36.459
optionB_budget0.90_beta0.01_gamma0.75,carbonscaler_budget,texas,145,0,473.0,26.1557,13.8144
optionB_budget0.90_beta0.01_gamma0.75,carbonscaler_budget,texas,146,0,481.0,32.1188,26.6674
optionB_budget0.90_beta0.01_gamma0.75,carbonscaler_budget,texas,147,0,492.0,37.0733,28.8513
optionB_budget0.90_beta0.01_gamma0.75,carbonscaler_budget,texas,148,0,503.0,30.1579,61.9976
optionB_budget0.90_beta0.01_gamma0.75,carbonscaler_budget,texas,149,0,505.0,23.4652,17.8156
optionB_budget0.90_beta0.01_gamma0.75,carbonscaler_budget,texas,150,0,503.0,43.1502,41.647
optionB_budget0.90_beta0.01_gamma0.75,carbonscaler_budget,texas,151,0,504.0,66.5858,61.6512
optionB_budget0.90_beta0.01_gamma0.75,carbonscaler_budget,texas,152,0,504.0,138.1495,287.0703
optionB_budget0.90_beta0.01_gamma0.75,carbonscaler_budget,texas,153,0,504.0,51.5384,43.2347
optionB_budget0.90_beta0.01_gamma0.75,carbonscaler_budget,texas,154,0,501.0,46.3416,47.3293
optionB_budget0.90_beta0.01_gamma0.75,carbonscaler_budget,texas,155,0,499.0,44.2455,57.8439
optionB_budget0.90_beta0.01_gamma0.75,carbonscaler_budget,texas,156,0,493.0,45.3638,62.2896
optionB_budget0.90_beta0.01_gamma0.75,carbonscaler_budget,texas,157,0,463.0,48.8051,64.2054
optionB_budget0.90_beta0.01_gamma0.75,carbonscaler_budget,texas,158,0,365.0,51.476,20.107
optionB_budget0.90_beta0.01_gamma0.75,carbonscaler_budget,texas,159,0,316.0,51.6154,62.4952
optionB_budget0.90_beta0.01_gamma0.75,carbonscaler_budget,texas,160,0,288.0,72.6202,86.4649
optionB_budget0.90_beta0.01_gamma0.75,carbonscaler_budget,texas,161,0,281.0,100.3706,98.2854
optionB_budget0.90_beta0.01_gamma0.75,carbonscaler_budget,texas,162,0,291.0,105.4917,102.8885
optionB_budget0.90_beta0.01_gamma0.75,carbonscaler_budget,texas,163,0,296.0,97.4007,103.3636
optionB_budget0.90_beta0.01_gamma0.75,carbonscaler_budget,texas,164,0,293.0,94.1298,79.272
optionB_budget0.90_beta0.01_gamma0.75,carbonscaler_budget,texas,165,0,269.0,69.0595,66.6765
optionB_budget0.90_beta0.01_gamma0.75,carbonscaler_budget,texas,166,0,311.0,52.4568,47.5106
optionB_budget0.90_beta0.01_gamma0.75,carbonscaler_budget,texas,167,0,361.0,47.2983,81.2659
optionB_budget0.90_beta0.01_gamma1.00,carbonscaler_budget,texas,0,0,329.0,34.7798,0.5833
optionB_budget0.90_beta0.01_gamma1.00,carbonscaler_budget,texas,1,0,333.0,43.659,50.068
optionB_budget0.90_beta0.01_gamma1.00,carbonscaler_budget,texas,2,0,321.0,54.8968,73.2643
optionB_budget0.90_beta0.01_gamma1.00,carbonscaler_budget,texas,3,0,320.0,31.5659,27.0714
optionB_budget0.90_beta0.01_gamma1.00,carbonscaler_budget,texas,4,0,331.0,38.9968,50.5642
optionB_budget0.90_beta0.01_gamma1.00,carbonscaler_budget,texas,5,0,343.0,153.8136,133.0052
optionB_budget0.90_beta0.01_gamma1.00,carbonscaler_budget,texas,6,0,363.0,137.7394,127.6533
optionB_budget0.90_beta0.01_gamma1.00,carbonscaler_budget,texas,7,0,375.0,112.7035,127.4758
optionB_budget0.90_beta0.01_gamma1.00,carbonscaler_budget,texas,8,0,382.0,75.7125,68.7393
optionB_budget0.90_beta0.01_gamma1.00,carbonscaler_budget,texas,9,0,388.0,35.6457,19.6374
optionB_budget0.90_beta0.01_gamma1.00,carbonscaler_budget,texas,10,0,409.0,44.3438,62.1764
optionB_budget0.90_beta0.01_gamma1.00,carbonscaler_budget,texas,11,0,427.0,35.9372,21.0082
optionB_budget0.90_beta0.01_gamma1.00,carbonscaler_budget,texas,12,0,431.0,38.1315,50.9989
optionB_budget0.90_beta0.01_gamma1.00,carbonscaler_budget,texas,13,0,420.0,38.1886,42.7127
optionB_budget0.90_beta0.01_gamma1.00,carbonscaler_budget,texas,14,0,326.0,39.6707,35.2655
optionB_budget0.90_beta0.01_gamma1.00,carbonscaler_budget,texas,15,0,275.0,47.3615,31.6689
optionB_budget0.90_beta0.01_gamma1.00,carbonscaler_budget,texas,16,0,286.0,68.7809,77.6323
optionB_budget0.90_beta0.01_gamma1.00,carbonscaler_budget,texas,17,0,280.0,111.203,103.2048
optionB_budget0.90_beta0.01_gamma1.00,carbonscaler_budget,texas,18,0,257.0,128.2242,114.5151
optionB_budget0.90_beta0.01_gamma1.00,carbonscaler_budget,texas,19,0,241.0,109.0926,108.3063
optionB_budget0.90_beta0.01_gamma1.00,carbonscaler_budget,texas,20,0,243.0,101.7683,117.6982
optionB_budget0.90_beta0.01_gamma1.00,carbonscaler_budget,texas,21,0,251.0,65.184,56.8147
optionB_budget0.90_beta0.01_gamma1.00,carbonscaler_budget,texas,22,0,255.0,58.0316,53.5464
optionB_budget0.90_beta0.01_gamma1.00,carbonscaler_budget,texas,23,0,327.0,42.5978,66.0952
optionB_budget0.90_beta0.01_gamma1.00,carbonscaler_budget,texas,24,0,402.0,33.627,36.459
optionB_budget0.90_beta0.01_gamma1.00,carbonscaler_budget,texas,25,0,385.0,26.1557,13.8144
optionB_budget0.90_beta0.01_gamma1.00,carbonscaler_budget,texas,26,0,363.0,32.1188,26.6674
optionB_budget0.90_beta0.01_gamma1.00,carbonscaler_budget,texas,27,0,343.0,37.0733,28.8513
optionB_budget0.90_beta0.01_gamma1.00,carbonscaler_budget,texas,28,0,309.0,30.1579,61.9976
optionB_budget0.90_beta0.01_gamma1.00,carbonscaler_budget,texas,29,0,283.0,23.4652,17.8156
optionB_budget0.90_beta0.01_gamma1.00,carbonscaler_budget,texas,30,0,263.0,43.1502,41.647
optionB_budget0.90_beta0.01_gamma1.00,carbonscaler_budget,texas,31,0,262.0,66.5858,61.6512
optionB_budget0.90_beta0.01_gamma1.00,carbonscaler_budget,texas,32,0,257.0,138.1495,287.0703
optionB_budget0.90_beta0.01_gamma1.00,carbonscaler_budget,texas,33,0,260.0,51.5384,43.2347
optionB_budget0.90_beta0.01_gamma1.00,carbonscaler_budget,texas,34,0,271.0,46.3416,47.3293
optionB_budget0.90_beta0.01_gamma1.00,carbonscaler_budget,texas,35,0,285.0,44.2455,57.8439
optionB_budget0.90_beta0.01_gamma1.00,carbonscaler_budget,texas,36,0,296.0,45.3638,62.2896
optionB_budget0.90_beta0.01_gamma1.00,carbonscaler_budget,texas,37,0,292.0,48.8051,64.2054
optionB_budget0.90_beta0.01_gamma1.00,carbonscaler_budget,texas,38,0,239.0,51.476,20.107
optionB_budget0.90_beta0.01_gamma1.00,carbonscaler_budget,texas,39,1,200.0,51.6154,62.4952
optionB_budget0.90_beta0.01_gamma1.00,carbonscaler_budget,texas,40,1,191.0,72.6202,86.4649
optionB_budget0.90_beta0.01_gamma1.00,carbonscaler_budget,texas,41,1,199.0,100.3706,98.2854
optionB_budget0.90_beta0.01_gamma1.00,carbonscaler_budget,texas,42,1,193.0,105.4917,102.8885
optionB_budget0.90_beta0.01_gamma1.00,carbonscaler_budget,texas,43,1,198.0,97.4007,103.3636
optionB_budget0.90_beta0.01_gamma1.00,carbonscaler_budget,texas,44,1,199.0,94.1298,79.272
optionB_budget0.90_beta0.01_gamma1.00,carbonscaler_budget,texas,45,1,212.0,69.0595,66.6765
optionB_budget0.90_beta0.01_gamma1.00,carbonscaler_budget,texas,46,0,236.0,52.4568,47.5106
optionB_budget0.90_beta0.01_gamma1.00,carbonscaler_budget,texas,47,0,322.0,47.2983,81.2659
optionB_budget0.90_beta0.01_gamma1.00,carbonscaler_budget,texas,48,0,374.0,35.1946,36.8934
optionB_budget0.90_beta0.01_gamma1.00,carbonscaler_budget,texas,49,0,357.0,26.9337,21.3365
optionB_budget0.90_beta0.01_gamma1.00,carbonscaler_budget,texas,50,0,335.0,27.766,1.951
optionB_budget0.90_beta0.01_gamma1.00,carbonscaler_budget,texas,51,0,318.0,26.8679,8.729
optionB_budget0.90_beta0.01_gamma1.00,carbonscaler_budget,texas,52,0,294.0,32.1051,29.6991
optionB_budget0.90_beta0.01_gamma1.00,carbonscaler_budget,texas,53,0,283.0,23.9699,29.8911
optionB_budget0.90_beta0.01_gamma1.00,carbonscaler_budget,texas,54,0,292.0,50.3498,28.7662
optionB_budget0.90_beta0.01_gamma1.00,carbonscaler_budget,texas,55,0,312.0,58.473,51.5192
optionB_budget0.90_beta0.01_gamma1.00,carbonscaler_budget,texas,56,0,336.0,56.9128,66.3191
optionB_budget0.90_beta0.01_gamma1.00,carbonscaler_budget,texas,57,0,341.0,64.8707,61.4467
optionB_budget0.90_beta0.01_gamma1.00,carbonscaler_budget,texas,58,0,341.0,68.664,75.3879
optionB_budget0.90_beta0.01_gamma1.00,carbonscaler_budget,texas,59,0,361.0,56.1997,46.5673
optionB_budget0.90_beta0.01_gamma1.00,carbonscaler_budget,texas,60,0,389.0,50.4553,57.0859
optionB_budget0.90_beta0.01_gamma1.00,carbonscaler_budget,texas,61,0,398.0,50.708,33.0799
optionB_budget0.90_beta0.01_gamma1.00,carbonscaler_budget,texas,62,0,355.0,52.9678,48.4055
optionB_budget0.90_beta0.01_gamma1.00,carbonscaler_budget,texas,63,0,331.0,58.8784,55.4826
optionB_budget0.90_beta0.01_gamma1.00,carbonscaler_budget,texas,64,0,346.0,69.3683,96.4196
optionB_budget0.90_beta0.01_gamma1.00,carbonscaler_budget,texas,65,0,334.0,70.5607,85.1707
optionB_budget0.90_beta0.01_gamma1.00,carbonscaler_budget,texas,66,0,319.0,65.4046,49.2341
optionB_budget0.90_beta0.01_gamma1.00,carbonscaler_budget,texas,67,0,320.0,52.4934,43.3725
optionB_budget0.90_beta0.01_gamma1.00,carbonscaler_budget,texas,68,0,327.0,48.7833,58.9517
optionB_budget0.90_beta0.01_gamma1.00,carbonscaler_budget,texas,69,0,329.0,48.264,42.3642
optionB_budget0.90_beta0.01_gamma1.00,carbonscaler_budget,texas,70,0,367.0,40.2067,25.7487
optionB_budget0.90_beta0.01_gamma1.00,carbonscaler_budget,texas,71,0,420.0,38.6399,20.7555
optionB_budget0.90_beta0.01_gamma1.00,carbonscaler_budget,texas,72,0,453.0,25.005,18.7779
optionB_budget0.90_beta0.01_gamma1.00,carbonscaler_budget,texas,73,0,448.0,14.1714,11.0338
optionB_budget0.90_beta0.01_gamma1.00,carbonscaler_budget,texas,74,0,443.0,17.0302,15.0893
optionB_budget0.90_beta0.01_gamma1.00,carbonscaler_budget,texas,75,0,442.0,16.4485,29.7823
optionB_budget0.90_beta0.01_gamma1.00,carbonscaler_budget,texas,76,0,440.0,19.7599,9.7297
optionB_budget0.90_beta0.01_gamma1.00,carbonscaler_budget,texas,77,0,425.0,13.1885,14.6047
optionB_budget0.90_beta0.01_gamma1.00,carbonscaler_budget,texas,78,0,386.0,25.134,39.4399
optionB_budget0.90_beta0.01_gamma1.00,carbonscaler_budget,texas,79,0,352.0,36.9328,41.1443
optionB_budget0.90_beta0.01_gamma1.00,carbonscaler_budget,texas,80,0,325.0,41.8119,55.1713
optionB_budget0.90_beta0.01_gamma1.00,carbonscaler_budget,texas,81,0,317.0,33.574,21.4423
optionB_budget0.90_beta0.01_gamma1.00,carbonscaler_budget,texas,82,0,329.0,29.1706,28.2014
optionB_budget0.90_beta0.01_gamma1.00,carbonscaler_budget,texas,83,0,345.0,26.8487,22.73
optionB_budget0.90_beta0.01_gamma1.00,carbonscaler_budget,texas,84,0,357.0,27.2327,38.418
optionB_budget0.90_beta0.01_gamma1.00,carbonscaler_budget,texas,85,0,329.0,25.5057,36.527
optionB_budget0.90_beta0.01_gamma1.00,carbonscaler_budget,texas,86,0,271.0,21.4771,26.0467
optionB_budget0.90_beta0.01_gamma1.00,carbonscaler_budget,texas,87,1,233.0,27.4873,19.9106
optionB_budget0.90_beta0.01_gamma1.00,carbonscaler_budget,texas,88,1,193.0,36.9808,23.7817
optionB_budget0.90_beta0.01_gamma1.00,carbonscaler_budget,texas,89,1,182.0,57.2815,49.8727
optionB_budget0.90_beta0.01_gamma1.00,carbonscaler_budget,texas,90,1,185.0,76.1777,83.9432
optionB_budget0.90_beta0.01_gamma1.00,carbonscaler_budget,texas,91,1,185.0,73.5011,55.1757
optionB_budget0.90_beta0.01_gamma1.00,carbonscaler_budget,texas,92,1,188.0,69.3436,254.8129
optionB_budget0.90_beta0.01_gamma1.00,carbonscaler_budget,texas,93,1,203.0,41.3881,26.4996
optionB_budget0.90_beta0.01_gamma1.00,carbonscaler_budget,texas,94,1,211.0,46.7147,39.3783
optionB_budget0.90_beta0.01_gamma1.00,carbonscaler_budget,texas,95,0,262.0,37.5459,36.9086
optionB_budget0.90_beta0.01_gamma1.00,carbonscaler_budget,texas,96,0,299.0,18.3422,22.6686
optionB_budget0.90_beta0.01_gamma1.00,carbonscaler_budget,texas,97,0,305.0,23.8631,36.8306
optionB_budget0.90_beta0.01_gamma1.00,carbonscaler_budget,texas,98,0,307.0,18.3429,16.9203
optionB_budget0.90_beta0.01_gamma1.00,carbonscaler_budget,texas,99,0,305.0,25.3375,4.47
optionB_budget0.90_beta0.01_gamma1.00,carbonscaler_budget,texas,100,0,290.0,71.2353,105.3646
optionB_budget0.90_beta0.01_gamma1.00,carbonscaler_budget,texas,101,0,270.0,34.526,36.4763
optionB_budget0.90_beta0.01_gamma1.00,carbonscaler_budget,texas,102,0,258.0,37.1991,51.6098
optionB_budget0.90_beta0.01_gamma1.00,carbonscaler_budget,texas,103,0,254.0,42.6776,38.8888
optionB_budget0.90_beta0.01_gamma1.00,carbonscaler_budget,texas,104,0,254.0,38.4615,56.8896
optionB_budget0.90_beta0.01_gamma1.00,carbonscaler_budget,texas,105,0,253.0,171.9712,368.3534
optionB_budget0.90_beta0.01_gamma1.00,carbonscaler_budget,texas,106,0,250.0,25.8761,3.1621
optionB_budget0.90_beta0.01_gamma1.00,carbonscaler_budget,texas,107,0,256.0,20.8654,39.2828
optionB_budget0.90_beta0.01_gamma1.00,carbonscaler_budget,texas,108,0,260.0,13.6561,30.106
optionB_budget0.90_beta0.01_gamma1.00,carbonscaler_budget,texas,109,0,256.0,11.5445,18.6526
optionB_budget0.90_beta0.01_gamma1.00,carbonscaler_budget,texas,110,1,229.0,21.1756,25.8241
optionB_budget0.90_beta0.01_gamma1.00,carbonscaler_budget,texas,111,1,201.0,20.1438,20.4667
optionB_budget0.90_beta0.01_gamma1.00,carbonscaler_budget,texas,112,1,191.0,38.1854,28.4718
optionB_budget0.90_beta0.01_gamma1.00,carbonscaler_budget,texas,113,1,178.0,68.8497,77.2861
optionB_budget0.90_beta0.01_gamma1.00,carbonscaler_budget,texas,114,1,187.0,81.1963,93.5924
optionB_budget0.90_beta0.01_gamma1.00,carbonscaler_budget,texas,115,1,211.0,81.1428,95.1163
optionB_budget0.90_beta0.01_gamma1.00,carbonscaler_budget,texas,116,1,216.0,68.1103,68.306
optionB_budget0.90_beta0.01_gamma1.00,carbonscaler_budget,texas,117,0,235.0,71.371,54.8652
optionB_budget0.90_beta0.01_gamma1.00,carbonscaler_budget,texas,118,0,260.0,38.0976,26.0119
optionB_budget0.90_beta0.01_gamma1.00,carbonscaler_budget,texas,119,0,298.0,33.2382,33.5736
optionB_budget0.90_beta0.01_gamma1.00,carbonscaler_budget,texas,120,0,357.0,34.7798,0.5833
optionB_budget0.90_beta0.01_gamma1.00,carbonscaler_budget,texas,121,0,370.0,43.659,50.068
optionB_budget0.90_beta0.01_gamma1.00,carbonscaler_budget,texas,122,0,361.0,54.8968,73.2643
optionB_budget0.90_beta0.01_gamma1.00,carbonscaler_budget,texas,123,0,351.0,31.5659,27.0714
optionB_budget0.90_beta0.01_gamma1.00,carbonscaler_budget,texas,124,0,345.0,38.9968,50.5642
optionB_budget0.90_beta0.01_gamma1.00,carbonscaler_budget,texas,125,0,327.0,153.8136,133.0052
optionB_budget0.90_beta0.01_gamma1.00,carbonscaler_budget,texas,126,0,317.0,137.7394,127.6533
optionB_budget0.90_beta0.01_gamma1.00,carbonscaler_budget,texas,127,0,302.0,112.7035,127.4758
optionB_budget0.90_beta0.01_gamma1.00,carbonscaler_budget,texas,128,0,259.0,75.7125,68.7393
optionB_budget0.90_beta0.01_gamma1.00,carbonscaler_budget,texas,129,0,238.0,35.6457,19.6374
optionB_budget0.90_beta0.01_gamma1.00,carbonscaler_budget,texas,130,1,231.0,44.3438,62.1764
optionB_budget0.90_beta0.01_gamma1.00,carbonscaler_budget,texas,131,0,243.0,35.9372,21.0082
optionB_budget0.90_beta0.01_gamma1.00,carbonscaler_budget,texas,132,0,254.0,38.1315,50.9989
optionB_budget0.90_beta0.01_gamma1.00,carbonscaler_budget,texas,133,0,247.0,38.1886,42.7127
optionB_budget0.90_beta0.01_gamma1.00,carbonscaler_budget,texas,134,1,226.0,39.6707,35.2655
optionB_budget0.90_beta0.01_gamma1.00,carbonscaler_budget,texas,135,0,235.0,47.3615,31.6689
optionB_budget0.90_beta0.01_gamma1.00,carbonscaler_budget,texas,136,0,228.0,68.7809,77.6323
optionB_budget0.90_beta0.01_gamma1.00,carbonscaler_budget,texas,137,0,236.0,111.203,103.2048
optionB_budget0.90_beta0.01_gamma1.00,carbonscaler_budget,texas,138,0,235.0,128.2242,114.5151
optionB_budget0.90_beta0.01_gamma1.00,carbonscaler_budget,texas,139,0,251.0,109.0926,108.3063
optionB_budget0.90_beta0.01_gamma1.00,carbonscaler_budget,texas,140,0,288.0,101.7683,117.6982
optionB_budget0.90_beta0.01_gamma1.00,carbonscaler_budget,texas,141,0,318.0,65.184,56.8147
optionB_budget0.90_beta0.01_gamma1.00,carbonscaler_budget,texas,142,0,354.0,58.0316,53.5464
optionB_budget0.90_beta0.01_gamma1.00,carbonscaler_budget,texas,143,0,407.0,42.5978,66.0952
optionB_budget0.90_beta0.01_gamma1.00,carbonscaler_budget,texas,144,0,463.0,33.627,36.459
optionB_budget0.90_beta0.01_gamma1.00,carbonscaler_budget,texas,145,0,473.0,26.1557,13.8144
optionB_budget0.90_beta0.01_gamma1.00,carbonscaler_budget,texas,146,0,481.0,32.1188,26.6674
optionB_budget0.90_beta0.01_gamma1.00,carbonscaler_budget,texas,147,0,492.0,37.0733,28.8513
optionB_budget0.90_beta0.01_gamma1.00,carbonscaler_budget,texas,148,0,503.0,30.1579,61.9976
optionB_budget0.90_beta0.01_gamma1.00,carbonscaler_budget,texas,149,0,505.0,23.4652,17.8156
optionB_budget0.90_beta0.01_gamma1.00,carbonscaler_budget,texas,150,0,503.0,43.1502,41.647
optionB_budget0.90_beta0.01_gamma1.00,carbonscaler_budget,texas,151,0,504.0,66.5858,61.6512
optionB_budget0.90_beta0.01_gamma1.00,carbonscaler_budget,texas,152,0,504.0,138.1495,287.0703
optionB_budget0.90_beta0.01_gamma1.00,carbonscaler_budget,texas,153,0,504.0,51.5384,43.2347
optionB_budget0.90_beta0.01_gamma1.00,carbonscaler_budget,texas,154,0,501.0,46.3416,47.3293
optionB_budget0.90_beta0.01_gamma1.00,carbonscaler_budget,texas,155,0,499.0,44.2455,57.8439
optionB_budget0.90_beta0.01_gamma1.00,carbonscaler_budget,texas,156,0,493.0,45.3638,62.2896
optionB_budget0.90_beta0.01_gamma1.00,carbonscaler_budget,texas,157,0,463.0,48.8051,64.2054
optionB_budget0.90_beta0.01_gamma1.00,carbonscaler_budget,texas,158,0,365.0,51.476,20.107
optionB_budget0.90_beta0.01_gamma1.00,carbonscaler_budget,texas,159,0,316.0,51.6154,62.4952
optionB_budget0.90_beta0.01_gamma1.00,carbonscaler_budget,texas,160,0,288.0,72.6202,86.4649
optionB_budget0.90_beta0.01_gamma1.00,carbonscaler_budget,texas,161,0,281.0,100.3706,98.2854
optionB_budget0.90_beta0.01_gamma1.00,carbonscaler_budget,texas,162,0,291.0,105.4917,102.8885
optionB_budget0.90_beta0.01_gamma1.00,carbonscaler_budget,texas,163,0,296.0,97.4007,103.3636
optionB_budget0.90_beta0.01_gamma1.00,carbonscaler_budget,texas,164,0,293.0,94.1298,79.272
optionB_budget0.90_beta0.01_gamma1.00,carbonscaler_budget,texas,165,0,269.0,69.0595,66.6765
optionB_budget0.90_beta0.01_gamma1.00,carbonscaler_budget,texas,166,0,311.0,52.4568,47.5106
optionB_budget0.90_beta0.01_gamma1.00,carbonscaler_budget,texas,167,0,361.0,47.2983,81.2659
optionC_lambda0.50,carbonscaler_weighted,texas,0,0,329.0,34.7798,0.5833
optionC_lambda0.50,carbonscaler_weighted,texas,1,0,333.0,43.659,50.068
optionC_lambda0.50,carbonscaler_weighted,texas,2,0,321.0,54.8968,73.2643
optionC_lambda0.50,carbonscaler_weighted,texas,3,0,320.0,31.5659,27.0714
optionC_lambda0.50,carbonscaler_weighted,texas,4,0,331.0,38.9968,50.5642
optionC_lambda0.50,carbonscaler_weighted,texas,5,0,343.0,153.8136,133.0052
optionC_lambda0.50,carbonscaler_weighted,texas,6,0,363.0,137.7394,127.6533
optionC_lambda0.50,carbonscaler_weighted,texas,7,0,375.0,112.7035,127.4758
optionC_lambda0.50,carbonscaler_weighted,texas,8,0,382.0,75.7125,68.7393
optionC_lambda0.50,carbonscaler_weighted,texas,9,0,388.0,35.6457,19.6374
optionC_lambda0.50,carbonscaler_weighted,texas,10,0,409.0,44.3438,62.1764
optionC_lambda0.50,carbonscaler_weighted,texas,11,0,427.0,35.9372,21.0082
optionC_lambda0.50,carbonscaler_weighted,texas,12,0,431.0,38.1315,50.9989
optionC_lambda0.50,carbonscaler_weighted,texas,13,0,420.0,38.1886,42.7127
optionC_lambda0.50,carbonscaler_weighted,texas,14,0,326.0,39.6707,35.2655
optionC_lambda0.50,carbonscaler_weighted,texas,15,0,275.0,47.3615,31.6689
optionC_lambda0.50,carbonscaler_weighted,texas,16,0,286.0,68.7809,77.6323
optionC_lambda0.50,carbonscaler_weighted,texas,17,0,280.0,111.203,103.2048
optionC_lambda0.50,carbonscaler_weighted,texas,18,0,257.0,128.2242,114.5151
optionC_lambda0.50,carbonscaler_weighted,texas,19,0,241.0,109.0926,108.3063
optionC_lambda0.50,carbonscaler_weighted,texas,20,0,243.0,101.7683,117.6982
optionC_lambda0.50,carbonscaler_weighted,texas,21,0,251.0,65.184,56.8147
optionC_lambda0.50,carbonscaler_weighted,texas,22,0,255.0,58.0316,53.5464
optionC_lambda0.50,carbonscaler_weighted,texas,23,0,327.0,42.5978,66.0952
optionC_lambda0.50,carbonscaler_weighted,texas,24,0,402.0,33.627,36.459
optionC_lambda0.50,carbonscaler_weighted,texas,25,0,385.0,26.1557,13.8144
optionC_lambda0.50,carbonscaler_weighted,texas,26,0,363.0,32.1188,26.6674
optionC_lambda0.50,carbonscaler_weighted,texas,27,0,343.0,37.0733,28.8513
optionC_lambda0.50,carbonscaler_weighted,texas,28,0,309.0,30.1579,61.9976
optionC_lambda0.50,carbonscaler_weighted,texas,29,2,283.0,23.4652,17.8156
optionC_lambda0.50,carbonscaler_weighted,texas,30,0,263.0,43.1502,41.647
optionC_lambda0.50,carbonscaler_weighted,texas,31,0,262.0,66.5858,61.6512
optionC_lambda0.50,carbonscaler_weighted,texas,32,0,257.0,138.1495,287.0703
optionC_lambda0.50,carbonscaler_weighted,texas,33,0,260.0,51.5384,43.2347
optionC_lambda0.50,carbonscaler_weighted,texas,34,0,271.0,46.3416,47.3293
optionC_lambda0.50,carbonscaler_weighted,texas,35,0,285.0,44.2455,57.8439
optionC_lambda0.50,carbonscaler_weighted,texas,36,0,296.0,45.3638,62.2896
optionC_lambda0.50,carbonscaler_weighted,texas,37,0,292.0,48.8051,64.2054
optionC_lambda0.50,carbonscaler_weighted,texas,38,0,239.0,51.476,20.107
optionC_lambda0.50,carbonscaler_weighted,texas,39,0,200.0,51.6154,62.4952
optionC_lambda0.50,carbonscaler_weighted,texas,40,0,191.0,72.6202,86.4649
optionC_lambda0.50,carbonscaler_weighted,texas,41,0,199.0,100.3706,98.2854
optionC_lambda0.50,carbonscaler_weighted,texas,42,0,193.0,105.4917,102.8885
optionC_lambda0.50,carbonscaler_weighted,texas,43,0,198.0,97.4007,103.3636
optionC_lambda0.50,carbonscaler_weighted,texas,44,0,199.0,94.1298,79.272
optionC_lambda0.50,carbonscaler_weighted,texas,45,0,212.0,69.0595,66.6765
optionC_lambda0.50,carbonscaler_weighted,texas,46,0,236.0,52.4568,47.5106
optionC_lambda0.50,carbonscaler_weighted,texas,47,0,322.0,47.2983,81.2659
optionC_lambda0.50,carbonscaler_weighted,texas,48,0,374.0,35.1946,36.8934
optionC_lambda0.50,carbonscaler_weighted,texas,49,0,357.0,26.9337,21.3365
optionC_lambda0.50,carbonscaler_weighted,texas,50,0,335.0,27.766,1.951
optionC_lambda0.50,carbonscaler_weighted,texas,51,0,318.0,26.8679,8.729
optionC_lambda0.50,carbonscaler_weighted,texas,52,0,294.0,32.1051,29.6991
optionC_lambda0.50,carbonscaler_weighted,texas,53,1,283.0,23.9699,29.8911
optionC_lambda0.50,carbonscaler_weighted,texas,54,0,292.0,50.3498,28.7662
optionC_lambda0.50,carbonscaler_weighted,texas,55,0,312.0,58.473,51.5192
optionC_lambda0.50,carbonscaler_weighted,texas,56,0,336.0,56.9128,66.3191
optionC_lambda0.50,carbonscaler_weighted,texas,57,0,341.0,64.8707,61.4467
optionC_lambda0.50,carbonscaler_weighted,texas,58,0,341.0,68.664,75.3879
optionC_lambda0.50,carbonscaler_weighted,texas,59,0,361.0,56.1997,46.5673
optionC_lambda0.50,carbonscaler_weighted,texas,60,0,389.0,50.4553,57.0859
optionC_lambda0.50,carbonscaler_weighted,texas,61,0,398.0,50.708,33.0799
optionC_lambda0.50,carbonscaler_weighted,texas,62,0,355.0,52.9678,48.4055
optionC_lambda0.50,carbonscaler_weighted,texas,63,0,331.0,58.8784,55.4826
optionC_lambda0.50,carbonscaler_weighted,texas,64,0,346.0,69.3683,96.4196
optionC_lambda0.50,carbonscaler_weighted,texas,65,0,334.0,70.5607,85.1707
optionC_lambda0.50,carbonscaler_weighted,texas,66,0,319.0,65.4046,49.2341
optionC_lambda0.50,carbonscaler_weighted,texas,67,0,320.0,52.4934,43.3725
optionC_lambda0.50,carbonscaler_weighted,texas,68,0,327.0,48.7833,58.9517
optionC_lambda0.50,carbonscaler_weighted,texas,69,0,329.0,48.264,42.3642
optionC_lambda0.50,carbonscaler_weighted,texas,70,0,367.0,40.2067,25.7487
optionC_lambda0.50,carbonscaler_weighted,texas,71,0,420.0,38.6399,20.7555
optionC_lambda0.50,carbonscaler_weighted,texas,72,0,453.0,25.005,18.7779
optionC_lambda0.50,carbonscaler_weighted,texas,73,0,448.0,14.1714,11.0338
optionC_lambda0.50,carbonscaler_weighted,texas,74,0,443.0,17.0302,15.0893
optionC_lambda0.50,carbonscaler_weighted,texas,75,0,442.0,16.4485,29.7823
optionC_lambda0.50,carbonscaler_weighted,texas,76,0,440.0,19.7599,9.7297
optionC_lambda0.50,carbonscaler_weighted,texas,77,0,425.0,13.1885,14.6047
optionC_lambda0.50,carbonscaler_weighted,texas,78,0,386.0,25.134,39.4399
optionC_lambda0.50,carbonscaler_weighted,texas,79,0,352.0,36.9328,41.1443
optionC_lambda0.50,carbonscaler_weighted,texas,80,0,325.0,41.8119,55.1713
optionC_lambda0.50,carbonscaler_weighted,texas,81,0,317.0,33.574,21.4423
optionC_lambda0.50,carbonscaler_weighted,texas,82,0,329.0,29.1706,28.2014
optionC_lambda0.50,carbonscaler_weighted,texas,83,0,345.0,26.8487,22.73
optionC_lambda0.50,carbonscaler_weighted,texas,84,0,357.0,27.2327,38.418
optionC_lambda0.50,carbonscaler_weighted,texas,85,0,329.0,25.5057,36.527
optionC_lambda0.50,carbonscaler_weighted,texas,86,2,271.0,21.4771,26.0467
optionC_lambda0.50,carbonscaler_weighted,texas,87,2,233.0,27.4873,19.9106
optionC_lambda0.50,carbonscaler_weighted,texas,88,2,193.0,36.9808,23.7817
optionC_lambda0.50,carbonscaler_weighted,texas,89,0,182.0,57.2815,49.8727
optionC_lambda0.50,carbonscaler_weighted,texas,90,0,185.0,76.1777,83.9432
optionC_lambda0.50,carbonscaler_weighted,texas,91,0,185.0,73.5011,55.1757
optionC_lambda0.50,carbonscaler_weighted,texas,92,0,188.0,69.3436,254.8129
optionC_lambda0.50,carbonscaler_weighted,texas,93,0,203.0,41.3881,26.4996
optionC_lambda0.50,carbonscaler_weighted,texas,94,0,211.0,46.7147,39.3783
optionC_lambda0.50,carbonscaler_weighted,texas,95,0,262.0,37.5459,36.9086
optionC_lambda0.50,carbonscaler_weighted,texas,96,2,299.0,18.3422,22.6686
optionC_lambda0.50,carbonscaler_weighted,texas,97,0,305.0,23.8631,36.8306
optionC_lambda0.50,carbonscaler_weighted,texas,98,2,307.0,18.3429,16.9203
optionC_lambda0.50,carbonscaler_weighted,texas,99,0,305.0,25.3375,4.47
optionC_lambda0.50,carbonscaler_weighted,texas,100,0,290.0,71.2353,105.3646
optionC_lambda0.50,carbonscaler_weighted,texas,101,0,270.0,34.526,36.4763
optionC_lambda0.50,carbonscaler_weighted,texas,102,0,258.0,37.1991,51.6098
optionC_lambda0.50,carbonscaler_weighted,texas,103,0,254.0,42.6776,38.8888
optionC_lambda0.50,carbonscaler_weighted,texas,104,0,254.0,38.4615,56.8896
optionC_lambda0.50,carbonscaler_weighted,texas,105,0,253.0,171.9712,368.3534
optionC_lambda0.50,carbonscaler_weighted,texas,106,2,250.0,25.8761,3.1621
optionC_lambda0.50,carbonscaler_weighted,texas,107,2,256.0,20.8654,39.2828
optionC_lambda0.50,carbonscaler_weighted,texas,108,2,260.0,13.6561,30.106
optionC_lambda0.50,carbonscaler_weighted,texas,109,2,256.0,11.5445,18.6526
optionC_lambda0.50,carbonscaler_weighted,texas,110,2,229.0,21.1756,25.8241
optionC_lambda0.50,carbonscaler_weighted,texas,111,2,201.0,20.1438,20.4667
optionC_lambda0.50,carbonscaler_weighted,texas,112,1,191.0,38.1854,28.4718
optionC_lambda0.50,carbonscaler_weighted,texas,113,0,178.0,68.8497,77.2861
optionC_lambda0.50,carbonscaler_weighted,texas,114,0,187.0,81.1963,93.5924
optionC_lambda0.50,carbonscaler_weighted,texas,115,0,211.0,81.1428,95.1163
optionC_lambda0.50,carbonscaler_weighted,texas,116,0,216.0,68.1103,68.306
optionC_lambda0.50,carbonscaler_weighted,texas,117,0,235.0,71.371,54.8652
optionC_lambda0.50,carbonscaler_weighted,texas,118,0,260.0,38.0976,26.0119
optionC_lambda0.50,carbonscaler_weighted,texas,119,0,298.0,33.2382,33.5736
optionC_lambda0.50,carbonscaler_weighted,texas,120,0,357.0,34.7798,0.5833
optionC_lambda0.50,carbonscaler_weighted,texas,121,0,370.0,43.659,50.068
optionC_lambda0.50,carbonscaler_weighted,texas,122,0,361.0,54.8968,73.2643
optionC_lambda0.50,carbonscaler_weighted,texas,123,0,351.0,31.5659,27.0714
optionC_lambda0.50,carbonscaler_weighted,texas,124,0,345.0,38.9968,50.5642
optionC_lambda0.50,carbonscaler_weighted,texas,125,0,327.0,153.8136,133.0052
optionC_lambda0.50,carbonscaler_weighted,texas,126,0,317.0,137.7394,127.6533
optionC_lambda0.50,carbonscaler_weighted,texas,127,0,302.0,112.7035,127.4758
optionC_lambda0.50,carbonscaler_weighted,texas,128,0,259.0,75.7125,68.7393
optionC_lambda0.50,carbonscaler_weighted,texas,129,0,238.0,35.6457,19.6374
optionC_lambda0.50,carbonscaler_weighted,texas,130,0,231.0,44.3438,62.1764
optionC_lambda0.50,carbonscaler_weighted,texas,131,0,243.0,35.9372,21.0082
optionC_lambda0.50,carbonscaler_weighted,texas,132,0,254.0,38.1315,50.9989
optionC_lambda0.50,carbonscaler_weighted,texas,133,0,247.0,38.1886,42.7127
optionC_lambda0.50,carbonscaler_weighted,texas,134,0,226.0,39.6707,35.2655
optionC_lambda0.50,carbonscaler_weighted,texas,135,0,235.0,47.3615,31.6689
optionC_lambda0.50,carbonscaler_weighted,texas,136,0,228.0,68.7809,77.6323
optionC_lambda0.50,carbonscaler_weighted,texas,137,0,236.0,111.203,103.2048
optionC_lambda0.50,carbonscaler_weighted,texas,138,0,235.0,128.2242,114.5151
optionC_lambda0.50,carbonscaler_weighted,texas,139,0,251.0,109.0926,108.3063
optionC_lambda0.50,carbonscaler_weighted,texas,140,0,288.0,101.7683,117.6982
optionC_lambda0.50,carbonscaler_weighted,texas,141,0,318.0,65.184,56.8147
optionC_lambda0.50,carbonscaler_weighted,texas,142,0,354.0,58.0316,53.5464
optionC_lambda0.50,carbonscaler_weighted,texas,143,0,407.0,42.5978,66.0952
optionC_lambda0.50,carbonscaler_weighted,texas,144,0,463.0,33.627,36.459
optionC_lambda0.50,carbonscaler_weighted,texas,145,0,473.0,26.1557,13.8144
optionC_lambda0.50,carbonscaler_weighted,texas,146,0,481.0,32.1188,26.6674
optionC_lambda0.50,carbonscaler_weighted,texas,147,0,492.0,37.0733,28.8513
optionC_lambda0.50,carbonscaler_weighted,texas,148,0,503.0,30.1579,61.9976
optionC_lambda0.50,carbonscaler_weighted,texas,149,0,505.0,23.4652,17.8156
optionC_lambda0.50,carbonscaler_weighted,texas,150,0,503.0,43.1502,41.647
optionC_lambda0.50,carbonscaler_weighted,texas,151,0,504.0,66.5858,61.6512
optionC_lambda0.50,carbonscaler_weighted,texas,152,0,504.0,138.1495,287.0703
optionC_lambda0.50,carbonscaler_weighted,texas,153,0,504.0,51.5384,43.2347
optionC_lambda0.50,carbonscaler_weighted,texas,154,0,501.0,46.3416,47.3293
optionC_lambda0.50,carbonscaler_weighted,texas,155,0,499.0,44.2455,57.8439
optionC_lambda0.50,carbonscaler_weighted,texas,156,0,493.0,45.3638,62.2896
optionC_lambda0.50,carbonscaler_weighted,texas,157,0,463.0,48.8051,64.2054
optionC_lambda0.50,carbonscaler_weighted,texas,158,0,365.0,51.476,20.107
optionC_lambda0.50,carbonscaler_weighted,texas,159,0,316.0,51.6154,62.4952
optionC_lambda0.50,carbonscaler_weighted,texas,160,0,288.0,72.6202,86.4649
optionC_lambda0.50,carbonscaler_weighted,texas,161,0,281.0,100.3706,98.2854
optionC_lambda0.50,carbonscaler_weighted,texas,162,0,291.0,105.4917,102.8885
optionC_lambda0.50,carbonscaler_weighted,texas,163,0,296.0,97.4007,103.3636
optionC_lambda0.50,carbonscaler_weighted,texas,164,0,293.0,94.1298,79.272
optionC_lambda0.50,carbonscaler_weighted,texas,165,0,269.0,69.0595,66.6765
optionC_lambda0.50,carbonscaler_weighted,texas,166,0,311.0,52.4568,47.5106
optionC_lambda0.50,carbonscaler_weighted,texas,167,0,361.0,47.2983,81.2659
optionC_lambda0.60,carbonscaler_weighted,texas,0,0,329.0,34.7798,0.5833
optionC_lambda0.60,carbonscaler_weighted,texas,1,0,333.0,43.659,50.068
optionC_lambda0.60,carbonscaler_weighted,texas,2,0,321.0,54.8968,73.2643
optionC_lambda0.60,carbonscaler_weighted,texas,3,0,320.0,31.5659,27.0714
optionC_lambda0.60,carbonscaler_weighted,texas,4,0,331.0,38.9968,50.5642
optionC_lambda0.60,carbonscaler_weighted,texas,5,0,343.0,153.8136,133.0052
optionC_lambda0.60,carbonscaler_weighted,texas,6,0,363.0,137.7394,127.6533
optionC_lambda0.60,carbonscaler_weighted,texas,7,0,375.0,112.7035,127.4758
optionC_lambda0.60,carbonscaler_weighted,texas,8,0,382.0,75.7125,68.7393
optionC_lambda0.60,carbonscaler_weighted,texas,9,0,388.0,35.6457,19.6374
optionC_lambda0.60,carbonscaler_weighted,texas,10,0,409.0,44.3438,62.1764
optionC_lambda0.60,carbonscaler_weighted,texas,11,0,427.0,35.9372,21.0082
optionC_lambda0.60,carbonscaler_weighted,texas,12,0,431.0,38.1315,50.9989
optionC_lambda0.60,carbonscaler_weighted,texas,13,0,420.0,38.1886,42.7127
optionC_lambda0.60,carbonscaler_weighted,texas,14,0,326.0,39.6707,35.2655
optionC_lambda0.60,carbonscaler_weighted,texas,15,0,275.0,47.3615,31.6689
optionC_lambda0.60,carbonscaler_weighted,texas,16,0,286.0,68.7809,77.6323
optionC_lambda0.60,carbonscaler_weighted,texas,17,0,280.0,111.203,103.2048
optionC_lambda0.60,carbonscaler_weighted,texas,18,0,257.0,128.2242,114.5151
optionC_lambda0.60,carbonscaler_weighted,texas,19,0,241.0,109.0926,108.3063
optionC_lambda0.60,carbonscaler_weighted,texas,20,0,243.0,101.7683,117.6982
optionC_lambda0.60,carbonscaler_weighted,texas,21,0,251.0,65.184,56.8147
optionC_lambda0.60,carbonscaler_weighted,texas,22,0,255.0,58.0316,53.5464
optionC_lambda0.60,carbonscaler_weighted,texas,23,0,327.0,42.5978,66.0952
optionC_lambda0.60,carbonscaler_weighted,texas,24,0,402.0,33.627,36.459
optionC_lambda0.60,carbonscaler_weighted,texas,25,0,385.0,26.1557,13.8144
optionC_lambda0.60,carbonscaler_weighted,texas,26,0,363.0,32.1188,26.6674
optionC_lambda0.60,carbonscaler_weighted,texas,27,0,343.0,37.0733,28.8513
optionC_lambda0.60,carbonscaler_weighted,texas,28,0,309.0,30.1579,61.9976
optionC_lambda0.60,carbonscaler_weighted,texas,29,1,283.0,23.4652,17.8156
optionC_lambda0.60,carbonscaler_weighted,texas,30,0,263.0,43.1502,41.647
optionC_lambda0.60,carbonscaler_weighted,texas,31,0,262.0,66.5858,61.6512
optionC_lambda0.60,carbonscaler_weighted,texas,32,0,257.0,138.1495,287.0703
optionC_lambda0.60,carbonscaler_weighted,texas,33,0,260.0,51.5384,43.2347
optionC_lambda0.60,carbonscaler_weighted,texas,34,0,271.0,46.3416,47.3293
optionC_lambda0.60,carbonscaler_weighted,texas,35,0,285.0,44.2455,57.8439
optionC_lambda0.60,carbonscaler_weighted,texas,36,0,296.0,45.3638,62.2896
optionC_lambda0.60,carbonscaler_weighted,texas,37,0,292.0,48.8051,64.2054
optionC_lambda0.60,carbonscaler_weighted,texas,38,0,239.0,51.476,20.107
optionC_lambda0.60,carbonscaler_weighted,texas,39,0,200.0,51.6154,62.4952
optionC_lambda0.60,carbonscaler_weighted,texas,40,0,191.0,72.6202,86.4649
optionC_lambda0.60,carbonscaler_weighted,texas,41,0,199.0,100.3706,98.2854
optionC_lambda0.60,carbonscaler_weighted,texas,42,0,193.0,105.4917,102.8885
optionC_lambda0.60,carbonscaler_weighted,texas,43,0,198.0,97.4007,103.3636
optionC_lambda0.60,carbonscaler_weighted,texas,44,0,199.0,94.1298,79.272
optionC_lambda0.60,carbonscaler_weighted,texas,45,0,212.0,69.0595,66.6765
optionC_lambda0.60,carbonscaler_weighted,texas,46,0,236.0,52.4568,47.5106
optionC_lambda0.60,carbonscaler_weighted,texas,47,0,322.0,47.2983,81.2659
optionC_lambda0.60,carbonscaler_weighted,texas,48,0,374.0,35.1946,36.8934
optionC_lambda0.60,carbonscaler_weighted,texas,49,0,357.0,26.9337,21.3365
optionC_lambda0.60,carbonscaler_weighted,texas,50,0,335.0,27.766,1.951
optionC_lambda0.60,carbonscaler_weighted,texas,51,0,318.0,26.8679,8.729
optionC_lambda0.60,carbonscaler_weighted,texas,52,0,294.0,32.1051,29.6991
optionC_lambda0.60,carbonscaler_weighted,texas,53,1,283.0,23.9699,29.8911
optionC_lambda0.60,carbonscaler_weighted,texas,54,0,292.0,50.3498,28.7662
optionC_lambda0.60,carbonscaler_weighted,texas,55,0,312.0,58.473,51.5192
optionC_lambda0.60,carbonscaler_weighted,texas,56,0,336.0,56.9128,66.3191
optionC_lambda0.60,carbonscaler_weighted,texas,57,0,341.0,64.8707,61.4467
optionC_lambda0.60,carbonscaler_weighted,texas,58,0,341.0,68.664,75.3879
optionC_lambda0.60,carbonscaler_weighted,texas,59,0,361.0,56.1997,46.5673
optionC_lambda0.60,carbonscaler_weighted,texas,60,0,389.0,50.4553,57.0859
optionC_lambda0.60,carbonscaler_weighted,texas,61,0,398.0,50.708,33.0799
optionC_lambda0.60,carbonscaler_weighted,texas,62,0,355.0,52.9678,48.4055
optionC_lambda0.60,carbonscaler_weighted,texas,63,0,331.0,58.8784,55.4826
optionC_lambda0.60,carbonscaler_weighted,texas,64,0,346.0,69.3683,96.4196
optionC_lambda0.60,carbonscaler_weighted,texas,65,0,334.0,70.5607,85.1707
optionC_lambda0.60,carbonscaler_weighted,texas,66,0,319.0,65.4046,49.2341
optionC_lambda0.60,carbonscaler_weighted,texas,67,0,320.0,52.4934,43.3725
optionC_lambda0.60,carbonscaler_weighted,texas,68,0,327.0,48.7833,58.9517
optionC_lambda0.60,carbonscaler_weighted,texas,69,0,329.0,48.264,42.3642
optionC_lambda0.60,carbonscaler_weighted,texas,70,0,367.0,40.2067,25.7487
optionC_lambda0.60,carbonscaler_weighted,texas,71,0,420.0,38.6399,20.7555
optionC_lambda0.60,carbonscaler_weighted,texas,72,0,453.0,25.005,18.7779
optionC_lambda0.60,carbonscaler_weighted,texas,73,0,448.0,14.1714,11.0338
optionC_lambda0.60,carbonscaler_weighted,texas,74,0,443.0,17.0302,15.0893
optionC_lambda0.60,carbonscaler_weighted,texas,75,0,442.0,16.4485,29.7823
optionC_lambda0.60,carbonscaler_weighted,texas,76,0,440.0,19.7599,9.7297
optionC_lambda0.60,carbonscaler_weighted,texas,77,0,425.0,13.1885,14.6047
optionC_lambda0.60,carbonscaler_weighted,texas,78,0,386.0,25.134,39.4399
optionC_lambda0.60,carbonscaler_weighted,texas,79,0,352.0,36.9328,41.1443
optionC_lambda0.60,carbonscaler_weighted,texas,80,0,325.0,41.8119,55.1713
optionC_lambda0.60,carbonscaler_weighted,texas,81,0,317.0,33.574,21.4423
optionC_lambda0.60,carbonscaler_weighted,texas,82,0,329.0,29.1706,28.2014
optionC_lambda0.60,carbonscaler_weighted,texas,83,0,345.0,26.8487,22.73
optionC_lambda0.60,carbonscaler_weighted,texas,84,0,357.0,27.2327,38.418
optionC_lambda0.60,carbonscaler_weighted,texas,85,0,329.0,25.5057,36.527
optionC_lambda0.60,carbonscaler_weighted,texas,86,2,271.0,21.4771,26.0467
optionC_lambda0.60,carbonscaler_weighted,texas,87,2,233.0,27.4873,19.9106
optionC_lambda0.60,carbonscaler_weighted,texas,88,2,193.0,36.9808,23.7817
optionC_lambda0.60,carbonscaler_weighted,texas,89,0,182.0,57.2815,49.8727
optionC_lambda0.60,carbonscaler_weighted,texas,90,0,185.0,76.1777,83.9432
optionC_lambda0.60,carbonscaler_weighted,texas,91,0,185.0,73.5011,55.1757
optionC_lambda0.60,carbonscaler_weighted,texas,92,0,188.0,69.3436,254.8129
optionC_lambda0.60,carbonscaler_weighted,texas,93,1,203.0,41.3881,26.4996
optionC_lambda0.60,carbonscaler_weighted,texas,94,0,211.0,46.7147,39.3783
optionC_lambda0.60,carbonscaler_weighted,texas,95,0,262.0,37.5459,36.9086
optionC_lambda0.60,carbonscaler_weighted,texas,96,1,299.0,18.3422,22.6686
optionC_lambda0.60,carbonscaler_weighted,texas,97,0,305.0,23.8631,36.8306
optionC_lambda0.60,carbonscaler_weighted,texas,98,1,307.0,18.3429,16.9203
optionC_lambda0.60,carbonscaler_weighted,texas,99,0,305.0,25.3375,4.47
optionC_lambda0.60,carbonscaler_weighted,texas,100,0,290.0,71.2353,105.3646
optionC_lambda0.60,carbonscaler_weighted,texas,101,0,270.0,34.526,36.4763
optionC_lambda0.60,carbonscaler_weighted,texas,102,0,258.0,37.1991,51.6098
optionC_lambda0.60,carbonscaler_weighted,texas,103,0,254.0,42.6776,38.8888
optionC_lambda0.60,carbonscaler_weighted,texas,104,0,254.0,38.4615,56.8896
optionC_lambda0.60,carbonscaler_weighted,texas,105,0,253.0,171.9712,368.3534
optionC_lambda0.60,carbonscaler_weighted,texas,106,2,250.0,25.8761,3.1621
optionC_lambda0.60,carbonscaler_weighted,texas,107,2,256.0,20.8654,39.2828
optionC_lambda0.60,carbonscaler_weighted,texas,108,2,260.0,13.6561,30.106
optionC_lambda0.60,carbonscaler_weighted,texas,109,2,256.0,11.5445,18.6526
optionC_lambda0.60,carbonscaler_weighted,texas,110,2,229.0,21.1756,25.8241
optionC_lambda0.60,carbonscaler_weighted,texas,111,2,201.0,20.1438,20.4667
optionC_lambda0.60,carbonscaler_weighted,texas,112,2,191.0,38.1854,28.4718
optionC_lambda0.60,carbonscaler_weighted,texas,113,0,178.0,68.8497,77.2861
optionC_lambda0.60,carbonscaler_weighted,texas,114,0,187.0,81.1963,93.5924
optionC_lambda0.60,carbonscaler_weighted,texas,115,0,211.0,81.1428,95.1163
optionC_lambda0.60,carbonscaler_weighted,texas,116,0,216.0,68.1103,68.306
optionC_lambda0.60,carbonscaler_weighted,texas,117,0,235.0,71.371,54.8652
optionC_lambda0.60,carbonscaler_weighted,texas,118,0,260.0,38.0976,26.0119
optionC_lambda0.60,carbonscaler_weighted,texas,119,0,298.0,33.2382,33.5736
optionC_lambda0.60,carbonscaler_weighted,texas,120,0,357.0,34.7798,0.5833
optionC_lambda0.60,carbonscaler_weighted,texas,121,0,370.0,43.659,50.068
optionC_lambda0.60,carbonscaler_weighted,texas,122,0,361.0,54.8968,73.2643
optionC_lambda0.60,carbonscaler_weighted,texas,123,0,351.0,31.5659,27.0714
optionC_lambda0.60,carbonscaler_weighted,texas,124,0,345.0,38.9968,50.5642
optionC_lambda0.60,carbonscaler_weighted,texas,125,0,327.0,153.8136,133.0052
optionC_lambda0.60,carbonscaler_weighted,texas,126,0,317.0,137.7394,127.6533
optionC_lambda0.60,carbonscaler_weighted,texas,127,0,302.0,112.7035,127.4758
optionC_lambda0.60,carbonscaler_weighted,texas,128,0,259.0,75.7125,68.7393
optionC_lambda0.60,carbonscaler_weighted,texas,129,1,238.0,35.6457,19.6374
optionC_lambda0.60,carbonscaler_weighted,texas,130,0,231.0,44.3438,62.1764
optionC_lambda0.60,carbonscaler_weighted,texas,131,0,243.0,35.9372,21.0082
optionC_lambda0.60,carbonscaler_weighted,texas,132,0,254.0,38.1315,50.9989
optionC_lambda0.60,carbonscaler_weighted,texas,133,0,247.0,38.1886,42.7127
optionC_lambda0.60,carbonscaler_weighted,texas,134,0,226.0,39.6707,35.2655
optionC_lambda0.60,carbonscaler_weighted,texas,135,0,235.0,47.3615,31.6689
optionC_lambda0.60,carbonscaler_weighted,texas,136,0,228.0,68.7809,77.6323
optionC_lambda0.60,carbonscaler_weighted,texas,137,0,236.0,111.203,103.2048
optionC_lambda0.60,carbonscaler_weighted,texas,138,0,235.0,128.2242,114.5151
optionC_lambda0.60,carbonscaler_weighted,texas,139,0,251.0,109.0926,108.3063
optionC_lambda0.60,carbonscaler_weighted,texas,140,0,288.0,101.7683,117.6982
optionC_lambda0.60,carbonscaler_weighted,texas,141,0,318.0,65.184,56.8147
optionC_lambda0.60,carbonscaler_weighted,texas,142,0,354.0,58.0316,53.5464
optionC_lambda0.60,carbonscaler_weighted,texas,143,0,407.0,42.5978,66.0952
optionC_lambda0.60,carbonscaler_weighted,texas,144,0,463.0,33.627,36.459
optionC_lambda0.60,carbonscaler_weighted,texas,145,0,473.0,26.1557,13.8144
optionC_lambda0.60,carbonscaler_weighted,texas,146,0,481.0,32.1188,26.6674
optionC_lambda0.60,carbonscaler_weighted,texas,147,0,492.0,37.0733,28.8513
optionC_lambda0.60,carbonscaler_weighted,texas,148,0,503.0,30.1579,61.9976
optionC_lambda0.60,carbonscaler_weighted,texas,149,0,505.0,23.4652,17.8156
optionC_lambda0.60,carbonscaler_weighted,texas,150,0,503.0,43.1502,41.647
optionC_lambda0.60,carbonscaler_weighted,texas,151,0,504.0,66.5858,61.6512
optionC_lambda0.60,carbonscaler_weighted,texas,152,0,504.0,138.1495,287.0703
optionC_lambda0.60,carbonscaler_weighted,texas,153,0,504.0,51.5384,43.2347
optionC_lambda0.60,carbonscaler_weighted,texas,154,0,501.0,46.3416,47.3293
optionC_lambda0.60,carbonscaler_weighted,texas,155,0,499.0,44.2455,57.8439
optionC_lambda0.60,carbonscaler_weighted,texas,156,0,493.0,45.3638,62.2896
optionC_lambda0.60,carbonscaler_weighted,texas,157,0,463.0,48.8051,64.2054
optionC_lambda0.60,carbonscaler_weighted,texas,158,0,365.0,51.476,20.107
optionC_lambda0.60,carbonscaler_weighted,texas,159,0,316.0,51.6154,62.4952
optionC_lambda0.60,carbonscaler_weighted,texas,160,0,288.0,72.6202,86.4649
optionC_lambda0.60,carbonscaler_weighted,texas,161,0,281.0,100.3706,98.2854
optionC_lambda0.60,carbonscaler_weighted,texas,162,0,291.0,105.4917,102.8885
optionC_lambda0.60,carbonscaler_weighted,texas,163,0,296.0,97.4007,103.3636
optionC_lambda0.60,carbonscaler_weighted,texas,164,0,293.0,94.1298,79.272
optionC_lambda0.60,carbonscaler_weighted,texas,165,0,269.0,69.0595,66.6765
optionC_lambda0.60,carbonscaler_weighted,texas,166,0,311.0,52.4568,47.5106
optionC_lambda0.60,carbonscaler_weighted,texas,167,0,361.0,47.2983,81.2659
optionC_lambda0.70,carbonscaler_weighted,texas,0,0,329.0,34.7798,0.5833
optionC_lambda0.70,carbonscaler_weighted,texas,1,0,333.0,43.659,50.068
optionC_lambda0.70,carbonscaler_weighted,texas,2,0,321.0,54.8968,73.2643
optionC_lambda0.70,carbonscaler_weighted,texas,3,0,320.0,31.5659,27.0714
optionC_lambda0.70,carbonscaler_weighted,texas,4,0,331.0,38.9968,50.5642
optionC_lambda0.70,carbonscaler_weighted,texas,5,0,343.0,153.8136,133.0052
optionC_lambda0.70,carbonscaler_weighted,texas,6,0,363.0,137.7394,127.6533
optionC_lambda0.70,carbonscaler_weighted,texas,7,0,375.0,112.7035,127.4758
optionC_lambda0.70,carbonscaler_weighted,texas,8,0,382.0,75.7125,68.7393
optionC_lambda0.70,carbonscaler_weighted,texas,9,0,388.0,35.6457,19.6374
optionC_lambda0.70,carbonscaler_weighted,texas,10,0,409.0,44.3438,62.1764
optionC_lambda0.70,carbonscaler_weighted,texas,11,0,427.0,35.9372,21.0082
optionC_lambda0.70,carbonscaler_weighted,texas,12,0,431.0,38.1315,50.9989
optionC_lambda0.70,carbonscaler_weighted,texas,13,0,420.0,38.1886,42.7127
optionC_lambda0.70,carbonscaler_weighted,texas,14,0,326.0,39.6707,35.2655
optionC_lambda0.70,carbonscaler_weighted,texas,15,0,275.0,47.3615,31.6689
optionC_lambda0.70,carbonscaler_weighted,texas,16,0,286.0,68.7809,77.6323
optionC_lambda0.70,carbonscaler_weighted,texas,17,0,280.0,111.203,103.2048
optionC_lambda0.70,carbonscaler_weighted,texas,18,0,257.0,128.2242,114.5151
optionC_lambda0.70,carbonscaler_weighted,texas,19,0,241.0,109.0926,108.3063
optionC_lambda0.70,carbonscaler_weighted,texas,20,0,243.0,101.7683,117.6982
optionC_lambda0.70,carbonscaler_weighted,texas,21,0,251.0,65.184,56.8147
optionC_lambda0.70,carbonscaler_weighted,texas,22,0,255.0,58.0316,53.5464
optionC_lambda0.70,carbonscaler_weighted,texas,23,0,327.0,42.5978,66.0952
optionC_lambda0.70,carbonscaler_weighted,texas,24,0,402.0,33.627,36.459
optionC_lambda0.70,carbonscaler_weighted,texas,25,0,385.0,26.1557,13.8144
optionC_lambda0.70,carbonscaler_weighted,texas,26,0,363.0,32.1188,26.6674
optionC_lambda0.70,carbonscaler_weighted,texas,27,0,343.0,37.0733,28.8513
optionC_lambda0.70,carbonscaler_weighted,texas,28,0,309.0,30.1579,61.9976
optionC_lambda0.70,carbonscaler_weighted,texas,29,0,283.0,23.4652,17.8156
optionC_lambda0.70,carbonscaler_weighted,texas,30,0,263.0,43.1502,41.647
optionC_lambda0.70,carbonscaler_weighted,texas,31,0,262.0,66.5858,61.6512
optionC_lambda0.70,carbonscaler_weighted,texas,32,0,257.0,138.1495,287.0703
optionC_lambda0.70,carbonscaler_weighted,texas,33,0,260.0,51.5384,43.2347
optionC_lambda0.70,carbonscaler_weighted,texas,34,0,271.0,46.3416,47.3293
optionC_lambda0.70,carbonscaler_weighted,texas,35,0,285.0,44.2455,57.8439
optionC_lambda0.70,carbonscaler_weighted,texas,36,0,296.0,45.3638,62.2896
optionC_lambda0.70,carbonscaler_weighted,texas,37,0,292.0,48.8051,64.2054
optionC_lambda0.70,carbonscaler_weighted,texas,38,0,239.0,51.476,20.107
optionC_lambda0.70,carbonscaler_weighted,texas,39,0,200.0,51.6154,62.4952
optionC_lambda0.70,carbonscaler_weighted,texas,40,0,191.0,72.6202,86.4649
optionC_lambda0.70,carbonscaler_weighted,texas,41,0,199.0,100.3706,98.2854
optionC_lambda0.70,carbonscaler_weighted,texas,42,0,193.0,105.4917,102.8885
optionC_lambda0.70,carbonscaler_weighted,texas,43,0,198.0,97.4007,103.3636
optionC_lambda0.70,carbonscaler_weighted,texas,44,0,199.0,94.1298,79.272
optionC_lambda0.70,carbonscaler_weighted,texas,45,0,212.0,69.0595,66.6765
optionC_lambda0.70,carbonscaler_weighted,texas,46,0,236.0,52.4568,47.5106
optionC_lambda0.70,carbonscaler_weighted,texas,47,0,322.0,47.2983,81.2659
optionC_lambda0.70,carbonscaler_weighted,texas,48,0,374.0,35.1946,36.8934
optionC_lambda0.70,carbonscaler_weighted,texas,49,0,357.0,26.9337,21.3365
optionC_lambda0.70,carbonscaler_weighted,texas,50,0,335.0,27.766,1.951
optionC_lambda0.70,carbonscaler_weighted,texas,51,0,318.0,26.8679,8.729
optionC_lambda0.70,carbonscaler_weighted,texas,52,0,294.0,32.1051,29.6991
optionC_lambda0.70,carbonscaler_weighted,texas,53,0,283.0,23.9699,29.8911
optionC_lambda0.70,carbonscaler_weighted,texas,54,0,292.0,50.3498,28.7662
optionC_lambda0.70,carbonscaler_weighted,texas,55,0,312.0,58.473,51.5192
optionC_lambda0.70,carbonscaler_weighted,texas,56,0,336.0,56.9128,66.3191
optionC_lambda0.70,carbonscaler_weighted,texas,57,0,341.0,64.8707,61.4467
optionC_lambda0.70,carbonscaler_weighted,texas,58,0,341.0,68.664,75.3879
optionC_lambda0.70,carbonscaler_weighted,texas,59,0,361.0,56.1997,46.5673
optionC_lambda0.70,carbonscaler_weighted,texas,60,0,389.0,50.4553,57.0859
optionC_lambda0.70,carbonscaler_weighted,texas,61,0,398.0,50.708,33.0799
optionC_lambda0.70,carbonscaler_weighted,texas,62,0,355.0,52.9678,48.4055
optionC_lambda0.70,carbonscaler_weighted,texas,63,0,331.0,58.8784,55.4826
optionC_lambda0.70,carbonscaler_weighted,texas,64,0,346.0,69.3683,96.4196
optionC_lambda0.70,carbonscaler_weighted,texas,65,0,334.0,70.5607,85.1707
optionC_lambda0.70,carbonscaler_weighted,texas,66,0,319.0,65.4046,49.2341
optionC_lambda0.70,carbonscaler_weighted,texas,67,0,320.0,52.4934,43.3725
optionC_lambda0.70,carbonscaler_weighted,texas,68,0,327.0,48.7833,58.9517
optionC_lambda0.70,carbonscaler_weighted,texas,69,0,329.0,48.264,42.3642
optionC_lambda0.70,carbonscaler_weighted,texas,70,0,367.0,40.2067,25.7487
optionC_lambda0.70,carbonscaler_weighted,texas,71,0,420.0,38.6399,20.7555
optionC_lambda0.70,carbonscaler_weighted,texas,72,0,453.0,25.005,18.7779
optionC_lambda0.70,carbonscaler_weighted,texas,73,0,448.0,14.1714,11.0338
optionC_lambda0.70,carbonscaler_weighted,texas,74,0,443.0,17.0302,15.0893
optionC_lambda0.70,carbonscaler_weighted,texas,75,0,442.0,16.4485,29.7823
optionC_lambda0.70,carbonscaler_weighted,texas,76,0,440.0,19.7599,9.7297
optionC_lambda0.70,carbonscaler_weighted,texas,77,0,425.0,13.1885,14.6047
optionC_lambda0.70,carbonscaler_weighted,texas,78,0,386.0,25.134,39.4399
optionC_lambda0.70,carbonscaler_weighted,texas,79,0,352.0,36.9328,41.1443
optionC_lambda0.70,carbonscaler_weighted,texas,80,0,325.0,41.8119,55.1713
optionC_lambda0.70,carbonscaler_weighted,texas,81,0,317.0,33.574,21.4423
optionC_lambda0.70,carbonscaler_weighted,texas,82,0,329.0,29.1706,28.2014
optionC_lambda0.70,carbonscaler_weighted,texas,83,0,345.0,26.8487,22.73
optionC_lambda0.70,carbonscaler_weighted,texas,84,0,357.0,27.2327,38.418
optionC_lambda0.70,carbonscaler_weighted,texas,85,0,329.0,25.5057,36.527
optionC_lambda0.70,carbonscaler_weighted,texas,86,1,271.0,21.4771,26.0467
optionC_lambda0.70,carbonscaler_weighted,texas,87,2,233.0,27.4873,19.9106
optionC_lambda0.70,carbonscaler_weighted,texas,88,2,193.0,36.9808,23.7817
optionC_lambda0.70,carbonscaler_weighted,texas,89,1,182.0,57.2815,49.8727
optionC_lambda0.70,carbonscaler_weighted,texas,90,0,185.0,76.1777,83.9432
optionC_lambda0.70,carbonscaler_weighted,texas,91,0,185.0,73.5011,55.1757
optionC_lambda0.70,carbonscaler_weighted,texas,92,0,188.0,69.3436,254.8129
optionC_lambda0.70,carbonscaler_weighted,texas,93,2,203.0,41.3881,26.4996
optionC_lambda0.70,carbonscaler_weighted,texas,94,1,211.0,46.7147,39.3783
optionC_lambda0.70,carbonscaler_weighted,texas,95,0,262.0,37.5459,36.9086
optionC_lambda0.70,carbonscaler_weighted,texas,96,0,299.0,18.3422,22.6686
optionC_lambda0.70,carbonscaler_weighted,texas,97,0,305.0,23.8631,36.8306
optionC_lambda0.70,carbonscaler_weighted,texas,98,0,307.0,18.3429,16.9203
optionC_lambda0.70,carbonscaler_weighted,texas,99,0,305.0,25.3375,4.47
optionC_lambda0.70,carbonscaler_weighted,texas,100,0,290.0,71.2353,105.3646
optionC_lambda0.70,carbonscaler_weighted,texas,101,0,270.0,34.526,36.4763
optionC_lambda0.70,carbonscaler_weighted,texas,102,0,258.0,37.1991,51.6098
optionC_lambda0.70,carbonscaler_weighted,texas,103,0,254.0,42.6776,38.8888
optionC_lambda0.70,carbonscaler_weighted,texas,104,0,254.0,38.4615,56.8896
optionC_lambda0.70,carbonscaler_weighted,texas,105,0,253.0,171.9712,368.3534
optionC_lambda0.70,carbonscaler_weighted,texas,106,2,250.0,25.8761,3.1621
optionC_lambda0.70,carbonscaler_weighted,texas,107,2,256.0,20.8654,39.2828
optionC_lambda0.70,carbonscaler_weighted,texas,108,2,260.0,13.6561,30.106
optionC_lambda0.70,carbonscaler_weighted,texas,109,2,256.0,11.5445,18.6526
optionC_lambda0.70,carbonscaler_weighted,texas,110,2,229.0,21.1756,25.8241
optionC_lambda0.70,carbonscaler_weighted,texas,111,2,201.0,20.1438,20.4667
optionC_lambda0.70,carbonscaler_weighted,texas,112,2,191.0,38.1854,28.4718
optionC_lambda0.70,carbonscaler_weighted,texas,113,0,178.0,68.8497,77.2861
optionC_lambda0.70,carbonscaler_weighted,texas,114,0,187.0,81.1963,93.5924
optionC_lambda0.70,carbonscaler_weighted,texas,115,0,211.0,81.1428,95.1163
optionC_lambda0.70,carbonscaler_weighted,texas,116,0,216.0,68.1103,68.306
optionC_lambda0.70,carbonscaler_weighted,texas,117,0,235.0,71.371,54.8652
optionC_lambda0.70,carbonscaler_weighted,texas,118,0,260.0,38.0976,26.0119
optionC_lambda0.70,carbonscaler_weighted,texas,119,0,298.0,33.2382,33.5736
optionC_lambda0.70,carbonscaler_weighted,texas,120,0,357.0,34.7798,0.5833
optionC_lambda0.70,carbonscaler_weighted,texas,121,0,370.0,43.659,50.068
optionC_lambda0.70,carbonscaler_weighted,texas,122,0,361.0,54.8968,73.2643
optionC_lambda0.70,carbonscaler_weighted,texas,123,0,351.0,31.5659,27.0714
optionC_lambda0.70,carbonscaler_weighted,texas,124,0,345.0,38.9968,50.5642
optionC_lambda0.70,carbonscaler_weighted,texas,125,0,327.0,153.8136,133.0052
optionC_lambda0.70,carbonscaler_weighted,texas,126,0,317.0,137.7394,127.6533
optionC_lambda0.70,carbonscaler_weighted,texas,127,0,302.0,112.7035,127.4758
optionC_lambda0.70,carbonscaler_weighted,texas,128,0,259.0,75.7125,68.7393
optionC_lambda0.70,carbonscaler_weighted,texas,129,1,238.0,35.6457,19.6374
optionC_lambda0.70,carbonscaler_weighted,texas,130,0,231.0,44.3438,62.1764
optionC_lambda0.70,carbonscaler_weighted,texas,131,1,243.0,35.9372,21.0082
optionC_lambda0.70,carbonscaler_weighted,texas,132,0,254.0,38.1315,50.9989
optionC_lambda0.70,carbonscaler_weighted,texas,133,0,247.0,38.1886,42.7127
optionC_lambda0.70,carbonscaler_weighted,texas,134,1,226.0,39.6707,35.2655
optionC_lambda0.70,carbonscaler_weighted,texas,135,0,235.0,47.3615,31.6689
optionC_lambda0.70,carbonscaler_weighted,texas,136,0,228.0,68.7809,77.6323
optionC_lambda0.70,carbonscaler_weighted,texas,137,0,236.0,111.203,103.2048
optionC_lambda0.70,carbonscaler_weighted,texas,138,0,235.0,128.2242,114.5151
optionC_lambda0.70,carbonscaler_weighted,texas,139,0,251.0,109.0926,108.3063
optionC_lambda0.70,carbonscaler_weighted,texas,140,0,288.0,101.7683,117.6982
optionC_lambda0.70,carbonscaler_weighted,texas,141,0,318.0,65.184,56.8147
optionC_lambda0.70,carbonscaler_weighted,texas,142,0,354.0,58.0316,53.5464
optionC_lambda0.70,carbonscaler_weighted,texas,143,0,407.0,42.5978,66.0952
optionC_lambda0.70,carbonscaler_weighted,texas,144,0,463.0,33.627,36.459
optionC_lambda0.70,carbonscaler_weighted,texas,145,0,473.0,26.1557,13.8144
optionC_lambda0.70,carbonscaler_weighted,texas,146,0,481.0,32.1188,26.6674
optionC_lambda0.70,carbonscaler_weighted,texas,147,0,492.0,37.0733,28.8513
optionC_lambda0.70,carbonscaler_weighted,texas,148,0,503.0,30.1579,61.9976
optionC_lambda0.70,carbonscaler_weighted,texas,149,0,505.0,23.4652,17.8156
optionC_lambda0.70,carbonscaler_weighted,texas,150,0,503.0,43.1502,41.647
optionC_lambda0.70,carbonscaler_weighted,texas,151,0,504.0,66.5858,61.6512
optionC_lambda0.70,carbonscaler_weighted,texas,152,0,504.0,138.1495,287.0703
optionC_lambda0.70,carbonscaler_weighted,texas,153,0,504.0,51.5384,43.2347
optionC_lambda0.70,carbonscaler_weighted,texas,154,0,501.0,46.3416,47.3293
optionC_lambda0.70,carbonscaler_weighted,texas,155,0,499.0,44.2455,57.8439
optionC_lambda0.70,carbonscaler_weighted,texas,156,0,493.0,45.3638,62.2896
optionC_lambda0.70,carbonscaler_weighted,texas,157,0,463.0,48.8051,64.2054
optionC_lambda0.70,carbonscaler_weighted,texas,158,0,365.0,51.476,20.107
optionC_lambda0.70,carbonscaler_weighted,texas,159,0,316.0,51.6154,62.4952
optionC_lambda0.70,carbonscaler_weighted,texas,160,0,288.0,72.6202,86.4649
optionC_lambda0.70,carbonscaler_weighted,texas,161,0,281.0,100.3706,98.2854
optionC_lambda0.70,carbonscaler_weighted,texas,162,0,291.0,105.4917,102.8885
optionC_lambda0.70,carbonscaler_weighted,texas,163,0,296.0,97.4007,103.3636
optionC_lambda0.70,carbonscaler_weighted,texas,164,0,293.0,94.1298,79.272
optionC_lambda0.70,carbonscaler_weighted,texas,165,0,269.0,69.0595,66.6765
optionC_lambda0.70,carbonscaler_weighted,texas,166,0,311.0,52.4568,47.5106
optionC_lambda0.70,carbonscaler_weighted,texas,167,0,361.0,47.2983,81.2659
optionC_lambda0.80,carbonscaler_weighted,texas,0,0,329.0,34.7798,0.5833
optionC_lambda0.80,carbonscaler_weighted,texas,1,0,333.0,43.659,50.068
optionC_lambda0.80,carbonscaler_weighted,texas,2,0,321.0,54.8968,73.2643
optionC_lambda0.80,carbonscaler_weighted,texas,3,0,320.0,31.5659,27.0714
optionC_lambda0.80,carbonscaler_weighted,texas,4,0,331.0,38.9968,50.5642
optionC_lambda0.80,carbonscaler_weighted,texas,5,0,343.0,153.8136,133.0052
optionC_lambda0.80,carbonscaler_weighted,texas,6,0,363.0,137.7394,127.6533
optionC_lambda0.80,carbonscaler_weighted,texas,7,0,375.0,112.7035,127.4758
optionC_lambda0.80,carbonscaler_weighted,texas,8,0,382.0,75.7125,68.7393
optionC_lambda0.80,carbonscaler_weighted,texas,9,0,388.0,35.6457,19.6374
optionC_lambda0.80,carbonscaler_weighted,texas,10,0,409.0,44.3438,62.1764
optionC_lambda0.80,carbonscaler_weighted,texas,11,0,427.0,35.9372,21.0082
optionC_lambda0.80,carbonscaler_weighted,texas,12,0,431.0,38.1315,50.9989
optionC_lambda0.80,carbonscaler_weighted,texas,13,0,420.0,38.1886,42.7127
optionC_lambda0.80,carbonscaler_weighted,texas,14,0,326.0,39.6707,35.2655
optionC_lambda0.80,carbonscaler_weighted,texas,15,0,275.0,47.3615,31.6689
optionC_lambda0.80,carbonscaler_weighted,texas,16,0,286.0,68.7809,77.6323
optionC_lambda0.80,carbonscaler_weighted,texas,17,0,280.0,111.203,103.2048
optionC_lambda0.80,carbonscaler_weighted,texas,18,0,257.0,128.2242,114.5151
optionC_lambda0.80,carbonscaler_weighted,texas,19,0,241.0,109.0926,108.3063
optionC_lambda0.80,carbonscaler_weighted,texas,20,0,243.0,101.7683,117.6982
optionC_lambda0.80,carbonscaler_weighted,texas,21,0,251.0,65.184,56.8147
optionC_lambda0.80,carbonscaler_weighted,texas,22,0,255.0,58.0316,53.5464
optionC_lambda0.80,carbonscaler_weighted,texas,23,0,327.0,42.5978,66.0952
optionC_lambda0.80,carbonscaler_weighted,texas,24,0,402.0,33.627,36.459
optionC_lambda0.80,carbonscaler_weighted,texas,25,0,385.0,26.1557,13.8144
optionC_lambda0.80,carbonscaler_weighted,texas,26,0,363.0,32.1188,26.6674
optionC_lambda0.80,carbonscaler_weighted,texas,27,0,343.0,37.0733,28.8513
optionC_lambda0.80,carbonscaler_weighted,texas,28,0,309.0,30.1579,61.9976
optionC_lambda0.80,carbonscaler_weighted,texas,29,0,283.0,23.4652,17.8156
optionC_lambda0.80,carbonscaler_weighted,texas,30,0,263.0,43.1502,41.647
optionC_lambda0.80,carbonscaler_weighted,texas,31,0,262.0,66.5858,61.6512
optionC_lambda0.80,carbonscaler_weighted,texas,32,0,257.0,138.1495,287.0703
optionC_lambda0.80,carbonscaler_weighted,texas,33,0,260.0,51.5384,43.2347
optionC_lambda0.80,carbonscaler_weighted,texas,34,0,271.0,46.3416,47.3293
optionC_lambda0.80,carbonscaler_weighted,texas,35,0,285.0,44.2455,57.8439
optionC_lambda0.80,carbonscaler_weighted,texas,36,0,296.0,45.3638,62.2896
optionC_lambda0.80,carbonscaler_weighted,texas,37,0,292.0,48.8051,64.2054
optionC_lambda0.80,carbonscaler_weighted,texas,38,0,239.0,51.476,20.107
optionC_lambda0.80,carbonscaler_weighted,texas,39,2,200.0,51.6154,62.4952
optionC_lambda0.80,carbonscaler_weighted,texas,40,0,191.0,72.6202,86.4649
optionC_lambda0.80,carbonscaler_weighted,texas,41,0,199.0,100.3706,98.2854
optionC_lambda0.80,carbonscaler_weighted,texas,42,0,193.0,105.4917,102.8885
optionC_lambda0.80,carbonscaler_weighted,texas,43,0,198.0,97.4007,103.3636
optionC_lambda0.80,carbonscaler_weighted,texas,44,0,199.0,94.1298,79.272
optionC_lambda0.80,carbonscaler_weighted,texas,45,0,212.0,69.0595,66.6765
optionC_lambda0.80,carbonscaler_weighted,texas,46,0,236.0,52.4568,47.5106
optionC_lambda0.80,carbonscaler_weighted,texas,47,0,322.0,47.2983,81.2659
optionC_lambda0.80,carbonscaler_weighted,texas,48,0,374.0,35.1946,36.8934
optionC_lambda0.80,carbonscaler_weighted,texas,49,0,357.0,26.9337,21.3365
optionC_lambda0.80,carbonscaler_weighted,texas,50,0,335.0,27.766,1.951
optionC_lambda0.80,carbonscaler_weighted,texas,51,0,318.0,26.8679,8.729
optionC_lambda0.80,carbonscaler_weighted,texas,52,0,294.0,32.1051,29.6991
optionC_lambda0.80,carbonscaler_weighted,texas,53,0,283.0,23.9699,29.8911
optionC_lambda0.80,carbonscaler_weighted,texas,54,0,292.0,50.3498,28.7662
optionC_lambda0.80,carbonscaler_weighted,texas,55,0,312.0,58.473,51.5192
optionC_lambda0.80,carbonscaler_weighted,texas,56,0,336.0,56.9128,66.3191
optionC_lambda0.80,carbonscaler_weighted,texas,57,0,341.0,64.8707,61.4467
optionC_lambda0.80,carbonscaler_weighted,texas,58,0,341.0,68.664,75.3879
optionC_lambda0.80,carbonscaler_weighted,texas,59,0,361.0,56.1997,46.5673
optionC_lambda0.80,carbonscaler_weighted,texas,60,0,389.0,50.4553,57.0859
optionC_lambda0.80,carbonscaler_weighted,texas,61,0,398.0,50.708,33.0799
optionC_lambda0.80,carbonscaler_weighted,texas,62,0,355.0,52.9678,48.4055
optionC_lambda0.80,carbonscaler_weighted,texas,63,0,331.0,58.8784,55.4826
optionC_lambda0.80,carbonscaler_weighted,texas,64,0,346.0,69.3683,96.4196
optionC_lambda0.80,carbonscaler_weighted,texas,65,0,334.0,70.5607,85.1707
optionC_lambda0.80,carbonscaler_weighted,texas,66,0,319.0,65.4046,49.2341
optionC_lambda0.80,carbonscaler_weighted,texas,67,0,320.0,52.4934,43.3725
optionC_lambda0.80,carbonscaler_weighted,texas,68,0,327.0,48.7833,58.9517
optionC_lambda0.80,carbonscaler_weighted,texas,69,0,329.0,48.264,42.3642
optionC_lambda0.80,carbonscaler_weighted,texas,70,0,367.0,40.2067,25.7487
optionC_lambda0.80,carbonscaler_weighted,texas,71,0,420.0,38.6399,20.7555
optionC_lambda0.80,carbonscaler_weighted,texas,72,0,453.0,25.005,18.7779
optionC_lambda0.80,carbonscaler_weighted,texas,73,0,448.0,14.1714,11.0338
optionC_lambda0.80,carbonscaler_weighted,texas,74,0,443.0,17.0302,15.0893
optionC_lambda0.80,carbonscaler_weighted,texas,75,0,442.0,16.4485,29.7823
optionC_lambda0.80,carbonscaler_weighted,texas,76,0,440.0,19.7599,9.7297
optionC_lambda0.80,carbonscaler_weighted,texas,77,0,425.0,13.1885,14.6047
optionC_lambda0.80,carbonscaler_weighted,texas,78,0,386.0,25.134,39.4399
optionC_lambda0.80,carbonscaler_weighted,texas,79,0,352.0,36.9328,41.1443
optionC_lambda0.80,carbonscaler_weighted,texas,80,0,325.0,41.8119,55.1713
optionC_lambda0.80,carbonscaler_weighted,texas,81,0,317.0,33.574,21.4423
optionC_lambda0.80,carbonscaler_weighted,texas,82,0,329.0,29.1706,28.2014
optionC_lambda0.80,carbonscaler_weighted,texas,83,0,345.0,26.8487,22.73
optionC_lambda0.80,carbonscaler_weighted,texas,84,0,357.0,27.2327,38.418
optionC_lambda0.80,carbonscaler_weighted,texas,85,0,329.0,25.5057,36.527
optionC_lambda0.80,carbonscaler_weighted,texas,86,0,271.0,21.4771,26.0467
optionC_lambda0.80,carbonscaler_weighted,texas,87,2,233.0,27.4873,19.9106
optionC_lambda0.80,carbonscaler_weighted,texas,88,2,193.0,36.9808,23.7817
optionC_lambda0.80,carbonscaler_weighted,texas,89,2,182.0,57.2815,49.8727
optionC_lambda0.80,carbonscaler_weighted,texas,90,0,185.0,76.1777,83.9432
optionC_lambda0.80,carbonscaler_weighted,texas,91,0,185.0,73.5011,55.1757
optionC_lambda0.80,carbonscaler_weighted,texas,92,0,188.0,69.3436,254.8129
optionC_lambda0.80,carbonscaler_weighted,texas,93,2,203.0,41.3881,26.4996
optionC_lambda0.80,carbonscaler_weighted,texas,94,1,211.0,46.7147,39.3783
optionC_lambda0.80,carbonscaler_weighted,texas,95,0,262.0,37.5459,36.9086
optionC_lambda0.80,carbonscaler_weighted,texas,96,0,299.0,18.3422,22.6686
optionC_lambda0.80,carbonscaler_weighted,texas,97,0,305.0,23.8631,36.8306
optionC_lambda0.80,carbonscaler_weighted,texas,98,0,307.0,18.3429,16.9203
optionC_lambda0.80,carbonscaler_weighted,texas,99,0,305.0,25.3375,4.47
optionC_lambda0.80,carbonscaler_weighted,texas,100,0,290.0,71.2353,105.3646
optionC_lambda0.80,carbonscaler_weighted,texas,101,0,270.0,34.526,36.4763
optionC_lambda0.80,carbonscaler_weighted,texas,102,0,258.0,37.1991,51.6098
optionC_lambda0.80,carbonscaler_weighted,texas,103,0,254.0,42.6776,38.8888
optionC_lambda0.80,carbonscaler_weighted,texas,104,0,254.0,38.4615,56.8896
optionC_lambda0.80,carbonscaler_weighted,texas,105,0,253.0,171.9712,368.3534
optionC_lambda0.80,carbonscaler_weighted,texas,106,1,250.0,25.8761,3.1621
optionC_lambda0.80,carbonscaler_weighted,texas,107,1,256.0,20.8654,39.2828
optionC_lambda0.80,carbonscaler_weighted,texas,108,2,260.0,13.6561,30.106
optionC_lambda0.80,carbonscaler_weighted,texas,109,2,256.0,11.5445,18.6526
optionC_lambda0.80,carbonscaler_weighted,texas,110,2,229.0,21.1756,25.8241
optionC_lambda0.80,carbonscaler_weighted,texas,111,2,201.0,20.1438,20.4667
optionC_lambda0.80,carbonscaler_weighted,texas,112,2,191.0,38.1854,28.4718
optionC_lambda0.80,carbonscaler_weighted,texas,113,1,178.0,68.8497,77.2861
optionC_lambda0.80,carbonscaler_weighted,texas,114,0,187.0,81.1963,93.5924
optionC_lambda0.80,carbonscaler_weighted,texas,115,0,211.0,81.1428,95.1163
optionC_lambda0.80,carbonscaler_weighted,texas,116,0,216.0,68.1103,68.306
optionC_lambda0.80,carbonscaler_weighted,texas,117,0,235.0,71.371,54.8652
optionC_lambda0.80,carbonscaler_weighted,texas,118,0,260.0,38.0976,26.0119
optionC_lambda0.80,carbonscaler_weighted,texas,119,0,298.0,33.2382,33.5736
optionC_lambda0.80,carbonscaler_weighted,texas,120,0,357.0,34.7798,0.5833
optionC_lambda0.80,carbonscaler_weighted,texas,121,0,370.0,43.659,50.068
optionC_lambda0.80,carbonscaler_weighted,texas,122,0,361.0,54.8968,73.2643
optionC_lambda0.80,carbonscaler_weighted,texas,123,0,351.0,31.5659,27.0714
optionC_lambda0.80,carbonscaler_weighted,texas,124,0,345.0,38.9968,50.5642
optionC_lambda0.80,carbonscaler_weighted,texas,125,0,327.0,153.8136,133.0052
optionC_lambda0.80,carbonscaler_weighted,texas,126,0,317.0,137.7394,127.6533
optionC_lambda0.80,carbonscaler_weighted,texas,127,0,302.0,112.7035,127.4758
optionC_lambda0.80,carbonscaler_weighted,texas,128,0,259.0,75.7125,68.7393
optionC_lambda0.80,carbonscaler_weighted,texas,129,1,238.0,35.6457,19.6374
optionC_lambda0.80,carbonscaler_weighted,texas,130,0,231.0,44.3438,62.1764
optionC_lambda0.80,carbonscaler_weighted,texas,131,0,243.0,35.9372,21.0082
optionC_lambda0.80,carbonscaler_weighted,texas,132,0,254.0,38.1315,50.9989
optionC_lambda0.80,carbonscaler_weighted,texas,133,0,247.0,38.1886,42.7127
optionC_lambda0.80,carbonscaler_weighted,texas,134,1,226.0,39.6707,35.2655
optionC_lambda0.80,carbonscaler_weighted,texas,135,0,235.0,47.3615,31.6689
optionC_lambda0.80,carbonscaler_weighted,texas,136,0,228.0,68.7809,77.6323
optionC_lambda0.80,carbonscaler_weighted,texas,137,0,236.0,111.203,103.2048
optionC_lambda0.80,carbonscaler_weighted,texas,138,0,235.0,128.2242,114.5151
optionC_lambda0.80,carbonscaler_weighted,texas,139,0,251.0,109.0926,108.3063
optionC_lambda0.80,carbonscaler_weighted,texas,140,0,288.0,101.7683,117.6982
optionC_lambda0.80,carbonscaler_weighted,texas,141,0,318.0,65.184,56.8147
optionC_lambda0.80,carbonscaler_weighted,texas,142,0,354.0,58.0316,53.5464
optionC_lambda0.80,carbonscaler_weighted,texas,143,0,407.0,42.5978,66.0952
optionC_lambda0.80,carbonscaler_weighted,texas,144,0,463.0,33.627,36.459
optionC_lambda0.80,carbonscaler_weighted,texas,145,0,473.0,26.1557,13.8144
optionC_lambda0.80,carbonscaler_weighted,texas,146,0,481.0,32.1188,26.6674
optionC_lambda0.80,carbonscaler_weighted,texas,147,0,492.0,37.0733,28.8513
optionC_lambda0.80,carbonscaler_weighted,texas,148,0,503.0,30.1579,61.9976
optionC_lambda0.80,carbonscaler_weighted,texas,149,0,505.0,23.4652,17.8156
optionC_lambda0.80,carbonscaler_weighted,texas,150,0,503.0,43.1502,41.647
optionC_lambda0.80,carbonscaler_weighted,texas,151,0,504.0,66.5858,61.6512
optionC_lambda0.80,carbonscaler_weighted,texas,152,0,504.0,138.1495,287.0703
optionC_lambda0.80,carbonscaler_weighted,texas,153,0,504.0,51.5384,43.2347
optionC_lambda0.80,carbonscaler_weighted,texas,154,0,501.0,46.3416,47.3293
optionC_lambda0.80,carbonscaler_weighted,texas,155,0,499.0,44.2455,57.8439
optionC_lambda0.80,carbonscaler_weighted,texas,156,0,493.0,45.3638,62.2896
optionC_lambda0.80,carbonscaler_weighted,texas,157,0,463.0,48.8051,64.2054
optionC_lambda0.80,carbonscaler_weighted,texas,158,0,365.0,51.476,20.107
optionC_lambda0.80,carbonscaler_weighted,texas,159,0,316.0,51.6154,62.4952
optionC_lambda0.80,carbonscaler_weighted,texas,160,0,288.0,72.6202,86.4649
optionC_lambda0.80,carbonscaler_weighted,texas,161,0,281.0,100.3706,98.2854
optionC_lambda0.80,carbonscaler_weighted,texas,162,0,291.0,105.4917,102.8885
optionC_lambda0.80,carbonscaler_weighted,texas,163,0,296.0,97.4007,103.3636
optionC_lambda0.80,carbonscaler_weighted,texas,164,0,293.0,94.1298,79.272
optionC_lambda0.80,carbonscaler_weighted,texas,165,0,269.0,69.0595,66.6765
optionC_lambda0.80,carbonscaler_weighted,texas,166,0,311.0,52.4568,47.5106
optionC_lambda0.80,carbonscaler_weighted,texas,167,0,361.0,47.2983,81.2659
optionC_lambda0.90,carbonscaler_weighted,texas,0,0,329.0,34.7798,0.5833
optionC_lambda0.90,carbonscaler_weighted,texas,1,0,333.0,43.659,50.068
optionC_lambda0.90,carbonscaler_weighted,texas,2,0,321.0,54.8968,73.2643
optionC_lambda0.90,carbonscaler_weighted,texas,3,0,320.0,31.5659,27.0714
optionC_lambda0.90,carbonscaler_weighted,texas,4,0,331.0,38.9968,50.5642
optionC_lambda0.90,carbonscaler_weighted,texas,5,0,343.0,153.8136,133.0052
optionC_lambda0.90,carbonscaler_weighted,texas,6,0,363.0,137.7394,127.6533
optionC_lambda0.90,carbonscaler_weighted,texas,7,0,375.0,112.7035,127.4758
optionC_lambda0.90,carbonscaler_weighted,texas,8,0,382.0,75.7125,68.7393
optionC_lambda0.90,carbonscaler_weighted,texas,9,0,388.0,35.6457,19.6374
optionC_lambda0.90,carbonscaler_weighted,texas,10,0,409.0,44.3438,62.1764
optionC_lambda0.90,carbonscaler_weighted,texas,11,0,427.0,35.9372,21.0082
optionC_lambda0.90,carbonscaler_weighted,texas,12,0,431.0,38.1315,50.9989
optionC_lambda0.90,carbonscaler_weighted,texas,13,0,420.0,38.1886,42.7127
optionC_lambda0.90,carbonscaler_weighted,texas,14,0,326.0,39.6707,35.2655
optionC_lambda0.90,carbonscaler_weighted,texas,15,0,275.0,47.3615,31.6689
optionC_lambda0.90,carbonscaler_weighted,texas,16,0,286.0,68.7809,77.6323
optionC_lambda0.90,carbonscaler_weighted,texas,17,0,280.0,111.203,103.2048
optionC_lambda0.90,carbonscaler_weighted,texas,18,0,257.0,128.2242,114.5151
optionC_lambda0.90,carbonscaler_weighted,texas,19,0,241.0,109.0926,108.3063
optionC_lambda0.90,carbonscaler_weighted,texas,20,0,243.0,101.7683,117.6982
optionC_lambda0.90,carbonscaler_weighted,texas,21,0,251.0,65.184,56.8147
optionC_lambda0.90,carbonscaler_weighted,texas,22,0,255.0,58.0316,53.5464
optionC_lambda0.90,carbonscaler_weighted,texas,23,0,327.0,42.5978,66.0952
optionC_lambda0.90,carbonscaler_weighted,texas,24,0,402.0,33.627,36.459
optionC_lambda0.90,carbonscaler_weighted,texas,25,0,385.0,26.1557,13.8144
optionC_lambda0.90,carbonscaler_weighted,texas,26,0,363.0,32.1188,26.6674
optionC_lambda0.90,carbonscaler_weighted,texas,27,0,343.0,37.0733,28.8513
optionC_lambda0.90,carbonscaler_weighted,texas,28,0,309.0,30.1579,61.9976
optionC_lambda0.90,carbonscaler_weighted,texas,29,0,283.0,23.4652,17.8156
optionC_lambda0.90,carbonscaler_weighted,texas,30,0,263.0,43.1502,41.647
optionC_lambda0.90,carbonscaler_weighted,texas,31,0,262.0,66.5858,61.6512
optionC_lambda0.90,carbonscaler_weighted,texas,32,0,257.0,138.1495,287.0703
optionC_lambda0.90,carbonscaler_weighted,texas,33,0,260.0,51.5384,43.2347
optionC_lambda0.90,carbonscaler_weighted,texas,34,0,271.0,46.3416,47.3293
optionC_lambda0.90,carbonscaler_weighted,texas,35,0,285.0,44.2455,57.8439
optionC_lambda0.90,carbonscaler_weighted,texas,36,0,296.0,45.3638,62.2896
optionC_lambda0.90,carbonscaler_weighted,texas,37,0,292.0,48.8051,64.2054
optionC_lambda0.90,carbonscaler_weighted,texas,38,0,239.0,51.476,20.107
optionC_lambda0.90,carbonscaler_weighted,texas,39,2,200.0,51.6154,62.4952
optionC_lambda0.90,carbonscaler_weighted,texas,40,1,191.0,72.6202,86.4649
optionC_lambda0.90,carbonscaler_weighted,texas,41,0,199.0,100.3706,98.2854
optionC_lambda0.90,carbonscaler_weighted,texas,42,0,193.0,105.4917,102.8885
optionC_lambda0.90,carbonscaler_weighted,texas,43,0,198.0,97.4007,103.3636
optionC_lambda0.90,carbonscaler_weighted,texas,44,0,199.0,94.1298,79.272
optionC_lambda0.90,carbonscaler_weighted,texas,45,0,212.0,69.0595,66.6765
optionC_lambda0.90,carbonscaler_weighted,texas,46,0,236.0,52.4568,47.5106
optionC_lambda0.90,carbonscaler_weighted,texas,47,0,322.0,47.2983,81.2659
optionC_lambda0.90,carbonscaler_weighted,texas,48,0,374.0,35.1946,36.8934
optionC_lambda0.90,carbonscaler_weighted,texas,49,0,357.0,26.9337,21.3365
optionC_lambda0.90,carbonscaler_weighted,texas,50,0,335.0,27.766,1.951
optionC_lambda0.90,carbonscaler_weighted,texas,51,0,318.0,26.8679,8.729
optionC_lambda0.90,carbonscaler_weighted,texas,52,0,294.0,32.1051,29.6991
optionC_lambda0.90,carbonscaler_weighted,texas,53,0,283.0,23.9699,29.8911
optionC_lambda0.90,carbonscaler_weighted,texas,54,0,292.0,50.3498,28.7662
optionC_lambda0.90,carbonscaler_weighted,texas,55,0,312.0,58.473,51.5192
optionC_lambda0.90,carbonscaler_weighted,texas,56,0,336.0,56.9128,66.3191
optionC_lambda0.90,carbonscaler_weighted,texas,57,0,341.0,64.8707,61.4467
optionC_lambda0.90,carbonscaler_weighted,texas,58,0,341.0,68.664,75.3879
optionC_lambda0.90,carbonscaler_weighted,texas,59,0,361.0,56.1997,46.5673
optionC_lambda0.90,carbonscaler_weighted,texas,60,0,389.0,50.4553,57.0859
optionC_lambda0.90,carbonscaler_weighted,texas,61,0,398.0,50.708,33.0799
optionC_lambda0.90,carbonscaler_weighted,texas,62,0,355.0,52.9678,48.4055
optionC_lambda0.90,carbonscaler_weighted,texas,63,0,331.0,58.8784,55.4826
optionC_lambda0.90,carbonscaler_weighted,texas,64,0,346.0,69.3683,96.4196
optionC_lambda0.90,carbonscaler_weighted,texas,65,0,334.0,70.5607,85.1707
optionC_lambda0.90,carbonscaler_weighted,texas,66,0,319.0,65.4046,49.2341
optionC_lambda0.90,carbonscaler_weighted,texas,67,0,320.0,52.4934,43.3725
optionC_lambda0.90,carbonscaler_weighted,texas,68,0,327.0,48.7833,58.9517
optionC_lambda0.90,carbonscaler_weighted,texas,69,0,329.0,48.264,42.3642
optionC_lambda0.90,carbonscaler_weighted,texas,70,0,367.0,40.2067,25.7487
optionC_lambda0.90,carbonscaler_weighted,texas,71,0,420.0,38.6399,20.7555
optionC_lambda0.90,carbonscaler_weighted,texas,72,0,453.0,25.005,18.7779
optionC_lambda0.90,carbonscaler_weighted,texas,73,0,448.0,14.1714,11.0338
optionC_lambda0.90,carbonscaler_weighted,texas,74,0,443.0,17.0302,15.0893
optionC_lambda0.90,carbonscaler_weighted,texas,75,0,442.0,16.4485,29.7823
optionC_lambda0.90,carbonscaler_weighted,texas,76,0,440.0,19.7599,9.7297
optionC_lambda0.90,carbonscaler_weighted,texas,77,0,425.0,13.1885,14.6047
optionC_lambda0.90,carbonscaler_weighted,texas,78,0,386.0,25.134,39.4399
optionC_lambda0.90,carbonscaler_weighted,texas,79,0,352.0,36.9328,41.1443
optionC_lambda0.90,carbonscaler_weighted,texas,80,0,325.0,41.8119,55.1713
optionC_lambda0.90,carbonscaler_weighted,texas,81,0,317.0,33.574,21.4423
optionC_lambda0.90,carbonscaler_weighted,texas,82,0,329.0,29.1706,28.2014
optionC_lambda0.90,carbonscaler_weighted,texas,83,0,345.0,26.8487,22.73
optionC_lambda0.90,carbonscaler_weighted,texas,84,0,357.0,27.2327,38.418
optionC_lambda0.90,carbonscaler_weighted,texas,85,0,329.0,25.5057,36.527
optionC_lambda0.90,carbonscaler_weighted,texas,86,0,271.0,21.4771,26.0467
optionC_lambda0.90,carbonscaler_weighted,texas,87,1,233.0,27.4873,19.9106
optionC_lambda0.90,carbonscaler_weighted,texas,88,2,193.0,36.9808,23.7817
optionC_lambda0.90,carbonscaler_weighted,texas,89,2,182.0,57.2815,49.8727
optionC_lambda0.90,carbonscaler_weighted,texas,90,2,185.0,76.1777,83.9432
optionC_lambda0.90,carbonscaler_weighted,texas,91,2,185.0,73.5011,55.1757
optionC_lambda0.90,carbonscaler_weighted,texas,92,2,188.0,69.3436,254.8129
optionC_lambda0.90,carbonscaler_weighted,texas,93,2,203.0,41.3881,26.4996
optionC_lambda0.90,carbonscaler_weighted,texas,94,1,211.0,46.7147,39.3783
optionC_lambda0.90,carbonscaler_weighted,texas,95,0,262.0,37.5459,36.9086
optionC_lambda0.90,carbonscaler_weighted,texas,96,0,299.0,18.3422,22.6686
optionC_lambda0.90,carbonscaler_weighted,texas,97,0,305.0,23.8631,36.8306
optionC_lambda0.90,carbonscaler_weighted,texas,98,0,307.0,18.3429,16.9203
optionC_lambda0.90,carbonscaler_weighted,texas,99,0,305.0,25.3375,4.47
optionC_lambda0.90,carbonscaler_weighted,texas,100,0,290.0,71.2353,105.3646
optionC_lambda0.90,carbonscaler_weighted,texas,101,0,270.0,34.526,36.4763
optionC_lambda0.90,carbonscaler_weighted,texas,102,0,258.0,37.1991,51.6098
optionC_lambda0.90,carbonscaler_weighted,texas,103,0,254.0,42.6776,38.8888
optionC_lambda0.90,carbonscaler_weighted,texas,104,0,254.0,38.4615,56.8896
optionC_lambda0.90,carbonscaler_weighted,texas,105,0,253.0,171.9712,368.3534
optionC_lambda0.90,carbonscaler_weighted,texas,106,0,250.0,25.8761,3.1621
optionC_lambda0.90,carbonscaler_weighted,texas,107,0,256.0,20.8654,39.2828
optionC_lambda0.90,carbonscaler_weighted,texas,108,0,260.0,13.6561,30.106
optionC_lambda0.90,carbonscaler_weighted,texas,109,0,256.0,11.5445,18.6526
optionC_lambda0.90,carbonscaler_weighted,texas,110,1,229.0,21.1756,25.8241
optionC_lambda0.90,carbonscaler_weighted,texas,111,2,201.0,20.1438,20.4667
optionC_lambda0.90,carbonscaler_weighted,texas,112,2,191.0,38.1854,28.4718
optionC_lambda0.90,carbonscaler_weighted,texas,113,2,178.0,68.8497,77.2861
optionC_lambda0.90,carbonscaler_weighted,texas,114,1,187.0,81.1963,93.5924
optionC_lambda0.90,carbonscaler_weighted,texas,115,0,211.0,81.1428,95.1163
optionC_lambda0.90,carbonscaler_weighted,texas,116,0,216.0,68.1103,68.306
optionC_lambda0.90,carbonscaler_weighted,texas,117,0,235.0,71.371,54.8652
optionC_lambda0.90,carbonscaler_weighted,texas,118,0,260.0,38.0976,26.0119
optionC_lambda0.90,carbonscaler_weighted,texas,119,0,298.0,33.2382,33.5736
optionC_lambda0.90,carbonscaler_weighted,texas,120,0,357.0,34.7798,0.5833
optionC_lambda0.90,carbonscaler_weighted,texas,121,0,370.0,43.659,50.068
optionC_lambda0.90,carbonscaler_weighted,texas,122,0,361.0,54.8968,73.2643
optionC_lambda0.90,carbonscaler_weighted,texas,123,0,351.0,31.5659,27.0714
optionC_lambda0.90,carbonscaler_weighted,texas,124,0,345.0,38.9968,50.5642
optionC_lambda0.90,carbonscaler_weighted,texas,125,0,327.0,153.8136,133.0052
optionC_lambda0.90,carbonscaler_weighted,texas,126,0,317.0,137.7394,127.6533
optionC_lambda0.90,carbonscaler_weighted,texas,127,0,302.0,112.7035,127.4758
optionC_lambda0.90,carbonscaler_weighted,texas,128,0,259.0,75.7125,68.7393
optionC_lambda0.90,carbonscaler_weighted,texas,129,0,238.0,35.6457,19.6374
optionC_lambda0.90,carbonscaler_weighted,texas,130,0,231.0,44.3438,62.1764
optionC_lambda0.90,carbonscaler_weighted,texas,131,0,243.0,35.9372,21.0082
optionC_lambda0.90,carbonscaler_weighted,texas,132,0,254.0,38.1315,50.9989
optionC_lambda0.90,carbonscaler_weighted,texas,133,0,247.0,38.1886,42.7127
optionC_lambda0.90,carbonscaler_weighted,texas,134,1,226.0,39.6707,35.2655
optionC_lambda0.90,carbonscaler_weighted,texas,135,0,235.0,47.3615,31.6689
optionC_lambda0.90,carbonscaler_weighted,texas,136,0,228.0,68.7809,77.6323
optionC_lambda0.90,carbonscaler_weighted,texas,137,0,236.0,111.203,103.2048
optionC_lambda0.90,carbonscaler_weighted,texas,138,0,235.0,128.2242,114.5151
optionC_lambda0.90,carbonscaler_weighted,texas,139,0,251.0,109.0926,108.3063
optionC_lambda0.90,carbonscaler_weighted,texas,140,0,288.0,101.7683,117.6982
optionC_lambda0.90,carbonscaler_weighted,texas,141,0,318.0,65.184,56.8147
optionC_lambda0.90,carbonscaler_weighted,texas,142,0,354.0,58.0316,53.5464
optionC_lambda0.90,carbonscaler_weighted,texas,143,0,407.0,42.5978,66.0952
optionC_lambda0.90,carbonscaler_weighted,texas,144,0,463.0,33.627,36.459
optionC_lambda0.90,carbonscaler_weighted,texas,145,0,473.0,26.1557,13.8144
optionC_lambda0.90,carbonscaler_weighted,texas,146,0,481.0,32.1188,26.6674
optionC_lambda0.90,carbonscaler_weighted,texas,147,0,492.0,37.0733,28.8513
optionC_lambda0.90,carbonscaler_weighted,texas,148,0,503.0,30.1579,61.9976
optionC_lambda0.90,carbonscaler_weighted,texas,149,0,505.0,23.4652,17.8156
optionC_lambda0.90,carbonscaler_weighted,texas,150,0,503.0,43.1502,41.647
optionC_lambda0.90,carbonscaler_weighted,texas,151,0,504.0,66.5858,61.6512
optionC_lambda0.90,carbonscaler_weighted,texas,152,0,504.0,138.1495,287.0703
optionC_lambda0.90,carbonscaler_weighted,texas,153,0,504.0,51.5384,43.2347
optionC_lambda0.90,carbonscaler_weighted,texas,154,0,501.0,46.3416,47.3293
optionC_lambda0.90,carbonscaler_weighted,texas,155,0,499.0,44.2455,57.8439
optionC_lambda0.90,carbonscaler_weighted,texas,156,0,493.0,45.3638,62.2896
optionC_lambda0.90,carbonscaler_weighted,texas,157,0,463.0,48.8051,64.2054
optionC_lambda0.90,carbonscaler_weighted,texas,158,0,365.0,51.476,20.107
optionC_lambda0.90,carbonscaler_weighted,texas,159,0,316.0,51.6154,62.4952
optionC_lambda0.90,carbonscaler_weighted,texas,160,0,288.0,72.6202,86.4649
optionC_lambda0.90,carbonscaler_weighted,texas,161,0,281.0,100.3706,98.2854
optionC_lambda0.90,carbonscaler_weighted,texas,162,0,291.0,105.4917,102.8885
optionC_lambda0.90,carbonscaler_weighted,texas,163,0,296.0,97.4007,103.3636
optionC_lambda0.90,carbonscaler_weighted,texas,164,0,293.0,94.1298,79.272
optionC_lambda0.90,carbonscaler_weighted,texas,165,0,269.0,69.0595,66.6765
optionC_lambda0.90,carbonscaler_weighted,texas,166,0,311.0,52.4568,47.5106
optionC_lambda0.90,carbonscaler_weighted,texas,167,0,361.0,47.2983,81.2659
