policy,policy_name,sector_slug,slot_index,scale,carbon_intensity,day_ahead_price,real_time_price
carbonscaler_base,carbonscaler,ontario,0,0,55.0,10.14,12.723333333333334
carbonscaler_base,carbonscaler,ontario,1,0,48.0,9.36,5.970833333333334
carbonscaler_base,carbonscaler,ontario,2,0,45.0,9.06,7.86
carbonscaler_base,carbonscaler,ontario,3,0,34.0,10.08,14.696666666666665
carbonscaler_base,carbonscaler,ontario,4,0,32.0,14.33,34.67416666666667
carbonscaler_base,carbonscaler,ontario,5,0,32.0,19.15,26.945000000000004
carbonscaler_base,carbonscaler,ontario,6,0,32.0,35.55,36.14
carbonscaler_base,carbonscaler,ontario,7,0,32.0,35.33,32.5175
carbonscaler_base,carbonscaler,ontario,8,0,33.0,30.29,33.76916666666666
carbonscaler_base,carbonscaler,ontario,9,0,39.0,30.48,14.690833333333332
carbonscaler_base,carbonscaler,ontario,10,0,44.0,31.4,11.320833333333333
carbonscaler_base,carbonscaler,ontario,11,0,52.0,33.38,13.204166666666666
carbonscaler_base,carbonscaler,ontario,12,0,55.0,34.47,2.6
carbonscaler_base,carbonscaler,ontario,13,0,56.0,37.07,13.165
carbonscaler_base,carbonscaler,ontario,14,0,50.0,36.14,17.45
carbonscaler_base,carbonscaler,ontario,15,0,53.0,36.43,31.770833333333332
carbonscaler_base,carbonscaler,ontario,16,0,56.0,46.88,55.70666666666667
carbonscaler_base,carbonscaler,ontario,17,0,60.0,54.49,60.38666666666666
carbonscaler_base,carbonscaler,ontario,18,0,64.0,74.91,244.5533333333333
carbonscaler_base,carbonscaler,ontario,19,0,69.0,99.9,97.6475
carbonscaler_base,carbonscaler,ontario,20,0,79.0,63.3,122.53583333333334
carbonscaler_base,carbonscaler,ontario,21,0,100.0,43.0,28.940833333333334
carbonscaler_base,carbonscaler,ontario,22,0,105.0,33.65,26.91
carbonscaler_base,carbonscaler,ontario,23,0,114.0,34.59,21.63083333333333
carbonscaler_base,carbonscaler,ontario,24,0,116.0,42.27,19.504166666666666
carbonscaler_base,carbonscaler,ontario,25,0,117.0,35.57,14.384166666666665
carbonscaler_base,carbonscaler,ontario,26,0,101.0,32.42,1.3316666666666668
carbonscaler_base,carbonscaler,ontario,27,0,95.0,32.28,0.0
carbonscaler_base,carbonscaler,ontario,28,0,87.0,35.23,0.5166666666666667
carbonscaler_base,carbonscaler,ontario,29,0,70.0,34.07,16.916666666666668
carbonscaler_base,carbonscaler,ontario,30,0,67.0,43.68,30.46083333333333
carbonscaler_base,carbonscaler,ontario,31,0,67.0,42.18,20.410833333333333
carbonscaler_base,carbonscaler,ontario,32,0,67.0,38.78,26.3875
carbonscaler_base,carbonscaler,ontario,33,0,65.0,38.58,22.519166666666667
carbonscaler_base,carbonscaler,ontario,34,0,64.0,42.91,27.260833333333334
carbonscaler_base,carbonscaler,ontario,35,0,73.0,42.84,18.598333333333333
carbonscaler_base,carbonscaler,ontario,36,0,68.0,40.08,41.99333333333333
carbonscaler_base,carbonscaler,ontario,37,0,71.0,43.84,44.544999999999995
carbonscaler_base,carbonscaler,ontario,38,0,67.0,44.96,45.98416666666666
carbonscaler_base,carbonscaler,ontario,39,0,65.0,44.09,44.192499999999995
carbonscaler_base,carbonscaler,ontario,40,0,65.0,51.21,39.36666666666667
carbonscaler_base,carbonscaler,ontario,41,0,82.0,59.92,32.435
carbonscaler_base,carbonscaler,ontario,42,0,91.0,77.65,36.375
carbonscaler_base,carbonscaler,ontario,43,0,103.0,76.38,34.59
carbonscaler_base,carbonscaler,ontario,44,0,110.0,56.96,29.3225
carbonscaler_base,carbonscaler,ontario,45,0,107.0,43.68,22.377499999999998
carbonscaler_base,carbonscaler,ontario,46,0,104.0,40.54,15.515
carbonscaler_base,carbonscaler,ontario,47,0,106.0,33.18,14.910000000000002
carbonscaler_base,carbonscaler,ontario,48,0,104.0,32.14,11.148333333333333
carbonscaler_base,carbonscaler,ontario,49,0,100.0,30.12,8.441666666666666
carbonscaler_base,carbonscaler,ontario,50,0,92.0,31.12,149.02666666666667
carbonscaler_base,carbonscaler,ontario,51,0,79.0,31.0,205.4908333333333
carbonscaler_base,carbonscaler,ontario,52,0,67.0,31.23,19.633333333333333
carbonscaler_base,carbonscaler,ontario,53,0,60.0,35.23,24.95
carbonscaler_base,carbonscaler,ontario,54,0,56.0,41.26,27.915000000000003
carbonscaler_base,carbonscaler,ontario,55,0,56.0,44.87,31.650000000000002
carbonscaler_base,carbonscaler,ontario,56,0,72.0,41.08,29.24083333333333
carbonscaler_base,carbonscaler,ontario,57,0,69.0,43.51,27.15833333333333
carbonscaler_base,carbonscaler,ontario,58,0,79.0,43.42,25.7025
carbonscaler_base,carbonscaler,ontario,59,0,83.0,45.31,38.740833333333335
carbonscaler_base,carbonscaler,ontario,60,0,95.0,46.51,27.8175
carbonscaler_base,carbonscaler,ontario,61,0,102.0,48.6,34.40916666666667
carbonscaler_base,carbonscaler,ontario,62,0,102.0,50.34,62.815
carbonscaler_base,carbonscaler,ontario,63,0,102.0,58.05,259.62416666666667
carbonscaler_base,carbonscaler,ontario,64,0,113.0,63.16,86.6925
carbonscaler_base,carbonscaler,ontario,65,0,107.0,68.53,68.18083333333333
carbonscaler_base,carbonscaler,ontario,66,0,116.0,93.18,42.89666666666667
carbonscaler_base,carbonscaler,ontario,67,0,122.0,88.3,31.522499999999997
carbonscaler_base,carbonscaler,ontario,68,0,125.0,59.9,34.58416666666667
carbonscaler_base,carbonscaler,ontario,69,0,127.0,42.02,28.534166666666664
carbonscaler_base,carbonscaler,ontario,70,0,128.0,36.39,34.01333333333333
carbonscaler_base,carbonscaler,ontario,71,0,125.0,32.74,28.38416666666667
carbonscaler_base,carbonscaler,ontario,72,0,120.0,28.68,22.7325
carbonscaler_base,carbonscaler,ontario,73,0,116.0,28.64,19.643333333333334
carbonscaler_base,carbonscaler,ontario,74,0,106.0,26.46,17.49
carbonscaler_base,carbonscaler,ontario,75,0,115.0,28.46,16.575833333333332
carbonscaler_base,carbonscaler,ontario,76,0,106.0,31.0,5.333333333333333
carbonscaler_base,carbonscaler,ontario,77,0,101.0,30.35,0.11750000000000001
carbonscaler_base,carbonscaler,ontario,78,0,85.0,34.27,1.3058333333333334
carbonscaler_base,carbonscaler,ontario,79,0,76.0,41.23,2.350833333333333
carbonscaler_base,carbonscaler,ontario,80,0,74.0,44.8,17.661666666666665
carbonscaler_base,carbonscaler,ontario,81,0,78.0,40.27,309.79083333333335
carbonscaler_base,carbonscaler,ontario,82,0,82.0,33.88,64.495
carbonscaler_base,carbonscaler,ontario,83,0,78.0,33.33,56.17916666666667
carbonscaler_base,carbonscaler,ontario,84,0,77.0,33.98,41.751666666666665
carbonscaler_base,carbonscaler,ontario,85,0,82.0,35.01,49.869166666666665
carbonscaler_base,carbonscaler,ontario,86,0,106.0,39.71,33.9275
carbonscaler_base,carbonscaler,ontario,87,0,114.0,43.6,29.6075
carbonscaler_base,carbonscaler,ontario,88,0,115.0,45.42,26.890833333333333
carbonscaler_base,carbonscaler,ontario,89,0,114.0,65.47,44.94916666666666
carbonscaler_base,carbonscaler,ontario,90,0,114.0,97.57,69.5475
carbonscaler_base,carbonscaler,ontario,91,0,117.0,91.59,49.107499999999995
carbonscaler_base,carbonscaler,ontario,92,0,117.0,60.83,34.73416666666667
carbonscaler_base,carbonscaler,ontario,93,0,120.0,40.07,31.221666666666668
carbonscaler_base,carbonscaler,ontario,94,0,134.0,35.25,27.25166666666667
carbonscaler_base,carbonscaler,ontario,95,0,140.0,31.68,22.011666666666667
carbonscaler_base,carbonscaler,ontario,96,0,139.0,35.25,22.888333333333332
carbonscaler_base,carbonscaler,ontario,97,0,133.0,31.63,16.738333333333333
carbonscaler_base,carbonscaler,ontario,98,0,128.0,32.45,18.855
carbonscaler_base,carbonscaler,ontario,99,0,121.0,35.25,19.664166666666667
carbonscaler_base,carbonscaler,ontario,100,0,110.0,34.56,30.938333333333333
carbonscaler_base,carbonscaler,ontario,101,0,106.0,37.63,43.03666666666667
carbonscaler_base,carbonscaler,ontario,102,0,95.0,50.91,53.759166666666665
carbonscaler_base,carbonscaler,ontario,103,0,96.0,45.92,50.67333333333334
carbonscaler_base,carbonscaler,ontario,104,0,95.0,45.16,37.01333333333333
carbonscaler_base,carbonscaler,ontario,105,0,101.0,42.88,20.0675
carbonscaler_base,carbonscaler,ontario,106,0,112.0,43.2,10.8925
carbonscaler_base,carbonscaler,ontario,107,0,125.0,44.74,12.486666666666666
carbonscaler_base,carbonscaler,ontario,108,0,126.0,45.02,31.290833333333335
carbonscaler_base,carbonscaler,ontario,109,0,122.0,38.9,60.625
carbonscaler_base,carbonscaler,ontario,110,0,104.0,29.92,50.5375
carbonscaler_base,carbonscaler,ontario,111,0,104.0,34.24,64.04833333333333
carbonscaler_base,carbonscaler,ontario,112,0,104.0,48.42,69.30416666666666
carbonscaler_base,carbonscaler,ontario,113,0,109.0,62.22,71.61083333333333
carbonscaler_base,carbonscaler,ontario,114,0,109.0,55.44,22.609166666666667
carbonscaler_base,carbonscaler,ontario,115,0,108.0,45.27,16.400833333333335
carbonscaler_base,carbonscaler,ontario,116,0,110.0,41.53,13.129166666666668
carbonscaler_base,carbonscaler,ontario,117,0,118.0,32.29,15.157499999999999
carbonscaler_base,carbonscaler,ontario,118,0,114.0,28.02,1.1275000000000002
carbonscaler_base,carbonscaler,ontario,119,0,105.0,23.02,2.3566666666666665
carbonscaler_base,carbonscaler,ontario,120,0,89.0,7.67,3.641666666666667
carbonscaler_base,carbonscaler,ontario,121,0,78.0,6.48,0.18333333333333335
carbonscaler_base,carbonscaler,ontario,122,0,73.0,6.36,0.6066666666666667
carbonscaler_base,carbonscaler,ontario,123,0,63.0,6.54,0.5066666666666667
carbonscaler_base,carbonscaler,ontario,124,0,50.0,5.85,0.055
carbonscaler_base,carbonscaler,ontario,125,1,25.0,4.96,0.205
carbonscaler_base,carbonscaler,ontario,126,2,19.0,0.0,0.8916666666666666
carbonscaler_base,carbonscaler,ontario,127,2,19.0,0.0,1.7
carbonscaler_base,carbonscaler,ontario,128,2,19.0,4.04,7.135833333333333
carbonscaler_base,carbonscaler,ontario,129,2,19.0,6.14,7.169999999999999
carbonscaler_base,carbonscaler,ontario,130,2,20.0,6.59,3.830833333333333
carbonscaler_base,carbonscaler,ontario,131,2,19.0,10.27,1.3683333333333334
carbonscaler_base,carbonscaler,ontario,132,2,20.0,12.17,3.124166666666667
carbonscaler_base,carbonscaler,ontario,133,2,20.0,23.07,7.541666666666667
carbonscaler_base,carbonscaler,ontario,134,2,20.0,22.33,17.98333333333333
carbonscaler_base,carbonscaler,ontario,135,2,20.0,27.13,271.9775
carbonscaler_base,carbonscaler,ontario,136,2,20.0,31.7,226.4891666666667
carbonscaler_base,carbonscaler,ontario,137,2,21.0,43.63,53.12416666666666
carbonscaler_base,carbonscaler,ontario,138,1,25.0,44.6,28.73333333333333
carbonscaler_base,carbonscaler,ontario,139,0,31.0,44.27,30.3875
carbonscaler_base,carbonscaler,ontario,140,0,44.0,40.66,26.551666666666666
carbonscaler_base,carbonscaler,ontario,141,0,59.0,34.9,17.886666666666667
carbonscaler_base,carbonscaler,ontario,142,0,56.0,27.19,33.0425
carbonscaler_base,carbonscaler,ontario,143,0,50.0,24.14,41.13916666666667
carbonscaler_base,carbonscaler,ontario,144,0,51.0,18.56,126.9175
carbonscaler_base,carbonscaler,ontario,145,0,47.0,20.59,34.336666666666666
carbonscaler_base,carbonscaler,ontario,146,0,41.0,20.65,15.604166666666666
carbonscaler_base,carbonscaler,ontario,147,0,43.0,25.11,11.890833333333333
carbonscaler_base,carbonscaler,ontario,148,0,48.0,27.45,21.102500000000003
carbonscaler_base,carbonscaler,ontario,149,0,51.0,25.42,47.294999999999995
carbonscaler_base,carbonscaler,ontario,150,0,48.0,30.27,34.4625
carbonscaler_base,carbonscaler,ontario,151,0,42.0,31.89,74.80833333333334
carbonscaler_base,carbonscaler,ontario,152,0,43.0,26.94,9.879166666666666
carbonscaler_base,carbonscaler,ontario,153,0,45.0,27.02,2.0325
carbonscaler_base,carbonscaler,ontario,154,0,54.0,27.62,12.414166666666667
carbonscaler_base,carbonscaler,ontario,155,0,53.0,19.97,31.2075
carbonscaler_base,carbonscaler,ontario,156,0,61.0,20.25,35.7975
carbonscaler_base,carbonscaler,ontario,157,0,52.0,18.08,27.594166666666666
carbonscaler_base,carbonscaler,ontario,158,0,47.0,18.08,19.763333333333332
carbonscaler_base,carbonscaler,ontario,159,0,46.0,23.4,22.815833333333334
carbonscaler_base,carbonscaler,ontario,160,0,49.0,26.71,23.8025
carbonscaler_base,carbonscaler,ontario,161,0,54.0,40.16,38.34666666666667
carbonscaler_base,carbonscaler,ontario,162,0,50.0,48.19,32.54333333333333
carbonscaler_base,carbonscaler,ontario,163,0,52.0,57.72,53.36166666666667
carbonscaler_base,carbonscaler,ontario,164,0,58.0,47.14,133.0875
carbonscaler_base,carbonscaler,ontario,165,0,63.0,42.9,33.722500000000004
carbonscaler_base,carbonscaler,ontario,166,0,77.0,34.87,34.745
carbonscaler_base,carbonscaler,ontario,167,0,75.0,29.21,28.75916666666667
price_only,price_only,ontario,0,1,55.0,10.14,12.723333333333334
price_only,price_only,ontario,1,2,48.0,9.36,5.970833333333334
price_only,price_only,ontario,2,2,45.0,9.06,7.86
price_only,price_only,ontario,3,2,34.0,10.08,14.696666666666665
price_only,price_only,ontario,4,0,32.0,14.33,34.67416666666667
price_only,price_only,ontario,5,0,32.0,19.15,26.945000000000004
price_only,price_only,ontario,6,0,32.0,35.55,36.14
price_only,price_only,ontario,7,0,32.0,35.33,32.5175
price_only,price_only,ontario,8,0,33.0,30.29,33.76916666666666
price_only,price_only,ontario,9,0,39.0,30.48,14.690833333333332
price_only,price_only,ontario,10,0,44.0,31.4,11.320833333333333
price_only,price_only,ontario,11,0,52.0,33.38,13.204166666666666
price_only,price_only,ontario,12,0,55.0,34.47,2.6
price_only,price_only,ontario,13,0,56.0,37.07,13.165
price_only,price_only,ontario,14,0,50.0,36.14,17.45
price_only,price_only,ontario,15,0,53.0,36.43,31.770833333333332
price_only,price_only,ontario,16,0,56.0,46.88,55.70666666666667
price_only,price_only,ontario,17,0,60.0,54.49,60.38666666666666
price_only,price_only,ontario,18,0,64.0,74.91,244.5533333333333
price_only,price_only,ontario,19,0,69.0,99.9,97.6475
price_only,price_only,ontario,20,0,79.0,63.3,122.53583333333334
price_only,price_only,ontario,21,0,100.0,43.0,28.940833333333334
price_only,price_only,ontario,22,0,105.0,33.65,26.91
price_only,price_only,ontario,23,0,114.0,34.59,21.63083333333333
price_only,price_only,ontario,24,0,116.0,42.27,19.504166666666666
price_only,price_only,ontario,25,0,117.0,35.57,14.384166666666665
price_only,price_only,ontario,26,0,101.0,32.42,1.3316666666666668
price_only,price_only,ontario,27,0,95.0,32.28,0.0
price_only,price_only,ontario,28,0,87.0,35.23,0.5166666666666667
price_only,price_only,ontario,29,0,70.0,34.07,16.916666666666668
price_only,price_only,ontario,30,0,67.0,43.68,30.46083333333333
price_only,price_only,ontario,31,0,67.0,42.18,20.410833333333333
price_only,price_only,ontario,32,0,67.0,38.78,26.3875
price_only,price_only,ontario,33,0,65.0,38.58,22.519166666666667
price_only,price_only,ontario,34,0,64.0,42.91,27.260833333333334
price_only,price_only,ontario,35,0,73.0,42.84,18.598333333333333
price_only,price_only,ontario,36,0,68.0,40.08,41.99333333333333
price_only,price_only,ontario,37,0,71.0,43.84,44.544999999999995
price_only,price_only,ontario,38,0,67.0,44.96,45.98416666666666
price_only,price_only,ontario,39,0,65.0,44.09,44.192499999999995
price_only,price_only,ontario,40,0,65.0,51.21,39.36666666666667
price_only,price_only,ontario,41,0,82.0,59.92,32.435
price_only,price_only,ontario,42,0,91.0,77.65,36.375
price_only,price_only,ontario,43,0,103.0,76.38,34.59
price_only,price_only,ontario,44,0,110.0,56.96,29.3225
price_only,price_only,ontario,45,0,107.0,43.68,22.377499999999998
price_only,price_only,ontario,46,0,104.0,40.54,15.515
price_only,price_only,ontario,47,0,106.0,33.18,14.910000000000002
price_only,price_only,ontario,48,0,104.0,32.14,11.148333333333333
price_only,price_only,ontario,49,0,100.0,30.12,8.441666666666666
price_only,price_only,ontario,50,0,92.0,31.12,149.02666666666667
price_only,price_only,ontario,51,0,79.0,31.0,205.4908333333333
price_only,price_only,ontario,52,0,67.0,31.23,19.633333333333333
price_only,price_only,ontario,53,0,60.0,35.23,24.95
price_only,price_only,ontario,54,0,56.0,41.26,27.915000000000003
price_only,price_only,ontario,55,0,56.0,44.87,31.650000000000002
price_only,price_only,ontario,56,0,72.0,41.08,29.24083333333333
price_only,price_only,ontario,57,0,69.0,43.51,27.15833333333333
price_only,price_only,ontario,58,0,79.0,43.42,25.7025
price_only,price_only,ontario,59,0,83.0,45.31,38.740833333333335
price_only,price_only,ontario,60,0,95.0,46.51,27.8175
price_only,price_only,ontario,61,0,102.0,48.6,34.40916666666667
price_only,price_only,ontario,62,0,102.0,50.34,62.815
price_only,price_only,ontario,63,0,102.0,58.05,259.62416666666667
price_only,price_only,ontario,64,0,113.0,63.16,86.6925
price_only,price_only,ontario,65,0,107.0,68.53,68.18083333333333
price_only,price_only,ontario,66,0,116.0,93.18,42.89666666666667
price_only,price_only,ontario,67,0,122.0,88.3,31.522499999999997
price_only,price_only,ontario,68,0,125.0,59.9,34.58416666666667
price_only,price_only,ontario,69,0,127.0,42.02,28.534166666666664
price_only,price_only,ontario,70,0,128.0,36.39,34.01333333333333
price_only,price_only,ontario,71,0,125.0,32.74,28.38416666666667
price_only,price_only,ontario,72,0,120.0,28.68,22.7325
price_only,price_only,ontario,73,0,116.0,28.64,19.643333333333334
price_only,price_only,ontario,74,0,106.0,26.46,17.49
price_only,price_only,ontario,75,0,115.0,28.46,16.575833333333332
price_only,price_only,ontario,76,0,106.0,31.0,5.333333333333333
price_only,price_only,ontario,77,0,101.0,30.35,0.11750000000000001
price_only,price_only,ontario,78,0,85.0,34.27,1.3058333333333334
price_only,price_only,ontario,79,0,76.0,41.23,2.350833333333333
price_only,price_only,ontario,80,0,74.0,44.8,17.661666666666665
price_only,price_only,ontario,81,0,78.0,40.27,309.79083333333335
price_only,price_only,ontario,82,0,82.0,33.88,64.495
price_only,price_only,ontario,83,0,78.0,33.33,56.17916666666667
price_only,price_only,ontario,84,0,77.0,33.98,41.751666666666665
price_only,price_only,ontario,85,0,82.0,35.01,49.869166666666665
price_only,price_only,ontario,86,0,106.0,39.71,33.9275
price_only,price_only,ontario,87,0,114.0,43.6,29.6075
price_only,price_only,ontario,88,0,115.0,45.42,26.890833333333333
price_only,price_only,ontario,89,0,114.0,65.47,44.94916666666666
price_only,price_only,ontario,90,0,114.0,97.57,69.5475
price_only,price_only,ontario,91,0,117.0,91.59,49.107499999999995
price_only,price_only,ontario,92,0,117.0,60.83,34.73416666666667
price_only,price_only,ontario,93,0,120.0,40.07,31.221666666666668
price_only,price_only,ontario,94,0,134.0,35.25,27.25166666666667
price_only,price_only,ontario,95,0,140.0,31.68,22.011666666666667
price_only,price_only,ontario,96,0,139.0,35.25,22.888333333333332
price_only,price_only,ontario,97,0,133.0,31.63,16.738333333333333
price_only,price_only,ontario,98,0,128.0,32.45,18.855
price_only,price_only,ontario,99,0,121.0,35.25,19.664166666666667
price_only,price_only,ontario,100,0,110.0,34.56,30.938333333333333
price_only,price_only,ontario,101,0,106.0,37.63,43.03666666666667
price_only,price_only,ontario,102,0,95.0,50.91,53.759166666666665
price_only,price_only,ontario,103,0,96.0,45.92,50.67333333333334
price_only,price_only,ontario,104,0,95.0,45.16,37.01333333333333
price_only,price_only,ontario,105,0,101.0,42.88,20.0675
price_only,price_only,ontario,106,0,112.0,43.2,10.8925
price_only,price_only,ontario,107,0,125.0,44.74,12.486666666666666
price_only,price_only,ontario,108,0,126.0,45.02,31.290833333333335
price_only,price_only,ontario,109,0,122.0,38.9,60.625
price_only,price_only,ontario,110,0,104.0,29.92,50.5375
price_only,price_only,ontario,111,0,104.0,34.24,64.04833333333333
price_only,price_only,ontario,112,0,104.0,48.42,69.30416666666666
price_only,price_only,ontario,113,0,109.0,62.22,71.61083333333333
price_only,price_only,ontario,114,0,109.0,55.44,22.609166666666667
price_only,price_only,ontario,115,0,108.0,45.27,16.400833333333335
price_only,price_only,ontario,116,0,110.0,41.53,13.129166666666668
price_only,price_only,ontario,117,0,118.0,32.29,15.157499999999999
price_only,price_only,ontario,118,0,114.0,28.02,1.1275000000000002
price_only,price_only,ontario,119,0,105.0,23.02,2.3566666666666665
price_only,price_only,ontario,120,2,89.0,7.67,3.641666666666667
price_only,price_only,ontario,121,2,78.0,6.48,0.18333333333333335
price_only,price_only,ontario,122,2,73.0,6.36,0.6066666666666667
price_only,price_only,ontario,123,2,63.0,6.54,0.5066666666666667
price_only,price_only,ontario,124,2,50.0,5.85,0.055
price_only,price_only,ontario,125,2,25.0,4.96,0.205
price_only,price_only,ontario,126,0,19.0,0.0,0.8916666666666666
price_only,price_only,ontario,127,0,19.0,0.0,1.7
price_only,price_only,ontario,128,2,19.0,4.04,7.135833333333333
price_only,price_only,ontario,129,2,19.0,6.14,7.169999999999999
price_only,price_only,ontario,130,2,20.0,6.59,3.830833333333333
price_only,price_only,ontario,131,1,19.0,10.27,1.3683333333333334
price_only,price_only,ontario,132,0,20.0,12.17,3.124166666666667
price_only,price_only,ontario,133,0,20.0,23.07,7.541666666666667
price_only,price_only,ontario,134,0,20.0,22.33,17.98333333333333
price_only,price_only,ontario,135,0,20.0,27.13,271.9775
price_only,price_only,ontario,136,0,20.0,31.7,226.4891666666667
price_only,price_only,ontario,137,0,21.0,43.63,53.12416666666666
price_only,price_only,ontario,138,0,25.0,44.6,28.73333333333333
price_only,price_only,ontario,139,0,31.0,44.27,30.3875
price_only,price_only,ontario,140,0,44.0,40.66,26.551666666666666
price_only,price_only,ontario,141,0,59.0,34.9,17.886666666666667
price_only,price_only,ontario,142,0,56.0,27.19,33.0425
price_only,price_only,ontario,143,0,50.0,24.14,41.13916666666667
price_only,price_only,ontario,144,0,51.0,18.56,126.9175
price_only,price_only,ontario,145,0,47.0,20.59,34.336666666666666
price_only,price_only,ontario,146,0,41.0,20.65,15.604166666666666
price_only,price_only,ontario,147,0,43.0,25.11,11.890833333333333
price_only,price_only,ontario,148,0,48.0,27.45,21.102500000000003
price_only,price_only,ontario,149,0,51.0,25.42,47.294999999999995
price_only,price_only,ontario,150,0,48.0,30.27,34.4625
price_only,price_only,ontario,151,0,42.0,31.89,74.80833333333334
price_only,price_only,ontario,152,0,43.0,26.94,9.879166666666666
price_only,price_only,ontario,153,0,45.0,27.02,2.0325
price_only,price_only,ontario,154,0,54.0,27.62,12.414166666666667
price_only,price_only,ontario,155,0,53.0,19.97,31.2075
price_only,price_only,ontario,156,0,61.0,20.25,35.7975
price_only,price_only,ontario,157,0,52.0,18.08,27.594166666666666
price_only,price_only,ontario,158,0,47.0,18.08,19.763333333333332
price_only,price_only,ontario,159,0,46.0,23.4,22.815833333333334
price_only,price_only,ontario,160,0,49.0,26.71,23.8025
price_only,price_only,ontario,161,0,54.0,40.16,38.34666666666667
price_only,price_only,ontario,162,0,50.0,48.19,32.54333333333333
price_only,price_only,ontario,163,0,52.0,57.72,53.36166666666667
price_only,price_only,ontario,164,0,58.0,47.14,133.0875
price_only,price_only,ontario,165,0,63.0,42.9,33.722500000000004
price_only,price_only,ontario,166,0,77.0,34.87,34.745
price_only,price_only,ontario,167,0,75.0,29.21,28.75916666666667
optionA_tie_0.01,carbonscaler_price_tiebreak,ontario,0,0,55.0,10.14,12.723333333333334
optionA_tie_0.01,carbonscaler_price_tiebreak,ontario,1,0,48.0,9.36,5.970833333333334
optionA_tie_0.01,carbonscaler_price_tiebreak,ontario,2,0,45.0,9.06,7.86
optionA_tie_0.01,carbonscaler_price_tiebreak,ontario,3,0,34.0,10.08,14.696666666666665
optionA_tie_0.01,carbonscaler_price_tiebreak,ontario,4,0,32.0,14.33,34.67416666666667
optionA_tie_0.01,carbonscaler_price_tiebreak,ontario,5,0,32.0,19.15,26.945000000000004
optionA_tie_0.01,carbonscaler_price_tiebreak,ontario,6,0,32.0,35.55,36.14
optionA_tie_0.01,carbonscaler_price_tiebreak,ontario,7,0,32.0,35.33,32.5175
optionA_tie_0.01,carbonscaler_price_tiebreak,ontario,8,0,33.0,30.29,33.76916666666666
optionA_tie_0.01,carbonscaler_price_tiebreak,ontario,9,0,39.0,30.48,14.690833333333332
optionA_tie_0.01,carbonscaler_price_tiebreak,ontario,10,0,44.0,31.4,11.320833333333333
optionA_tie_0.01,carbonscaler_price_tiebreak,ontario,11,0,52.0,33.38,13.204166666666666
optionA_tie_0.01,carbonscaler_price_tiebreak,ontario,12,0,55.0,34.47,2.6
optionA_tie_0.01,carbonscaler_price_tiebreak,ontario,13,0,56.0,37.07,13.165
optionA_tie_0.01,carbonscaler_price_tiebreak,ontario,14,0,50.0,36.14,17.45
optionA_tie_0.01,carbonscaler_price_tiebreak,ontario,15,0,53.0,36.43,31.770833333333332
optionA_tie_0.01,carbonscaler_price_tiebreak,ontario,16,0,56.0,46.88,55.70666666666667
optionA_tie_0.01,carbonscaler_price_tiebreak,ontario,17,0,60.0,54.49,60.38666666666666
optionA_tie_0.01,carbonscaler_price_tiebreak,ontario,18,0,64.0,74.91,244.5533333333333
optionA_tie_0.01,carbonscaler_price_tiebreak,ontario,19,0,69.0,99.9,97.6475
optionA_tie_0.01,carbonscaler_price_tiebreak,ontario,20,0,79.0,63.3,122.53583333333334
optionA_tie_0.01,carbonscaler_price_tiebreak,ontario,21,0,100.0,43.0,28.940833333333334
optionA_tie_0.01,carbonscaler_price_tiebreak,ontario,22,0,105.0,33.65,26.91
optionA_tie_0.01,carbonscaler_price_tiebreak,ontario,23,0,114.0,34.59,21.63083333333333
optionA_tie_0.01,carbonscaler_price_tiebreak,ontario,24,0,116.0,42.27,19.504166666666666
optionA_tie_0.01,carbonscaler_price_tiebreak,ontario,25,0,117.0,35.57,14.384166666666665
optionA_tie_0.01,carbonscaler_price_tiebreak,ontario,26,0,101.0,32.42,1.3316666666666668
optionA_tie_0.01,carbonscaler_price_tiebreak,ontario,27,0,95.0,32.28,0.0
optionA_tie_0.01,carbonscaler_price_tiebreak,ontario,28,0,87.0,35.23,0.5166666666666667
optionA_tie_0.01,carbonscaler_price_tiebreak,ontario,29,0,70.0,34.07,16.916666666666668
optionA_tie_0.01,carbonscaler_price_tiebreak,ontario,30,0,67.0,43.68,30.46083333333333
optionA_tie_0.01,carbonscaler_price_tiebreak,ontario,31,0,67.0,42.18,20.410833333333333
optionA_tie_0.01,carbonscaler_price_tiebreak,ontario,32,0,67.0,38.78,26.3875
optionA_tie_0.01,carbonscaler_price_tiebreak,ontario,33,0,65.0,38.58,22.519166666666667
optionA_tie_0.01,carbonscaler_price_tiebreak,ontario,34,0,64.0,42.91,27.260833333333334
optionA_tie_0.01,carbonscaler_price_tiebreak,ontario,35,0,73.0,42.84,18.598333333333333
optionA_tie_0.01,carbonscaler_price_tiebreak,ontario,36,0,68.0,40.08,41.99333333333333
optionA_tie_0.01,carbonscaler_price_tiebreak,ontario,37,0,71.0,43.84,44.544999999999995
optionA_tie_0.01,carbonscaler_price_tiebreak,ontario,38,0,67.0,44.96,45.98416666666666
optionA_tie_0.01,carbonscaler_price_tiebreak,ontario,39,0,65.0,44.09,44.192499999999995
optionA_tie_0.01,carbonscaler_price_tiebreak,ontario,40,0,65.0,51.21,39.36666666666667
optionA_tie_0.01,carbonscaler_price_tiebreak,ontario,41,0,82.0,59.92,32.435
optionA_tie_0.01,carbonscaler_price_tiebreak,ontario,42,0,91.0,77.65,36.375
optionA_tie_0.01,carbonscaler_price_tiebreak,ontario,43,0,103.0,76.38,34.59
optionA_tie_0.01,carbonscaler_price_tiebreak,ontario,44,0,110.0,56.96,29.3225
optionA_tie_0.01,carbonscaler_price_tiebreak,ontario,45,0,107.0,43.68,22.377499999999998
optionA_tie_0.01,carbonscaler_price_tiebreak,ontario,46,0,104.0,40.54,15.515
optionA_tie_0.01,carbonscaler_price_tiebreak,ontario,47,0,106.0,33.18,14.910000000000002
optionA_tie_0.01,carbonscaler_price_tiebreak,ontario,48,0,104.0,32.14,11.148333333333333
optionA_tie_0.01,carbonscaler_price_tiebreak,ontario,49,0,100.0,30.12,8.441666666666666
optionA_tie_0.01,carbonscaler_price_tiebreak,ontario,50,0,92.0,31.12,149.02666666666667
optionA_tie_0.01,carbonscaler_price_tiebreak,ontario,51,0,79.0,31.0,205.4908333333333
optionA_tie_0.01,carbonscaler_price_tiebreak,ontario,52,0,67.0,31.23,19.633333333333333
optionA_tie_0.01,carbonscaler_price_tiebreak,ontario,53,0,60.0,35.23,24.95
optionA_tie_0.01,carbonscaler_price_tiebreak,ontario,54,0,56.0,41.26,27.915000000000003
optionA_tie_0.01,carbonscaler_price_tiebreak,ontario,55,0,56.0,44.87,31.650000000000002
optionA_tie_0.01,carbonscaler_price_tiebreak,ontario,56,0,72.0,41.08,29.24083333333333
optionA_tie_0.01,carbonscaler_price_tiebreak,ontario,57,0,69.0,43.51,27.15833333333333
optionA_tie_0.01,carbonscaler_price_tiebreak,ontario,58,0,79.0,43.42,25.7025
optionA_tie_0.01,carbonscaler_price_tiebreak,ontario,59,0,83.0,45.31,38.740833333333335
optionA_tie_0.01,carbonscaler_price_tiebreak,ontario,60,0,95.0,46.51,27.8175
optionA_tie_0.01,carbonscaler_price_tiebreak,ontario,61,0,102.0,48.6,34.40916666666667
optionA_tie_0.01,carbonscaler_price_tiebreak,ontario,62,0,102.0,50.34,62.815
optionA_tie_0.01,carbonscaler_price_tiebreak,ontario,63,0,102.0,58.05,259.62416666666667
optionA_tie_0.01,carbonscaler_price_tiebreak,ontario,64,0,113.0,63.16,86.6925
optionA_tie_0.01,carbonscaler_price_tiebreak,ontario,65,0,107.0,68.53,68.18083333333333
optionA_tie_0.01,carbonscaler_price_tiebreak,ontario,66,0,116.0,93.18,42.89666666666667
optionA_tie_0.01,carbonscaler_price_tiebreak,ontario,67,0,122.0,88.3,31.522499999999997
optionA_tie_0.01,carbonscaler_price_tiebreak,ontario,68,0,125.0,59.9,34.58416666666667
optionA_tie_0.01,carbonscaler_price_tiebreak,ontario,69,0,127.0,42.02,28.534166666666664
optionA_tie_0.01,carbonscaler_price_tiebreak,ontario,70,0,128.0,36.39,34.01333333333333
optionA_tie_0.01,carbonscaler_price_tiebreak,ontario,71,0,125.0,32.74,28.38416666666667
optionA_tie_0.01,carbonscaler_price_tiebreak,ontario,72,0,120.0,28.68,22.7325
optionA_tie_0.01,carbonscaler_price_tiebreak,ontario,73,0,116.0,28.64,19.643333333333334
optionA_tie_0.01,carbonscaler_price_tiebreak,ontario,74,0,106.0,26.46,17.49
optionA_tie_0.01,carbonscaler_price_tiebreak,ontario,75,0,115.0,28.46,16.575833333333332
optionA_tie_0.01,carbonscaler_price_tiebreak,ontario,76,0,106.0,31.0,5.333333333333333
optionA_tie_0.01,carbonscaler_price_tiebreak,ontario,77,0,101.0,30.35,0.11750000000000001
optionA_tie_0.01,carbonscaler_price_tiebreak,ontario,78,0,85.0,34.27,1.3058333333333334
optionA_tie_0.01,carbonscaler_price_tiebreak,ontario,79,0,76.0,41.23,2.350833333333333
optionA_tie_0.01,carbonscaler_price_tiebreak,ontario,80,0,74.0,44.8,17.661666666666665
optionA_tie_0.01,carbonscaler_price_tiebreak,ontario,81,0,78.0,40.27,309.79083333333335
optionA_tie_0.01,carbonscaler_price_tiebreak,ontario,82,0,82.0,33.88,64.495
optionA_tie_0.01,carbonscaler_price_tiebreak,ontario,83,0,78.0,33.33,56.17916666666667
optionA_tie_0.01,carbonscaler_price_tiebreak,ontario,84,0,77.0,33.98,41.751666666666665
optionA_tie_0.01,carbonscaler_price_tiebreak,ontario,85,0,82.0,35.01,49.869166666666665
optionA_tie_0.01,carbonscaler_price_tiebreak,ontario,86,0,106.0,39.71,33.9275
optionA_tie_0.01,carbonscaler_price_tiebreak,ontario,87,0,114.0,43.6,29.6075
optionA_tie_0.01,carbonscaler_price_tiebreak,ontario,88,0,115.0,45.42,26.890833333333333
optionA_tie_0.01,carbonscaler_price_tiebreak,ontario,89,0,114.0,65.47,44.94916666666666
optionA_tie_0.01,carbonscaler_price_tiebreak,ontario,90,0,114.0,97.57,69.5475
optionA_tie_0.01,carbonscaler_price_tiebreak,ontario,91,0,117.0,91.59,49.107499999999995
optionA_tie_0.01,carbonscaler_price_tiebreak,ontario,92,0,117.0,60.83,34.73416666666667
optionA_tie_0.01,carbonscaler_price_tiebreak,ontario,93,0,120.0,40.07,31.221666666666668
optionA_tie_0.01,carbonscaler_price_tiebreak,ontario,94,0,134.0,35.25,27.25166666666667
optionA_tie_0.01,carbonscaler_price_tiebreak,ontario,95,0,140.0,31.68,22.011666666666667
optionA_tie_0.01,carbonscaler_price_tiebreak,ontario,96,0,139.0,35.25,22.888333333333332
optionA_tie_0.01,carbonscaler_price_tiebreak,ontario,97,0,133.0,31.63,16.738333333333333
optionA_tie_0.01,carbonscaler_price_tiebreak,ontario,98,0,128.0,32.45,18.855
optionA_tie_0.01,carbonscaler_price_tiebreak,ontario,99,0,121.0,35.25,19.664166666666667
optionA_tie_0.01,carbonscaler_price_tiebreak,ontario,100,0,110.0,34.56,30.938333333333333
optionA_tie_0.01,carbonscaler_price_tiebreak,ontario,101,0,106.0,37.63,43.03666666666667
optionA_tie_0.01,carbonscaler_price_tiebreak,ontario,102,0,95.0,50.91,53.759166666666665
optionA_tie_0.01,carbonscaler_price_tiebreak,ontario,103,0,96.0,45.92,50.67333333333334
optionA_tie_0.01,carbonscaler_price_tiebreak,ontario,104,0,95.0,45.16,37.01333333333333
optionA_tie_0.01,carbonscaler_price_tiebreak,ontario,105,0,101.0,42.88,20.0675
optionA_tie_0.01,carbonscaler_price_tiebreak,ontario,106,0,112.0,43.2,10.8925
optionA_tie_0.01,carbonscaler_price_tiebreak,ontario,107,0,125.0,44.74,12.486666666666666
optionA_tie_0.01,carbonscaler_price_tiebreak,ontario,108,0,126.0,45.02,31.290833333333335
optionA_tie_0.01,carbonscaler_price_tiebreak,ontario,109,0,122.0,38.9,60.625
optionA_tie_0.01,carbonscaler_price_tiebreak,ontario,110,0,104.0,29.92,50.5375
optionA_tie_0.01,carbonscaler_price_tiebreak,ontario,111,0,104.0,34.24,64.04833333333333
optionA_tie_0.01,carbonscaler_price_tiebreak,ontario,112,0,104.0,48.42,69.30416666666666
optionA_tie_0.01,carbonscaler_price_tiebreak,ontario,113,0,109.0,62.22,71.61083333333333
optionA_tie_0.01,carbonscaler_price_tiebreak,ontario,114,0,109.0,55.44,22.609166666666667
optionA_tie_0.01,carbonscaler_price_tiebreak,ontario,115,0,108.0,45.27,16.400833333333335
optionA_tie_0.01,carbonscaler_price_tiebreak,ontario,116,0,110.0,41.53,13.129166666666668
optionA_tie_0.01,carbonscaler_price_tiebreak,ontario,117,0,118.0,32.29,15.157499999999999
optionA_tie_0.01,carbonscaler_price_tiebreak,ontario,118,0,114.0,28.02,1.1275000000000002
optionA_tie_0.01,carbonscaler_price_tiebreak,ontario,119,0,105.0,23.02,2.3566666666666665
optionA_tie_0.01,carbonscaler_price_tiebreak,ontario,120,0,89.0,7.67,3.641666666666667
optionA_tie_0.01,carbonscaler_price_tiebreak,ontario,121,0,78.0,6.48,0.18333333333333335
optionA_tie_0.01,carbonscaler_price_tiebreak,ontario,122,0,73.0,6.36,0.6066666666666667
optionA_tie_0.01,carbonscaler_price_tiebreak,ontario,123,0,63.0,6.54,0.5066666666666667
optionA_tie_0.01,carbonscaler_price_tiebreak,ontario,124,0,50.0,5.85,0.055
optionA_tie_0.01,carbonscaler_price_tiebreak,ontario,125,1,25.0,4.96,0.205
optionA_tie_0.01,carbonscaler_price_tiebreak,ontario,126,2,19.0,0.0,0.8916666666666666
optionA_tie_0.01,carbonscaler_price_tiebreak,ontario,127,2,19.0,0.0,1.7
optionA_tie_0.01,carbonscaler_price_tiebreak,ontario,128,2,19.0,4.04,7.135833333333333
optionA_tie_0.01,carbonscaler_price_tiebreak,ontario,129,2,19.0,6.14,7.169999999999999
optionA_tie_0.01,carbonscaler_price_tiebreak,ontario,130,2,20.0,6.59,3.830833333333333
optionA_tie_0.01,carbonscaler_price_tiebreak,ontario,131,2,19.0,10.27,1.3683333333333334
optionA_tie_0.01,carbonscaler_price_tiebreak,ontario,132,2,20.0,12.17,3.124166666666667
optionA_tie_0.01,carbonscaler_price_tiebreak,ontario,133,2,20.0,23.07,7.541666666666667
optionA_tie_0.01,carbonscaler_price_tiebreak,ontario,134,2,20.0,22.33,17.98333333333333
optionA_tie_0.01,carbonscaler_price_tiebreak,ontario,135,2,20.0,27.13,271.9775
optionA_tie_0.01,carbonscaler_price_tiebreak,ontario,136,2,20.0,31.7,226.4891666666667
optionA_tie_0.01,carbonscaler_price_tiebreak,ontario,137,2,21.0,43.63,53.12416666666666
optionA_tie_0.01,carbonscaler_price_tiebreak,ontario,138,1,25.0,44.6,28.73333333333333
optionA_tie_0.01,carbonscaler_price_tiebreak,ontario,139,0,31.0,44.27,30.3875
optionA_tie_0.01,carbonscaler_price_tiebreak,ontario,140,0,44.0,40.66,26.551666666666666
optionA_tie_0.01,carbonscaler_price_tiebreak,ontario,141,0,59.0,34.9,17.886666666666667
optionA_tie_0.01,carbonscaler_price_tiebreak,ontario,142,0,56.0,27.19,33.0425
optionA_tie_0.01,carbonscaler_price_tiebreak,ontario,143,0,50.0,24.14,41.13916666666667
optionA_tie_0.01,carbonscaler_price_tiebreak,ontario,144,0,51.0,18.56,126.9175
optionA_tie_0.01,carbonscaler_price_tiebreak,ontario,145,0,47.0,20.59,34.336666666666666
optionA_tie_0.01,carbonscaler_price_tiebreak,ontario,146,0,41.0,20.65,15.604166666666666
optionA_tie_0.01,carbonscaler_price_tiebreak,ontario,147,0,43.0,25.11,11.890833333333333
optionA_tie_0.01,carbonscaler_price_tiebreak,ontario,148,0,48.0,27.45,21.102500000000003
optionA_tie_0.01,carbonscaler_price_tiebreak,ontario,149,0,51.0,25.42,47.294999999999995
optionA_tie_0.01,carbonscaler_price_tiebreak,ontario,150,0,48.0,30.27,34.4625
optionA_tie_0.01,carbonscaler_price_tiebreak,ontario,151,0,42.0,31.89,74.80833333333334
optionA_tie_0.01,carbonscaler_price_tiebreak,ontario,152,0,43.0,26.94,9.879166666666666
optionA_tie_0.01,carbonscaler_price_tiebreak,ontario,153,0,45.0,27.02,2.0325
optionA_tie_0.01,carbonscaler_price_tiebreak,ontario,154,0,54.0,27.62,12.414166666666667
optionA_tie_0.01,carbonscaler_price_tiebreak,ontario,155,0,53.0,19.97,31.2075
optionA_tie_0.01,carbonscaler_price_tiebreak,ontario,156,0,61.0,20.25,35.7975
optionA_tie_0.01,carbonscaler_price_tiebreak,ontario,157,0,52.0,18.08,27.594166666666666
optionA_tie_0.01,carbonscaler_price_tiebreak,ontario,158,0,47.0,18.08,19.763333333333332
optionA_tie_0.01,carbonscaler_price_tiebreak,ontario,159,0,46.0,23.4,22.815833333333334
optionA_tie_0.01,carbonscaler_price_tiebreak,ontario,160,0,49.0,26.71,23.8025
optionA_tie_0.01,carbonscaler_price_tiebreak,ontario,161,0,54.0,40.16,38.34666666666667
optionA_tie_0.01,carbonscaler_price_tiebreak,ontario,162,0,50.0,48.19,32.54333333333333
optionA_tie_0.01,carbonscaler_price_tiebreak,ontario,163,0,52.0,57.72,53.36166666666667
optionA_tie_0.01,carbonscaler_price_tiebreak,ontario,164,0,58.0,47.14,133.0875
optionA_tie_0.01,carbonscaler_price_tiebreak,ontario,165,0,63.0,42.9,33.722500000000004
optionA_tie_0.01,carbonscaler_price_tiebreak,ontario,166,0,77.0,34.87,34.745
optionA_tie_0.01,carbonscaler_price_tiebreak,ontario,167,0,75.0,29.21,28.75916666666667
optionA_tie_0.03,carbonscaler_price_tiebreak,ontario,0,0,55.0,10.14,12.723333333333334
optionA_tie_0.03,carbonscaler_price_tiebreak,ontario,1,0,48.0,9.36,5.970833333333334
optionA_tie_0.03,carbonscaler_price_tiebreak,ontario,2,0,45.0,9.06,7.86
optionA_tie_0.03,carbonscaler_price_tiebreak,ontario,3,0,34.0,10.08,14.696666666666665
optionA_tie_0.03,carbonscaler_price_tiebreak,ontario,4,0,32.0,14.33,34.67416666666667
optionA_tie_0.03,carbonscaler_price_tiebreak,ontario,5,0,32.0,19.15,26.945000000000004
optionA_tie_0.03,carbonscaler_price_tiebreak,ontario,6,0,32.0,35.55,36.14
optionA_tie_0.03,carbonscaler_price_tiebreak,ontario,7,0,32.0,35.33,32.5175
optionA_tie_0.03,carbonscaler_price_tiebreak,ontario,8,0,33.0,30.29,33.76916666666666
optionA_tie_0.03,carbonscaler_price_tiebreak,ontario,9,0,39.0,30.48,14.690833333333332
optionA_tie_0.03,carbonscaler_price_tiebreak,ontario,10,0,44.0,31.4,11.320833333333333
optionA_tie_0.03,carbonscaler_price_tiebreak,ontario,11,0,52.0,33.38,13.204166666666666
optionA_tie_0.03,carbonscaler_price_tiebreak,ontario,12,0,55.0,34.47,2.6
optionA_tie_0.03,carbonscaler_price_tiebreak,ontario,13,0,56.0,37.07,13.165
optionA_tie_0.03,carbonscaler_price_tiebreak,ontario,14,0,50.0,36.14,17.45
optionA_tie_0.03,carbonscaler_price_tiebreak,ontario,15,0,53.0,36.43,31.770833333333332
optionA_tie_0.03,carbonscaler_price_tiebreak,ontario,16,0,56.0,46.88,55.70666666666667
optionA_tie_0.03,carbonscaler_price_tiebreak,ontario,17,0,60.0,54.49,60.38666666666666
optionA_tie_0.03,carbonscaler_price_tiebreak,ontario,18,0,64.0,74.91,244.5533333333333
optionA_tie_0.03,carbonscaler_price_tiebreak,ontario,19,0,69.0,99.9,97.6475
optionA_tie_0.03,carbonscaler_price_tiebreak,ontario,20,0,79.0,63.3,122.53583333333334
optionA_tie_0.03,carbonscaler_price_tiebreak,ontario,21,0,100.0,43.0,28.940833333333334
optionA_tie_0.03,carbonscaler_price_tiebreak,ontario,22,0,105.0,33.65,26.91
optionA_tie_0.03,carbonscaler_price_tiebreak,ontario,23,0,114.0,34.59,21.63083333333333
optionA_tie_0.03,carbonscaler_price_tiebreak,ontario,24,0,116.0,42.27,19.504166666666666
optionA_tie_0.03,carbonscaler_price_tiebreak,ontario,25,0,117.0,35.57,14.384166666666665
optionA_tie_0.03,carbonscaler_price_tiebreak,ontario,26,0,101.0,32.42,1.3316666666666668
optionA_tie_0.03,carbonscaler_price_tiebreak,ontario,27,0,95.0,32.28,0.0
optionA_tie_0.03,carbonscaler_price_tiebreak,ontario,28,0,87.0,35.23,0.5166666666666667
optionA_tie_0.03,carbonscaler_price_tiebreak,ontario,29,0,70.0,34.07,16.916666666666668
optionA_tie_0.03,carbonscaler_price_tiebreak,ontario,30,0,67.0,43.68,30.46083333333333
optionA_tie_0.03,carbonscaler_price_tiebreak,ontario,31,0,67.0,42.18,20.410833333333333
optionA_tie_0.03,carbonscaler_price_tiebreak,ontario,32,0,67.0,38.78,26.3875
optionA_tie_0.03,carbonscaler_price_tiebreak,ontario,33,0,65.0,38.58,22.519166666666667
optionA_tie_0.03,carbonscaler_price_tiebreak,ontario,34,0,64.0,42.91,27.260833333333334
optionA_tie_0.03,carbonscaler_price_tiebreak,ontario,35,0,73.0,42.84,18.598333333333333
optionA_tie_0.03,carbonscaler_price_tiebreak,ontario,36,0,68.0,40.08,41.99333333333333
optionA_tie_0.03,carbonscaler_price_tiebreak,ontario,37,0,71.0,43.84,44.544999999999995
optionA_tie_0.03,carbonscaler_price_tiebreak,ontario,38,0,67.0,44.96,45.98416666666666
optionA_tie_0.03,carbonscaler_price_tiebreak,ontario,39,0,65.0,44.09,44.192499999999995
optionA_tie_0.03,carbonscaler_price_tiebreak,ontario,40,0,65.0,51.21,39.36666666666667
optionA_tie_0.03,carbonscaler_price_tiebreak,ontario,41,0,82.0,59.92,32.435
optionA_tie_0.03,carbonscaler_price_tiebreak,ontario,42,0,91.0,77.65,36.375
optionA_tie_0.03,carbonscaler_price_tiebreak,ontario,43,0,103.0,76.38,34.59
optionA_tie_0.03,carbonscaler_price_tiebreak,ontario,44,0,110.0,56.96,29.3225
optionA_tie_0.03,carbonscaler_price_tiebreak,ontario,45,0,107.0,43.68,22.377499999999998
optionA_tie_0.03,carbonscaler_price_tiebreak,ontario,46,0,104.0,40.54,15.515
optionA_tie_0.03,carbonscaler_price_tiebreak,ontario,47,0,106.0,33.18,14.910000000000002
optionA_tie_0.03,carbonscaler_price_tiebreak,ontario,48,0,104.0,32.14,11.148333333333333
optionA_tie_0.03,carbonscaler_price_tiebreak,ontario,49,0,100.0,30.12,8.441666666666666
optionA_tie_0.03,carbonscaler_price_tiebreak,ontario,50,0,92.0,31.12,149.02666666666667
optionA_tie_0.03,carbonscaler_price_tiebreak,ontario,51,0,79.0,31.0,205.4908333333333
optionA_tie_0.03,carbonscaler_price_tiebreak,ontario,52,0,67.0,31.23,19.633333333333333
optionA_tie_0.03,carbonscaler_price_tiebreak,ontario,53,0,60.0,35.23,24.95
optionA_tie_0.03,carbonscaler_price_tiebreak,ontario,54,0,56.0,41.26,27.915000000000003
optionA_tie_0.03,carbonscaler_price_tiebreak,ontario,55,0,56.0,44.87,31.650000000000002
optionA_tie_0.03,carbonscaler_price_tiebreak,ontario,56,0,72.0,41.08,29.24083333333333
optionA_tie_0.03,carbonscaler_price_tiebreak,ontario,57,0,69.0,43.51,27.15833333333333
optionA_tie_0.03,carbonscaler_price_tiebreak,ontario,58,0,79.0,43.42,25.7025
optionA_tie_0.03,carbonscaler_price_tiebreak,ontario,59,0,83.0,45.31,38.740833333333335
optionA_tie_0.03,carbonscaler_price_tiebreak,ontario,60,0,95.0,46.51,27.8175
optionA_tie_0.03,carbonscaler_price_tiebreak,ontario,61,0,102.0,48.6,34.40916666666667
optionA_tie_0.03,carbonscaler_price_tiebreak,ontario,62,0,102.0,50.34,62.815
optionA_tie_0.03,carbonscaler_price_tiebreak,ontario,63,0,102.0,58.05,259.62416666666667
optionA_tie_0.03,carbonscaler_price_tiebreak,ontario,64,0,113.0,63.16,86.6925
optionA_tie_0.03,carbonscaler_price_tiebreak,ontario,65,0,107.0,68.53,68.18083333333333
optionA_tie_0.03,carbonscaler_price_tiebreak,ontario,66,0,116.0,93.18,42.89666666666667
optionA_tie_0.03,carbonscaler_price_tiebreak,ontario,67,0,122.0,88.3,31.522499999999997
optionA_tie_0.03,carbonscaler_price_tiebreak,ontario,68,0,125.0,59.9,34.58416666666667
optionA_tie_0.03,carbonscaler_price_tiebreak,ontario,69,0,127.0,42.02,28.534166666666664
optionA_tie_0.03,carbonscaler_price_tiebreak,ontario,70,0,128.0,36.39,34.01333333333333
optionA_tie_0.03,carbonscaler_price_tiebreak,ontario,71,0,125.0,32.74,28.38416666666667
optionA_tie_0.03,carbonscaler_price_tiebreak,ontario,72,0,120.0,28.68,22.7325
optionA_tie_0.03,carbonscaler_price_tiebreak,ontario,73,0,116.0,28.64,19.643333333333334
optionA_tie_0.03,carbonscaler_price_tiebreak,ontario,74,0,106.0,26.46,17.49
optionA_tie_0.03,carbonscaler_price_tiebreak,ontario,75,0,115.0,28.46,16.575833333333332
optionA_tie_0.03,carbonscaler_price_tiebreak,ontario,76,0,106.0,31.0,5.333333333333333
optionA_tie_0.03,carbonscaler_price_tiebreak,ontario,77,0,101.0,30.35,0.11750000000000001
optionA_tie_0.03,carbonscaler_price_tiebreak,ontario,78,0,85.0,34.27,1.3058333333333334
optionA_tie_0.03,carbonscaler_price_tiebreak,ontario,79,0,76.0,41.23,2.350833333333333
optionA_tie_0.03,carbonscaler_price_tiebreak,ontario,80,0,74.0,44.8,17.661666666666665
optionA_tie_0.03,carbonscaler_price_tiebreak,ontario,81,0,78.0,40.27,309.79083333333335
optionA_tie_0.03,carbonscaler_price_tiebreak,ontario,82,0,82.0,33.88,64.495
optionA_tie_0.03,carbonscaler_price_tiebreak,ontario,83,0,78.0,33.33,56.17916666666667
optionA_tie_0.03,carbonscaler_price_tiebreak,ontario,84,0,77.0,33.98,41.751666666666665
optionA_tie_0.03,carbonscaler_price_tiebreak,ontario,85,0,82.0,35.01,49.869166666666665
optionA_tie_0.03,carbonscaler_price_tiebreak,ontario,86,0,106.0,39.71,33.9275
optionA_tie_0.03,carbonscaler_price_tiebreak,ontario,87,0,114.0,43.6,29.6075
optionA_tie_0.03,carbonscaler_price_tiebreak,ontario,88,0,115.0,45.42,26.890833333333333
optionA_tie_0.03,carbonscaler_price_tiebreak,ontario,89,0,114.0,65.47,44.94916666666666
optionA_tie_0.03,carbonscaler_price_tiebreak,ontario,90,0,114.0,97.57,69.5475
optionA_tie_0.03,carbonscaler_price_tiebreak,ontario,91,0,117.0,91.59,49.107499999999995
optionA_tie_0.03,carbonscaler_price_tiebreak,ontario,92,0,117.0,60.83,34.73416666666667
optionA_tie_0.03,carbonscaler_price_tiebreak,ontario,93,0,120.0,40.07,31.221666666666668
optionA_tie_0.03,carbonscaler_price_tiebreak,ontario,94,0,134.0,35.25,27.25166666666667
optionA_tie_0.03,carbonscaler_price_tiebreak,ontario,95,0,140.0,31.68,22.011666666666667
optionA_tie_0.03,carbonscaler_price_tiebreak,ontario,96,0,139.0,35.25,22.888333333333332
optionA_tie_0.03,carbonscaler_price_tiebreak,ontario,97,0,133.0,31.63,16.738333333333333
optionA_tie_0.03,carbonscaler_price_tiebreak,ontario,98,0,128.0,32.45,18.855
optionA_tie_0.03,carbonscaler_price_tiebreak,ontario,99,0,121.0,35.25,19.664166666666667
optionA_tie_0.03,carbonscaler_price_tiebreak,ontario,100,0,110.0,34.56,30.938333333333333
optionA_tie_0.03,carbonscaler_price_tiebreak,ontario,101,0,106.0,37.63,43.03666666666667
optionA_tie_0.03,carbonscaler_price_tiebreak,ontario,102,0,95.0,50.91,53.759166666666665
optionA_tie_0.03,carbonscaler_price_tiebreak,ontario,103,0,96.0,45.92,50.67333333333334
optionA_tie_0.03,carbonscaler_price_tiebreak,ontario,104,0,95.0,45.16,37.01333333333333
optionA_tie_0.03,carbonscaler_price_tiebreak,ontario,105,0,101.0,42.88,20.0675
optionA_tie_0.03,carbonscaler_price_tiebreak,ontario,106,0,112.0,43.2,10.8925
optionA_tie_0.03,carbonscaler_price_tiebreak,ontario,107,0,125.0,44.74,12.486666666666666
optionA_tie_0.03,carbonscaler_price_tiebreak,ontario,108,0,126.0,45.02,31.290833333333335
optionA_tie_0.03,carbonscaler_price_tiebreak,ontario,109,0,122.0,38.9,60.625
optionA_tie_0.03,carbonscaler_price_tiebreak,ontario,110,0,104.0,29.92,50.5375
optionA_tie_0.03,carbonscaler_price_tiebreak,ontario,111,0,104.0,34.24,64.04833333333333
optionA_tie_0.03,carbonscaler_price_tiebreak,ontario,112,0,104.0,48.42,69.30416666666666
optionA_tie_0.03,carbonscaler_price_tiebreak,ontario,113,0,109.0,62.22,71.61083333333333
optionA_tie_0.03,carbonscaler_price_tiebreak,ontario,114,0,109.0,55.44,22.609166666666667
optionA_tie_0.03,carbonscaler_price_tiebreak,ontario,115,0,108.0,45.27,16.400833333333335
optionA_tie_0.03,carbonscaler_price_tiebreak,ontario,116,0,110.0,41.53,13.129166666666668
optionA_tie_0.03,carbonscaler_price_tiebreak,ontario,117,0,118.0,32.29,15.157499999999999
optionA_tie_0.03,carbonscaler_price_tiebreak,ontario,118,0,114.0,28.02,1.1275000000000002
optionA_tie_0.03,carbonscaler_price_tiebreak,ontario,119,0,105.0,23.02,2.3566666666666665
optionA_tie_0.03,carbonscaler_price_tiebreak,ontario,120,0,89.0,7.67,3.641666666666667
optionA_tie_0.03,carbonscaler_price_tiebreak,ontario,121,0,78.0,6.48,0.18333333333333335
optionA_tie_0.03,carbonscaler_price_tiebreak,ontario,122,0,73.0,6.36,0.6066666666666667
optionA_tie_0.03,carbonscaler_price_tiebreak,ontario,123,0,63.0,6.54,0.5066666666666667
optionA_tie_0.03,carbonscaler_price_tiebreak,ontario,124,0,50.0,5.85,0.055
optionA_tie_0.03,carbonscaler_price_tiebreak,ontario,125,1,25.0,4.96,0.205
optionA_tie_0.03,carbonscaler_price_tiebreak,ontario,126,2,19.0,0.0,0.8916666666666666
optionA_tie_0.03,carbonscaler_price_tiebreak,ontario,127,2,19.0,0.0,1.7
optionA_tie_0.03,carbonscaler_price_tiebreak,ontario,128,2,19.0,4.04,7.135833333333333
optionA_tie_0.03,carbonscaler_price_tiebreak,ontario,129,2,19.0,6.14,7.169999999999999
optionA_tie_0.03,carbonscaler_price_tiebreak,ontario,130,2,20.0,6.59,3.830833333333333
optionA_tie_0.03,carbonscaler_price_tiebreak,ontario,131,2,19.0,10.27,1.3683333333333334
optionA_tie_0.03,carbonscaler_price_tiebreak,ontario,132,2,20.0,12.17,3.124166666666667
optionA_tie_0.03,carbonscaler_price_tiebreak,ontario,133,2,20.0,23.07,7.541666666666667
optionA_tie_0.03,carbonscaler_price_tiebreak,ontario,134,2,20.0,22.33,17.98333333333333
optionA_tie_0.03,carbonscaler_price_tiebreak,ontario,135,2,20.0,27.13,271.9775
optionA_tie_0.03,carbonscaler_price_tiebreak,ontario,136,2,20.0,31.7,226.4891666666667
optionA_tie_0.03,carbonscaler_price_tiebreak,ontario,137,2,21.0,43.63,53.12416666666666
optionA_tie_0.03,carbonscaler_price_tiebreak,ontario,138,1,25.0,44.6,28.73333333333333
optionA_tie_0.03,carbonscaler_price_tiebreak,ontario,139,0,31.0,44.27,30.3875
optionA_tie_0.03,carbonscaler_price_tiebreak,ontario,140,0,44.0,40.66,26.551666666666666
optionA_tie_0.03,carbonscaler_price_tiebreak,ontario,141,0,59.0,34.9,17.886666666666667
optionA_tie_0.03,carbonscaler_price_tiebreak,ontario,142,0,56.0,27.19,33.0425
optionA_tie_0.03,carbonscaler_price_tiebreak,ontario,143,0,50.0,24.14,41.13916666666667
optionA_tie_0.03,carbonscaler_price_tiebreak,ontario,144,0,51.0,18.56,126.9175
optionA_tie_0.03,carbonscaler_price_tiebreak,ontario,145,0,47.0,20.59,34.336666666666666
optionA_tie_0.03,carbonscaler_price_tiebreak,ontario,146,0,41.0,20.65,15.604166666666666
optionA_tie_0.03,carbonscaler_price_tiebreak,ontario,147,0,43.0,25.11,11.890833333333333
optionA_tie_0.03,carbonscaler_price_tiebreak,ontario,148,0,48.0,27.45,21.102500000000003
optionA_tie_0.03,carbonscaler_price_tiebreak,ontario,149,0,51.0,25.42,47.294999999999995
optionA_tie_0.03,carbonscaler_price_tiebreak,ontario,150,0,48.0,30.27,34.4625
optionA_tie_0.03,carbonscaler_price_tiebreak,ontario,151,0,42.0,31.89,74.80833333333334
optionA_tie_0.03,carbonscaler_price_tiebreak,ontario,152,0,43.0,26.94,9.879166666666666
optionA_tie_0.03,carbonscaler_price_tiebreak,ontario,153,0,45.0,27.02,2.0325
optionA_tie_0.03,carbonscaler_price_tiebreak,ontario,154,0,54.0,27.62,12.414166666666667
optionA_tie_0.03,carbonscaler_price_tiebreak,ontario,155,0,53.0,19.97,31.2075
optionA_tie_0.03,carbonscaler_price_tiebreak,ontario,156,0,61.0,20.25,35.7975
optionA_tie_0.03,carbonscaler_price_tiebreak,ontario,157,0,52.0,18.08,27.594166666666666
optionA_tie_0.03,carbonscaler_price_tiebreak,ontario,158,0,47.0,18.08,19.763333333333332
optionA_tie_0.03,carbonscaler_price_tiebreak,ontario,159,0,46.0,23.4,22.815833333333334
optionA_tie_0.03,carbonscaler_price_tiebreak,ontario,160,0,49.0,26.71,23.8025
optionA_tie_0.03,carbonscaler_price_tiebreak,ontario,161,0,54.0,40.16,38.34666666666667
optionA_tie_0.03,carbonscaler_price_tiebreak,ontario,162,0,50.0,48.19,32.54333333333333
optionA_tie_0.03,carbonscaler_price_tiebreak,ontario,163,0,52.0,57.72,53.36166666666667
optionA_tie_0.03,carbonscaler_price_tiebreak,ontario,164,0,58.0,47.14,133.0875
optionA_tie_0.03,carbonscaler_price_tiebreak,ontario,165,0,63.0,42.9,33.722500000000004
optionA_tie_0.03,carbonscaler_price_tiebreak,ontario,166,0,77.0,34.87,34.745
optionA_tie_0.03,carbonscaler_price_tiebreak,ontario,167,0,75.0,29.21,28.75916666666667
optionA_tie_0.05,carbonscaler_price_tiebreak,ontario,0,0,55.0,10.14,12.723333333333334
optionA_tie_0.05,carbonscaler_price_tiebreak,ontario,1,0,48.0,9.36,5.970833333333334
optionA_tie_0.05,carbonscaler_price_tiebreak,ontario,2,0,45.0,9.06,7.86
optionA_tie_0.05,carbonscaler_price_tiebreak,ontario,3,0,34.0,10.08,14.696666666666665
optionA_tie_0.05,carbonscaler_price_tiebreak,ontario,4,0,32.0,14.33,34.67416666666667
optionA_tie_0.05,carbonscaler_price_tiebreak,ontario,5,0,32.0,19.15,26.945000000000004
optionA_tie_0.05,carbonscaler_price_tiebreak,ontario,6,0,32.0,35.55,36.14
optionA_tie_0.05,carbonscaler_price_tiebreak,ontario,7,0,32.0,35.33,32.5175
optionA_tie_0.05,carbonscaler_price_tiebreak,ontario,8,0,33.0,30.29,33.76916666666666
optionA_tie_0.05,carbonscaler_price_tiebreak,ontario,9,0,39.0,30.48,14.690833333333332
optionA_tie_0.05,carbonscaler_price_tiebreak,ontario,10,0,44.0,31.4,11.320833333333333
optionA_tie_0.05,carbonscaler_price_tiebreak,ontario,11,0,52.0,33.38,13.204166666666666
optionA_tie_0.05,carbonscaler_price_tiebreak,ontario,12,0,55.0,34.47,2.6
optionA_tie_0.05,carbonscaler_price_tiebreak,ontario,13,0,56.0,37.07,13.165
optionA_tie_0.05,carbonscaler_price_tiebreak,ontario,14,0,50.0,36.14,17.45
optionA_tie_0.05,carbonscaler_price_tiebreak,ontario,15,0,53.0,36.43,31.770833333333332
optionA_tie_0.05,carbonscaler_price_tiebreak,ontario,16,0,56.0,46.88,55.70666666666667
optionA_tie_0.05,carbonscaler_price_tiebreak,ontario,17,0,60.0,54.49,60.38666666666666
optionA_tie_0.05,carbonscaler_price_tiebreak,ontario,18,0,64.0,74.91,244.5533333333333
optionA_tie_0.05,carbonscaler_price_tiebreak,ontario,19,0,69.0,99.9,97.6475
optionA_tie_0.05,carbonscaler_price_tiebreak,ontario,20,0,79.0,63.3,122.53583333333334
optionA_tie_0.05,carbonscaler_price_tiebreak,ontario,21,0,100.0,43.0,28.940833333333334
optionA_tie_0.05,carbonscaler_price_tiebreak,ontario,22,0,105.0,33.65,26.91
optionA_tie_0.05,carbonscaler_price_tiebreak,ontario,23,0,114.0,34.59,21.63083333333333
optionA_tie_0.05,carbonscaler_price_tiebreak,ontario,24,0,116.0,42.27,19.504166666666666
optionA_tie_0.05,carbonscaler_price_tiebreak,ontario,25,0,117.0,35.57,14.384166666666665
optionA_tie_0.05,carbonscaler_price_tiebreak,ontario,26,0,101.0,32.42,1.3316666666666668
optionA_tie_0.05,carbonscaler_price_tiebreak,ontario,27,0,95.0,32.28,0.0
optionA_tie_0.05,carbonscaler_price_tiebreak,ontario,28,0,87.0,35.23,0.5166666666666667
optionA_tie_0.05,carbonscaler_price_tiebreak,ontario,29,0,70.0,34.07,16.916666666666668
optionA_tie_0.05,carbonscaler_price_tiebreak,ontario,30,0,67.0,43.68,30.46083333333333
optionA_tie_0.05,carbonscaler_price_tiebreak,ontario,31,0,67.0,42.18,20.410833333333333
optionA_tie_0.05,carbonscaler_price_tiebreak,ontario,32,0,67.0,38.78,26.3875
optionA_tie_0.05,carbonscaler_price_tiebreak,ontario,33,0,65.0,38.58,22.519166666666667
optionA_tie_0.05,carbonscaler_price_tiebreak,ontario,34,0,64.0,42.91,27.260833333333334
optionA_tie_0.05,carbonscaler_price_tiebreak,ontario,35,0,73.0,42.84,18.598333333333333
optionA_tie_0.05,carbonscaler_price_tiebreak,ontario,36,0,68.0,40.08,41.99333333333333
optionA_tie_0.05,carbonscaler_price_tiebreak,ontario,37,0,71.0,43.84,44.544999999999995
optionA_tie_0.05,carbonscaler_price_tiebreak,ontario,38,0,67.0,44.96,45.98416666666666
optionA_tie_0.05,carbonscaler_price_tiebreak,ontario,39,0,65.0,44.09,44.192499999999995
optionA_tie_0.05,carbonscaler_price_tiebreak,ontario,40,0,65.0,51.21,39.36666666666667
optionA_tie_0.05,carbonscaler_price_tiebreak,ontario,41,0,82.0,59.92,32.435
optionA_tie_0.05,carbonscaler_price_tiebreak,ontario,42,0,91.0,77.65,36.375
optionA_tie_0.05,carbonscaler_price_tiebreak,ontario,43,0,103.0,76.38,34.59
optionA_tie_0.05,carbonscaler_price_tiebreak,ontario,44,0,110.0,56.96,29.3225
optionA_tie_0.05,carbonscaler_price_tiebreak,ontario,45,0,107.0,43.68,22.377499999999998
optionA_tie_0.05,carbonscaler_price_tiebreak,ontario,46,0,104.0,40.54,15.515
optionA_tie_0.05,carbonscaler_price_tiebreak,ontario,47,0,106.0,33.18,14.910000000000002
optionA_tie_0.05,carbonscaler_price_tiebreak,ontario,48,0,104.0,32.14,11.148333333333333
optionA_tie_0.05,carbonscaler_price_tiebreak,ontario,49,0,100.0,30.12,8.441666666666666
optionA_tie_0.05,carbonscaler_price_tiebreak,ontario,50,0,92.0,31.12,149.02666666666667
optionA_tie_0.05,carbonscaler_price_tiebreak,ontario,51,0,79.0,31.0,205.4908333333333
optionA_tie_0.05,carbonscaler_price_tiebreak,ontario,52,0,67.0,31.23,19.633333333333333
optionA_tie_0.05,carbonscaler_price_tiebreak,ontario,53,0,60.0,35.23,24.95
optionA_tie_0.05,carbonscaler_price_tiebreak,ontario,54,0,56.0,41.26,27.915000000000003
optionA_tie_0.05,carbonscaler_price_tiebreak,ontario,55,0,56.0,44.87,31.650000000000002
optionA_tie_0.05,carbonscaler_price_tiebreak,ontario,56,0,72.0,41.08,29.24083333333333
optionA_tie_0.05,carbonscaler_price_tiebreak,ontario,57,0,69.0,43.51,27.15833333333333
optionA_tie_0.05,carbonscaler_price_tiebreak,ontario,58,0,79.0,43.42,25.7025
optionA_tie_0.05,carbonscaler_price_tiebreak,ontario,59,0,83.0,45.31,38.740833333333335
optionA_tie_0.05,carbonscaler_price_tiebreak,ontario,60,0,95.0,46.51,27.8175
optionA_tie_0.05,carbonscaler_price_tiebreak,ontario,61,0,102.0,48.6,34.40916666666667
optionA_tie_0.05,carbonscaler_price_tiebreak,ontario,62,0,102.0,50.34,62.815
optionA_tie_0.05,carbonscaler_price_tiebreak,ontario,63,0,102.0,58.05,259.62416666666667
optionA_tie_0.05,carbonscaler_price_tiebreak,ontario,64,0,113.0,63.16,86.6925
optionA_tie_0.05,carbonscaler_price_tiebreak,ontario,65,0,107.0,68.53,68.18083333333333
optionA_tie_0.05,carbonscaler_price_tiebreak,ontario,66,0,116.0,93.18,42.89666666666667
optionA_tie_0.05,carbonscaler_price_tiebreak,ontario,67,0,122.0,88.3,31.522499999999997
optionA_tie_0.05,carbonscaler_price_tiebreak,ontario,68,0,125.0,59.9,34.58416666666667
optionA_tie_0.05,carbonscaler_price_tiebreak,ontario,69,0,127.0,42.02,28.534166666666664
optionA_tie_0.05,carbonscaler_price_tiebreak,ontario,70,0,128.0,36.39,34.01333333333333
optionA_tie_0.05,carbonscaler_price_tiebreak,ontario,71,0,125.0,32.74,28.38416666666667
optionA_tie_0.05,carbonscaler_price_tiebreak,ontario,72,0,120.0,28.68,22.7325
optionA_tie_0.05,carbonscaler_price_tiebreak,ontario,73,0,116.0,28.64,19.643333333333334
optionA_tie_0.05,carbonscaler_price_tiebreak,ontario,74,0,106.0,26.46,17.49
optionA_tie_0.05,carbonscaler_price_tiebreak,ontario,75,0,115.0,28.46,16.575833333333332
optionA_tie_0.05,carbonscaler_price_tiebreak,ontario,76,0,106.0,31.0,5.333333333333333
optionA_tie_0.05,carbonscaler_price_tiebreak,ontario,77,0,101.0,30.35,0.11750000000000001
optionA_tie_0.05,carbonscaler_price_tiebreak,ontario,78,0,85.0,34.27,1.3058333333333334
optionA_tie_0.05,carbonscaler_price_tiebreak,ontario,79,0,76.0,41.23,2.350833333333333
optionA_tie_0.05,carbonscaler_price_tiebreak,ontario,80,0,74.0,44.8,17.661666666666665
optionA_tie_0.05,carbonscaler_price_tiebreak,ontario,81,0,78.0,40.27,309.79083333333335
optionA_tie_0.05,carbonscaler_price_tiebreak,ontario,82,0,82.0,33.88,64.495
optionA_tie_0.05,carbonscaler_price_tiebreak,ontario,83,0,78.0,33.33,56.17916666666667
optionA_tie_0.05,carbonscaler_price_tiebreak,ontario,84,0,77.0,33.98,41.751666666666665
optionA_tie_0.05,carbonscaler_price_tiebreak,ontario,85,0,82.0,35.01,49.869166666666665
optionA_tie_0.05,carbonscaler_price_tiebreak,ontario,86,0,106.0,39.71,33.9275
optionA_tie_0.05,carbonscaler_price_tiebreak,ontario,87,0,114.0,43.6,29.6075
optionA_tie_0.05,carbonscaler_price_tiebreak,ontario,88,0,115.0,45.42,26.890833333333333
optionA_tie_0.05,carbonscaler_price_tiebreak,ontario,89,0,114.0,65.47,44.94916666666666
optionA_tie_0.05,carbonscaler_price_tiebreak,ontario,90,0,114.0,97.57,69.5475
optionA_tie_0.05,carbonscaler_price_tiebreak,ontario,91,0,117.0,91.59,49.107499999999995
optionA_tie_0.05,carbonscaler_price_tiebreak,ontario,92,0,117.0,60.83,34.73416666666667
optionA_tie_0.05,carbonscaler_price_tiebreak,ontario,93,0,120.0,40.07,31.221666666666668
optionA_tie_0.05,carbonscaler_price_tiebreak,ontario,94,0,134.0,35.25,27.25166666666667
optionA_tie_0.05,carbonscaler_price_tiebreak,ontario,95,0,140.0,31.68,22.011666666666667
optionA_tie_0.05,carbonscaler_price_tiebreak,ontario,96,0,139.0,35.25,22.888333333333332
optionA_tie_0.05,carbonscaler_price_tiebreak,ontario,97,0,133.0,31.63,16.738333333333333
optionA_tie_0.05,carbonscaler_price_tiebreak,ontario,98,0,128.0,32.45,18.855
optionA_tie_0.05,carbonscaler_price_tiebreak,ontario,99,0,121.0,35.25,19.664166666666667
optionA_tie_0.05,carbonscaler_price_tiebreak,ontario,100,0,110.0,34.56,30.938333333333333
optionA_tie_0.05,carbonscaler_price_tiebreak,ontario,101,0,106.0,37.63,43.03666666666667
optionA_tie_0.05,carbonscaler_price_tiebreak,ontario,102,0,95.0,50.91,53.759166666666665
optionA_tie_0.05,carbonscaler_price_tiebreak,ontario,103,0,96.0,45.92,50.67333333333334
optionA_tie_0.05,carbonscaler_price_tiebreak,ontario,104,0,95.0,45.16,37.01333333333333
optionA_tie_0.05,carbonscaler_price_tiebreak,ontario,105,0,101.0,42.88,20.0675
optionA_tie_0.05,carbonscaler_price_tiebreak,ontario,106,0,112.0,43.2,10.8925
optionA_tie_0.05,carbonscaler_price_tiebreak,ontario,107,0,125.0,44.74,12.486666666666666
optionA_tie_0.05,carbonscaler_price_tiebreak,ontario,108,0,126.0,45.02,31.290833333333335
optionA_tie_0.05,carbonscaler_price_tiebreak,ontario,109,0,122.0,38.9,60.625
optionA_tie_0.05,carbonscaler_price_tiebreak,ontario,110,0,104.0,29.92,50.5375
optionA_tie_0.05,carbonscaler_price_tiebreak,ontario,111,0,104.0,34.24,64.04833333333333
optionA_tie_0.05,carbonscaler_price_tiebreak,ontario,112,0,104.0,48.42,69.30416666666666
optionA_tie_0.05,carbonscaler_price_tiebreak,ontario,113,0,109.0,62.22,71.61083333333333
optionA_tie_0.05,carbonscaler_price_tiebreak,ontario,114,0,109.0,55.44,22.609166666666667
optionA_tie_0.05,carbonscaler_price_tiebreak,ontario,115,0,108.0,45.27,16.400833333333335
optionA_tie_0.05,carbonscaler_price_tiebreak,ontario,116,0,110.0,41.53,13.129166666666668
optionA_tie_0.05,carbonscaler_price_tiebreak,ontario,117,0,118.0,32.29,15.157499999999999
optionA_tie_0.05,carbonscaler_price_tiebreak,ontario,118,0,114.0,28.02,1.1275000000000002
optionA_tie_0.05,carbonscaler_price_tiebreak,ontario,119,0,105.0,23.02,2.3566666666666665
optionA_tie_0.05,carbonscaler_price_tiebreak,ontario,120,0,89.0,7.67,3.641666666666667
optionA_tie_0.05,carbonscaler_price_tiebreak,ontario,121,0,78.0,6.48,0.18333333333333335
optionA_tie_0.05,carbonscaler_price_tiebreak,ontario,122,0,73.0,6.36,0.6066666666666667
optionA_tie_0.05,carbonscaler_price_tiebreak,ontario,123,0,63.0,6.54,0.5066666666666667
optionA_tie_0.05,carbonscaler_price_tiebreak,ontario,124,0,50.0,5.85,0.055
optionA_tie_0.05,carbonscaler_price_tiebreak,ontario,125,1,25.0,4.96,0.205
optionA_tie_0.05,carbonscaler_price_tiebreak,ontario,126,2,19.0,0.0,0.8916666666666666
optionA_tie_0.05,carbonscaler_price_tiebreak,ontario,127,2,19.0,0.0,1.7
optionA_tie_0.05,carbonscaler_price_tiebreak,ontario,128,2,19.0,4.04,7.135833333333333
optionA_tie_0.05,carbonscaler_price_tiebreak,ontario,129,2,19.0,6.14,7.169999999999999
optionA_tie_0.05,carbonscaler_price_tiebreak,ontario,130,2,20.0,6.59,3.830833333333333
optionA_tie_0.05,carbonscaler_price_tiebreak,ontario,131,2,19.0,10.27,1.3683333333333334
optionA_tie_0.05,carbonscaler_price_tiebreak,ontario,132,2,20.0,12.17,3.124166666666667
optionA_tie_0.05,carbonscaler_price_tiebreak,ontario,133,2,20.0,23.07,7.541666666666667
optionA_tie_0.05,carbonscaler_price_tiebreak,ontario,134,2,20.0,22.33,17.98333333333333
optionA_tie_0.05,carbonscaler_price_tiebreak,ontario,135,2,20.0,27.13,271.9775
optionA_tie_0.05,carbonscaler_price_tiebreak,ontario,136,2,20.0,31.7,226.4891666666667
optionA_tie_0.05,carbonscaler_price_tiebreak,ontario,137,2,21.0,43.63,53.12416666666666
optionA_tie_0.05,carbonscaler_price_tiebreak,ontario,138,1,25.0,44.6,28.73333333333333
optionA_tie_0.05,carbonscaler_price_tiebreak,ontario,139,0,31.0,44.27,30.3875
optionA_tie_0.05,carbonscaler_price_tiebreak,ontario,140,0,44.0,40.66,26.551666666666666
optionA_tie_0.05,carbonscaler_price_tiebreak,ontario,141,0,59.0,34.9,17.886666666666667
optionA_tie_0.05,carbonscaler_price_tiebreak,ontario,142,0,56.0,27.19,33.0425
optionA_tie_0.05,carbonscaler_price_tiebreak,ontario,143,0,50.0,24.14,41.13916666666667
optionA_tie_0.05,carbonscaler_price_tiebreak,ontario,144,0,51.0,18.56,126.9175
optionA_tie_0.05,carbonscaler_price_tiebreak,ontario,145,0,47.0,20.59,34.336666666666666
optionA_tie_0.05,carbonscaler_price_tiebreak,ontario,146,0,41.0,20.65,15.604166666666666
optionA_tie_0.05,carbonscaler_price_tiebreak,ontario,147,0,43.0,25.11,11.890833333333333
optionA_tie_0.05,carbonscaler_price_tiebreak,ontario,148,0,48.0,27.45,21.102500000000003
optionA_tie_0.05,carbonscaler_price_tiebreak,ontario,149,0,51.0,25.42,47.294999999999995
optionA_tie_0.05,carbonscaler_price_tiebreak,ontario,150,0,48.0,30.27,34.4625
optionA_tie_0.05,carbonscaler_price_tiebreak,ontario,151,0,42.0,31.89,74.80833333333334
optionA_tie_0.05,carbonscaler_price_tiebreak,ontario,152,0,43.0,26.94,9.879166666666666
optionA_tie_0.05,carbonscaler_price_tiebreak,ontario,153,0,45.0,27.02,2.0325
optionA_tie_0.05,carbonscaler_price_tiebreak,ontario,154,0,54.0,27.62,12.414166666666667
optionA_tie_0.05,carbonscaler_price_tiebreak,ontario,155,0,53.0,19.97,31.2075
optionA_tie_0.05,carbonscaler_price_tiebreak,ontario,156,0,61.0,20.25,35.7975
optionA_tie_0.05,carbonscaler_price_tiebreak,ontario,157,0,52.0,18.08,27.594166666666666
optionA_tie_0.05,carbonscaler_price_tiebreak,ontario,158,0,47.0,18.08,19.763333333333332
optionA_tie_0.05,carbonscaler_price_tiebreak,ontario,159,0,46.0,23.4,22.815833333333334
optionA_tie_0.05,carbonscaler_price_tiebreak,ontario,160,0,49.0,26.71,23.8025
optionA_tie_0.05,carbonscaler_price_tiebreak,ontario,161,0,54.0,40.16,38.34666666666667
optionA_tie_0.05,carbonscaler_price_tiebreak,ontario,162,0,50.0,48.19,32.54333333333333
optionA_tie_0.05,carbonscaler_price_tiebreak,ontario,163,0,52.0,57.72,53.36166666666667
optionA_tie_0.05,carbonscaler_price_tiebreak,ontario,164,0,58.0,47.14,133.0875
optionA_tie_0.05,carbonscaler_price_tiebreak,ontario,165,0,63.0,42.9,33.722500000000004
optionA_tie_0.05,carbonscaler_price_tiebreak,ontario,166,0,77.0,34.87,34.745
optionA_tie_0.05,carbonscaler_price_tiebreak,ontario,167,0,75.0,29.21,28.75916666666667
optionA_tie_0.10,carbonscaler_price_tiebreak,ontario,0,0,55.0,10.14,12.723333333333334
optionA_tie_0.10,carbonscaler_price_tiebreak,ontario,1,0,48.0,9.36,5.970833333333334
optionA_tie_0.10,carbonscaler_price_tiebreak,ontario,2,0,45.0,9.06,7.86
optionA_tie_0.10,carbonscaler_price_tiebreak,ontario,3,0,34.0,10.08,14.696666666666665
optionA_tie_0.10,carbonscaler_price_tiebreak,ontario,4,0,32.0,14.33,34.67416666666667
optionA_tie_0.10,carbonscaler_price_tiebreak,ontario,5,0,32.0,19.15,26.945000000000004
optionA_tie_0.10,carbonscaler_price_tiebreak,ontario,6,0,32.0,35.55,36.14
optionA_tie_0.10,carbonscaler_price_tiebreak,ontario,7,0,32.0,35.33,32.5175
optionA_tie_0.10,carbonscaler_price_tiebreak,ontario,8,0,33.0,30.29,33.76916666666666
optionA_tie_0.10,carbonscaler_price_tiebreak,ontario,9,0,39.0,30.48,14.690833333333332
optionA_tie_0.10,carbonscaler_price_tiebreak,ontario,10,0,44.0,31.4,11.320833333333333
optionA_tie_0.10,carbonscaler_price_tiebreak,ontario,11,0,52.0,33.38,13.204166666666666
optionA_tie_0.10,carbonscaler_price_tiebreak,ontario,12,0,55.0,34.47,2.6
optionA_tie_0.10,carbonscaler_price_tiebreak,ontario,13,0,56.0,37.07,13.165
optionA_tie_0.10,carbonscaler_price_tiebreak,ontario,14,0,50.0,36.14,17.45
optionA_tie_0.10,carbonscaler_price_tiebreak,ontario,15,0,53.0,36.43,31.770833333333332
optionA_tie_0.10,carbonscaler_price_tiebreak,ontario,16,0,56.0,46.88,55.70666666666667
optionA_tie_0.10,carbonscaler_price_tiebreak,ontario,17,0,60.0,54.49,60.38666666666666
optionA_tie_0.10,carbonscaler_price_tiebreak,ontario,18,0,64.0,74.91,244.5533333333333
optionA_tie_0.10,carbonscaler_price_tiebreak,ontario,19,0,69.0,99.9,97.6475
optionA_tie_0.10,carbonscaler_price_tiebreak,ontario,20,0,79.0,63.3,122.53583333333334
optionA_tie_0.10,carbonscaler_price_tiebreak,ontario,21,0,100.0,43.0,28.940833333333334
optionA_tie_0.10,carbonscaler_price_tiebreak,ontario,22,0,105.0,33.65,26.91
optionA_tie_0.10,carbonscaler_price_tiebreak,ontario,23,0,114.0,34.59,21.63083333333333
optionA_tie_0.10,carbonscaler_price_tiebreak,ontario,24,0,116.0,42.27,19.504166666666666
optionA_tie_0.10,carbonscaler_price_tiebreak,ontario,25,0,117.0,35.57,14.384166666666665
optionA_tie_0.10,carbonscaler_price_tiebreak,ontario,26,0,101.0,32.42,1.3316666666666668
optionA_tie_0.10,carbonscaler_price_tiebreak,ontario,27,0,95.0,32.28,0.0
optionA_tie_0.10,carbonscaler_price_tiebreak,ontario,28,0,87.0,35.23,0.5166666666666667
optionA_tie_0.10,carbonscaler_price_tiebreak,ontario,29,0,70.0,34.07,16.916666666666668
optionA_tie_0.10,carbonscaler_price_tiebreak,ontario,30,0,67.0,43.68,30.46083333333333
optionA_tie_0.10,carbonscaler_price_tiebreak,ontario,31,0,67.0,42.18,20.410833333333333
optionA_tie_0.10,carbonscaler_price_tiebreak,ontario,32,0,67.0,38.78,26.3875
optionA_tie_0.10,carbonscaler_price_tiebreak,ontario,33,0,65.0,38.58,22.519166666666667
optionA_tie_0.10,carbonscaler_price_tiebreak,ontario,34,0,64.0,42.91,27.260833333333334
optionA_tie_0.10,carbonscaler_price_tiebreak,ontario,35,0,73.0,42.84,18.598333333333333
optionA_tie_0.10,carbonscaler_price_tiebreak,ontario,36,0,68.0,40.08,41.99333333333333
optionA_tie_0.10,carbonscaler_price_tiebreak,ontario,37,0,71.0,43.84,44.544999999999995
optionA_tie_0.10,carbonscaler_price_tiebreak,ontario,38,0,67.0,44.96,45.98416666666666
optionA_tie_0.10,carbonscaler_price_tiebreak,ontario,39,0,65.0,44.09,44.192499999999995
optionA_tie_0.10,carbonscaler_price_tiebreak,ontario,40,0,65.0,51.21,39.36666666666667
optionA_tie_0.10,carbonscaler_price_tiebreak,ontario,41,0,82.0,59.92,32.435
optionA_tie_0.10,carbonscaler_price_tiebreak,ontario,42,0,91.0,77.65,36.375
optionA_tie_0.10,carbonscaler_price_tiebreak,ontario,43,0,103.0,76.38,34.59
optionA_tie_0.10,carbonscaler_price_tiebreak,ontario,44,0,110.0,56.96,29.3225
optionA_tie_0.10,carbonscaler_price_tiebreak,ontario,45,0,107.0,43.68,22.377499999999998
optionA_tie_0.10,carbonscaler_price_tiebreak,ontario,46,0,104.0,40.54,15.515
optionA_tie_0.10,carbonscaler_price_tiebreak,ontario,47,0,106.0,33.18,14.910000000000002
optionA_tie_0.10,carbonscaler_price_tiebreak,ontario,48,0,104.0,32.14,11.148333333333333
optionA_tie_0.10,carbonscaler_price_tiebreak,ontario,49,0,100.0,30.12,8.441666666666666
optionA_tie_0.10,carbonscaler_price_tiebreak,ontario,50,0,92.0,31.12,149.02666666666667
optionA_tie_0.10,carbonscaler_price_tiebreak,ontario,51,0,79.0,31.0,205.4908333333333
optionA_tie_0.10,carbonscaler_price_tiebreak,ontario,52,0,67.0,31.23,19.633333333333333
optionA_tie_0.10,carbonscaler_price_tiebreak,ontario,53,0,60.0,35.23,24.95
optionA_tie_0.10,carbonscaler_price_tiebreak,ontario,54,0,56.0,41.26,27.915000000000003
optionA_tie_0.10,carbonscaler_price_tiebreak,ontario,55,0,56.0,44.87,31.650000000000002
optionA_tie_0.10,carbonscaler_price_tiebreak,ontario,56,0,72.0,41.08,29.24083333333333
optionA_tie_0.10,carbonscaler_price_tiebreak,ontario,57,0,69.0,43.51,27.15833333333333
optionA_tie_0.10,carbonscaler_price_tiebreak,ontario,58,0,79.0,43.42,25.7025
optionA_tie_0.10,carbonscaler_price_tiebreak,ontario,59,0,83.0,45.31,38.740833333333335
optionA_tie_0.10,carbonscaler_price_tiebreak,ontario,60,0,95.0,46.51,27.8175
optionA_tie_0.10,carbonscaler_price_tiebreak,ontario,61,0,102.0,48.6,34.40916666666667
optionA_tie_0.10,carbonscaler_price_tiebreak,ontario,62,0,102.0,50.34,62.815
optionA_tie_0.10,carbonscaler_price_tiebreak,ontario,63,0,102.0,58.05,259.62416666666667
optionA_tie_0.10,carbonscaler_price_tiebreak,ontario,64,0,113.0,63.16,86.6925
optionA_tie_0.10,carbonscaler_price_tiebreak,ontario,65,0,107.0,68.53,68.18083333333333
optionA_tie_0.10,carbonscaler_price_tiebreak,ontario,66,0,116.0,93.18,42.89666666666667
optionA_tie_0.10,carbonscaler_price_tiebreak,ontario,67,0,122.0,88.3,31.522499999999997
optionA_tie_0.10,carbonscaler_price_tiebreak,ontario,68,0,125.0,59.9,34.58416666666667
optionA_tie_0.10,carbonscaler_price_tiebreak,ontario,69,0,127.0,42.02,28.534166666666664
optionA_tie_0.10,carbonscaler_price_tiebreak,ontario,70,0,128.0,36.39,34.01333333333333
optionA_tie_0.10,carbonscaler_price_tiebreak,ontario,71,0,125.0,32.74,28.38416666666667
optionA_tie_0.10,carbonscaler_price_tiebreak,ontario,72,0,120.0,28.68,22.7325
optionA_tie_0.10,carbonscaler_price_tiebreak,ontario,73,0,116.0,28.64,19.643333333333334
optionA_tie_0.10,carbonscaler_price_tiebreak,ontario,74,0,106.0,26.46,17.49
optionA_tie_0.10,carbonscaler_price_tiebreak,ontario,75,0,115.0,28.46,16.575833333333332
optionA_tie_0.10,carbonscaler_price_tiebreak,ontario,76,0,106.0,31.0,5.333333333333333
optionA_tie_0.10,carbonscaler_price_tiebreak,ontario,77,0,101.0,30.35,0.11750000000000001
optionA_tie_0.10,carbonscaler_price_tiebreak,ontario,78,0,85.0,34.27,1.3058333333333334
optionA_tie_0.10,carbonscaler_price_tiebreak,ontario,79,0,76.0,41.23,2.350833333333333
optionA_tie_0.10,carbonscaler_price_tiebreak,ontario,80,0,74.0,44.8,17.661666666666665
optionA_tie_0.10,carbonscaler_price_tiebreak,ontario,81,0,78.0,40.27,309.79083333333335
optionA_tie_0.10,carbonscaler_price_tiebreak,ontario,82,0,82.0,33.88,64.495
optionA_tie_0.10,carbonscaler_price_tiebreak,ontario,83,0,78.0,33.33,56.17916666666667
optionA_tie_0.10,carbonscaler_price_tiebreak,ontario,84,0,77.0,33.98,41.751666666666665
optionA_tie_0.10,carbonscaler_price_tiebreak,ontario,85,0,82.0,35.01,49.869166666666665
optionA_tie_0.10,carbonscaler_price_tiebreak,ontario,86,0,106.0,39.71,33.9275
optionA_tie_0.10,carbonscaler_price_tiebreak,ontario,87,0,114.0,43.6,29.6075
optionA_tie_0.10,carbonscaler_price_tiebreak,ontario,88,0,115.0,45.42,26.890833333333333
optionA_tie_0.10,carbonscaler_price_tiebreak,ontario,89,0,114.0,65.47,44.94916666666666
optionA_tie_0.10,carbonscaler_price_tiebreak,ontario,90,0,114.0,97.57,69.5475
optionA_tie_0.10,carbonscaler_price_tiebreak,ontario,91,0,117.0,91.59,49.107499999999995
optionA_tie_0.10,carbonscaler_price_tiebreak,ontario,92,0,117.0,60.83,34.73416666666667
optionA_tie_0.10,carbonscaler_price_tiebreak,ontario,93,0,120.0,40.07,31.221666666666668
optionA_tie_0.10,carbonscaler_price_tiebreak,ontario,94,0,134.0,35.25,27.25166666666667
optionA_tie_0.10,carbonscaler_price_tiebreak,ontario,95,0,140.0,31.68,22.011666666666667
optionA_tie_0.10,carbonscaler_price_tiebreak,ontario,96,0,139.0,35.25,22.888333333333332
optionA_tie_0.10,carbonscaler_price_tiebreak,ontario,97,0,133.0,31.63,16.738333333333333
optionA_tie_0.10,carbonscaler_price_tiebreak,ontario,98,0,128.0,32.45,18.855
optionA_tie_0.10,carbonscaler_price_tiebreak,ontario,99,0,121.0,35.25,19.664166666666667
optionA_tie_0.10,carbonscaler_price_tiebreak,ontario,100,0,110.0,34.56,30.938333333333333
optionA_tie_0.10,carbonscaler_price_tiebreak,ontario,101,0,106.0,37.63,43.03666666666667
optionA_tie_0.10,carbonscaler_price_tiebreak,ontario,102,0,95.0,50.91,53.759166666666665
optionA_tie_0.10,carbonscaler_price_tiebreak,ontario,103,0,96.0,45.92,50.67333333333334
optionA_tie_0.10,carbonscaler_price_tiebreak,ontario,104,0,95.0,45.16,37.01333333333333
optionA_tie_0.10,carbonscaler_price_tiebreak,ontario,105,0,101.0,42.88,20.0675
optionA_tie_0.10,carbonscaler_price_tiebreak,ontario,106,0,112.0,43.2,10.8925
optionA_tie_0.10,carbonscaler_price_tiebreak,ontario,107,0,125.0,44.74,12.486666666666666
optionA_tie_0.10,carbonscaler_price_tiebreak,ontario,108,0,126.0,45.02,31.290833333333335
optionA_tie_0.10,carbonscaler_price_tiebreak,ontario,109,0,122.0,38.9,60.625
optionA_tie_0.10,carbonscaler_price_tiebreak,ontario,110,0,104.0,29.92,50.5375
optionA_tie_0.10,carbonscaler_price_tiebreak,ontario,111,0,104.0,34.24,64.04833333333333
optionA_tie_0.10,carbonscaler_price_tiebreak,ontario,112,0,104.0,48.42,69.30416666666666
optionA_tie_0.10,carbonscaler_price_tiebreak,ontario,113,0,109.0,62.22,71.61083333333333
optionA_tie_0.10,carbonscaler_price_tiebreak,ontario,114,0,109.0,55.44,22.609166666666667
optionA_tie_0.10,carbonscaler_price_tiebreak,ontario,115,0,108.0,45.27,16.400833333333335
optionA_tie_0.10,carbonscaler_price_tiebreak,ontario,116,0,110.0,41.53,13.129166666666668
optionA_tie_0.10,carbonscaler_price_tiebreak,ontario,117,0,118.0,32.29,15.157499999999999
optionA_tie_0.10,carbonscaler_price_tiebreak,ontario,118,0,114.0,28.02,1.1275000000000002
optionA_tie_0.10,carbonscaler_price_tiebreak,ontario,119,0,105.0,23.02,2.3566666666666665
optionA_tie_0.10,carbonscaler_price_tiebreak,ontario,120,0,89.0,7.67,3.641666666666667
optionA_tie_0.10,carbonscaler_price_tiebreak,ontario,121,0,78.0,6.48,0.18333333333333335
optionA_tie_0.10,carbonscaler_price_tiebreak,ontario,122,0,73.0,6.36,0.6066666666666667
optionA_tie_0.10,carbonscaler_price_tiebreak,ontario,123,0,63.0,6.54,0.5066666666666667
optionA_tie_0.10,carbonscaler_price_tiebreak,ontario,124,0,50.0,5.85,0.055
optionA_tie_0.10,carbonscaler_price_tiebreak,ontario,125,1,25.0,4.96,0.205
optionA_tie_0.10,carbonscaler_price_tiebreak,ontario,126,2,19.0,0.0,0.8916666666666666
optionA_tie_0.10,carbonscaler_price_tiebreak,ontario,127,2,19.0,0.0,1.7
optionA_tie_0.10,carbonscaler_price_tiebreak,ontario,128,2,19.0,4.04,7.135833333333333
optionA_tie_0.10,carbonscaler_price_tiebreak,ontario,129,2,19.0,6.14,7.169999999999999
optionA_tie_0.10,carbonscaler_price_tiebreak,ontario,130,2,20.0,6.59,3.830833333333333
optionA_tie_0.10,carbonscaler_price_tiebreak,ontario,131,2,19.0,10.27,1.3683333333333334
optionA_tie_0.10,carbonscaler_price_tiebreak,ontario,132,2,20.0,12.17,3.124166666666667
optionA_tie_0.10,carbonscaler_price_tiebreak,ontario,133,2,20.0,23.07,7.541666666666667
optionA_tie_0.10,carbonscaler_price_tiebreak,ontario,134,2,20.0,22.33,17.98333333333333
optionA_tie_0.10,carbonscaler_price_tiebreak,ontario,135,2,20.0,27.13,271.9775
optionA_tie_0.10,carbonscaler_price_tiebreak,ontario,136,2,20.0,31.7,226.4891666666667
optionA_tie_0.10,carbonscaler_price_tiebreak,ontario,137,2,21.0,43.63,53.12416666666666
optionA_tie_0.10,carbonscaler_price_tiebreak,ontario,138,1,25.0,44.6,28.73333333333333
optionA_tie_0.10,carbonscaler_price_tiebreak,ontario,139,0,31.0,44.27,30.3875
optionA_tie_0.10,carbonscaler_price_tiebreak,ontario,140,0,44.0,40.66,26.551666666666666
optionA_tie_0.10,carbonscaler_price_tiebreak,ontario,141,0,59.0,34.9,17.886666666666667
optionA_tie_0.10,carbonscaler_price_tiebreak,ontario,142,0,56.0,27.19,33.0425
optionA_tie_0.10,carbonscaler_price_tiebreak,ontario,143,0,50.0,24.14,41.13916666666667
optionA_tie_0.10,carbonscaler_price_tiebreak,ontario,144,0,51.0,18.56,126.9175
optionA_tie_0.10,carbonscaler_price_tiebreak,ontario,145,0,47.0,20.59,34.336666666666666
optionA_tie_0.10,carbonscaler_price_tiebreak,ontario,146,0,41.0,20.65,15.604166666666666
optionA_tie_0.10,carbonscaler_price_tiebreak,ontario,147,0,43.0,25.11,11.890833333333333
optionA_tie_0.10,carbonscaler_price_tiebreak,ontario,148,0,48.0,27.45,21.102500000000003
optionA_tie_0.10,carbonscaler_price_tiebreak,ontario,149,0,51.0,25.42,47.294999999999995
optionA_tie_0.10,carbonscaler_price_tiebreak,ontario,150,0,48.0,30.27,34.4625
optionA_tie_0.10,carbonscaler_price_tiebreak,ontario,151,0,42.0,31.89,74.80833333333334
optionA_tie_0.10,carbonscaler_price_tiebreak,ontario,152,0,43.0,26.94,9.879166666666666
optionA_tie_0.10,carbonscaler_price_tiebreak,ontario,153,0,45.0,27.02,2.0325
optionA_tie_0.10,carbonscaler_price_tiebreak,ontario,154,0,54.0,27.62,12.414166666666667
optionA_tie_0.10,carbonscaler_price_tiebreak,ontario,155,0,53.0,19.97,31.2075
optionA_tie_0.10,carbonscaler_price_tiebreak,ontario,156,0,61.0,20.25,35.7975
optionA_tie_0.10,carbonscaler_price_tiebreak,ontario,157,0,52.0,18.08,27.594166666666666
optionA_tie_0.10,carbonscaler_price_tiebreak,ontario,158,0,47.0,18.08,19.763333333333332
optionA_tie_0.10,carbonscaler_price_tiebreak,ontario,159,0,46.0,23.4,22.815833333333334
optionA_tie_0.10,carbonscaler_price_tiebreak,ontario,160,0,49.0,26.71,23.8025
optionA_tie_0.10,carbonscaler_price_tiebreak,ontario,161,0,54.0,40.16,38.34666666666667
optionA_tie_0.10,carbonscaler_price_tiebreak,ontario,162,0,50.0,48.19,32.54333333333333
optionA_tie_0.10,carbonscaler_price_tiebreak,ontario,163,0,52.0,57.72,53.36166666666667
optionA_tie_0.10,carbonscaler_price_tiebreak,ontario,164,0,58.0,47.14,133.0875
optionA_tie_0.10,carbonscaler_price_tiebreak,ontario,165,0,63.0,42.9,33.722500000000004
optionA_tie_0.10,carbonscaler_price_tiebreak,ontario,166,0,77.0,34.87,34.745
optionA_tie_0.10,carbonscaler_price_tiebreak,ontario,167,0,75.0,29.21,28.75916666666667
optionA_tie_0.20,carbonscaler_price_tiebreak,ontario,0,0,55.0,10.14,12.723333333333334
optionA_tie_0.20,carbonscaler_price_tiebreak,ontario,1,0,48.0,9.36,5.970833333333334
optionA_tie_0.20,carbonscaler_price_tiebreak,ontario,2,0,45.0,9.06,7.86
optionA_tie_0.20,carbonscaler_price_tiebreak,ontario,3,0,34.0,10.08,14.696666666666665
optionA_tie_0.20,carbonscaler_price_tiebreak,ontario,4,0,32.0,14.33,34.67416666666667
optionA_tie_0.20,carbonscaler_price_tiebreak,ontario,5,0,32.0,19.15,26.945000000000004
optionA_tie_0.20,carbonscaler_price_tiebreak,ontario,6,0,32.0,35.55,36.14
optionA_tie_0.20,carbonscaler_price_tiebreak,ontario,7,0,32.0,35.33,32.5175
optionA_tie_0.20,carbonscaler_price_tiebreak,ontario,8,0,33.0,30.29,33.76916666666666
optionA_tie_0.20,carbonscaler_price_tiebreak,ontario,9,0,39.0,30.48,14.690833333333332
optionA_tie_0.20,carbonscaler_price_tiebreak,ontario,10,0,44.0,31.4,11.320833333333333
optionA_tie_0.20,carbonscaler_price_tiebreak,ontario,11,0,52.0,33.38,13.204166666666666
optionA_tie_0.20,carbonscaler_price_tiebreak,ontario,12,0,55.0,34.47,2.6
optionA_tie_0.20,carbonscaler_price_tiebreak,ontario,13,0,56.0,37.07,13.165
optionA_tie_0.20,carbonscaler_price_tiebreak,ontario,14,0,50.0,36.14,17.45
optionA_tie_0.20,carbonscaler_price_tiebreak,ontario,15,0,53.0,36.43,31.770833333333332
optionA_tie_0.20,carbonscaler_price_tiebreak,ontario,16,0,56.0,46.88,55.70666666666667
optionA_tie_0.20,carbonscaler_price_tiebreak,ontario,17,0,60.0,54.49,60.38666666666666
optionA_tie_0.20,carbonscaler_price_tiebreak,ontario,18,0,64.0,74.91,244.5533333333333
optionA_tie_0.20,carbonscaler_price_tiebreak,ontario,19,0,69.0,99.9,97.6475
optionA_tie_0.20,carbonscaler_price_tiebreak,ontario,20,0,79.0,63.3,122.53583333333334
optionA_tie_0.20,carbonscaler_price_tiebreak,ontario,21,0,100.0,43.0,28.940833333333334
optionA_tie_0.20,carbonscaler_price_tiebreak,ontario,22,0,105.0,33.65,26.91
optionA_tie_0.20,carbonscaler_price_tiebreak,ontario,23,0,114.0,34.59,21.63083333333333
optionA_tie_0.20,carbonscaler_price_tiebreak,ontario,24,0,116.0,42.27,19.504166666666666
optionA_tie_0.20,carbonscaler_price_tiebreak,ontario,25,0,117.0,35.57,14.384166666666665
optionA_tie_0.20,carbonscaler_price_tiebreak,ontario,26,0,101.0,32.42,1.3316666666666668
optionA_tie_0.20,carbonscaler_price_tiebreak,ontario,27,0,95.0,32.28,0.0
optionA_tie_0.20,carbonscaler_price_tiebreak,ontario,28,0,87.0,35.23,0.5166666666666667
optionA_tie_0.20,carbonscaler_price_tiebreak,ontario,29,0,70.0,34.07,16.916666666666668
optionA_tie_0.20,carbonscaler_price_tiebreak,ontario,30,0,67.0,43.68,30.46083333333333
optionA_tie_0.20,carbonscaler_price_tiebreak,ontario,31,0,67.0,42.18,20.410833333333333
optionA_tie_0.20,carbonscaler_price_tiebreak,ontario,32,0,67.0,38.78,26.3875
optionA_tie_0.20,carbonscaler_price_tiebreak,ontario,33,0,65.0,38.58,22.519166666666667
optionA_tie_0.20,carbonscaler_price_tiebreak,ontario,34,0,64.0,42.91,27.260833333333334
optionA_tie_0.20,carbonscaler_price_tiebreak,ontario,35,0,73.0,42.84,18.598333333333333
optionA_tie_0.20,carbonscaler_price_tiebreak,ontario,36,0,68.0,40.08,41.99333333333333
optionA_tie_0.20,carbonscaler_price_tiebreak,ontario,37,0,71.0,43.84,44.544999999999995
optionA_tie_0.20,carbonscaler_price_tiebreak,ontario,38,0,67.0,44.96,45.98416666666666
optionA_tie_0.20,carbonscaler_price_tiebreak,ontario,39,0,65.0,44.09,44.192499999999995
optionA_tie_0.20,carbonscaler_price_tiebreak,ontario,40,0,65.0,51.21,39.36666666666667
optionA_tie_0.20,carbonscaler_price_tiebreak,ontario,41,0,82.0,59.92,32.435
optionA_tie_0.20,carbonscaler_price_tiebreak,ontario,42,0,91.0,77.65,36.375
optionA_tie_0.20,carbonscaler_price_tiebreak,ontario,43,0,103.0,76.38,34.59
optionA_tie_0.20,carbonscaler_price_tiebreak,ontario,44,0,110.0,56.96,29.3225
optionA_tie_0.20,carbonscaler_price_tiebreak,ontario,45,0,107.0,43.68,22.377499999999998
optionA_tie_0.20,carbonscaler_price_tiebreak,ontario,46,0,104.0,40.54,15.515
optionA_tie_0.20,carbonscaler_price_tiebreak,ontario,47,0,106.0,33.18,14.910000000000002
optionA_tie_0.20,carbonscaler_price_tiebreak,ontario,48,0,104.0,32.14,11.148333333333333
optionA_tie_0.20,carbonscaler_price_tiebreak,ontario,49,0,100.0,30.12,8.441666666666666
optionA_tie_0.20,carbonscaler_price_tiebreak,ontario,50,0,92.0,31.12,149.02666666666667
optionA_tie_0.20,carbonscaler_price_tiebreak,ontario,51,0,79.0,31.0,205.4908333333333
optionA_tie_0.20,carbonscaler_price_tiebreak,ontario,52,0,67.0,31.23,19.633333333333333
optionA_tie_0.20,carbonscaler_price_tiebreak,ontario,53,0,60.0,35.23,24.95
optionA_tie_0.20,carbonscaler_price_tiebreak,ontario,54,0,56.0,41.26,27.915000000000003
optionA_tie_0.20,carbonscaler_price_tiebreak,ontario,55,0,56.0,44.87,31.650000000000002
optionA_tie_0.20,carbonscaler_price_tiebreak,ontario,56,0,72.0,41.08,29.24083333333333
optionA_tie_0.20,carbonscaler_price_tiebreak,ontario,57,0,69.0,43.51,27.15833333333333
optionA_tie_0.20,carbonscaler_price_tiebreak,ontario,58,0,79.0,43.42,25.7025
optionA_tie_0.20,carbonscaler_price_tiebreak,ontario,59,0,83.0,45.31,38.740833333333335
optionA_tie_0.20,carbonscaler_price_tiebreak,ontario,60,0,95.0,46.51,27.8175
optionA_tie_0.20,carbonscaler_price_tiebreak,ontario,61,0,102.0,48.6,34.40916666666667
optionA_tie_0.20,carbonscaler_price_tiebreak,ontario,62,0,102.0,50.34,62.815
optionA_tie_0.20,carbonscaler_price_tiebreak,ontario,63,0,102.0,58.05,259.62416666666667
optionA_tie_0.20,carbonscaler_price_tiebreak,ontario,64,0,113.0,63.16,86.6925
optionA_tie_0.20,carbonscaler_price_tiebreak,ontario,65,0,107.0,68.53,68.18083333333333
optionA_tie_0.20,carbonscaler_price_tiebreak,ontario,66,0,116.0,93.18,42.89666666666667
optionA_tie_0.20,carbonscaler_price_tiebreak,ontario,67,0,122.0,88.3,31.522499999999997
optionA_tie_0.20,carbonscaler_price_tiebreak,ontario,68,0,125.0,59.9,34.58416666666667
optionA_tie_0.20,carbonscaler_price_tiebreak,ontario,69,0,127.0,42.02,28.534166666666664
optionA_tie_0.20,carbonscaler_price_tiebreak,ontario,70,0,128.0,36.39,34.01333333333333
optionA_tie_0.20,carbonscaler_price_tiebreak,ontario,71,0,125.0,32.74,28.38416666666667
optionA_tie_0.20,carbonscaler_price_tiebreak,ontario,72,0,120.0,28.68,22.7325
optionA_tie_0.20,carbonscaler_price_tiebreak,ontario,73,0,116.0,28.64,19.643333333333334
optionA_tie_0.20,carbonscaler_price_tiebreak,ontario,74,0,106.0,26.46,17.49
optionA_tie_0.20,carbonscaler_price_tiebreak,ontario,75,0,115.0,28.46,16.575833333333332
optionA_tie_0.20,carbonscaler_price_tiebreak,ontario,76,0,106.0,31.0,5.333333333333333
optionA_tie_0.20,carbonscaler_price_tiebreak,ontario,77,0,101.0,30.35,0.11750000000000001
optionA_tie_0.20,carbonscaler_price_tiebreak,ontario,78,0,85.0,34.27,1.3058333333333334
optionA_tie_0.20,carbonscaler_price_tiebreak,ontario,79,0,76.0,41.23,2.350833333333333
optionA_tie_0.20,carbonscaler_price_tiebreak,ontario,80,0,74.0,44.8,17.661666666666665
optionA_tie_0.20,carbonscaler_price_tiebreak,ontario,81,0,78.0,40.27,309.79083333333335
optionA_tie_0.20,carbonscaler_price_tiebreak,ontario,82,0,82.0,33.88,64.495
optionA_tie_0.20,carbonscaler_price_tiebreak,ontario,83,0,78.0,33.33,56.17916666666667
optionA_tie_0.20,carbonscaler_price_tiebreak,ontario,84,0,77.0,33.98,41.751666666666665
optionA_tie_0.20,carbonscaler_price_tiebreak,ontario,85,0,82.0,35.01,49.869166666666665
optionA_tie_0.20,carbonscaler_price_tiebreak,ontario,86,0,106.0,39.71,33.9275
optionA_tie_0.20,carbonscaler_price_tiebreak,ontario,87,0,114.0,43.6,29.6075
optionA_tie_0.20,carbonscaler_price_tiebreak,ontario,88,0,115.0,45.42,26.890833333333333
optionA_tie_0.20,carbonscaler_price_tiebreak,ontario,89,0,114.0,65.47,44.94916666666666
optionA_tie_0.20,carbonscaler_price_tiebreak,ontario,90,0,114.0,97.57,69.5475
optionA_tie_0.20,carbonscaler_price_tiebreak,ontario,91,0,117.0,91.59,49.107499999999995
optionA_tie_0.20,carbonscaler_price_tiebreak,ontario,92,0,117.0,60.83,34.73416666666667
optionA_tie_0.20,carbonscaler_price_tiebreak,ontario,93,0,120.0,40.07,31.221666666666668
optionA_tie_0.20,carbonscaler_price_tiebreak,ontario,94,0,134.0,35.25,27.25166666666667
optionA_tie_0.20,carbonscaler_price_tiebreak,ontario,95,0,140.0,31.68,22.011666666666667
optionA_tie_0.20,carbonscaler_price_tiebreak,ontario,96,0,139.0,35.25,22.888333333333332
optionA_tie_0.20,carbonscaler_price_tiebreak,ontario,97,0,133.0,31.63,16.738333333333333
optionA_tie_0.20,carbonscaler_price_tiebreak,ontario,98,0,128.0,32.45,18.855
optionA_tie_0.20,carbonscaler_price_tiebreak,ontario,99,0,121.0,35.25,19.664166666666667
optionA_tie_0.20,carbonscaler_price_tiebreak,ontario,100,0,110.0,34.56,30.938333333333333
optionA_tie_0.20,carbonscaler_price_tiebreak,ontario,101,0,106.0,37.63,43.03666666666667
optionA_tie_0.20,carbonscaler_price_tiebreak,ontario,102,0,95.0,50.91,53.759166666666665
optionA_tie_0.20,carbonscaler_price_tiebreak,ontario,103,0,96.0,45.92,50.67333333333334
optionA_tie_0.20,carbonscaler_price_tiebreak,ontario,104,0,95.0,45.16,37.01333333333333
optionA_tie_0.20,carbonscaler_price_tiebreak,ontario,105,0,101.0,42.88,20.0675
optionA_tie_0.20,carbonscaler_price_tiebreak,ontario,106,0,112.0,43.2,10.8925
optionA_tie_0.20,carbonscaler_price_tiebreak,ontario,107,0,125.0,44.74,12.486666666666666
optionA_tie_0.20,carbonscaler_price_tiebreak,ontario,108,0,126.0,45.02,31.290833333333335
optionA_tie_0.20,carbonscaler_price_tiebreak,ontario,109,0,122.0,38.9,60.625
optionA_tie_0.20,carbonscaler_price_tiebreak,ontario,110,0,104.0,29.92,50.5375
optionA_tie_0.20,carbonscaler_price_tiebreak,ontario,111,0,104.0,34.24,64.04833333333333
optionA_tie_0.20,carbonscaler_price_tiebreak,ontario,112,0,104.0,48.42,69.30416666666666
optionA_tie_0.20,carbonscaler_price_tiebreak,ontario,113,0,109.0,62.22,71.61083333333333
optionA_tie_0.20,carbonscaler_price_tiebreak,ontario,114,0,109.0,55.44,22.609166666666667
optionA_tie_0.20,carbonscaler_price_tiebreak,ontario,115,0,108.0,45.27,16.400833333333335
optionA_tie_0.20,carbonscaler_price_tiebreak,ontario,116,0,110.0,41.53,13.129166666666668
optionA_tie_0.20,carbonscaler_price_tiebreak,ontario,117,0,118.0,32.29,15.157499999999999
optionA_tie_0.20,carbonscaler_price_tiebreak,ontario,118,0,114.0,28.02,1.1275000000000002
optionA_tie_0.20,carbonscaler_price_tiebreak,ontario,119,0,105.0,23.02,2.3566666666666665
optionA_tie_0.20,carbonscaler_price_tiebreak,ontario,120,0,89.0,7.67,3.641666666666667
optionA_tie_0.20,carbonscaler_price_tiebreak,ontario,121,0,78.0,6.48,0.18333333333333335
optionA_tie_0.20,carbonscaler_price_tiebreak,ontario,122,0,73.0,6.36,0.6066666666666667
optionA_tie_0.20,carbonscaler_price_tiebreak,ontario,123,0,63.0,6.54,0.5066666666666667
optionA_tie_0.20,carbonscaler_price_tiebreak,ontario,124,0,50.0,5.85,0.055
optionA_tie_0.20,carbonscaler_price_tiebreak,ontario,125,2,25.0,4.96,0.205
optionA_tie_0.20,carbonscaler_price_tiebreak,ontario,126,2,19.0,0.0,0.8916666666666666
optionA_tie_0.20,carbonscaler_price_tiebreak,ontario,127,2,19.0,0.0,1.7
optionA_tie_0.20,carbonscaler_price_tiebreak,ontario,128,2,19.0,4.04,7.135833333333333
optionA_tie_0.20,carbonscaler_price_tiebreak,ontario,129,2,19.0,6.14,7.169999999999999
optionA_tie_0.20,carbonscaler_price_tiebreak,ontario,130,2,20.0,6.59,3.830833333333333
optionA_tie_0.20,carbonscaler_price_tiebreak,ontario,131,2,19.0,10.27,1.3683333333333334
optionA_tie_0.20,carbonscaler_price_tiebreak,ontario,132,2,20.0,12.17,3.124166666666667
optionA_tie_0.20,carbonscaler_price_tiebreak,ontario,133,2,20.0,23.07,7.541666666666667
optionA_tie_0.20,carbonscaler_price_tiebreak,ontario,134,2,20.0,22.33,17.98333333333333
optionA_tie_0.20,carbonscaler_price_tiebreak,ontario,135,2,20.0,27.13,271.9775
optionA_tie_0.20,carbonscaler_price_tiebreak,ontario,136,2,20.0,31.7,226.4891666666667
optionA_tie_0.20,carbonscaler_price_tiebreak,ontario,137,2,21.0,43.63,53.12416666666666
optionA_tie_0.20,carbonscaler_price_tiebreak,ontario,138,0,25.0,44.6,28.73333333333333
optionA_tie_0.20,carbonscaler_price_tiebreak,ontario,139,0,31.0,44.27,30.3875
optionA_tie_0.20,carbonscaler_price_tiebreak,ontario,140,0,44.0,40.66,26.551666666666666
optionA_tie_0.20,carbonscaler_price_tiebreak,ontario,141,0,59.0,34.9,17.886666666666667
optionA_tie_0.20,carbonscaler_price_tiebreak,ontario,142,0,56.0,27.19,33.0425
optionA_tie_0.20,carbonscaler_price_tiebreak,ontario,143,0,50.0,24.14,41.13916666666667
optionA_tie_0.20,carbonscaler_price_tiebreak,ontario,144,0,51.0,18.56,126.9175
optionA_tie_0.20,carbonscaler_price_tiebreak,ontario,145,0,47.0,20.59,34.336666666666666
optionA_tie_0.20,carbonscaler_price_tiebreak,ontario,146,0,41.0,20.65,15.604166666666666
optionA_tie_0.20,carbonscaler_price_tiebreak,ontario,147,0,43.0,25.11,11.890833333333333
optionA_tie_0.20,carbonscaler_price_tiebreak,ontario,148,0,48.0,27.45,21.102500000000003
optionA_tie_0.20,carbonscaler_price_tiebreak,ontario,149,0,51.0,25.42,47.294999999999995
optionA_tie_0.20,carbonscaler_price_tiebreak,ontario,150,0,48.0,30.27,34.4625
optionA_tie_0.20,carbonscaler_price_tiebreak,ontario,151,0,42.0,31.89,74.80833333333334
optionA_tie_0.20,carbonscaler_price_tiebreak,ontario,152,0,43.0,26.94,9.879166666666666
optionA_tie_0.20,carbonscaler_price_tiebreak,ontario,153,0,45.0,27.02,2.0325
optionA_tie_0.20,carbonscaler_price_tiebreak,ontario,154,0,54.0,27.62,12.414166666666667
optionA_tie_0.20,carbonscaler_price_tiebreak,ontario,155,0,53.0,19.97,31.2075
optionA_tie_0.20,carbonscaler_price_tiebreak,ontario,156,0,61.0,20.25,35.7975
optionA_tie_0.20,carbonscaler_price_tiebreak,ontario,157,0,52.0,18.08,27.594166666666666
optionA_tie_0.20,carbonscaler_price_tiebreak,ontario,158,0,47.0,18.08,19.763333333333332
optionA_tie_0.20,carbonscaler_price_tiebreak,ontario,159,0,46.0,23.4,22.815833333333334
optionA_tie_0.20,carbonscaler_price_tiebreak,ontario,160,0,49.0,26.71,23.8025
optionA_tie_0.20,carbonscaler_price_tiebreak,ontario,161,0,54.0,40.16,38.34666666666667
optionA_tie_0.20,carbonscaler_price_tiebreak,ontario,162,0,50.0,48.19,32.54333333333333
optionA_tie_0.20,carbonscaler_price_tiebreak,ontario,163,0,52.0,57.72,53.36166666666667
optionA_tie_0.20,carbonscaler_price_tiebreak,ontario,164,0,58.0,47.14,133.0875
optionA_tie_0.20,carbonscaler_price_tiebreak,ontario,165,0,63.0,42.9,33.722500000000004
optionA_tie_0.20,carbonscaler_price_tiebreak,ontario,166,0,77.0,34.87,34.745
optionA_tie_0.20,carbonscaler_price_tiebreak,ontario,167,0,75.0,29.21,28.75916666666667
optionB_budget0.80_beta0.01_gamma0.50,carbonscaler_budget,ontario,0,0,55.0,10.14,12.723333333333334
optionB_budget0.80_beta0.01_gamma0.50,carbonscaler_budget,ontario,1,0,48.0,9.36,5.970833333333334
optionB_budget0.80_beta0.01_gamma0.50,carbonscaler_budget,ontario,2,0,45.0,9.06,7.86
optionB_budget0.80_beta0.01_gamma0.50,carbonscaler_budget,ontario,3,0,34.0,10.08,14.696666666666665
optionB_budget0.80_beta0.01_gamma0.50,carbonscaler_budget,ontario,4,0,32.0,14.33,34.67416666666667
optionB_budget0.80_beta0.01_gamma0.50,carbonscaler_budget,ontario,5,0,32.0,19.15,26.945000000000004
optionB_budget0.80_beta0.01_gamma0.50,carbonscaler_budget,ontario,6,0,32.0,35.55,36.14
optionB_budget0.80_beta0.01_gamma0.50,carbonscaler_budget,ontario,7,0,32.0,35.33,32.5175
optionB_budget0.80_beta0.01_gamma0.50,carbonscaler_budget,ontario,8,0,33.0,30.29,33.76916666666666
optionB_budget0.80_beta0.01_gamma0.50,carbonscaler_budget,ontario,9,0,39.0,30.48,14.690833333333332
optionB_budget0.80_beta0.01_gamma0.50,carbonscaler_budget,ontario,10,0,44.0,31.4,11.320833333333333
optionB_budget0.80_beta0.01_gamma0.50,carbonscaler_budget,ontario,11,0,52.0,33.38,13.204166666666666
optionB_budget0.80_beta0.01_gamma0.50,carbonscaler_budget,ontario,12,0,55.0,34.47,2.6
optionB_budget0.80_beta0.01_gamma0.50,carbonscaler_budget,ontario,13,0,56.0,37.07,13.165
optionB_budget0.80_beta0.01_gamma0.50,carbonscaler_budget,ontario,14,0,50.0,36.14,17.45
optionB_budget0.80_beta0.01_gamma0.50,carbonscaler_budget,ontario,15,0,53.0,36.43,31.770833333333332
optionB_budget0.80_beta0.01_gamma0.50,carbonscaler_budget,ontario,16,0,56.0,46.88,55.70666666666667
optionB_budget0.80_beta0.01_gamma0.50,carbonscaler_budget,ontario,17,0,60.0,54.49,60.38666666666666
optionB_budget0.80_beta0.01_gamma0.50,carbonscaler_budget,ontario,18,0,64.0,74.91,244.5533333333333
optionB_budget0.80_beta0.01_gamma0.50,carbonscaler_budget,ontario,19,0,69.0,99.9,97.6475
optionB_budget0.80_beta0.01_gamma0.50,carbonscaler_budget,ontario,20,0,79.0,63.3,122.53583333333334
optionB_budget0.80_beta0.01_gamma0.50,carbonscaler_budget,ontario,21,0,100.0,43.0,28.940833333333334
optionB_budget0.80_beta0.01_gamma0.50,carbonscaler_budget,ontario,22,0,105.0,33.65,26.91
optionB_budget0.80_beta0.01_gamma0.50,carbonscaler_budget,ontario,23,0,114.0,34.59,21.63083333333333
optionB_budget0.80_beta0.01_gamma0.50,carbonscaler_budget,ontario,24,0,116.0,42.27,19.504166666666666
optionB_budget0.80_beta0.01_gamma0.50,carbonscaler_budget,ontario,25,0,117.0,35.57,14.384166666666665
optionB_budget0.80_beta0.01_gamma0.50,carbonscaler_budget,ontario,26,0,101.0,32.42,1.3316666666666668
optionB_budget0.80_beta0.01_gamma0.50,carbonscaler_budget,ontario,27,0,95.0,32.28,0.0
optionB_budget0.80_beta0.01_gamma0.50,carbonscaler_budget,ontario,28,0,87.0,35.23,0.5166666666666667
optionB_budget0.80_beta0.01_gamma0.50,carbonscaler_budget,ontario,29,0,70.0,34.07,16.916666666666668
optionB_budget0.80_beta0.01_gamma0.50,carbonscaler_budget,ontario,30,0,67.0,43.68,30.46083333333333
optionB_budget0.80_beta0.01_gamma0.50,carbonscaler_budget,ontario,31,0,67.0,42.18,20.410833333333333
optionB_budget0.80_beta0.01_gamma0.50,carbonscaler_budget,ontario,32,0,67.0,38.78,26.3875
optionB_budget0.80_beta0.01_gamma0.50,carbonscaler_budget,ontario,33,0,65.0,38.58,22.519166666666667
optionB_budget0.80_beta0.01_gamma0.50,carbonscaler_budget,ontario,34,0,64.0,42.91,27.260833333333334
optionB_budget0.80_beta0.01_gamma0.50,carbonscaler_budget,ontario,35,0,73.0,42.84,18.598333333333333
optionB_budget0.80_beta0.01_gamma0.50,carbonscaler_budget,ontario,36,0,68.0,40.08,41.99333333333333
optionB_budget0.80_beta0.01_gamma0.50,carbonscaler_budget,ontario,37,0,71.0,43.84,44.544999999999995
optionB_budget0.80_beta0.01_gamma0.50,carbonscaler_budget,ontario,38,0,67.0,44.96,45.98416666666666
optionB_budget0.80_beta0.01_gamma0.50,carbonscaler_budget,ontario,39,0,65.0,44.09,44.192499999999995
optionB_budget0.80_beta0.01_gamma0.50,carbonscaler_budget,ontario,40,0,65.0,51.21,39.36666666666667
optionB_budget0.80_beta0.01_gamma0.50,carbonscaler_budget,ontario,41,0,82.0,59.92,32.435
optionB_budget0.80_beta0.01_gamma0.50,carbonscaler_budget,ontario,42,0,91.0,77.65,36.375
optionB_budget0.80_beta0.01_gamma0.50,carbonscaler_budget,ontario,43,0,103.0,76.38,34.59
optionB_budget0.80_beta0.01_gamma0.50,carbonscaler_budget,ontario,44,0,110.0,56.96,29.3225
optionB_budget0.80_beta0.01_gamma0.50,carbonscaler_budget,ontario,45,0,107.0,43.68,22.377499999999998
optionB_budget0.80_beta0.01_gamma0.50,carbonscaler_budget,ontario,46,0,104.0,40.54,15.515
optionB_budget0.80_beta0.01_gamma0.50,carbonscaler_budget,ontario,47,0,106.0,33.18,14.910000000000002
optionB_budget0.80_beta0.01_gamma0.50,carbonscaler_budget,ontario,48,0,104.0,32.14,11.148333333333333
optionB_budget0.80_beta0.01_gamma0.50,carbonscaler_budget,ontario,49,0,100.0,30.12,8.441666666666666
optionB_budget0.80_beta0.01_gamma0.50,carbonscaler_budget,ontario,50,0,92.0,31.12,149.02666666666667
optionB_budget0.80_beta0.01_gamma0.50,carbonscaler_budget,ontario,51,0,79.0,31.0,205.4908333333333
optionB_budget0.80_beta0.01_gamma0.50,carbonscaler_budget,ontario,52,0,67.0,31.23,19.633333333333333
optionB_budget0.80_beta0.01_gamma0.50,carbonscaler_budget,ontario,53,0,60.0,35.23,24.95
optionB_budget0.80_beta0.01_gamma0.50,carbonscaler_budget,ontario,54,0,56.0,41.26,27.915000000000003
optionB_budget0.80_beta0.01_gamma0.50,carbonscaler_budget,ontario,55,0,56.0,44.87,31.650000000000002
optionB_budget0.80_beta0.01_gamma0.50,carbonscaler_budget,ontario,56,0,72.0,41.08,29.24083333333333
optionB_budget0.80_beta0.01_gamma0.50,carbonscaler_budget,ontario,57,0,69.0,43.51,27.15833333333333
optionB_budget0.80_beta0.01_gamma0.50,carbonscaler_budget,ontario,58,0,79.0,43.42,25.7025
optionB_budget0.80_beta0.01_gamma0.50,carbonscaler_budget,ontario,59,0,83.0,45.31,38.740833333333335
optionB_budget0.80_beta0.01_gamma0.50,carbonscaler_budget,ontario,60,0,95.0,46.51,27.8175
optionB_budget0.80_beta0.01_gamma0.50,carbonscaler_budget,ontario,61,0,102.0,48.6,34.40916666666667
optionB_budget0.80_beta0.01_gamma0.50,carbonscaler_budget,ontario,62,0,102.0,50.34,62.815
optionB_budget0.80_beta0.01_gamma0.50,carbonscaler_budget,ontario,63,0,102.0,58.05,259.62416666666667
optionB_budget0.80_beta0.01_gamma0.50,carbonscaler_budget,ontario,64,0,113.0,63.16,86.6925
optionB_budget0.80_beta0.01_gamma0.50,carbonscaler_budget,ontario,65,0,107.0,68.53,68.18083333333333
optionB_budget0.80_beta0.01_gamma0.50,carbonscaler_budget,ontario,66,0,116.0,93.18,42.89666666666667
optionB_budget0.80_beta0.01_gamma0.50,carbonscaler_budget,ontario,67,0,122.0,88.3,31.522499999999997
optionB_budget0.80_beta0.01_gamma0.50,carbonscaler_budget,ontario,68,0,125.0,59.9,34.58416666666667
optionB_budget0.80_beta0.01_gamma0.50,carbonscaler_budget,ontario,69,0,127.0,42.02,28.534166666666664
optionB_budget0.80_beta0.01_gamma0.50,carbonscaler_budget,ontario,70,0,128.0,36.39,34.01333333333333
optionB_budget0.80_beta0.01_gamma0.50,carbonscaler_budget,ontario,71,0,125.0,32.74,28.38416666666667
optionB_budget0.80_beta0.01_gamma0.50,carbonscaler_budget,ontario,72,0,120.0,28.68,22.7325
optionB_budget0.80_beta0.01_gamma0.50,carbonscaler_budget,ontario,73,0,116.0,28.64,19.643333333333334
optionB_budget0.80_beta0.01_gamma0.50,carbonscaler_budget,ontario,74,0,106.0,26.46,17.49
optionB_budget0.80_beta0.01_gamma0.50,carbonscaler_budget,ontario,75,0,115.0,28.46,16.575833333333332
optionB_budget0.80_beta0.01_gamma0.50,carbonscaler_budget,ontario,76,0,106.0,31.0,5.333333333333333
optionB_budget0.80_beta0.01_gamma0.50,carbonscaler_budget,ontario,77,0,101.0,30.35,0.11750000000000001
optionB_budget0.80_beta0.01_gamma0.50,carbonscaler_budget,ontario,78,0,85.0,34.27,1.3058333333333334
optionB_budget0.80_beta0.01_gamma0.50,carbonscaler_budget,ontario,79,0,76.0,41.23,2.350833333333333
optionB_budget0.80_beta0.01_gamma0.50,carbonscaler_budget,ontario,80,0,74.0,44.8,17.661666666666665
optionB_budget0.80_beta0.01_gamma0.50,carbonscaler_budget,ontario,81,0,78.0,40.27,309.79083333333335
optionB_budget0.80_beta0.01_gamma0.50,carbonscaler_budget,ontario,82,0,82.0,33.88,64.495
optionB_budget0.80_beta0.01_gamma0.50,carbonscaler_budget,ontario,83,0,78.0,33.33,56.17916666666667
optionB_budget0.80_beta0.01_gamma0.50,carbonscaler_budget,ontario,84,0,77.0,33.98,41.751666666666665
optionB_budget0.80_beta0.01_gamma0.50,carbonscaler_budget,ontario,85,0,82.0,35.01,49.869166666666665
optionB_budget0.80_beta0.01_gamma0.50,carbonscaler_budget,ontario,86,0,106.0,39.71,33.9275
optionB_budget0.80_beta0.01_gamma0.50,carbonscaler_budget,ontario,87,0,114.0,43.6,29.6075
optionB_budget0.80_beta0.01_gamma0.50,carbonscaler_budget,ontario,88,0,115.0,45.42,26.890833333333333
optionB_budget0.80_beta0.01_gamma0.50,carbonscaler_budget,ontario,89,0,114.0,65.47,44.94916666666666
optionB_budget0.80_beta0.01_gamma0.50,carbonscaler_budget,ontario,90,0,114.0,97.57,69.5475
optionB_budget0.80_beta0.01_gamma0.50,carbonscaler_budget,ontario,91,0,117.0,91.59,49.107499999999995
optionB_budget0.80_beta0.01_gamma0.50,carbonscaler_budget,ontario,92,0,117.0,60.83,34.73416666666667
optionB_budget0.80_beta0.01_gamma0.50,carbonscaler_budget,ontario,93,0,120.0,40.07,31.221666666666668
optionB_budget0.80_beta0.01_gamma0.50,carbonscaler_budget,ontario,94,0,134.0,35.25,27.25166666666667
optionB_budget0.80_beta0.01_gamma0.50,carbonscaler_budget,ontario,95,0,140.0,31.68,22.011666666666667
optionB_budget0.80_beta0.01_gamma0.50,carbonscaler_budget,ontario,96,0,139.0,35.25,22.888333333333332
optionB_budget0.80_beta0.01_gamma0.50,carbonscaler_budget,ontario,97,0,133.0,31.63,16.738333333333333
optionB_budget0.80_beta0.01_gamma0.50,carbonscaler_budget,ontario,98,0,128.0,32.45,18.855
optionB_budget0.80_beta0.01_gamma0.50,carbonscaler_budget,ontario,99,0,121.0,35.25,19.664166666666667
optionB_budget0.80_beta0.01_gamma0.50,carbonscaler_budget,ontario,100,0,110.0,34.56,30.938333333333333
optionB_budget0.80_beta0.01_gamma0.50,carbonscaler_budget,ontario,101,0,106.0,37.63,43.03666666666667
optionB_budget0.80_beta0.01_gamma0.50,carbonscaler_budget,ontario,102,0,95.0,50.91,53.759166666666665
optionB_budget0.80_beta0.01_gamma0.50,carbonscaler_budget,ontario,103,0,96.0,45.92,50.67333333333334
optionB_budget0.80_beta0.01_gamma0.50,carbonscaler_budget,ontario,104,0,95.0,45.16,37.01333333333333
optionB_budget0.80_beta0.01_gamma0.50,carbonscaler_budget,ontario,105,0,101.0,42.88,20.0675
optionB_budget0.80_beta0.01_gamma0.50,carbonscaler_budget,ontario,106,0,112.0,43.2,10.8925
optionB_budget0.80_beta0.01_gamma0.50,carbonscaler_budget,ontario,107,0,125.0,44.74,12.486666666666666
optionB_budget0.80_beta0.01_gamma0.50,carbonscaler_budget,ontario,108,0,126.0,45.02,31.290833333333335
optionB_budget0.80_beta0.01_gamma0.50,carbonscaler_budget,ontario,109,0,122.0,38.9,60.625
optionB_budget0.80_beta0.01_gamma0.50,carbonscaler_budget,ontario,110,0,104.0,29.92,50.5375
optionB_budget0.80_beta0.01_gamma0.50,carbonscaler_budget,ontario,111,0,104.0,34.24,64.04833333333333
optionB_budget0.80_beta0.01_gamma0.50,carbonscaler_budget,ontario,112,0,104.0,48.42,69.30416666666666
optionB_budget0.80_beta0.01_gamma0.50,carbonscaler_budget,ontario,113,0,109.0,62.22,71.61083333333333
optionB_budget0.80_beta0.01_gamma0.50,carbonscaler_budget,ontario,114,0,109.0,55.44,22.609166666666667
optionB_budget0.80_beta0.01_gamma0.50,carbonscaler_budget,ontario,115,0,108.0,45.27,16.400833333333335
optionB_budget0.80_beta0.01_gamma0.50,carbonscaler_budget,ontario,116,0,110.0,41.53,13.129166666666668
optionB_budget0.80_beta0.01_gamma0.50,carbonscaler_budget,ontario,117,0,118.0,32.29,15.157499999999999
optionB_budget0.80_beta0.01_gamma0.50,carbonscaler_budget,ontario,118,0,114.0,28.02,1.1275000000000002
optionB_budget0.80_beta0.01_gamma0.50,carbonscaler_budget,ontario,119,0,105.0,23.02,2.3566666666666665
optionB_budget0.80_beta0.01_gamma0.50,carbonscaler_budget,ontario,120,0,89.0,7.67,3.641666666666667
optionB_budget0.80_beta0.01_gamma0.50,carbonscaler_budget,ontario,121,0,78.0,6.48,0.18333333333333335
optionB_budget0.80_beta0.01_gamma0.50,carbonscaler_budget,ontario,122,0,73.0,6.36,0.6066666666666667
optionB_budget0.80_beta0.01_gamma0.50,carbonscaler_budget,ontario,123,0,63.0,6.54,0.5066666666666667
optionB_budget0.80_beta0.01_gamma0.50,carbonscaler_budget,ontario,124,0,50.0,5.85,0.055
optionB_budget0.80_beta0.01_gamma0.50,carbonscaler_budget,ontario,125,1,25.0,4.96,0.205
optionB_budget0.80_beta0.01_gamma0.50,carbonscaler_budget,ontario,126,2,19.0,0.0,0.8916666666666666
optionB_budget0.80_beta0.01_gamma0.50,carbonscaler_budget,ontario,127,2,19.0,0.0,1.7
optionB_budget0.80_beta0.01_gamma0.50,carbonscaler_budget,ontario,128,2,19.0,4.04,7.135833333333333
optionB_budget0.80_beta0.01_gamma0.50,carbonscaler_budget,ontario,129,2,19.0,6.14,7.169999999999999
optionB_budget0.80_beta0.01_gamma0.50,carbonscaler_budget,ontario,130,2,20.0,6.59,3.830833333333333
optionB_budget0.80_beta0.01_gamma0.50,carbonscaler_budget,ontario,131,2,19.0,10.27,1.3683333333333334
optionB_budget0.80_beta0.01_gamma0.50,carbonscaler_budget,ontario,132,2,20.0,12.17,3.124166666666667
optionB_budget0.80_beta0.01_gamma0.50,carbonscaler_budget,ontario,133,2,20.0,23.07,7.541666666666667
optionB_budget0.80_beta0.01_gamma0.50,carbonscaler_budget,ontario,134,2,20.0,22.33,17.98333333333333
optionB_budget0.80_beta0.01_gamma0.50,carbonscaler_budget,ontario,135,2,20.0,27.13,271.9775
optionB_budget0.80_beta0.01_gamma0.50,carbonscaler_budget,ontario,136,2,20.0,31.7,226.4891666666667
optionB_budget0.80_beta0.01_gamma0.50,carbonscaler_budget,ontario,137,1,21.0,43.63,53.12416666666666
optionB_budget0.80_beta0.01_gamma0.50,carbonscaler_budget,ontario,138,0,25.0,44.6,28.73333333333333
optionB_budget0.80_beta0.01_gamma0.50,carbonscaler_budget,ontario,139,0,31.0,44.27,30.3875
optionB_budget0.80_beta0.01_gamma0.50,carbonscaler_budget,ontario,140,0,44.0,40.66,26.551666666666666
optionB_budget0.80_beta0.01_gamma0.50,carbonscaler_budget,ontario,141,0,59.0,34.9,17.886666666666667
optionB_budget0.80_beta0.01_gamma0.50,carbonscaler_budget,ontario,142,0,56.0,27.19,33.0425
optionB_budget0.80_beta0.01_gamma0.50,carbonscaler_budget,ontario,143,0,50.0,24.14,41.13916666666667
optionB_budget0.80_beta0.01_gamma0.50,carbonscaler_budget,ontario,144,0,51.0,18.56,126.9175
optionB_budget0.80_beta0.01_gamma0.50,carbonscaler_budget,ontario,145,0,47.0,20.59,34.336666666666666
optionB_budget0.80_beta0.01_gamma0.50,carbonscaler_budget,ontario,146,0,41.0,20.65,15.604166666666666
optionB_budget0.80_beta0.01_gamma0.50,carbonscaler_budget,ontario,147,0,43.0,25.11,11.890833333333333
optionB_budget0.80_beta0.01_gamma0.50,carbonscaler_budget,ontario,148,0,48.0,27.45,21.102500000000003
optionB_budget0.80_beta0.01_gamma0.50,carbonscaler_budget,ontario,149,0,51.0,25.42,47.294999999999995
optionB_budget0.80_beta0.01_gamma0.50,carbonscaler_budget,ontario,150,0,48.0,30.27,34.4625
optionB_budget0.80_beta0.01_gamma0.50,carbonscaler_budget,ontario,151,0,42.0,31.89,74.80833333333334
optionB_budget0.80_beta0.01_gamma0.50,carbonscaler_budget,ontario,152,0,43.0,26.94,9.879166666666666
optionB_budget0.80_beta0.01_gamma0.50,carbonscaler_budget,ontario,153,0,45.0,27.02,2.0325
optionB_budget0.80_beta0.01_gamma0.50,carbonscaler_budget,ontario,154,0,54.0,27.62,12.414166666666667
optionB_budget0.80_beta0.01_gamma0.50,carbonscaler_budget,ontario,155,0,53.0,19.97,31.2075
optionB_budget0.80_beta0.01_gamma0.50,carbonscaler_budget,ontario,156,0,61.0,20.25,35.7975
optionB_budget0.80_beta0.01_gamma0.50,carbonscaler_budget,ontario,157,0,52.0,18.08,27.594166666666666
optionB_budget0.80_beta0.01_gamma0.50,carbonscaler_budget,ontario,158,0,47.0,18.08,19.763333333333332
optionB_budget0.80_beta0.01_gamma0.50,carbonscaler_budget,ontario,159,0,46.0,23.4,22.815833333333334
optionB_budget0.80_beta0.01_gamma0.50,carbonscaler_budget,ontario,160,0,49.0,26.71,23.8025
optionB_budget0.80_beta0.01_gamma0.50,carbonscaler_budget,ontario,161,0,54.0,40.16,38.34666666666667
optionB_budget0.80_beta0.01_gamma0.50,carbonscaler_budget,ontario,162,0,50.0,48.19,32.54333333333333
optionB_budget0.80_beta0.01_gamma0.50,carbonscaler_budget,ontario,163,0,52.0,57.72,53.36166666666667
optionB_budget0.80_beta0.01_gamma0.50,carbonscaler_budget,ontario,164,0,58.0,47.14,133.0875
optionB_budget0.80_beta0.01_gamma0.50,carbonscaler_budget,ontario,165,0,63.0,42.9,33.722500000000004
optionB_budget0.80_beta0.01_gamma0.50,carbonscaler_budget,ontario,166,0,77.0,34.87,34.745
optionB_budget0.80_beta0.01_gamma0.50,carbonscaler_budget,ontario,167,0,75.0,29.21,28.75916666666667
optionB_budget0.85_beta0.01_gamma0.50,carbonscaler_budget,ontario,0,0,55.0,10.14,12.723333333333334
optionB_budget0.85_beta0.01_gamma0.50,carbonscaler_budget,ontario,1,0,48.0,9.36,5.970833333333334
optionB_budget0.85_beta0.01_gamma0.50,carbonscaler_budget,ontario,2,0,45.0,9.06,7.86
optionB_budget0.85_beta0.01_gamma0.50,carbonscaler_budget,ontario,3,0,34.0,10.08,14.696666666666665
optionB_budget0.85_beta0.01_gamma0.50,carbonscaler_budget,ontario,4,1,32.0,14.33,34.67416666666667
optionB_budget0.85_beta0.01_gamma0.50,carbonscaler_budget,ontario,5,0,32.0,19.15,26.945000000000004
optionB_budget0.85_beta0.01_gamma0.50,carbonscaler_budget,ontario,6,0,32.0,35.55,36.14
optionB_budget0.85_beta0.01_gamma0.50,carbonscaler_budget,ontario,7,0,32.0,35.33,32.5175
optionB_budget0.85_beta0.01_gamma0.50,carbonscaler_budget,ontario,8,0,33.0,30.29,33.76916666666666
optionB_budget0.85_beta0.01_gamma0.50,carbonscaler_budget,ontario,9,0,39.0,30.48,14.690833333333332
optionB_budget0.85_beta0.01_gamma0.50,carbonscaler_budget,ontario,10,0,44.0,31.4,11.320833333333333
optionB_budget0.85_beta0.01_gamma0.50,carbonscaler_budget,ontario,11,0,52.0,33.38,13.204166666666666
optionB_budget0.85_beta0.01_gamma0.50,carbonscaler_budget,ontario,12,0,55.0,34.47,2.6
optionB_budget0.85_beta0.01_gamma0.50,carbonscaler_budget,ontario,13,0,56.0,37.07,13.165
optionB_budget0.85_beta0.01_gamma0.50,carbonscaler_budget,ontario,14,0,50.0,36.14,17.45
optionB_budget0.85_beta0.01_gamma0.50,carbonscaler_budget,ontario,15,0,53.0,36.43,31.770833333333332
optionB_budget0.85_beta0.01_gamma0.50,carbonscaler_budget,ontario,16,0,56.0,46.88,55.70666666666667
optionB_budget0.85_beta0.01_gamma0.50,carbonscaler_budget,ontario,17,0,60.0,54.49,60.38666666666666
optionB_budget0.85_beta0.01_gamma0.50,carbonscaler_budget,ontario,18,0,64.0,74.91,244.5533333333333
optionB_budget0.85_beta0.01_gamma0.50,carbonscaler_budget,ontario,19,0,69.0,99.9,97.6475
optionB_budget0.85_beta0.01_gamma0.50,carbonscaler_budget,ontario,20,0,79.0,63.3,122.53583333333334
optionB_budget0.85_beta0.01_gamma0.50,carbonscaler_budget,ontario,21,0,100.0,43.0,28.940833333333334
optionB_budget0.85_beta0.01_gamma0.50,carbonscaler_budget,ontario,22,0,105.0,33.65,26.91
optionB_budget0.85_beta0.01_gamma0.50,carbonscaler_budget,ontario,23,0,114.0,34.59,21.63083333333333
optionB_budget0.85_beta0.01_gamma0.50,carbonscaler_budget,ontario,24,0,116.0,42.27,19.504166666666666
optionB_budget0.85_beta0.01_gamma0.50,carbonscaler_budget,ontario,25,0,117.0,35.57,14.384166666666665
optionB_budget0.85_beta0.01_gamma0.50,carbonscaler_budget,ontario,26,0,101.0,32.42,1.3316666666666668
optionB_budget0.85_beta0.01_gamma0.50,carbonscaler_budget,ontario,27,0,95.0,32.28,0.0
optionB_budget0.85_beta0.01_gamma0.50,carbonscaler_budget,ontario,28,0,87.0,35.23,0.5166666666666667
optionB_budget0.85_beta0.01_gamma0.50,carbonscaler_budget,ontario,29,0,70.0,34.07,16.916666666666668
optionB_budget0.85_beta0.01_gamma0.50,carbonscaler_budget,ontario,30,0,67.0,43.68,30.46083333333333
optionB_budget0.85_beta0.01_gamma0.50,carbonscaler_budget,ontario,31,0,67.0,42.18,20.410833333333333
optionB_budget0.85_beta0.01_gamma0.50,carbonscaler_budget,ontario,32,0,67.0,38.78,26.3875
optionB_budget0.85_beta0.01_gamma0.50,carbonscaler_budget,ontario,33,0,65.0,38.58,22.519166666666667
optionB_budget0.85_beta0.01_gamma0.50,carbonscaler_budget,ontario,34,0,64.0,42.91,27.260833333333334
optionB_budget0.85_beta0.01_gamma0.50,carbonscaler_budget,ontario,35,0,73.0,42.84,18.598333333333333
optionB_budget0.85_beta0.01_gamma0.50,carbonscaler_budget,ontario,36,0,68.0,40.08,41.99333333333333
optionB_budget0.85_beta0.01_gamma0.50,carbonscaler_budget,ontario,37,0,71.0,43.84,44.544999999999995
optionB_budget0.85_beta0.01_gamma0.50,carbonscaler_budget,ontario,38,0,67.0,44.96,45.98416666666666
optionB_budget0.85_beta0.01_gamma0.50,carbonscaler_budget,ontario,39,0,65.0,44.09,44.192499999999995
optionB_budget0.85_beta0.01_gamma0.50,carbonscaler_budget,ontario,40,0,65.0,51.21,39.36666666666667
optionB_budget0.85_beta0.01_gamma0.50,carbonscaler_budget,ontario,41,0,82.0,59.92,32.435
optionB_budget0.85_beta0.01_gamma0.50,carbonscaler_budget,ontario,42,0,91.0,77.65,36.375
optionB_budget0.85_beta0.01_gamma0.50,carbonscaler_budget,ontario,43,0,103.0,76.38,34.59
optionB_budget0.85_beta0.01_gamma0.50,carbonscaler_budget,ontario,44,0,110.0,56.96,29.3225
optionB_budget0.85_beta0.01_gamma0.50,carbonscaler_budget,ontario,45,0,107.0,43.68,22.377499999999998
optionB_budget0.85_beta0.01_gamma0.50,carbonscaler_budget,ontario,46,0,104.0,40.54,15.515
optionB_budget0.85_beta0.01_gamma0.50,carbonscaler_budget,ontario,47,0,106.0,33.18,14.910000000000002
optionB_budget0.85_beta0.01_gamma0.50,carbonscaler_budget,ontario,48,0,104.0,32.14,11.148333333333333
optionB_budget0.85_beta0.01_gamma0.50,carbonscaler_budget,ontario,49,0,100.0,30.12,8.441666666666666
optionB_budget0.85_beta0.01_gamma0.50,carbonscaler_budget,ontario,50,0,92.0,31.12,149.02666666666667
optionB_budget0.85_beta0.01_gamma0.50,carbonscaler_budget,ontario,51,0,79.0,31.0,205.4908333333333
optionB_budget0.85_beta0.01_gamma0.50,carbonscaler_budget,ontario,52,0,67.0,31.23,19.633333333333333
optionB_budget0.85_beta0.01_gamma0.50,carbonscaler_budget,ontario,53,0,60.0,35.23,24.95
optionB_budget0.85_beta0.01_gamma0.50,carbonscaler_budget,ontario,54,0,56.0,41.26,27.915000000000003
optionB_budget0.85_beta0.01_gamma0.50,carbonscaler_budget,ontario,55,0,56.0,44.87,31.650000000000002
optionB_budget0.85_beta0.01_gamma0.50,carbonscaler_budget,ontario,56,0,72.0,41.08,29.24083333333333
optionB_budget0.85_beta0.01_gamma0.50,carbonscaler_budget,ontario,57,0,69.0,43.51,27.15833333333333
optionB_budget0.85_beta0.01_gamma0.50,carbonscaler_budget,ontario,58,0,79.0,43.42,25.7025
optionB_budget0.85_beta0.01_gamma0.50,carbonscaler_budget,ontario,59,0,83.0,45.31,38.740833333333335
optionB_budget0.85_beta0.01_gamma0.50,carbonscaler_budget,ontario,60,0,95.0,46.51,27.8175
optionB_budget0.85_beta0.01_gamma0.50,carbonscaler_budget,ontario,61,0,102.0,48.6,34.40916666666667
optionB_budget0.85_beta0.01_gamma0.50,carbonscaler_budget,ontario,62,0,102.0,50.34,62.815
optionB_budget0.85_beta0.01_gamma0.50,carbonscaler_budget,ontario,63,0,102.0,58.05,259.62416666666667
optionB_budget0.85_beta0.01_gamma0.50,carbonscaler_budget,ontario,64,0,113.0,63.16,86.6925
optionB_budget0.85_beta0.01_gamma0.50,carbonscaler_budget,ontario,65,0,107.0,68.53,68.18083333333333
optionB_budget0.85_beta0.01_gamma0.50,carbonscaler_budget,ontario,66,0,116.0,93.18,42.89666666666667
optionB_budget0.85_beta0.01_gamma0.50,carbonscaler_budget,ontario,67,0,122.0,88.3,31.522499999999997
optionB_budget0.85_beta0.01_gamma0.50,carbonscaler_budget,ontario,68,0,125.0,59.9,34.58416666666667
optionB_budget0.85_beta0.01_gamma0.50,carbonscaler_budget,ontario,69,0,127.0,42.02,28.534166666666664
optionB_budget0.85_beta0.01_gamma0.50,carbonscaler_budget,ontario,70,0,128.0,36.39,34.01333333333333
optionB_budget0.85_beta0.01_gamma0.50,carbonscaler_budget,ontario,71,0,125.0,32.74,28.38416666666667
optionB_budget0.85_beta0.01_gamma0.50,carbonscaler_budget,ontario,72,0,120.0,28.68,22.7325
optionB_budget0.85_beta0.01_gamma0.50,carbonscaler_budget,ontario,73,0,116.0,28.64,19.643333333333334
optionB_budget0.85_beta0.01_gamma0.50,carbonscaler_budget,ontario,74,0,106.0,26.46,17.49
optionB_budget0.85_beta0.01_gamma0.50,carbonscaler_budget,ontario,75,0,115.0,28.46,16.575833333333332
optionB_budget0.85_beta0.01_gamma0.50,carbonscaler_budget,ontario,76,0,106.0,31.0,5.333333333333333
optionB_budget0.85_beta0.01_gamma0.50,carbonscaler_budget,ontario,77,0,101.0,30.35,0.11750000000000001
optionB_budget0.85_beta0.01_gamma0.50,carbonscaler_budget,ontario,78,0,85.0,34.27,1.3058333333333334
optionB_budget0.85_beta0.01_gamma0.50,carbonscaler_budget,ontario,79,0,76.0,41.23,2.350833333333333
optionB_budget0.85_beta0.01_gamma0.50,carbonscaler_budget,ontario,80,0,74.0,44.8,17.661666666666665
optionB_budget0.85_beta0.01_gamma0.50,carbonscaler_budget,ontario,81,0,78.0,40.27,309.79083333333335
optionB_budget0.85_beta0.01_gamma0.50,carbonscaler_budget,ontario,82,0,82.0,33.88,64.495
optionB_budget0.85_beta0.01_gamma0.50,carbonscaler_budget,ontario,83,0,78.0,33.33,56.17916666666667
optionB_budget0.85_beta0.01_gamma0.50,carbonscaler_budget,ontario,84,0,77.0,33.98,41.751666666666665
optionB_budget0.85_beta0.01_gamma0.50,carbonscaler_budget,ontario,85,0,82.0,35.01,49.869166666666665
optionB_budget0.85_beta0.01_gamma0.50,carbonscaler_budget,ontario,86,0,106.0,39.71,33.9275
optionB_budget0.85_beta0.01_gamma0.50,carbonscaler_budget,ontario,87,0,114.0,43.6,29.6075
optionB_budget0.85_beta0.01_gamma0.50,carbonscaler_budget,ontario,88,0,115.0,45.42,26.890833333333333
optionB_budget0.85_beta0.01_gamma0.50,carbonscaler_budget,ontario,89,0,114.0,65.47,44.94916666666666
optionB_budget0.85_beta0.01_gamma0.50,carbonscaler_budget,ontario,90,0,114.0,97.57,69.5475
optionB_budget0.85_beta0.01_gamma0.50,carbonscaler_budget,ontario,91,0,117.0,91.59,49.107499999999995
optionB_budget0.85_beta0.01_gamma0.50,carbonscaler_budget,ontario,92,0,117.0,60.83,34.73416666666667
optionB_budget0.85_beta0.01_gamma0.50,carbonscaler_budget,ontario,93,0,120.0,40.07,31.221666666666668
optionB_budget0.85_beta0.01_gamma0.50,carbonscaler_budget,ontario,94,0,134.0,35.25,27.25166666666667
optionB_budget0.85_beta0.01_gamma0.50,carbonscaler_budget,ontario,95,0,140.0,31.68,22.011666666666667
optionB_budget0.85_beta0.01_gamma0.50,carbonscaler_budget,ontario,96,0,139.0,35.25,22.888333333333332
optionB_budget0.85_beta0.01_gamma0.50,carbonscaler_budget,ontario,97,0,133.0,31.63,16.738333333333333
optionB_budget0.85_beta0.01_gamma0.50,carbonscaler_budget,ontario,98,0,128.0,32.45,18.855
optionB_budget0.85_beta0.01_gamma0.50,carbonscaler_budget,ontario,99,0,121.0,35.25,19.664166666666667
optionB_budget0.85_beta0.01_gamma0.50,carbonscaler_budget,ontario,100,0,110.0,34.56,30.938333333333333
optionB_budget0.85_beta0.01_gamma0.50,carbonscaler_budget,ontario,101,0,106.0,37.63,43.03666666666667
optionB_budget0.85_beta0.01_gamma0.50,carbonscaler_budget,ontario,102,0,95.0,50.91,53.759166666666665
optionB_budget0.85_beta0.01_gamma0.50,carbonscaler_budget,ontario,103,0,96.0,45.92,50.67333333333334
optionB_budget0.85_beta0.01_gamma0.50,carbonscaler_budget,ontario,104,0,95.0,45.16,37.01333333333333
optionB_budget0.85_beta0.01_gamma0.50,carbonscaler_budget,ontario,105,0,101.0,42.88,20.0675
optionB_budget0.85_beta0.01_gamma0.50,carbonscaler_budget,ontario,106,0,112.0,43.2,10.8925
optionB_budget0.85_beta0.01_gamma0.50,carbonscaler_budget,ontario,107,0,125.0,44.74,12.486666666666666
optionB_budget0.85_beta0.01_gamma0.50,carbonscaler_budget,ontario,108,0,126.0,45.02,31.290833333333335
optionB_budget0.85_beta0.01_gamma0.50,carbonscaler_budget,ontario,109,0,122.0,38.9,60.625
optionB_budget0.85_beta0.01_gamma0.50,carbonscaler_budget,ontario,110,0,104.0,29.92,50.5375
optionB_budget0.85_beta0.01_gamma0.50,carbonscaler_budget,ontario,111,0,104.0,34.24,64.04833333333333
optionB_budget0.85_beta0.01_gamma0.50,carbonscaler_budget,ontario,112,0,104.0,48.42,69.30416666666666
optionB_budget0.85_beta0.01_gamma0.50,carbonscaler_budget,ontario,113,0,109.0,62.22,71.61083333333333
optionB_budget0.85_beta0.01_gamma0.50,carbonscaler_budget,ontario,114,0,109.0,55.44,22.609166666666667
optionB_budget0.85_beta0.01_gamma0.50,carbonscaler_budget,ontario,115,0,108.0,45.27,16.400833333333335
optionB_budget0.85_beta0.01_gamma0.50,carbonscaler_budget,ontario,116,0,110.0,41.53,13.129166666666668
optionB_budget0.85_beta0.01_gamma0.50,carbonscaler_budget,ontario,117,0,118.0,32.29,15.157499999999999
optionB_budget0.85_beta0.01_gamma0.50,carbonscaler_budget,ontario,118,0,114.0,28.02,1.1275000000000002
optionB_budget0.85_beta0.01_gamma0.50,carbonscaler_budget,ontario,119,0,105.0,23.02,2.3566666666666665
optionB_budget0.85_beta0.01_gamma0.50,carbonscaler_budget,ontario,120,0,89.0,7.67,3.641666666666667
optionB_budget0.85_beta0.01_gamma0.50,carbonscaler_budget,ontario,121,0,78.0,6.48,0.18333333333333335
optionB_budget0.85_beta0.01_gamma0.50,carbonscaler_budget,ontario,122,0,73.0,6.36,0.6066666666666667
optionB_budget0.85_beta0.01_gamma0.50,carbonscaler_budget,ontario,123,0,63.0,6.54,0.5066666666666667
optionB_budget0.85_beta0.01_gamma0.50,carbonscaler_budget,ontario,124,0,50.0,5.85,0.055
optionB_budget0.85_beta0.01_gamma0.50,carbonscaler_budget,ontario,125,2,25.0,4.96,0.205
optionB_budget0.85_beta0.01_gamma0.50,carbonscaler_budget,ontario,126,2,19.0,0.0,0.8916666666666666
optionB_budget0.85_beta0.01_gamma0.50,carbonscaler_budget,ontario,127,2,19.0,0.0,1.7
optionB_budget0.85_beta0.01_gamma0.50,carbonscaler_budget,ontario,128,2,19.0,4.04,7.135833333333333
optionB_budget0.85_beta0.01_gamma0.50,carbonscaler_budget,ontario,129,2,19.0,6.14,7.169999999999999
optionB_budget0.85_beta0.01_gamma0.50,carbonscaler_budget,ontario,130,2,20.0,6.59,3.830833333333333
optionB_budget0.85_beta0.01_gamma0.50,carbonscaler_budget,ontario,131,2,19.0,10.27,1.3683333333333334
optionB_budget0.85_beta0.01_gamma0.50,carbonscaler_budget,ontario,132,2,20.0,12.17,3.124166666666667
optionB_budget0.85_beta0.01_gamma0.50,carbonscaler_budget,ontario,133,2,20.0,23.07,7.541666666666667
optionB_budget0.85_beta0.01_gamma0.50,carbonscaler_budget,ontario,134,2,20.0,22.33,17.98333333333333
optionB_budget0.85_beta0.01_gamma0.50,carbonscaler_budget,ontario,135,2,20.0,27.13,271.9775
optionB_budget0.85_beta0.01_gamma0.50,carbonscaler_budget,ontario,136,2,20.0,31.7,226.4891666666667
optionB_budget0.85_beta0.01_gamma0.50,carbonscaler_budget,ontario,137,1,21.0,43.63,53.12416666666666
optionB_budget0.85_beta0.01_gamma0.50,carbonscaler_budget,ontario,138,0,25.0,44.6,28.73333333333333
optionB_budget0.85_beta0.01_gamma0.50,carbonscaler_budget,ontario,139,0,31.0,44.27,30.3875
optionB_budget0.85_beta0.01_gamma0.50,carbonscaler_budget,ontario,140,0,44.0,40.66,26.551666666666666
optionB_budget0.85_beta0.01_gamma0.50,carbonscaler_budget,ontario,141,0,59.0,34.9,17.886666666666667
optionB_budget0.85_beta0.01_gamma0.50,carbonscaler_budget,ontario,142,0,56.0,27.19,33.0425
optionB_budget0.85_beta0.01_gamma0.50,carbonscaler_budget,ontario,143,0,50.0,24.14,41.13916666666667
optionB_budget0.85_beta0.01_gamma0.50,carbonscaler_budget,ontario,144,0,51.0,18.56,126.9175
optionB_budget0.85_beta0.01_gamma0.50,carbonscaler_budget,ontario,145,0,47.0,20.59,34.336666666666666
optionB_budget0.85_beta0.01_gamma0.50,carbonscaler_budget,ontario,146,0,41.0,20.65,15.604166666666666
optionB_budget0.85_beta0.01_gamma0.50,carbonscaler_budget,ontario,147,0,43.0,25.11,11.890833333333333
optionB_budget0.85_beta0.01_gamma0.50,carbonscaler_budget,ontario,148,0,48.0,27.45,21.102500000000003
optionB_budget0.85_beta0.01_gamma0.50,carbonscaler_budget,ontario,149,0,51.0,25.42,47.294999999999995
optionB_budget0.85_beta0.01_gamma0.50,carbonscaler_budget,ontario,150,0,48.0,30.27,34.4625
optionB_budget0.85_beta0.01_gamma0.50,carbonscaler_budget,ontario,151,0,42.0,31.89,74.80833333333334
optionB_budget0.85_beta0.01_gamma0.50,carbonscaler_budget,ontario,152,0,43.0,26.94,9.879166666666666
optionB_budget0.85_beta0.01_gamma0.50,carbonscaler_budget,ontario,153,0,45.0,27.02,2.0325
optionB_budget0.85_beta0.01_gamma0.50,carbonscaler_budget,ontario,154,0,54.0,27.62,12.414166666666667
optionB_budget0.85_beta0.01_gamma0.50,carbonscaler_budget,ontario,155,0,53.0,19.97,31.2075
optionB_budget0.85_beta0.01_gamma0.50,carbonscaler_budget,ontario,156,0,61.0,20.25,35.7975
optionB_budget0.85_beta0.01_gamma0.50,carbonscaler_budget,ontario,157,0,52.0,18.08,27.594166666666666
optionB_budget0.85_beta0.01_gamma0.50,carbonscaler_budget,ontario,158,0,47.0,18.08,19.763333333333332
optionB_budget0.85_beta0.01_gamma0.50,carbonscaler_budget,ontario,159,0,46.0,23.4,22.815833333333334
optionB_budget0.85_beta0.01_gamma0.50,carbonscaler_budget,ontario,160,0,49.0,26.71,23.8025
optionB_budget0.85_beta0.01_gamma0.50,carbonscaler_budget,ontario,161,0,54.0,40.16,38.34666666666667
optionB_budget0.85_beta0.01_gamma0.50,carbonscaler_budget,ontario,162,0,50.0,48.19,32.54333333333333
optionB_budget0.85_beta0.01_gamma0.50,carbonscaler_budget,ontario,163,0,52.0,57.72,53.36166666666667
optionB_budget0.85_beta0.01_gamma0.50,carbonscaler_budget,ontario,164,0,58.0,47.14,133.0875
optionB_budget0.85_beta0.01_gamma0.50,carbonscaler_budget,ontario,165,0,63.0,42.9,33.722500000000004
optionB_budget0.85_beta0.01_gamma0.50,carbonscaler_budget,ontario,166,0,77.0,34.87,34.745
optionB_budget0.85_beta0.01_gamma0.50,carbonscaler_budget,ontario,167,0,75.0,29.21,28.75916666666667
optionB_budget0.90_beta0.01_gamma0.50,carbonscaler_budget,ontario,0,0,55.0,10.14,12.723333333333334
optionB_budget0.90_beta0.01_gamma0.50,carbonscaler_budget,ontario,1,0,48.0,9.36,5.970833333333334
optionB_budget0.90_beta0.01_gamma0.50,carbonscaler_budget,ontario,2,0,45.0,9.06,7.86
optionB_budget0.90_beta0.01_gamma0.50,carbonscaler_budget,ontario,3,0,34.0,10.08,14.696666666666665
optionB_budget0.90_beta0.01_gamma0.50,carbonscaler_budget,ontario,4,0,32.0,14.33,34.67416666666667
optionB_budget0.90_beta0.01_gamma0.50,carbonscaler_budget,ontario,5,0,32.0,19.15,26.945000000000004
optionB_budget0.90_beta0.01_gamma0.50,carbonscaler_budget,ontario,6,0,32.0,35.55,36.14
optionB_budget0.90_beta0.01_gamma0.50,carbonscaler_budget,ontario,7,0,32.0,35.33,32.5175
optionB_budget0.90_beta0.01_gamma0.50,carbonscaler_budget,ontario,8,0,33.0,30.29,33.76916666666666
optionB_budget0.90_beta0.01_gamma0.50,carbonscaler_budget,ontario,9,0,39.0,30.48,14.690833333333332
optionB_budget0.90_beta0.01_gamma0.50,carbonscaler_budget,ontario,10,0,44.0,31.4,11.320833333333333
optionB_budget0.90_beta0.01_gamma0.50,carbonscaler_budget,ontario,11,0,52.0,33.38,13.204166666666666
optionB_budget0.90_beta0.01_gamma0.50,carbonscaler_budget,ontario,12,0,55.0,34.47,2.6
optionB_budget0.90_beta0.01_gamma0.50,carbonscaler_budget,ontario,13,0,56.0,37.07,13.165
optionB_budget0.90_beta0.01_gamma0.50,carbonscaler_budget,ontario,14,0,50.0,36.14,17.45
optionB_budget0.90_beta0.01_gamma0.50,carbonscaler_budget,ontario,15,0,53.0,36.43,31.770833333333332
optionB_budget0.90_beta0.01_gamma0.50,carbonscaler_budget,ontario,16,0,56.0,46.88,55.70666666666667
optionB_budget0.90_beta0.01_gamma0.50,carbonscaler_budget,ontario,17,0,60.0,54.49,60.38666666666666
optionB_budget0.90_beta0.01_gamma0.50,carbonscaler_budget,ontario,18,0,64.0,74.91,244.5533333333333
optionB_budget0.90_beta0.01_gamma0.50,carbonscaler_budget,ontario,19,0,69.0,99.9,97.6475
optionB_budget0.90_beta0.01_gamma0.50,carbonscaler_budget,ontario,20,0,79.0,63.3,122.53583333333334
optionB_budget0.90_beta0.01_gamma0.50,carbonscaler_budget,ontario,21,0,100.0,43.0,28.940833333333334
optionB_budget0.90_beta0.01_gamma0.50,carbonscaler_budget,ontario,22,0,105.0,33.65,26.91
optionB_budget0.90_beta0.01_gamma0.50,carbonscaler_budget,ontario,23,0,114.0,34.59,21.63083333333333
optionB_budget0.90_beta0.01_gamma0.50,carbonscaler_budget,ontario,24,0,116.0,42.27,19.504166666666666
optionB_budget0.90_beta0.01_gamma0.50,carbonscaler_budget,ontario,25,0,117.0,35.57,14.384166666666665
optionB_budget0.90_beta0.01_gamma0.50,carbonscaler_budget,ontario,26,0,101.0,32.42,1.3316666666666668
optionB_budget0.90_beta0.01_gamma0.50,carbonscaler_budget,ontario,27,0,95.0,32.28,0.0
optionB_budget0.90_beta0.01_gamma0.50,carbonscaler_budget,ontario,28,0,87.0,35.23,0.5166666666666667
optionB_budget0.90_beta0.01_gamma0.50,carbonscaler_budget,ontario,29,0,70.0,34.07,16.916666666666668
optionB_budget0.90_beta0.01_gamma0.50,carbonscaler_budget,ontario,30,0,67.0,43.68,30.46083333333333
optionB_budget0.90_beta0.01_gamma0.50,carbonscaler_budget,ontario,31,0,67.0,42.18,20.410833333333333
optionB_budget0.90_beta0.01_gamma0.50,carbonscaler_budget,ontario,32,0,67.0,38.78,26.3875
optionB_budget0.90_beta0.01_gamma0.50,carbonscaler_budget,ontario,33,0,65.0,38.58,22.519166666666667
optionB_budget0.90_beta0.01_gamma0.50,carbonscaler_budget,ontario,34,0,64.0,42.91,27.260833333333334
optionB_budget0.90_beta0.01_gamma0.50,carbonscaler_budget,ontario,35,0,73.0,42.84,18.598333333333333
optionB_budget0.90_beta0.01_gamma0.50,carbonscaler_budget,ontario,36,0,68.0,40.08,41.99333333333333
optionB_budget0.90_beta0.01_gamma0.50,carbonscaler_budget,ontario,37,0,71.0,43.84,44.544999999999995
optionB_budget0.90_beta0.01_gamma0.50,carbonscaler_budget,ontario,38,0,67.0,44.96,45.98416666666666
optionB_budget0.90_beta0.01_gamma0.50,carbonscaler_budget,ontario,39,0,65.0,44.09,44.192499999999995
optionB_budget0.90_beta0.01_gamma0.50,carbonscaler_budget,ontario,40,0,65.0,51.21,39.36666666666667
optionB_budget0.90_beta0.01_gamma0.50,carbonscaler_budget,ontario,41,0,82.0,59.92,32.435
optionB_budget0.90_beta0.01_gamma0.50,carbonscaler_budget,ontario,42,0,91.0,77.65,36.375
optionB_budget0.90_beta0.01_gamma0.50,carbonscaler_budget,ontario,43,0,103.0,76.38,34.59
optionB_budget0.90_beta0.01_gamma0.50,carbonscaler_budget,ontario,44,0,110.0,56.96,29.3225
optionB_budget0.90_beta0.01_gamma0.50,carbonscaler_budget,ontario,45,0,107.0,43.68,22.377499999999998
optionB_budget0.90_beta0.01_gamma0.50,carbonscaler_budget,ontario,46,0,104.0,40.54,15.515
optionB_budget0.90_beta0.01_gamma0.50,carbonscaler_budget,ontario,47,0,106.0,33.18,14.910000000000002
optionB_budget0.90_beta0.01_gamma0.50,carbonscaler_budget,ontario,48,0,104.0,32.14,11.148333333333333
optionB_budget0.90_beta0.01_gamma0.50,carbonscaler_budget,ontario,49,0,100.0,30.12,8.441666666666666
optionB_budget0.90_beta0.01_gamma0.50,carbonscaler_budget,ontario,50,0,92.0,31.12,149.02666666666667
optionB_budget0.90_beta0.01_gamma0.50,carbonscaler_budget,ontario,51,0,79.0,31.0,205.4908333333333
optionB_budget0.90_beta0.01_gamma0.50,carbonscaler_budget,ontario,52,0,67.0,31.23,19.633333333333333
optionB_budget0.90_beta0.01_gamma0.50,carbonscaler_budget,ontario,53,0,60.0,35.23,24.95
optionB_budget0.90_beta0.01_gamma0.50,carbonscaler_budget,ontario,54,0,56.0,41.26,27.915000000000003
optionB_budget0.90_beta0.01_gamma0.50,carbonscaler_budget,ontario,55,0,56.0,44.87,31.650000000000002
optionB_budget0.90_beta0.01_gamma0.50,carbonscaler_budget,ontario,56,0,72.0,41.08,29.24083333333333
optionB_budget0.90_beta0.01_gamma0.50,carbonscaler_budget,ontario,57,0,69.0,43.51,27.15833333333333
optionB_budget0.90_beta0.01_gamma0.50,carbonscaler_budget,ontario,58,0,79.0,43.42,25.7025
optionB_budget0.90_beta0.01_gamma0.50,carbonscaler_budget,ontario,59,0,83.0,45.31,38.740833333333335
optionB_budget0.90_beta0.01_gamma0.50,carbonscaler_budget,ontario,60,0,95.0,46.51,27.8175
optionB_budget0.90_beta0.01_gamma0.50,carbonscaler_budget,ontario,61,0,102.0,48.6,34.40916666666667
optionB_budget0.90_beta0.01_gamma0.50,carbonscaler_budget,ontario,62,0,102.0,50.34,62.815
optionB_budget0.90_beta0.01_gamma0.50,carbonscaler_budget,ontario,63,0,102.0,58.05,259.62416666666667
optionB_budget0.90_beta0.01_gamma0.50,carbonscaler_budget,ontario,64,0,113.0,63.16,86.6925
optionB_budget0.90_beta0.01_gamma0.50,carbonscaler_budget,ontario,65,0,107.0,68.53,68.18083333333333
optionB_budget0.90_beta0.01_gamma0.50,carbonscaler_budget,ontario,66,0,116.0,93.18,42.89666666666667
optionB_budget0.90_beta0.01_gamma0.50,carbonscaler_budget,ontario,67,0,122.0,88.3,31.522499999999997
optionB_budget0.90_beta0.01_gamma0.50,carbonscaler_budget,ontario,68,0,125.0,59.9,34.58416666666667
optionB_budget0.90_beta0.01_gamma0.50,carbonscaler_budget,ontario,69,0,127.0,42.02,28.534166666666664
optionB_budget0.90_beta0.01_gamma0.50,carbonscaler_budget,ontario,70,0,128.0,36.39,34.01333333333333
optionB_budget0.90_beta0.01_gamma0.50,carbonscaler_budget,ontario,71,0,125.0,32.74,28.38416666666667
optionB_budget0.90_beta0.01_gamma0.50,carbonscaler_budget,ontario,72,0,120.0,28.68,22.7325
optionB_budget0.90_beta0.01_gamma0.50,carbonscaler_budget,ontario,73,0,116.0,28.64,19.643333333333334
optionB_budget0.90_beta0.01_gamma0.50,carbonscaler_budget,ontario,74,0,106.0,26.46,17.49
optionB_budget0.90_beta0.01_gamma0.50,carbonscaler_budget,ontario,75,0,115.0,28.46,16.575833333333332
optionB_budget0.90_beta0.01_gamma0.50,carbonscaler_budget,ontario,76,0,106.0,31.0,5.333333333333333
optionB_budget0.90_beta0.01_gamma0.50,carbonscaler_budget,ontario,77,0,101.0,30.35,0.11750000000000001
optionB_budget0.90_beta0.01_gamma0.50,carbonscaler_budget,ontario,78,0,85.0,34.27,1.3058333333333334
optionB_budget0.90_beta0.01_gamma0.50,carbonscaler_budget,ontario,79,0,76.0,41.23,2.350833333333333
optionB_budget0.90_beta0.01_gamma0.50,carbonscaler_budget,ontario,80,0,74.0,44.8,17.661666666666665
optionB_budget0.90_beta0.01_gamma0.50,carbonscaler_budget,ontario,81,0,78.0,40.27,309.79083333333335
optionB_budget0.90_beta0.01_gamma0.50,carbonscaler_budget,ontario,82,0,82.0,33.88,64.495
optionB_budget0.90_beta0.01_gamma0.50,carbonscaler_budget,ontario,83,0,78.0,33.33,56.17916666666667
optionB_budget0.90_beta0.01_gamma0.50,carbonscaler_budget,ontario,84,0,77.0,33.98,41.751666666666665
optionB_budget0.90_beta0.01_gamma0.50,carbonscaler_budget,ontario,85,0,82.0,35.01,49.869166666666665
optionB_budget0.90_beta0.01_gamma0.50,carbonscaler_budget,ontario,86,0,106.0,39.71,33.9275
optionB_budget0.90_beta0.01_gamma0.50,carbonscaler_budget,ontario,87,0,114.0,43.6,29.6075
optionB_budget0.90_beta0.01_gamma0.50,carbonscaler_budget,ontario,88,0,115.0,45.42,26.890833333333333
optionB_budget0.90_beta0.01_gamma0.50,carbonscaler_budget,ontario,89,0,114.0,65.47,44.94916666666666
optionB_budget0.90_beta0.01_gamma0.50,carbonscaler_budget,ontario,90,0,114.0,97.57,69.5475
optionB_budget0.90_beta0.01_gamma0.50,carbonscaler_budget,ontario,91,0,117.0,91.59,49.107499999999995
optionB_budget0.90_beta0.01_gamma0.50,carbonscaler_budget,ontario,92,0,117.0,60.83,34.73416666666667
optionB_budget0.90_beta0.01_gamma0.50,carbonscaler_budget,ontario,93,0,120.0,40.07,31.221666666666668
optionB_budget0.90_beta0.01_gamma0.50,carbonscaler_budget,ontario,94,0,134.0,35.25,27.25166666666667
optionB_budget0.90_beta0.01_gamma0.50,carbonscaler_budget,ontario,95,0,140.0,31.68,22.011666666666667
optionB_budget0.90_beta0.01_gamma0.50,carbonscaler_budget,ontario,96,0,139.0,35.25,22.888333333333332
optionB_budget0.90_beta0.01_gamma0.50,carbonscaler_budget,ontario,97,0,133.0,31.63,16.738333333333333
optionB_budget0.90_beta0.01_gamma0.50,carbonscaler_budget,ontario,98,0,128.0,32.45,18.855
optionB_budget0.90_beta0.01_gamma0.50,carbonscaler_budget,ontario,99,0,121.0,35.25,19.664166666666667
optionB_budget0.90_beta0.01_gamma0.50,carbonscaler_budget,ontario,100,0,110.0,34.56,30.938333333333333
optionB_budget0.90_beta0.01_gamma0.50,carbonscaler_budget,ontario,101,0,106.0,37.63,43.03666666666667
optionB_budget0.90_beta0.01_gamma0.50,carbonscaler_budget,ontario,102,0,95.0,50.91,53.759166666666665
optionB_budget0.90_beta0.01_gamma0.50,carbonscaler_budget,ontario,103,0,96.0,45.92,50.67333333333334
optionB_budget0.90_beta0.01_gamma0.50,carbonscaler_budget,ontario,104,0,95.0,45.16,37.01333333333333
optionB_budget0.90_beta0.01_gamma0.50,carbonscaler_budget,ontario,105,0,101.0,42.88,20.0675
optionB_budget0.90_beta0.01_gamma0.50,carbonscaler_budget,ontario,106,0,112.0,43.2,10.8925
optionB_budget0.90_beta0.01_gamma0.50,carbonscaler_budget,ontario,107,0,125.0,44.74,12.486666666666666
optionB_budget0.90_beta0.01_gamma0.50,carbonscaler_budget,ontario,108,0,126.0,45.02,31.290833333333335
optionB_budget0.90_beta0.01_gamma0.50,carbonscaler_budget,ontario,109,0,122.0,38.9,60.625
optionB_budget0.90_beta0.01_gamma0.50,carbonscaler_budget,ontario,110,0,104.0,29.92,50.5375
optionB_budget0.90_beta0.01_gamma0.50,carbonscaler_budget,ontario,111,0,104.0,34.24,64.04833333333333
optionB_budget0.90_beta0.01_gamma0.50,carbonscaler_budget,ontario,112,0,104.0,48.42,69.30416666666666
optionB_budget0.90_beta0.01_gamma0.50,carbonscaler_budget,ontario,113,0,109.0,62.22,71.61083333333333
optionB_budget0.90_beta0.01_gamma0.50,carbonscaler_budget,ontario,114,0,109.0,55.44,22.609166666666667
optionB_budget0.90_beta0.01_gamma0.50,carbonscaler_budget,ontario,115,0,108.0,45.27,16.400833333333335
optionB_budget0.90_beta0.01_gamma0.50,carbonscaler_budget,ontario,116,0,110.0,41.53,13.129166666666668
optionB_budget0.90_beta0.01_gamma0.50,carbonscaler_budget,ontario,117,0,118.0,32.29,15.157499999999999
optionB_budget0.90_beta0.01_gamma0.50,carbonscaler_budget,ontario,118,0,114.0,28.02,1.1275000000000002
optionB_budget0.90_beta0.01_gamma0.50,carbonscaler_budget,ontario,119,0,105.0,23.02,2.3566666666666665
optionB_budget0.90_beta0.01_gamma0.50,carbonscaler_budget,ontario,120,0,89.0,7.67,3.641666666666667
optionB_budget0.90_beta0.01_gamma0.50,carbonscaler_budget,ontario,121,0,78.0,6.48,0.18333333333333335
optionB_budget0.90_beta0.01_gamma0.50,carbonscaler_budget,ontario,122,0,73.0,6.36,0.6066666666666667
optionB_budget0.90_beta0.01_gamma0.50,carbonscaler_budget,ontario,123,0,63.0,6.54,0.5066666666666667
optionB_budget0.90_beta0.01_gamma0.50,carbonscaler_budget,ontario,124,0,50.0,5.85,0.055
optionB_budget0.90_beta0.01_gamma0.50,carbonscaler_budget,ontario,125,1,25.0,4.96,0.205
optionB_budget0.90_beta0.01_gamma0.50,carbonscaler_budget,ontario,126,2,19.0,0.0,0.8916666666666666
optionB_budget0.90_beta0.01_gamma0.50,carbonscaler_budget,ontario,127,2,19.0,0.0,1.7
optionB_budget0.90_beta0.01_gamma0.50,carbonscaler_budget,ontario,128,2,19.0,4.04,7.135833333333333
optionB_budget0.90_beta0.01_gamma0.50,carbonscaler_budget,ontario,129,2,19.0,6.14,7.169999999999999
optionB_budget0.90_beta0.01_gamma0.50,carbonscaler_budget,ontario,130,2,20.0,6.59,3.830833333333333
optionB_budget0.90_beta0.01_gamma0.50,carbonscaler_budget,ontario,131,2,19.0,10.27,1.3683333333333334
optionB_budget0.90_beta0.01_gamma0.50,carbonscaler_budget,ontario,132,2,20.0,12.17,3.124166666666667
optionB_budget0.90_beta0.01_gamma0.50,carbonscaler_budget,ontario,133,2,20.0,23.07,7.541666666666667
optionB_budget0.90_beta0.01_gamma0.50,carbonscaler_budget,ontario,134,2,20.0,22.33,17.98333333333333
optionB_budget0.90_beta0.01_gamma0.50,carbonscaler_budget,ontario,135,2,20.0,27.13,271.9775
optionB_budget0.90_beta0.01_gamma0.50,carbonscaler_budget,ontario,136,2,20.0,31.7,226.4891666666667
optionB_budget0.90_beta0.01_gamma0.50,carbonscaler_budget,ontario,137,1,21.0,43.63,53.12416666666666
optionB_budget0.90_beta0.01_gamma0.50,carbonscaler_budget,ontario,138,1,25.0,44.6,28.73333333333333
optionB_budget0.90_beta0.01_gamma0.50,carbonscaler_budget,ontario,139,0,31.0,44.27,30.3875
optionB_budget0.90_beta0.01_gamma0.50,carbonscaler_budget,ontario,140,0,44.0,40.66,26.551666666666666
optionB_budget0.90_beta0.01_gamma0.50,carbonscaler_budget,ontario,141,0,59.0,34.9,17.886666666666667
optionB_budget0.90_beta0.01_gamma0.50,carbonscaler_budget,ontario,142,0,56.0,27.19,33.0425
optionB_budget0.90_beta0.01_gamma0.50,carbonscaler_budget,ontario,143,0,50.0,24.14,41.13916666666667
optionB_budget0.90_beta0.01_gamma0.50,carbonscaler_budget,ontario,144,0,51.0,18.56,126.9175
optionB_budget0.90_beta0.01_gamma0.50,carbonscaler_budget,ontario,145,0,47.0,20.59,34.336666666666666
optionB_budget0.90_beta0.01_gamma0.50,carbonscaler_budget,ontario,146,0,41.0,20.65,15.604166666666666
optionB_budget0.90_beta0.01_gamma0.50,carbonscaler_budget,ontario,147,0,43.0,25.11,11.890833333333333
optionB_budget0.90_beta0.01_gamma0.50,carbonscaler_budget,ontario,148,0,48.0,27.45,21.102500000000003
optionB_budget0.90_beta0.01_gamma0.50,carbonscaler_budget,ontario,149,0,51.0,25.42,47.294999999999995
optionB_budget0.90_beta0.01_gamma0.50,carbonscaler_budget,ontario,150,0,48.0,30.27,34.4625
optionB_budget0.90_beta0.01_gamma0.50,carbonscaler_budget,ontario,151,0,42.0,31.89,74.80833333333334
optionB_budget0.90_beta0.01_gamma0.50,carbonscaler_budget,ontario,152,0,43.0,26.94,9.879166666666666
optionB_budget0.90_beta0.01_gamma0.50,carbonscaler_budget,ontario,153,0,45.0,27.02,2.0325
optionB_budget0.90_beta0.01_gamma0.50,carbonscaler_budget,ontario,154,0,54.0,27.62,12.414166666666667
optionB_budget0.90_beta0.01_gamma0.50,carbonscaler_budget,ontario,155,0,53.0,19.97,31.2075
optionB_budget0.90_beta0.01_gamma0.50,carbonscaler_budget,ontario,156,0,61.0,20.25,35.7975
optionB_budget0.90_beta0.01_gamma0.50,carbonscaler_budget,ontario,157,0,52.0,18.08,27.594166666666666
optionB_budget0.90_beta0.01_gamma0.50,carbonscaler_budget,ontario,158,0,47.0,18.08,19.763333333333332
optionB_budget0.90_beta0.01_gamma0.50,carbonscaler_budget,ontario,159,0,46.0,23.4,22.815833333333334
optionB_budget0.90_beta0.01_gamma0.50,carbonscaler_budget,ontario,160,0,49.0,26.71,23.8025
optionB_budget0.90_beta0.01_gamma0.50,carbonscaler_budget,ontario,161,0,54.0,40.16,38.34666666666667
optionB_budget0.90_beta0.01_gamma0.50,carbonscaler_budget,ontario,162,0,50.0,48.19,32.54333333333333
optionB_budget0.90_beta0.01_gamma0.50,carbonscaler_budget,ontario,163,0,52.0,57.72,53.36166666666667
optionB_budget0.90_beta0.01_gamma0.50,carbonscaler_budget,ontario,164,0,58.0,47.14,133.0875
optionB_budget0.90_beta0.01_gamma0.50,carbonscaler_budget,ontario,165,0,63.0,42.9,33.722500000000004
optionB_budget0.90_beta0.01_gamma0.50,carbonscaler_budget,ontario,166,0,77.0,34.87,34.745
optionB_budget0.90_beta0.01_gamma0.50,carbonscaler_budget,ontario,167,0,75.0,29.21,28.75916666666667
optionB_budget1.00_beta0.01_gamma0.50,carbonscaler_budget,ontario,0,0,55.0,10.14,12.723333333333334
optionB_budget1.00_beta0.01_gamma0.50,carbonscaler_budget,ontario,1,0,48.0,9.36,5.970833333333334
optionB_budget1.00_beta0.01_gamma0.50,carbonscaler_budget,ontario,2,0,45.0,9.06,7.86
optionB_budget1.00_beta0.01_gamma0.50,carbonscaler_budget,ontario,3,0,34.0,10.08,14.696666666666665
optionB_budget1.00_beta0.01_gamma0.50,carbonscaler_budget,ontario,4,0,32.0,14.33,34.67416666666667
optionB_budget1.00_beta0.01_gamma0.50,carbonscaler_budget,ontario,5,0,32.0,19.15,26.945000000000004
optionB_budget1.00_beta0.01_gamma0.50,carbonscaler_budget,ontario,6,0,32.0,35.55,36.14
optionB_budget1.00_beta0.01_gamma0.50,carbonscaler_budget,ontario,7,0,32.0,35.33,32.5175
optionB_budget1.00_beta0.01_gamma0.50,carbonscaler_budget,ontario,8,0,33.0,30.29,33.76916666666666
optionB_budget1.00_beta0.01_gamma0.50,carbonscaler_budget,ontario,9,0,39.0,30.48,14.690833333333332
optionB_budget1.00_beta0.01_gamma0.50,carbonscaler_budget,ontario,10,0,44.0,31.4,11.320833333333333
optionB_budget1.00_beta0.01_gamma0.50,carbonscaler_budget,ontario,11,0,52.0,33.38,13.204166666666666
optionB_budget1.00_beta0.01_gamma0.50,carbonscaler_budget,ontario,12,0,55.0,34.47,2.6
optionB_budget1.00_beta0.01_gamma0.50,carbonscaler_budget,ontario,13,0,56.0,37.07,13.165
optionB_budget1.00_beta0.01_gamma0.50,carbonscaler_budget,ontario,14,0,50.0,36.14,17.45
optionB_budget1.00_beta0.01_gamma0.50,carbonscaler_budget,ontario,15,0,53.0,36.43,31.770833333333332
optionB_budget1.00_beta0.01_gamma0.50,carbonscaler_budget,ontario,16,0,56.0,46.88,55.70666666666667
optionB_budget1.00_beta0.01_gamma0.50,carbonscaler_budget,ontario,17,0,60.0,54.49,60.38666666666666
optionB_budget1.00_beta0.01_gamma0.50,carbonscaler_budget,ontario,18,0,64.0,74.91,244.5533333333333
optionB_budget1.00_beta0.01_gamma0.50,carbonscaler_budget,ontario,19,0,69.0,99.9,97.6475
optionB_budget1.00_beta0.01_gamma0.50,carbonscaler_budget,ontario,20,0,79.0,63.3,122.53583333333334
optionB_budget1.00_beta0.01_gamma0.50,carbonscaler_budget,ontario,21,0,100.0,43.0,28.940833333333334
optionB_budget1.00_beta0.01_gamma0.50,carbonscaler_budget,ontario,22,0,105.0,33.65,26.91
optionB_budget1.00_beta0.01_gamma0.50,carbonscaler_budget,ontario,23,0,114.0,34.59,21.63083333333333
optionB_budget1.00_beta0.01_gamma0.50,carbonscaler_budget,ontario,24,0,116.0,42.27,19.504166666666666
optionB_budget1.00_beta0.01_gamma0.50,carbonscaler_budget,ontario,25,0,117.0,35.57,14.384166666666665
optionB_budget1.00_beta0.01_gamma0.50,carbonscaler_budget,ontario,26,0,101.0,32.42,1.3316666666666668
optionB_budget1.00_beta0.01_gamma0.50,carbonscaler_budget,ontario,27,0,95.0,32.28,0.0
optionB_budget1.00_beta0.01_gamma0.50,carbonscaler_budget,ontario,28,0,87.0,35.23,0.5166666666666667
optionB_budget1.00_beta0.01_gamma0.50,carbonscaler_budget,ontario,29,0,70.0,34.07,16.916666666666668
optionB_budget1.00_beta0.01_gamma0.50,carbonscaler_budget,ontario,30,0,67.0,43.68,30.46083333333333
optionB_budget1.00_beta0.01_gamma0.50,carbonscaler_budget,ontario,31,0,67.0,42.18,20.410833333333333
optionB_budget1.00_beta0.01_gamma0.50,carbonscaler_budget,ontario,32,0,67.0,38.78,26.3875
optionB_budget1.00_beta0.01_gamma0.50,carbonscaler_budget,ontario,33,0,65.0,38.58,22.519166666666667
optionB_budget1.00_beta0.01_gamma0.50,carbonscaler_budget,ontario,34,0,64.0,42.91,27.260833333333334
optionB_budget1.00_beta0.01_gamma0.50,carbonscaler_budget,ontario,35,0,73.0,42.84,18.598333333333333
optionB_budget1.00_beta0.01_gamma0.50,carbonscaler_budget,ontario,36,0,68.0,40.08,41.99333333333333
optionB_budget1.00_beta0.01_gamma0.50,carbonscaler_budget,ontario,37,0,71.0,43.84,44.544999999999995
optionB_budget1.00_beta0.01_gamma0.50,carbonscaler_budget,ontario,38,0,67.0,44.96,45.98416666666666
optionB_budget1.00_beta0.01_gamma0.50,carbonscaler_budget,ontario,39,0,65.0,44.09,44.192499999999995
optionB_budget1.00_beta0.01_gamma0.50,carbonscaler_budget,ontario,40,0,65.0,51.21,39.36666666666667
optionB_budget1.00_beta0.01_gamma0.50,carbonscaler_budget,ontario,41,0,82.0,59.92,32.435
optionB_budget1.00_beta0.01_gamma0.50,carbonscaler_budget,ontario,42,0,91.0,77.65,36.375
optionB_budget1.00_beta0.01_gamma0.50,carbonscaler_budget,ontario,43,0,103.0,76.38,34.59
optionB_budget1.00_beta0.01_gamma0.50,carbonscaler_budget,ontario,44,0,110.0,56.96,29.3225
optionB_budget1.00_beta0.01_gamma0.50,carbonscaler_budget,ontario,45,0,107.0,43.68,22.377499999999998
optionB_budget1.00_beta0.01_gamma0.50,carbonscaler_budget,ontario,46,0,104.0,40.54,15.515
optionB_budget1.00_beta0.01_gamma0.50,carbonscaler_budget,ontario,47,0,106.0,33.18,14.910000000000002
optionB_budget1.00_beta0.01_gamma0.50,carbonscaler_budget,ontario,48,0,104.0,32.14,11.148333333333333
optionB_budget1.00_beta0.01_gamma0.50,carbonscaler_budget,ontario,49,0,100.0,30.12,8.441666666666666
optionB_budget1.00_beta0.01_gamma0.50,carbonscaler_budget,ontario,50,0,92.0,31.12,149.02666666666667
optionB_budget1.00_beta0.01_gamma0.50,carbonscaler_budget,ontario,51,0,79.0,31.0,205.4908333333333
optionB_budget1.00_beta0.01_gamma0.50,carbonscaler_budget,ontario,52,0,67.0,31.23,19.633333333333333
optionB_budget1.00_beta0.01_gamma0.50,carbonscaler_budget,ontario,53,0,60.0,35.23,24.95
optionB_budget1.00_beta0.01_gamma0.50,carbonscaler_budget,ontario,54,0,56.0,41.26,27.915000000000003
optionB_budget1.00_beta0.01_gamma0.50,carbonscaler_budget,ontario,55,0,56.0,44.87,31.650000000000002
optionB_budget1.00_beta0.01_gamma0.50,carbonscaler_budget,ontario,56,0,72.0,41.08,29.24083333333333
optionB_budget1.00_beta0.01_gamma0.50,carbonscaler_budget,ontario,57,0,69.0,43.51,27.15833333333333
optionB_budget1.00_beta0.01_gamma0.50,carbonscaler_budget,ontario,58,0,79.0,43.42,25.7025
optionB_budget1.00_beta0.01_gamma0.50,carbonscaler_budget,ontario,59,0,83.0,45.31,38.740833333333335
optionB_budget1.00_beta0.01_gamma0.50,carbonscaler_budget,ontario,60,0,95.0,46.51,27.8175
optionB_budget1.00_beta0.01_gamma0.50,carbonscaler_budget,ontario,61,0,102.0,48.6,34.40916666666667
optionB_budget1.00_beta0.01_gamma0.50,carbonscaler_budget,ontario,62,0,102.0,50.34,62.815
optionB_budget1.00_beta0.01_gamma0.50,carbonscaler_budget,ontario,63,0,102.0,58.05,259.62416666666667
optionB_budget1.00_beta0.01_gamma0.50,carbonscaler_budget,ontario,64,0,113.0,63.16,86.6925
optionB_budget1.00_beta0.01_gamma0.50,carbonscaler_budget,ontario,65,0,107.0,68.53,68.18083333333333
optionB_budget1.00_beta0.01_gamma0.50,carbonscaler_budget,ontario,66,0,116.0,93.18,42.89666666666667
optionB_budget1.00_beta0.01_gamma0.50,carbonscaler_budget,ontario,67,0,122.0,88.3,31.522499999999997
optionB_budget1.00_beta0.01_gamma0.50,carbonscaler_budget,ontario,68,0,125.0,59.9,34.58416666666667
optionB_budget1.00_beta0.01_gamma0.50,carbonscaler_budget,ontario,69,0,127.0,42.02,28.534166666666664
optionB_budget1.00_beta0.01_gamma0.50,carbonscaler_budget,ontario,70,0,128.0,36.39,34.01333333333333
optionB_budget1.00_beta0.01_gamma0.50,carbonscaler_budget,ontario,71,0,125.0,32.74,28.38416666666667
optionB_budget1.00_beta0.01_gamma0.50,carbonscaler_budget,ontario,72,0,120.0,28.68,22.7325
optionB_budget1.00_beta0.01_gamma0.50,carbonscaler_budget,ontario,73,0,116.0,28.64,19.643333333333334
optionB_budget1.00_beta0.01_gamma0.50,carbonscaler_budget,ontario,74,0,106.0,26.46,17.49
optionB_budget1.00_beta0.01_gamma0.50,carbonscaler_budget,ontario,75,0,115.0,28.46,16.575833333333332
optionB_budget1.00_beta0.01_gamma0.50,carbonscaler_budget,ontario,76,0,106.0,31.0,5.333333333333333
optionB_budget1.00_beta0.01_gamma0.50,carbonscaler_budget,ontario,77,0,101.0,30.35,0.11750000000000001
optionB_budget1.00_beta0.01_gamma0.50,carbonscaler_budget,ontario,78,0,85.0,34.27,1.3058333333333334
optionB_budget1.00_beta0.01_gamma0.50,carbonscaler_budget,ontario,79,0,76.0,41.23,2.350833333333333
optionB_budget1.00_beta0.01_gamma0.50,carbonscaler_budget,ontario,80,0,74.0,44.8,17.661666666666665
optionB_budget1.00_beta0.01_gamma0.50,carbonscaler_budget,ontario,81,0,78.0,40.27,309.79083333333335
optionB_budget1.00_beta0.01_gamma0.50,carbonscaler_budget,ontario,82,0,82.0,33.88,64.495
optionB_budget1.00_beta0.01_gamma0.50,carbonscaler_budget,ontario,83,0,78.0,33.33,56.17916666666667
optionB_budget1.00_beta0.01_gamma0.50,carbonscaler_budget,ontario,84,0,77.0,33.98,41.751666666666665
optionB_budget1.00_beta0.01_gamma0.50,carbonscaler_budget,ontario,85,0,82.0,35.01,49.869166666666665
optionB_budget1.00_beta0.01_gamma0.50,carbonscaler_budget,ontario,86,0,106.0,39.71,33.9275
optionB_budget1.00_beta0.01_gamma0.50,carbonscaler_budget,ontario,87,0,114.0,43.6,29.6075
optionB_budget1.00_beta0.01_gamma0.50,carbonscaler_budget,ontario,88,0,115.0,45.42,26.890833333333333
optionB_budget1.00_beta0.01_gamma0.50,carbonscaler_budget,ontario,89,0,114.0,65.47,44.94916666666666
optionB_budget1.00_beta0.01_gamma0.50,carbonscaler_budget,ontario,90,0,114.0,97.57,69.5475
optionB_budget1.00_beta0.01_gamma0.50,carbonscaler_budget,ontario,91,0,117.0,91.59,49.107499999999995
optionB_budget1.00_beta0.01_gamma0.50,carbonscaler_budget,ontario,92,0,117.0,60.83,34.73416666666667
optionB_budget1.00_beta0.01_gamma0.50,carbonscaler_budget,ontario,93,0,120.0,40.07,31.221666666666668
optionB_budget1.00_beta0.01_gamma0.50,carbonscaler_budget,ontario,94,0,134.0,35.25,27.25166666666667
optionB_budget1.00_beta0.01_gamma0.50,carbonscaler_budget,ontario,95,0,140.0,31.68,22.011666666666667
optionB_budget1.00_beta0.01_gamma0.50,carbonscaler_budget,ontario,96,0,139.0,35.25,22.888333333333332
optionB_budget1.00_beta0.01_gamma0.50,carbonscaler_budget,ontario,97,0,133.0,31.63,16.738333333333333
optionB_budget1.00_beta0.01_gamma0.50,carbonscaler_budget,ontario,98,0,128.0,32.45,18.855
optionB_budget1.00_beta0.01_gamma0.50,carbonscaler_budget,ontario,99,0,121.0,35.25,19.664166666666667
optionB_budget1.00_beta0.01_gamma0.50,carbonscaler_budget,ontario,100,0,110.0,34.56,30.938333333333333
optionB_budget1.00_beta0.01_gamma0.50,carbonscaler_budget,ontario,101,0,106.0,37.63,43.03666666666667
optionB_budget1.00_beta0.01_gamma0.50,carbonscaler_budget,ontario,102,0,95.0,50.91,53.759166666666665
optionB_budget1.00_beta0.01_gamma0.50,carbonscaler_budget,ontario,103,0,96.0,45.92,50.67333333333334
optionB_budget1.00_beta0.01_gamma0.50,carbonscaler_budget,ontario,104,0,95.0,45.16,37.01333333333333
optionB_budget1.00_beta0.01_gamma0.50,carbonscaler_budget,ontario,105,0,101.0,42.88,20.0675
optionB_budget1.00_beta0.01_gamma0.50,carbonscaler_budget,ontario,106,0,112.0,43.2,10.8925
optionB_budget1.00_beta0.01_gamma0.50,carbonscaler_budget,ontario,107,0,125.0,44.74,12.486666666666666
optionB_budget1.00_beta0.01_gamma0.50,carbonscaler_budget,ontario,108,0,126.0,45.02,31.290833333333335
optionB_budget1.00_beta0.01_gamma0.50,carbonscaler_budget,ontario,109,0,122.0,38.9,60.625
optionB_budget1.00_beta0.01_gamma0.50,carbonscaler_budget,ontario,110,0,104.0,29.92,50.5375
optionB_budget1.00_beta0.01_gamma0.50,carbonscaler_budget,ontario,111,0,104.0,34.24,64.04833333333333
optionB_budget1.00_beta0.01_gamma0.50,carbonscaler_budget,ontario,112,0,104.0,48.42,69.30416666666666
optionB_budget1.00_beta0.01_gamma0.50,carbonscaler_budget,ontario,113,0,109.0,62.22,71.61083333333333
optionB_budget1.00_beta0.01_gamma0.50,carbonscaler_budget,ontario,114,0,109.0,55.44,22.609166666666667
optionB_budget1.00_beta0.01_gamma0.50,carbonscaler_budget,ontario,115,0,108.0,45.27,16.400833333333335
optionB_budget1.00_beta0.01_gamma0.50,carbonscaler_budget,ontario,116,0,110.0,41.53,13.129166666666668
optionB_budget1.00_beta0.01_gamma0.50,carbonscaler_budget,ontario,117,0,118.0,32.29,15.157499999999999
optionB_budget1.00_beta0.01_gamma0.50,carbonscaler_budget,ontario,118,0,114.0,28.02,1.1275000000000002
optionB_budget1.00_beta0.01_gamma0.50,carbonscaler_budget,ontario,119,0,105.0,23.02,2.3566666666666665
optionB_budget1.00_beta0.01_gamma0.50,carbonscaler_budget,ontario,120,0,89.0,7.67,3.641666666666667
optionB_budget1.00_beta0.01_gamma0.50,carbonscaler_budget,ontario,121,0,78.0,6.48,0.18333333333333335
optionB_budget1.00_beta0.01_gamma0.50,carbonscaler_budget,ontario,122,0,73.0,6.36,0.6066666666666667
optionB_budget1.00_beta0.01_gamma0.50,carbonscaler_budget,ontario,123,0,63.0,6.54,0.5066666666666667
optionB_budget1.00_beta0.01_gamma0.50,carbonscaler_budget,ontario,124,0,50.0,5.85,0.055
optionB_budget1.00_beta0.01_gamma0.50,carbonscaler_budget,ontario,125,2,25.0,4.96,0.205
optionB_budget1.00_beta0.01_gamma0.50,carbonscaler_budget,ontario,126,2,19.0,0.0,0.8916666666666666
optionB_budget1.00_beta0.01_gamma0.50,carbonscaler_budget,ontario,127,2,19.0,0.0,1.7
optionB_budget1.00_beta0.01_gamma0.50,carbonscaler_budget,ontario,128,2,19.0,4.04,7.135833333333333
optionB_budget1.00_beta0.01_gamma0.50,carbonscaler_budget,ontario,129,2,19.0,6.14,7.169999999999999
optionB_budget1.00_beta0.01_gamma0.50,carbonscaler_budget,ontario,130,2,20.0,6.59,3.830833333333333
optionB_budget1.00_beta0.01_gamma0.50,carbonscaler_budget,ontario,131,2,19.0,10.27,1.3683333333333334
optionB_budget1.00_beta0.01_gamma0.50,carbonscaler_budget,ontario,132,2,20.0,12.17,3.124166666666667
optionB_budget1.00_beta0.01_gamma0.50,carbonscaler_budget,ontario,133,2,20.0,23.07,7.541666666666667
optionB_budget1.00_beta0.01_gamma0.50,carbonscaler_budget,ontario,134,2,20.0,22.33,17.98333333333333
optionB_budget1.00_beta0.01_gamma0.50,carbonscaler_budget,ontario,135,2,20.0,27.13,271.9775
optionB_budget1.00_beta0.01_gamma0.50,carbonscaler_budget,ontario,136,2,20.0,31.7,226.4891666666667
optionB_budget1.00_beta0.01_gamma0.50,carbonscaler_budget,ontario,137,1,21.0,43.63,53.12416666666666
optionB_budget1.00_beta0.01_gamma0.50,carbonscaler_budget,ontario,138,1,25.0,44.6,28.73333333333333
optionB_budget1.00_beta0.01_gamma0.50,carbonscaler_budget,ontario,139,0,31.0,44.27,30.3875
optionB_budget1.00_beta0.01_gamma0.50,carbonscaler_budget,ontario,140,0,44.0,40.66,26.551666666666666
optionB_budget1.00_beta0.01_gamma0.50,carbonscaler_budget,ontario,141,0,59.0,34.9,17.886666666666667
optionB_budget1.00_beta0.01_gamma0.50,carbonscaler_budget,ontario,142,0,56.0,27.19,33.0425
optionB_budget1.00_beta0.01_gamma0.50,carbonscaler_budget,ontario,143,0,50.0,24.14,41.13916666666667
optionB_budget1.00_beta0.01_gamma0.50,carbonscaler_budget,ontario,144,0,51.0,18.56,126.9175
optionB_budget1.00_beta0.01_gamma0.50,carbonscaler_budget,ontario,145,0,47.0,20.59,34.336666666666666
optionB_budget1.00_beta0.01_gamma0.50,carbonscaler_budget,ontario,146,0,41.0,20.65,15.604166666666666
optionB_budget1.00_beta0.01_gamma0.50,carbonscaler_budget,ontario,147,0,43.0,25.11,11.890833333333333
optionB_budget1.00_beta0.01_gamma0.50,carbonscaler_budget,ontario,148,0,48.0,27.45,21.102500000000003
optionB_budget1.00_beta0.01_gamma0.50,carbonscaler_budget,ontario,149,0,51.0,25.42,47.294999999999995
optionB_budget1.00_beta0.01_gamma0.50,carbonscaler_budget,ontario,150,0,48.0,30.27,34.4625
optionB_budget1.00_beta0.01_gamma0.50,carbonscaler_budget,ontario,151,0,42.0,31.89,74.80833333333334
optionB_budget1.00_beta0.01_gamma0.50,carbonscaler_budget,ontario,152,0,43.0,26.94,9.879166666666666
optionB_budget1.00_beta0.01_gamma0.50,carbonscaler_budget,ontario,153,0,45.0,27.02,2.0325
optionB_budget1.00_beta0.01_gamma0.50,carbonscaler_budget,ontario,154,0,54.0,27.62,12.414166666666667
optionB_budget1.00_beta0.01_gamma0.50,carbonscaler_budget,ontario,155,0,53.0,19.97,31.2075
optionB_budget1.00_beta0.01_gamma0.50,carbonscaler_budget,ontario,156,0,61.0,20.25,35.7975
optionB_budget1.00_beta0.01_gamma0.50,carbonscaler_budget,ontario,157,0,52.0,18.08,27.594166666666666
optionB_budget1.00_beta0.01_gamma0.50,carbonscaler_budget,ontario,158,0,47.0,18.08,19.763333333333332
optionB_budget1.00_beta0.01_gamma0.50,carbonscaler_budget,ontario,159,0,46.0,23.4,22.815833333333334
optionB_budget1.00_beta0.01_gamma0.50,carbonscaler_budget,ontario,160,0,49.0,26.71,23.8025
optionB_budget1.00_beta0.01_gamma0.50,carbonscaler_budget,ontario,161,0,54.0,40.16,38.34666666666667
optionB_budget1.00_beta0.01_gamma0.50,carbonscaler_budget,ontario,162,0,50.0,48.19,32.54333333333333
optionB_budget1.00_beta0.01_gamma0.50,carbonscaler_budget,ontario,163,0,52.0,57.72,53.36166666666667
optionB_budget1.00_beta0.01_gamma0.50,carbonscaler_budget,ontario,164,0,58.0,47.14,133.0875
optionB_budget1.00_beta0.01_gamma0.50,carbonscaler_budget,ontario,165,0,63.0,42.9,33.722500000000004
optionB_budget1.00_beta0.01_gamma0.50,carbonscaler_budget,ontario,166,0,77.0,34.87,34.745
optionB_budget1.00_beta0.01_gamma0.50,carbonscaler_budget,ontario,167,0,75.0,29.21,28.75916666666667
optionB_budget1.10_beta0.01_gamma0.50,carbonscaler_budget,ontario,0,0,55.0,10.14,12.723333333333334
optionB_budget1.10_beta0.01_gamma0.50,carbonscaler_budget,ontario,1,0,48.0,9.36,5.970833333333334
optionB_budget1.10_beta0.01_gamma0.50,carbonscaler_budget,ontario,2,0,45.0,9.06,7.86
optionB_budget1.10_beta0.01_gamma0.50,carbonscaler_budget,ontario,3,0,34.0,10.08,14.696666666666665
optionB_budget1.10_beta0.01_gamma0.50,carbonscaler_budget,ontario,4,0,32.0,14.33,34.67416666666667
optionB_budget1.10_beta0.01_gamma0.50,carbonscaler_budget,ontario,5,0,32.0,19.15,26.945000000000004
optionB_budget1.10_beta0.01_gamma0.50,carbonscaler_budget,ontario,6,0,32.0,35.55,36.14
optionB_budget1.10_beta0.01_gamma0.50,carbonscaler_budget,ontario,7,0,32.0,35.33,32.5175
optionB_budget1.10_beta0.01_gamma0.50,carbonscaler_budget,ontario,8,0,33.0,30.29,33.76916666666666
optionB_budget1.10_beta0.01_gamma0.50,carbonscaler_budget,ontario,9,0,39.0,30.48,14.690833333333332
optionB_budget1.10_beta0.01_gamma0.50,carbonscaler_budget,ontario,10,0,44.0,31.4,11.320833333333333
optionB_budget1.10_beta0.01_gamma0.50,carbonscaler_budget,ontario,11,0,52.0,33.38,13.204166666666666
optionB_budget1.10_beta0.01_gamma0.50,carbonscaler_budget,ontario,12,0,55.0,34.47,2.6
optionB_budget1.10_beta0.01_gamma0.50,carbonscaler_budget,ontario,13,0,56.0,37.07,13.165
optionB_budget1.10_beta0.01_gamma0.50,carbonscaler_budget,ontario,14,0,50.0,36.14,17.45
optionB_budget1.10_beta0.01_gamma0.50,carbonscaler_budget,ontario,15,0,53.0,36.43,31.770833333333332
optionB_budget1.10_beta0.01_gamma0.50,carbonscaler_budget,ontario,16,0,56.0,46.88,55.70666666666667
optionB_budget1.10_beta0.01_gamma0.50,carbonscaler_budget,ontario,17,0,60.0,54.49,60.38666666666666
optionB_budget1.10_beta0.01_gamma0.50,carbonscaler_budget,ontario,18,0,64.0,74.91,244.5533333333333
optionB_budget1.10_beta0.01_gamma0.50,carbonscaler_budget,ontario,19,0,69.0,99.9,97.6475
optionB_budget1.10_beta0.01_gamma0.50,carbonscaler_budget,ontario,20,0,79.0,63.3,122.53583333333334
optionB_budget1.10_beta0.01_gamma0.50,carbonscaler_budget,ontario,21,0,100.0,43.0,28.940833333333334
optionB_budget1.10_beta0.01_gamma0.50,carbonscaler_budget,ontario,22,0,105.0,33.65,26.91
optionB_budget1.10_beta0.01_gamma0.50,carbonscaler_budget,ontario,23,0,114.0,34.59,21.63083333333333
optionB_budget1.10_beta0.01_gamma0.50,carbonscaler_budget,ontario,24,0,116.0,42.27,19.504166666666666
optionB_budget1.10_beta0.01_gamma0.50,carbonscaler_budget,ontario,25,0,117.0,35.57,14.384166666666665
optionB_budget1.10_beta0.01_gamma0.50,carbonscaler_budget,ontario,26,0,101.0,32.42,1.3316666666666668
optionB_budget1.10_beta0.01_gamma0.50,carbonscaler_budget,ontario,27,0,95.0,32.28,0.0
optionB_budget1.10_beta0.01_gamma0.50,carbonscaler_budget,ontario,28,0,87.0,35.23,0.5166666666666667
optionB_budget1.10_beta0.01_gamma0.50,carbonscaler_budget,ontario,29,0,70.0,34.07,16.916666666666668
optionB_budget1.10_beta0.01_gamma0.50,carbonscaler_budget,ontario,30,0,67.0,43.68,30.46083333333333
optionB_budget1.10_beta0.01_gamma0.50,carbonscaler_budget,ontario,31,0,67.0,42.18,20.410833333333333
optionB_budget1.10_beta0.01_gamma0.50,carbonscaler_budget,ontario,32,0,67.0,38.78,26.3875
optionB_budget1.10_beta0.01_gamma0.50,carbonscaler_budget,ontario,33,0,65.0,38.58,22.519166666666667
optionB_budget1.10_beta0.01_gamma0.50,carbonscaler_budget,ontario,34,0,64.0,42.91,27.260833333333334
optionB_budget1.10_beta0.01_gamma0.50,carbonscaler_budget,ontario,35,0,73.0,42.84,18.598333333333333
optionB_budget1.10_beta0.01_gamma0.50,carbonscaler_budget,ontario,36,0,68.0,40.08,41.99333333333333
optionB_budget1.10_beta0.01_gamma0.50,carbonscaler_budget,ontario,37,0,71.0,43.84,44.544999999999995
optionB_budget1.10_beta0.01_gamma0.50,carbonscaler_budget,ontario,38,0,67.0,44.96,45.98416666666666
optionB_budget1.10_beta0.01_gamma0.50,carbonscaler_budget,ontario,39,0,65.0,44.09,44.192499999999995
optionB_budget1.10_beta0.01_gamma0.50,carbonscaler_budget,ontario,40,0,65.0,51.21,39.36666666666667
optionB_budget1.10_beta0.01_gamma0.50,carbonscaler_budget,ontario,41,0,82.0,59.92,32.435
optionB_budget1.10_beta0.01_gamma0.50,carbonscaler_budget,ontario,42,0,91.0,77.65,36.375
optionB_budget1.10_beta0.01_gamma0.50,carbonscaler_budget,ontario,43,0,103.0,76.38,34.59
optionB_budget1.10_beta0.01_gamma0.50,carbonscaler_budget,ontario,44,0,110.0,56.96,29.3225
optionB_budget1.10_beta0.01_gamma0.50,carbonscaler_budget,ontario,45,0,107.0,43.68,22.377499999999998
optionB_budget1.10_beta0.01_gamma0.50,carbonscaler_budget,ontario,46,0,104.0,40.54,15.515
optionB_budget1.10_beta0.01_gamma0.50,carbonscaler_budget,ontario,47,0,106.0,33.18,14.910000000000002
optionB_budget1.10_beta0.01_gamma0.50,carbonscaler_budget,ontario,48,0,104.0,32.14,11.148333333333333
optionB_budget1.10_beta0.01_gamma0.50,carbonscaler_budget,ontario,49,0,100.0,30.12,8.441666666666666
optionB_budget1.10_beta0.01_gamma0.50,carbonscaler_budget,ontario,50,0,92.0,31.12,149.02666666666667
optionB_budget1.10_beta0.01_gamma0.50,carbonscaler_budget,ontario,51,0,79.0,31.0,205.4908333333333
optionB_budget1.10_beta0.01_gamma0.50,carbonscaler_budget,ontario,52,0,67.0,31.23,19.633333333333333
optionB_budget1.10_beta0.01_gamma0.50,carbonscaler_budget,ontario,53,0,60.0,35.23,24.95
optionB_budget1.10_beta0.01_gamma0.50,carbonscaler_budget,ontario,54,0,56.0,41.26,27.915000000000003
optionB_budget1.10_beta0.01_gamma0.50,carbonscaler_budget,ontario,55,0,56.0,44.87,31.650000000000002
optionB_budget1.10_beta0.01_gamma0.50,carbonscaler_budget,ontario,56,0,72.0,41.08,29.24083333333333
optionB_budget1.10_beta0.01_gamma0.50,carbonscaler_budget,ontario,57,0,69.0,43.51,27.15833333333333
optionB_budget1.10_beta0.01_gamma0.50,carbonscaler_budget,ontario,58,0,79.0,43.42,25.7025
optionB_budget1.10_beta0.01_gamma0.50,carbonscaler_budget,ontario,59,0,83.0,45.31,38.740833333333335
optionB_budget1.10_beta0.01_gamma0.50,carbonscaler_budget,ontario,60,0,95.0,46.51,27.8175
optionB_budget1.10_beta0.01_gamma0.50,carbonscaler_budget,ontario,61,0,102.0,48.6,34.40916666666667
optionB_budget1.10_beta0.01_gamma0.50,carbonscaler_budget,ontario,62,0,102.0,50.34,62.815
optionB_budget1.10_beta0.01_gamma0.50,carbonscaler_budget,ontario,63,0,102.0,58.05,259.62416666666667
optionB_budget1.10_beta0.01_gamma0.50,carbonscaler_budget,ontario,64,0,113.0,63.16,86.6925
optionB_budget1.10_beta0.01_gamma0.50,carbonscaler_budget,ontario,65,0,107.0,68.53,68.18083333333333
optionB_budget1.10_beta0.01_gamma0.50,carbonscaler_budget,ontario,66,0,116.0,93.18,42.89666666666667
optionB_budget1.10_beta0.01_gamma0.50,carbonscaler_budget,ontario,67,0,122.0,88.3,31.522499999999997
optionB_budget1.10_beta0.01_gamma0.50,carbonscaler_budget,ontario,68,0,125.0,59.9,34.58416666666667
optionB_budget1.10_beta0.01_gamma0.50,carbonscaler_budget,ontario,69,0,127.0,42.02,28.534166666666664
optionB_budget1.10_beta0.01_gamma0.50,carbonscaler_budget,ontario,70,0,128.0,36.39,34.01333333333333
optionB_budget1.10_beta0.01_gamma0.50,carbonscaler_budget,ontario,71,0,125.0,32.74,28.38416666666667
optionB_budget1.10_beta0.01_gamma0.50,carbonscaler_budget,ontario,72,0,120.0,28.68,22.7325
optionB_budget1.10_beta0.01_gamma0.50,carbonscaler_budget,ontario,73,0,116.0,28.64,19.643333333333334
optionB_budget1.10_beta0.01_gamma0.50,carbonscaler_budget,ontario,74,0,106.0,26.46,17.49
optionB_budget1.10_beta0.01_gamma0.50,carbonscaler_budget,ontario,75,0,115.0,28.46,16.575833333333332
optionB_budget1.10_beta0.01_gamma0.50,carbonscaler_budget,ontario,76,0,106.0,31.0,5.333333333333333
optionB_budget1.10_beta0.01_gamma0.50,carbonscaler_budget,ontario,77,0,101.0,30.35,0.11750000000000001
optionB_budget1.10_beta0.01_gamma0.50,carbonscaler_budget,ontario,78,0,85.0,34.27,1.3058333333333334
optionB_budget1.10_beta0.01_gamma0.50,carbonscaler_budget,ontario,79,0,76.0,41.23,2.350833333333333
optionB_budget1.10_beta0.01_gamma0.50,carbonscaler_budget,ontario,80,0,74.0,44.8,17.661666666666665
optionB_budget1.10_beta0.01_gamma0.50,carbonscaler_budget,ontario,81,0,78.0,40.27,309.79083333333335
optionB_budget1.10_beta0.01_gamma0.50,carbonscaler_budget,ontario,82,0,82.0,33.88,64.495
optionB_budget1.10_beta0.01_gamma0.50,carbonscaler_budget,ontario,83,0,78.0,33.33,56.17916666666667
optionB_budget1.10_beta0.01_gamma0.50,carbonscaler_budget,ontario,84,0,77.0,33.98,41.751666666666665
optionB_budget1.10_beta0.01_gamma0.50,carbonscaler_budget,ontario,85,0,82.0,35.01,49.869166666666665
optionB_budget1.10_beta0.01_gamma0.50,carbonscaler_budget,ontario,86,0,106.0,39.71,33.9275
optionB_budget1.10_beta0.01_gamma0.50,carbonscaler_budget,ontario,87,0,114.0,43.6,29.6075
optionB_budget1.10_beta0.01_gamma0.50,carbonscaler_budget,ontario,88,0,115.0,45.42,26.890833333333333
optionB_budget1.10_beta0.01_gamma0.50,carbonscaler_budget,ontario,89,0,114.0,65.47,44.94916666666666
optionB_budget1.10_beta0.01_gamma0.50,carbonscaler_budget,ontario,90,0,114.0,97.57,69.5475
optionB_budget1.10_beta0.01_gamma0.50,carbonscaler_budget,ontario,91,0,117.0,91.59,49.107499999999995
optionB_budget1.10_beta0.01_gamma0.50,carbonscaler_budget,ontario,92,0,117.0,60.83,34.73416666666667
optionB_budget1.10_beta0.01_gamma0.50,carbonscaler_budget,ontario,93,0,120.0,40.07,31.221666666666668
optionB_budget1.10_beta0.01_gamma0.50,carbonscaler_budget,ontario,94,0,134.0,35.25,27.25166666666667
optionB_budget1.10_beta0.01_gamma0.50,carbonscaler_budget,ontario,95,0,140.0,31.68,22.011666666666667
optionB_budget1.10_beta0.01_gamma0.50,carbonscaler_budget,ontario,96,0,139.0,35.25,22.888333333333332
optionB_budget1.10_beta0.01_gamma0.50,carbonscaler_budget,ontario,97,0,133.0,31.63,16.738333333333333
optionB_budget1.10_beta0.01_gamma0.50,carbonscaler_budget,ontario,98,0,128.0,32.45,18.855
optionB_budget1.10_beta0.01_gamma0.50,carbonscaler_budget,ontario,99,0,121.0,35.25,19.664166666666667
optionB_budget1.10_beta0.01_gamma0.50,carbonscaler_budget,ontario,100,0,110.0,34.56,30.938333333333333
optionB_budget1.10_beta0.01_gamma0.50,carbonscaler_budget,ontario,101,0,106.0,37.63,43.03666666666667
optionB_budget1.10_beta0.01_gamma0.50,carbonscaler_budget,ontario,102,0,95.0,50.91,53.759166666666665
optionB_budget1.10_beta0.01_gamma0.50,carbonscaler_budget,ontario,103,0,96.0,45.92,50.67333333333334
optionB_budget1.10_beta0.01_gamma0.50,carbonscaler_budget,ontario,104,0,95.0,45.16,37.01333333333333
optionB_budget1.10_beta0.01_gamma0.50,carbonscaler_budget,ontario,105,0,101.0,42.88,20.0675
optionB_budget1.10_beta0.01_gamma0.50,carbonscaler_budget,ontario,106,0,112.0,43.2,10.8925
optionB_budget1.10_beta0.01_gamma0.50,carbonscaler_budget,ontario,107,0,125.0,44.74,12.486666666666666
optionB_budget1.10_beta0.01_gamma0.50,carbonscaler_budget,ontario,108,0,126.0,45.02,31.290833333333335
optionB_budget1.10_beta0.01_gamma0.50,carbonscaler_budget,ontario,109,0,122.0,38.9,60.625
optionB_budget1.10_beta0.01_gamma0.50,carbonscaler_budget,ontario,110,0,104.0,29.92,50.5375
optionB_budget1.10_beta0.01_gamma0.50,carbonscaler_budget,ontario,111,0,104.0,34.24,64.04833333333333
optionB_budget1.10_beta0.01_gamma0.50,carbonscaler_budget,ontario,112,0,104.0,48.42,69.30416666666666
optionB_budget1.10_beta0.01_gamma0.50,carbonscaler_budget,ontario,113,0,109.0,62.22,71.61083333333333
optionB_budget1.10_beta0.01_gamma0.50,carbonscaler_budget,ontario,114,0,109.0,55.44,22.609166666666667
optionB_budget1.10_beta0.01_gamma0.50,carbonscaler_budget,ontario,115,0,108.0,45.27,16.400833333333335
optionB_budget1.10_beta0.01_gamma0.50,carbonscaler_budget,ontario,116,0,110.0,41.53,13.129166666666668
optionB_budget1.10_beta0.01_gamma0.50,carbonscaler_budget,ontario,117,0,118.0,32.29,15.157499999999999
optionB_budget1.10_beta0.01_gamma0.50,carbonscaler_budget,ontario,118,0,114.0,28.02,1.1275000000000002
optionB_budget1.10_beta0.01_gamma0.50,carbonscaler_budget,ontario,119,0,105.0,23.02,2.3566666666666665
optionB_budget1.10_beta0.01_gamma0.50,carbonscaler_budget,ontario,120,0,89.0,7.67,3.641666666666667
optionB_budget1.10_beta0.01_gamma0.50,carbonscaler_budget,ontario,121,0,78.0,6.48,0.18333333333333335
optionB_budget1.10_beta0.01_gamma0.50,carbonscaler_budget,ontario,122,0,73.0,6.36,0.6066666666666667
optionB_budget1.10_beta0.01_gamma0.50,carbonscaler_budget,ontario,123,0,63.0,6.54,0.5066666666666667
optionB_budget1.10_beta0.01_gamma0.50,carbonscaler_budget,ontario,124,0,50.0,5.85,0.055
optionB_budget1.10_beta0.01_gamma0.50,carbonscaler_budget,ontario,125,1,25.0,4.96,0.205
optionB_budget1.10_beta0.01_gamma0.50,carbonscaler_budget,ontario,126,2,19.0,0.0,0.8916666666666666
optionB_budget1.10_beta0.01_gamma0.50,carbonscaler_budget,ontario,127,2,19.0,0.0,1.7
optionB_budget1.10_beta0.01_gamma0.50,carbonscaler_budget,ontario,128,2,19.0,4.04,7.135833333333333
optionB_budget1.10_beta0.01_gamma0.50,carbonscaler_budget,ontario,129,2,19.0,6.14,7.169999999999999
optionB_budget1.10_beta0.01_gamma0.50,carbonscaler_budget,ontario,130,2,20.0,6.59,3.830833333333333
optionB_budget1.10_beta0.01_gamma0.50,carbonscaler_budget,ontario,131,2,19.0,10.27,1.3683333333333334
optionB_budget1.10_beta0.01_gamma0.50,carbonscaler_budget,ontario,132,2,20.0,12.17,3.124166666666667
optionB_budget1.10_beta0.01_gamma0.50,carbonscaler_budget,ontario,133,2,20.0,23.07,7.541666666666667
optionB_budget1.10_beta0.01_gamma0.50,carbonscaler_budget,ontario,134,2,20.0,22.33,17.98333333333333
optionB_budget1.10_beta0.01_gamma0.50,carbonscaler_budget,ontario,135,2,20.0,27.13,271.9775
optionB_budget1.10_beta0.01_gamma0.50,carbonscaler_budget,ontario,136,2,20.0,31.7,226.4891666666667
optionB_budget1.10_beta0.01_gamma0.50,carbonscaler_budget,ontario,137,2,21.0,43.63,53.12416666666666
optionB_budget1.10_beta0.01_gamma0.50,carbonscaler_budget,ontario,138,1,25.0,44.6,28.73333333333333
optionB_budget1.10_beta0.01_gamma0.50,carbonscaler_budget,ontario,139,0,31.0,44.27,30.3875
optionB_budget1.10_beta0.01_gamma0.50,carbonscaler_budget,ontario,140,0,44.0,40.66,26.551666666666666
optionB_budget1.10_beta0.01_gamma0.50,carbonscaler_budget,ontario,141,0,59.0,34.9,17.886666666666667
optionB_budget1.10_beta0.01_gamma0.50,carbonscaler_budget,ontario,142,0,56.0,27.19,33.0425
optionB_budget1.10_beta0.01_gamma0.50,carbonscaler_budget,ontario,143,0,50.0,24.14,41.13916666666667
optionB_budget1.10_beta0.01_gamma0.50,carbonscaler_budget,ontario,144,0,51.0,18.56,126.9175
optionB_budget1.10_beta0.01_gamma0.50,carbonscaler_budget,ontario,145,0,47.0,20.59,34.336666666666666
optionB_budget1.10_beta0.01_gamma0.50,carbonscaler_budget,ontario,146,0,41.0,20.65,15.604166666666666
optionB_budget1.10_beta0.01_gamma0.50,carbonscaler_budget,ontario,147,0,43.0,25.11,11.890833333333333
optionB_budget1.10_beta0.01_gamma0.50,carbonscaler_budget,ontario,148,0,48.0,27.45,21.102500000000003
optionB_budget1.10_beta0.01_gamma0.50,carbonscaler_budget,ontario,149,0,51.0,25.42,47.294999999999995
optionB_budget1.10_beta0.01_gamma0.50,carbonscaler_budget,ontario,150,0,48.0,30.27,34.4625
optionB_budget1.10_beta0.01_gamma0.50,carbonscaler_budget,ontario,151,0,42.0,31.89,74.80833333333334
optionB_budget1.10_beta0.01_gamma0.50,carbonscaler_budget,ontario,152,0,43.0,26.94,9.879166666666666
optionB_budget1.10_beta0.01_gamma0.50,carbonscaler_budget,ontario,153,0,45.0,27.02,2.0325
optionB_budget1.10_beta0.01_gamma0.50,carbonscaler_budget,ontario,154,0,54.0,27.62,12.414166666666667
optionB_budget1.10_beta0.01_gamma0.50,carbonscaler_budget,ontario,155,0,53.0,19.97,31.2075
optionB_budget1.10_beta0.01_gamma0.50,carbonscaler_budget,ontario,156,0,61.0,20.25,35.7975
optionB_budget1.10_beta0.01_gamma0.50,carbonscaler_budget,ontario,157,0,52.0,18.08,27.594166666666666
optionB_budget1.10_beta0.01_gamma0.50,carbonscaler_budget,ontario,158,0,47.0,18.08,19.763333333333332
optionB_budget1.10_beta0.01_gamma0.50,carbonscaler_budget,ontario,159,0,46.0,23.4,22.815833333333334
optionB_budget1.10_beta0.01_gamma0.50,carbonscaler_budget,ontario,160,0,49.0,26.71,23.8025
optionB_budget1.10_beta0.01_gamma0.50,carbonscaler_budget,ontario,161,0,54.0,40.16,38.34666666666667
optionB_budget1.10_beta0.01_gamma0.50,carbonscaler_budget,ontario,162,0,50.0,48.19,32.54333333333333
optionB_budget1.10_beta0.01_gamma0.50,carbonscaler_budget,ontario,163,0,52.0,57.72,53.36166666666667
optionB_budget1.10_beta0.01_gamma0.50,carbonscaler_budget,ontario,164,0,58.0,47.14,133.0875
optionB_budget1.10_beta0.01_gamma0.50,carbonscaler_budget,ontario,165,0,63.0,42.9,33.722500000000004
optionB_budget1.10_beta0.01_gamma0.50,carbonscaler_budget,ontario,166,0,77.0,34.87,34.745
optionB_budget1.10_beta0.01_gamma0.50,carbonscaler_budget,ontario,167,0,75.0,29.21,28.75916666666667
optionB_budget1.20_beta0.01_gamma0.50,carbonscaler_budget,ontario,0,0,55.0,10.14,12.723333333333334
optionB_budget1.20_beta0.01_gamma0.50,carbonscaler_budget,ontario,1,0,48.0,9.36,5.970833333333334
optionB_budget1.20_beta0.01_gamma0.50,carbonscaler_budget,ontario,2,0,45.0,9.06,7.86
optionB_budget1.20_beta0.01_gamma0.50,carbonscaler_budget,ontario,3,0,34.0,10.08,14.696666666666665
optionB_budget1.20_beta0.01_gamma0.50,carbonscaler_budget,ontario,4,0,32.0,14.33,34.67416666666667
optionB_budget1.20_beta0.01_gamma0.50,carbonscaler_budget,ontario,5,0,32.0,19.15,26.945000000000004
optionB_budget1.20_beta0.01_gamma0.50,carbonscaler_budget,ontario,6,0,32.0,35.55,36.14
optionB_budget1.20_beta0.01_gamma0.50,carbonscaler_budget,ontario,7,0,32.0,35.33,32.5175
optionB_budget1.20_beta0.01_gamma0.50,carbonscaler_budget,ontario,8,0,33.0,30.29,33.76916666666666
optionB_budget1.20_beta0.01_gamma0.50,carbonscaler_budget,ontario,9,0,39.0,30.48,14.690833333333332
optionB_budget1.20_beta0.01_gamma0.50,carbonscaler_budget,ontario,10,0,44.0,31.4,11.320833333333333
optionB_budget1.20_beta0.01_gamma0.50,carbonscaler_budget,ontario,11,0,52.0,33.38,13.204166666666666
optionB_budget1.20_beta0.01_gamma0.50,carbonscaler_budget,ontario,12,0,55.0,34.47,2.6
optionB_budget1.20_beta0.01_gamma0.50,carbonscaler_budget,ontario,13,0,56.0,37.07,13.165
optionB_budget1.20_beta0.01_gamma0.50,carbonscaler_budget,ontario,14,0,50.0,36.14,17.45
optionB_budget1.20_beta0.01_gamma0.50,carbonscaler_budget,ontario,15,0,53.0,36.43,31.770833333333332
optionB_budget1.20_beta0.01_gamma0.50,carbonscaler_budget,ontario,16,0,56.0,46.88,55.70666666666667
optionB_budget1.20_beta0.01_gamma0.50,carbonscaler_budget,ontario,17,0,60.0,54.49,60.38666666666666
optionB_budget1.20_beta0.01_gamma0.50,carbonscaler_budget,ontario,18,0,64.0,74.91,244.5533333333333
optionB_budget1.20_beta0.01_gamma0.50,carbonscaler_budget,ontario,19,0,69.0,99.9,97.6475
optionB_budget1.20_beta0.01_gamma0.50,carbonscaler_budget,ontario,20,0,79.0,63.3,122.53583333333334
optionB_budget1.20_beta0.01_gamma0.50,carbonscaler_budget,ontario,21,0,100.0,43.0,28.940833333333334
optionB_budget1.20_beta0.01_gamma0.50,carbonscaler_budget,ontario,22,0,105.0,33.65,26.91
optionB_budget1.20_beta0.01_gamma0.50,carbonscaler_budget,ontario,23,0,114.0,34.59,21.63083333333333
optionB_budget1.20_beta0.01_gamma0.50,carbonscaler_budget,ontario,24,0,116.0,42.27,19.504166666666666
optionB_budget1.20_beta0.01_gamma0.50,carbonscaler_budget,ontario,25,0,117.0,35.57,14.384166666666665
optionB_budget1.20_beta0.01_gamma0.50,carbonscaler_budget,ontario,26,0,101.0,32.42,1.3316666666666668
optionB_budget1.20_beta0.01_gamma0.50,carbonscaler_budget,ontario,27,0,95.0,32.28,0.0
optionB_budget1.20_beta0.01_gamma0.50,carbonscaler_budget,ontario,28,0,87.0,35.23,0.5166666666666667
optionB_budget1.20_beta0.01_gamma0.50,carbonscaler_budget,ontario,29,0,70.0,34.07,16.916666666666668
optionB_budget1.20_beta0.01_gamma0.50,carbonscaler_budget,ontario,30,0,67.0,43.68,30.46083333333333
optionB_budget1.20_beta0.01_gamma0.50,carbonscaler_budget,ontario,31,0,67.0,42.18,20.410833333333333
optionB_budget1.20_beta0.01_gamma0.50,carbonscaler_budget,ontario,32,0,67.0,38.78,26.3875
optionB_budget1.20_beta0.01_gamma0.50,carbonscaler_budget,ontario,33,0,65.0,38.58,22.519166666666667
optionB_budget1.20_beta0.01_gamma0.50,carbonscaler_budget,ontario,34,0,64.0,42.91,27.260833333333334
optionB_budget1.20_beta0.01_gamma0.50,carbonscaler_budget,ontario,35,0,73.0,42.84,18.598333333333333
optionB_budget1.20_beta0.01_gamma0.50,carbonscaler_budget,ontario,36,0,68.0,40.08,41.99333333333333
optionB_budget1.20_beta0.01_gamma0.50,carbonscaler_budget,ontario,37,0,71.0,43.84,44.544999999999995
optionB_budget1.20_beta0.01_gamma0.50,carbonscaler_budget,ontario,38,0,67.0,44.96,45.98416666666666
optionB_budget1.20_beta0.01_gamma0.50,carbonscaler_budget,ontario,39,0,65.0,44.09,44.192499999999995
optionB_budget1.20_beta0.01_gamma0.50,carbonscaler_budget,ontario,40,0,65.0,51.21,39.36666666666667
optionB_budget1.20_beta0.01_gamma0.50,carbonscaler_budget,ontario,41,0,82.0,59.92,32.435
optionB_budget1.20_beta0.01_gamma0.50,carbonscaler_budget,ontario,42,0,91.0,77.65,36.375
optionB_budget1.20_beta0.01_gamma0.50,carbonscaler_budget,ontario,43,0,103.0,76.38,34.59
optionB_budget1.20_beta0.01_gamma0.50,carbonscaler_budget,ontario,44,0,110.0,56.96,29.3225
optionB_budget1.20_beta0.01_gamma0.50,carbonscaler_budget,ontario,45,0,107.0,43.68,22.377499999999998
optionB_budget1.20_beta0.01_gamma0.50,carbonscaler_budget,ontario,46,0,104.0,40.54,15.515
optionB_budget1.20_beta0.01_gamma0.50,carbonscaler_budget,ontario,47,0,106.0,33.18,14.910000000000002
optionB_budget1.20_beta0.01_gamma0.50,carbonscaler_budget,ontario,48,0,104.0,32.14,11.148333333333333
optionB_budget1.20_beta0.01_gamma0.50,carbonscaler_budget,ontario,49,0,100.0,30.12,8.441666666666666
optionB_budget1.20_beta0.01_gamma0.50,carbonscaler_budget,ontario,50,0,92.0,31.12,149.02666666666667
optionB_budget1.20_beta0.01_gamma0.50,carbonscaler_budget,ontario,51,0,79.0,31.0,205.4908333333333
optionB_budget1.20_beta0.01_gamma0.50,carbonscaler_budget,ontario,52,0,67.0,31.23,19.633333333333333
optionB_budget1.20_beta0.01_gamma0.50,carbonscaler_budget,ontario,53,0,60.0,35.23,24.95
optionB_budget1.20_beta0.01_gamma0.50,carbonscaler_budget,ontario,54,0,56.0,41.26,27.915000000000003
optionB_budget1.20_beta0.01_gamma0.50,carbonscaler_budget,ontario,55,0,56.0,44.87,31.650000000000002
optionB_budget1.20_beta0.01_gamma0.50,carbonscaler_budget,ontario,56,0,72.0,41.08,29.24083333333333
optionB_budget1.20_beta0.01_gamma0.50,carbonscaler_budget,ontario,57,0,69.0,43.51,27.15833333333333
optionB_budget1.20_beta0.01_gamma0.50,carbonscaler_budget,ontario,58,0,79.0,43.42,25.7025
optionB_budget1.20_beta0.01_gamma0.50,carbonscaler_budget,ontario,59,0,83.0,45.31,38.740833333333335
optionB_budget1.20_beta0.01_gamma0.50,carbonscaler_budget,ontario,60,0,95.0,46.51,27.8175
optionB_budget1.20_beta0.01_gamma0.50,carbonscaler_budget,ontario,61,0,102.0,48.6,34.40916666666667
optionB_budget1.20_beta0.01_gamma0.50,carbonscaler_budget,ontario,62,0,102.0,50.34,62.815
optionB_budget1.20_beta0.01_gamma0.50,carbonscaler_budget,ontario,63,0,102.0,58.05,259.62416666666667
optionB_budget1.20_beta0.01_gamma0.50,carbonscaler_budget,ontario,64,0,113.0,63.16,86.6925
optionB_budget1.20_beta0.01_gamma0.50,carbonscaler_budget,ontario,65,0,107.0,68.53,68.18083333333333
optionB_budget1.20_beta0.01_gamma0.50,carbonscaler_budget,ontario,66,0,116.0,93.18,42.89666666666667
optionB_budget1.20_beta0.01_gamma0.50,carbonscaler_budget,ontario,67,0,122.0,88.3,31.522499999999997
optionB_budget1.20_beta0.01_gamma0.50,carbonscaler_budget,ontario,68,0,125.0,59.9,34.58416666666667
optionB_budget1.20_beta0.01_gamma0.50,carbonscaler_budget,ontario,69,0,127.0,42.02,28.534166666666664
optionB_budget1.20_beta0.01_gamma0.50,carbonscaler_budget,ontario,70,0,128.0,36.39,34.01333333333333
optionB_budget1.20_beta0.01_gamma0.50,carbonscaler_budget,ontario,71,0,125.0,32.74,28.38416666666667
optionB_budget1.20_beta0.01_gamma0.50,carbonscaler_budget,ontario,72,0,120.0,28.68,22.7325
optionB_budget1.20_beta0.01_gamma0.50,carbonscaler_budget,ontario,73,0,116.0,28.64,19.643333333333334
optionB_budget1.20_beta0.01_gamma0.50,carbonscaler_budget,ontario,74,0,106.0,26.46,17.49
optionB_budget1.20_beta0.01_gamma0.50,carbonscaler_budget,ontario,75,0,115.0,28.46,16.575833333333332
optionB_budget1.20_beta0.01_gamma0.50,carbonscaler_budget,ontario,76,0,106.0,31.0,5.333333333333333
optionB_budget1.20_beta0.01_gamma0.50,carbonscaler_budget,ontario,77,0,101.0,30.35,0.11750000000000001
optionB_budget1.20_beta0.01_gamma0.50,carbonscaler_budget,ontario,78,0,85.0,34.27,1.3058333333333334
optionB_budget1.20_beta0.01_gamma0.50,carbonscaler_budget,ontario,79,0,76.0,41.23,2.350833333333333
optionB_budget1.20_beta0.01_gamma0.50,carbonscaler_budget,ontario,80,0,74.0,44.8,17.661666666666665
optionB_budget1.20_beta0.01_gamma0.50,carbonscaler_budget,ontario,81,0,78.0,40.27,309.79083333333335
optionB_budget1.20_beta0.01_gamma0.50,carbonscaler_budget,ontario,82,0,82.0,33.88,64.495
optionB_budget1.20_beta0.01_gamma0.50,carbonscaler_budget,ontario,83,0,78.0,33.33,56.17916666666667
optionB_budget1.20_beta0.01_gamma0.50,carbonscaler_budget,ontario,84,0,77.0,33.98,41.751666666666665
optionB_budget1.20_beta0.01_gamma0.50,carbonscaler_budget,ontario,85,0,82.0,35.01,49.869166666666665
optionB_budget1.20_beta0.01_gamma0.50,carbonscaler_budget,ontario,86,0,106.0,39.71,33.9275
optionB_budget1.20_beta0.01_gamma0.50,carbonscaler_budget,ontario,87,0,114.0,43.6,29.6075
optionB_budget1.20_beta0.01_gamma0.50,carbonscaler_budget,ontario,88,0,115.0,45.42,26.890833333333333
optionB_budget1.20_beta0.01_gamma0.50,carbonscaler_budget,ontario,89,0,114.0,65.47,44.94916666666666
optionB_budget1.20_beta0.01_gamma0.50,carbonscaler_budget,ontario,90,0,114.0,97.57,69.5475
optionB_budget1.20_beta0.01_gamma0.50,carbonscaler_budget,ontario,91,0,117.0,91.59,49.107499999999995
optionB_budget1.20_beta0.01_gamma0.50,carbonscaler_budget,ontario,92,0,117.0,60.83,34.73416666666667
optionB_budget1.20_beta0.01_gamma0.50,carbonscaler_budget,ontario,93,0,120.0,40.07,31.221666666666668
optionB_budget1.20_beta0.01_gamma0.50,carbonscaler_budget,ontario,94,0,134.0,35.25,27.25166666666667
optionB_budget1.20_beta0.01_gamma0.50,carbonscaler_budget,ontario,95,0,140.0,31.68,22.011666666666667
optionB_budget1.20_beta0.01_gamma0.50,carbonscaler_budget,ontario,96,0,139.0,35.25,22.888333333333332
optionB_budget1.20_beta0.01_gamma0.50,carbonscaler_budget,ontario,97,0,133.0,31.63,16.738333333333333
optionB_budget1.20_beta0.01_gamma0.50,carbonscaler_budget,ontario,98,0,128.0,32.45,18.855
optionB_budget1.20_beta0.01_gamma0.50,carbonscaler_budget,ontario,99,0,121.0,35.25,19.664166666666667
optionB_budget1.20_beta0.01_gamma0.50,carbonscaler_budget,ontario,100,0,110.0,34.56,30.938333333333333
optionB_budget1.20_beta0.01_gamma0.50,carbonscaler_budget,ontario,101,0,106.0,37.63,43.03666666666667
optionB_budget1.20_beta0.01_gamma0.50,carbonscaler_budget,ontario,102,0,95.0,50.91,53.759166666666665
optionB_budget1.20_beta0.01_gamma0.50,carbonscaler_budget,ontario,103,0,96.0,45.92,50.67333333333334
optionB_budget1.20_beta0.01_gamma0.50,carbonscaler_budget,ontario,104,0,95.0,45.16,37.01333333333333
optionB_budget1.20_beta0.01_gamma0.50,carbonscaler_budget,ontario,105,0,101.0,42.88,20.0675
optionB_budget1.20_beta0.01_gamma0.50,carbonscaler_budget,ontario,106,0,112.0,43.2,10.8925
optionB_budget1.20_beta0.01_gamma0.50,carbonscaler_budget,ontario,107,0,125.0,44.74,12.486666666666666
optionB_budget1.20_beta0.01_gamma0.50,carbonscaler_budget,ontario,108,0,126.0,45.02,31.290833333333335
optionB_budget1.20_beta0.01_gamma0.50,carbonscaler_budget,ontario,109,0,122.0,38.9,60.625
optionB_budget1.20_beta0.01_gamma0.50,carbonscaler_budget,ontario,110,0,104.0,29.92,50.5375
optionB_budget1.20_beta0.01_gamma0.50,carbonscaler_budget,ontario,111,0,104.0,34.24,64.04833333333333
optionB_budget1.20_beta0.01_gamma0.50,carbonscaler_budget,ontario,112,0,104.0,48.42,69.30416666666666
optionB_budget1.20_beta0.01_gamma0.50,carbonscaler_budget,ontario,113,0,109.0,62.22,71.61083333333333
optionB_budget1.20_beta0.01_gamma0.50,carbonscaler_budget,ontario,114,0,109.0,55.44,22.609166666666667
optionB_budget1.20_beta0.01_gamma0.50,carbonscaler_budget,ontario,115,0,108.0,45.27,16.400833333333335
optionB_budget1.20_beta0.01_gamma0.50,carbonscaler_budget,ontario,116,0,110.0,41.53,13.129166666666668
optionB_budget1.20_beta0.01_gamma0.50,carbonscaler_budget,ontario,117,0,118.0,32.29,15.157499999999999
optionB_budget1.20_beta0.01_gamma0.50,carbonscaler_budget,ontario,118,0,114.0,28.02,1.1275000000000002
optionB_budget1.20_beta0.01_gamma0.50,carbonscaler_budget,ontario,119,0,105.0,23.02,2.3566666666666665
optionB_budget1.20_beta0.01_gamma0.50,carbonscaler_budget,ontario,120,0,89.0,7.67,3.641666666666667
optionB_budget1.20_beta0.01_gamma0.50,carbonscaler_budget,ontario,121,0,78.0,6.48,0.18333333333333335
optionB_budget1.20_beta0.01_gamma0.50,carbonscaler_budget,ontario,122,0,73.0,6.36,0.6066666666666667
optionB_budget1.20_beta0.01_gamma0.50,carbonscaler_budget,ontario,123,0,63.0,6.54,0.5066666666666667
optionB_budget1.20_beta0.01_gamma0.50,carbonscaler_budget,ontario,124,0,50.0,5.85,0.055
optionB_budget1.20_beta0.01_gamma0.50,carbonscaler_budget,ontario,125,1,25.0,4.96,0.205
optionB_budget1.20_beta0.01_gamma0.50,carbonscaler_budget,ontario,126,2,19.0,0.0,0.8916666666666666
optionB_budget1.20_beta0.01_gamma0.50,carbonscaler_budget,ontario,127,2,19.0,0.0,1.7
optionB_budget1.20_beta0.01_gamma0.50,carbonscaler_budget,ontario,128,2,19.0,4.04,7.135833333333333
optionB_budget1.20_beta0.01_gamma0.50,carbonscaler_budget,ontario,129,2,19.0,6.14,7.169999999999999
optionB_budget1.20_beta0.01_gamma0.50,carbonscaler_budget,ontario,130,2,20.0,6.59,3.830833333333333
optionB_budget1.20_beta0.01_gamma0.50,carbonscaler_budget,ontario,131,2,19.0,10.27,1.3683333333333334
optionB_budget1.20_beta0.01_gamma0.50,carbonscaler_budget,ontario,132,2,20.0,12.17,3.124166666666667
optionB_budget1.20_beta0.01_gamma0.50,carbonscaler_budget,ontario,133,2,20.0,23.07,7.541666666666667
optionB_budget1.20_beta0.01_gamma0.50,carbonscaler_budget,ontario,134,2,20.0,22.33,17.98333333333333
optionB_budget1.20_beta0.01_gamma0.50,carbonscaler_budget,ontario,135,2,20.0,27.13,271.9775
optionB_budget1.20_beta0.01_gamma0.50,carbonscaler_budget,ontario,136,2,20.0,31.7,226.4891666666667
optionB_budget1.20_beta0.01_gamma0.50,carbonscaler_budget,ontario,137,2,21.0,43.63,53.12416666666666
optionB_budget1.20_beta0.01_gamma0.50,carbonscaler_budget,ontario,138,1,25.0,44.6,28.73333333333333
optionB_budget1.20_beta0.01_gamma0.50,carbonscaler_budget,ontario,139,0,31.0,44.27,30.3875
optionB_budget1.20_beta0.01_gamma0.50,carbonscaler_budget,ontario,140,0,44.0,40.66,26.551666666666666
optionB_budget1.20_beta0.01_gamma0.50,carbonscaler_budget,ontario,141,0,59.0,34.9,17.886666666666667
optionB_budget1.20_beta0.01_gamma0.50,carbonscaler_budget,ontario,142,0,56.0,27.19,33.0425
optionB_budget1.20_beta0.01_gamma0.50,carbonscaler_budget,ontario,143,0,50.0,24.14,41.13916666666667
optionB_budget1.20_beta0.01_gamma0.50,carbonscaler_budget,ontario,144,0,51.0,18.56,126.9175
optionB_budget1.20_beta0.01_gamma0.50,carbonscaler_budget,ontario,145,0,47.0,20.59,34.336666666666666
optionB_budget1.20_beta0.01_gamma0.50,carbonscaler_budget,ontario,146,0,41.0,20.65,15.604166666666666
optionB_budget1.20_beta0.01_gamma0.50,carbonscaler_budget,ontario,147,0,43.0,25.11,11.890833333333333
optionB_budget1.20_beta0.01_gamma0.50,carbonscaler_budget,ontario,148,0,48.0,27.45,21.102500000000003
optionB_budget1.20_beta0.01_gamma0.50,carbonscaler_budget,ontario,149,0,51.0,25.42,47.294999999999995
optionB_budget1.20_beta0.01_gamma0.50,carbonscaler_budget,ontario,150,0,48.0,30.27,34.4625
optionB_budget1.20_beta0.01_gamma0.50,carbonscaler_budget,ontario,151,0,42.0,31.89,74.80833333333334
optionB_budget1.20_beta0.01_gamma0.50,carbonscaler_budget,ontario,152,0,43.0,26.94,9.879166666666666
optionB_budget1.20_beta0.01_gamma0.50,carbonscaler_budget,ontario,153,0,45.0,27.02,2.0325
optionB_budget1.20_beta0.01_gamma0.50,carbonscaler_budget,ontario,154,0,54.0,27.62,12.414166666666667
optionB_budget1.20_beta0.01_gamma0.50,carbonscaler_budget,ontario,155,0,53.0,19.97,31.2075
optionB_budget1.20_beta0.01_gamma0.50,carbonscaler_budget,ontario,156,0,61.0,20.25,35.7975
optionB_budget1.20_beta0.01_gamma0.50,carbonscaler_budget,ontario,157,0,52.0,18.08,27.594166666666666
optionB_budget1.20_beta0.01_gamma0.50,carbonscaler_budget,ontario,158,0,47.0,18.08,19.763333333333332
optionB_budget1.20_beta0.01_gamma0.50,carbonscaler_budget,ontario,159,0,46.0,23.4,22.815833333333334
optionB_budget1.20_beta0.01_gamma0.50,carbonscaler_budget,ontario,160,0,49.0,26.71,23.8025
optionB_budget1.20_beta0.01_gamma0.50,carbonscaler_budget,ontario,161,0,54.0,40.16,38.34666666666667
optionB_budget1.20_beta0.01_gamma0.50,carbonscaler_budget,ontario,162,0,50.0,48.19,32.54333333333333
optionB_budget1.20_beta0.01_gamma0.50,carbonscaler_budget,ontario,163,0,52.0,57.72,53.36166666666667
optionB_budget1.20_beta0.01_gamma0.50,carbonscaler_budget,ontario,164,0,58.0,47.14,133.0875
optionB_budget1.20_beta0.01_gamma0.50,carbonscaler_budget,ontario,165,0,63.0,42.9,33.722500000000004
optionB_budget1.20_beta0.01_gamma0.50,carbonscaler_budget,ontario,166,0,77.0,34.87,34.745
optionB_budget1.20_beta0.01_gamma0.50,carbonscaler_budget,ontario,167,0,75.0,29.21,28.75916666666667
optionB_budget0.90_beta0.0025_gamma0.50,carbonscaler_budget,ontario,0,0,55.0,10.14,12.723333333333334
optionB_budget0.90_beta0.0025_gamma0.50,carbonscaler_budget,ontario,1,0,48.0,9.36,5.970833333333334
optionB_budget0.90_beta0.0025_gamma0.50,carbonscaler_budget,ontario,2,0,45.0,9.06,7.86
optionB_budget0.90_beta0.0025_gamma0.50,carbonscaler_budget,ontario,3,0,34.0,10.08,14.696666666666665
optionB_budget0.90_beta0.0025_gamma0.50,carbonscaler_budget,ontario,4,0,32.0,14.33,34.67416666666667
optionB_budget0.90_beta0.0025_gamma0.50,carbonscaler_budget,ontario,5,0,32.0,19.15,26.945000000000004
optionB_budget0.90_beta0.0025_gamma0.50,carbonscaler_budget,ontario,6,0,32.0,35.55,36.14
optionB_budget0.90_beta0.0025_gamma0.50,carbonscaler_budget,ontario,7,0,32.0,35.33,32.5175
optionB_budget0.90_beta0.0025_gamma0.50,carbonscaler_budget,ontario,8,0,33.0,30.29,33.76916666666666
optionB_budget0.90_beta0.0025_gamma0.50,carbonscaler_budget,ontario,9,0,39.0,30.48,14.690833333333332
optionB_budget0.90_beta0.0025_gamma0.50,carbonscaler_budget,ontario,10,0,44.0,31.4,11.320833333333333
optionB_budget0.90_beta0.0025_gamma0.50,carbonscaler_budget,ontario,11,0,52.0,33.38,13.204166666666666
optionB_budget0.90_beta0.0025_gamma0.50,carbonscaler_budget,ontario,12,0,55.0,34.47,2.6
optionB_budget0.90_beta0.0025_gamma0.50,carbonscaler_budget,ontario,13,0,56.0,37.07,13.165
optionB_budget0.90_beta0.0025_gamma0.50,carbonscaler_budget,ontario,14,0,50.0,36.14,17.45
optionB_budget0.90_beta0.0025_gamma0.50,carbonscaler_budget,ontario,15,0,53.0,36.43,31.770833333333332
optionB_budget0.90_beta0.0025_gamma0.50,carbonscaler_budget,ontario,16,0,56.0,46.88,55.70666666666667
optionB_budget0.90_beta0.0025_gamma0.50,carbonscaler_budget,ontario,17,0,60.0,54.49,60.38666666666666
optionB_budget0.90_beta0.0025_gamma0.50,carbonscaler_budget,ontario,18,0,64.0,74.91,244.5533333333333
optionB_budget0.90_beta0.0025_gamma0.50,carbonscaler_budget,ontario,19,0,69.0,99.9,97.6475
optionB_budget0.90_beta0.0025_gamma0.50,carbonscaler_budget,ontario,20,0,79.0,63.3,122.53583333333334
optionB_budget0.90_beta0.0025_gamma0.50,carbonscaler_budget,ontario,21,0,100.0,43.0,28.940833333333334
optionB_budget0.90_beta0.0025_gamma0.50,carbonscaler_budget,ontario,22,0,105.0,33.65,26.91
optionB_budget0.90_beta0.0025_gamma0.50,carbonscaler_budget,ontario,23,0,114.0,34.59,21.63083333333333
optionB_budget0.90_beta0.0025_gamma0.50,carbonscaler_budget,ontario,24,0,116.0,42.27,19.504166666666666
optionB_budget0.90_beta0.0025_gamma0.50,carbonscaler_budget,ontario,25,0,117.0,35.57,14.384166666666665
optionB_budget0.90_beta0.0025_gamma0.50,carbonscaler_budget,ontario,26,0,101.0,32.42,1.3316666666666668
optionB_budget0.90_beta0.0025_gamma0.50,carbonscaler_budget,ontario,27,0,95.0,32.28,0.0
optionB_budget0.90_beta0.0025_gamma0.50,carbonscaler_budget,ontario,28,0,87.0,35.23,0.5166666666666667
optionB_budget0.90_beta0.0025_gamma0.50,carbonscaler_budget,ontario,29,0,70.0,34.07,16.916666666666668
optionB_budget0.90_beta0.0025_gamma0.50,carbonscaler_budget,ontario,30,0,67.0,43.68,30.46083333333333
optionB_budget0.90_beta0.0025_gamma0.50,carbonscaler_budget,ontario,31,0,67.0,42.18,20.410833333333333
optionB_budget0.90_beta0.0025_gamma0.50,carbonscaler_budget,ontario,32,0,67.0,38.78,26.3875
optionB_budget0.90_beta0.0025_gamma0.50,carbonscaler_budget,ontario,33,0,65.0,38.58,22.519166666666667
optionB_budget0.90_beta0.0025_gamma0.50,carbonscaler_budget,ontario,34,0,64.0,42.91,27.260833333333334
optionB_budget0.90_beta0.0025_gamma0.50,carbonscaler_budget,ontario,35,0,73.0,42.84,18.598333333333333
optionB_budget0.90_beta0.0025_gamma0.50,carbonscaler_budget,ontario,36,0,68.0,40.08,41.99333333333333
optionB_budget0.90_beta0.0025_gamma0.50,carbonscaler_budget,ontario,37,0,71.0,43.84,44.544999999999995
optionB_budget0.90_beta0.0025_gamma0.50,carbonscaler_budget,ontario,38,0,67.0,44.96,45.98416666666666
optionB_budget0.90_beta0.0025_gamma0.50,carbonscaler_budget,ontario,39,0,65.0,44.09,44.192499999999995
optionB_budget0.90_beta0.0025_gamma0.50,carbonscaler_budget,ontario,40,0,65.0,51.21,39.36666666666667
optionB_budget0.90_beta0.0025_gamma0.50,carbonscaler_budget,ontario,41,0,82.0,59.92,32.435
optionB_budget0.90_beta0.0025_gamma0.50,carbonscaler_budget,ontario,42,0,91.0,77.65,36.375
optionB_budget0.90_beta0.0025_gamma0.50,carbonscaler_budget,ontario,43,0,103.0,76.38,34.59
optionB_budget0.90_beta0.0025_gamma0.50,carbonscaler_budget,ontario,44,0,110.0,56.96,29.3225
optionB_budget0.90_beta0.0025_gamma0.50,carbonscaler_budget,ontario,45,0,107.0,43.68,22.377499999999998
optionB_budget0.90_beta0.0025_gamma0.50,carbonscaler_budget,ontario,46,0,104.0,40.54,15.515
optionB_budget0.90_beta0.0025_gamma0.50,carbonscaler_budget,ontario,47,0,106.0,33.18,14.910000000000002
optionB_budget0.90_beta0.0025_gamma0.50,carbonscaler_budget,ontario,48,0,104.0,32.14,11.148333333333333
optionB_budget0.90_beta0.0025_gamma0.50,carbonscaler_budget,ontario,49,0,100.0,30.12,8.441666666666666
optionB_budget0.90_beta0.0025_gamma0.50,carbonscaler_budget,ontario,50,0,92.0,31.12,149.02666666666667
optionB_budget0.90_beta0.0025_gamma0.50,carbonscaler_budget,ontario,51,0,79.0,31.0,205.4908333333333
optionB_budget0.90_beta0.0025_gamma0.50,carbonscaler_budget,ontario,52,0,67.0,31.23,19.633333333333333
optionB_budget0.90_beta0.0025_gamma0.50,carbonscaler_budget,ontario,53,0,60.0,35.23,24.95
optionB_budget0.90_beta0.0025_gamma0.50,carbonscaler_budget,ontario,54,0,56.0,41.26,27.915000000000003
optionB_budget0.90_beta0.0025_gamma0.50,carbonscaler_budget,ontario,55,0,56.0,44.87,31.650000000000002
optionB_budget0.90_beta0.0025_gamma0.50,carbonscaler_budget,ontario,56,0,72.0,41.08,29.24083333333333
optionB_budget0.90_beta0.0025_gamma0.50,carbonscaler_budget,ontario,57,0,69.0,43.51,27.15833333333333
optionB_budget0.90_beta0.0025_gamma0.50,carbonscaler_budget,ontario,58,0,79.0,43.42,25.7025
optionB_budget0.90_beta0.0025_gamma0.50,carbonscaler_budget,ontario,59,0,83.0,45.31,38.740833333333335
optionB_budget0.90_beta0.0025_gamma0.50,carbonscaler_budget,ontario,60,0,95.0,46.51,27.8175
optionB_budget0.90_beta0.0025_gamma0.50,carbonscaler_budget,ontario,61,0,102.0,48.6,34.40916666666667
optionB_budget0.90_beta0.0025_gamma0.50,carbonscaler_budget,ontario,62,0,102.0,50.34,62.815
optionB_budget0.90_beta0.0025_gamma0.50,carbonscaler_budget,ontario,63,0,102.0,58.05,259.62416666666667
optionB_budget0.90_beta0.0025_gamma0.50,carbonscaler_budget,ontario,64,0,113.0,63.16,86.6925
optionB_budget0.90_beta0.0025_gamma0.50,carbonscaler_budget,ontario,65,0,107.0,68.53,68.18083333333333
optionB_budget0.90_beta0.0025_gamma0.50,carbonscaler_budget,ontario,66,0,116.0,93.18,42.89666666666667
optionB_budget0.90_beta0.0025_gamma0.50,carbonscaler_budget,ontario,67,0,122.0,88.3,31.522499999999997
optionB_budget0.90_beta0.0025_gamma0.50,carbonscaler_budget,ontario,68,0,125.0,59.9,34.58416666666667
optionB_budget0.90_beta0.0025_gamma0.50,carbonscaler_budget,ontario,69,0,127.0,42.02,28.534166666666664
optionB_budget0.90_beta0.0025_gamma0.50,carbonscaler_budget,ontario,70,0,128.0,36.39,34.01333333333333
optionB_budget0.90_beta0.0025_gamma0.50,carbonscaler_budget,ontario,71,0,125.0,32.74,28.38416666666667
optionB_budget0.90_beta0.0025_gamma0.50,carbonscaler_budget,ontario,72,0,120.0,28.68,22.7325
optionB_budget0.90_beta0.0025_gamma0.50,carbonscaler_budget,ontario,73,0,116.0,28.64,19.643333333333334
optionB_budget0.90_beta0.0025_gamma0.50,carbonscaler_budget,ontario,74,0,106.0,26.46,17.49
optionB_budget0.90_beta0.0025_gamma0.50,carbonscaler_budget,ontario,75,0,115.0,28.46,16.575833333333332
optionB_budget0.90_beta0.0025_gamma0.50,carbonscaler_budget,ontario,76,0,106.0,31.0,5.333333333333333
optionB_budget0.90_beta0.0025_gamma0.50,carbonscaler_budget,ontario,77,0,101.0,30.35,0.11750000000000001
optionB_budget0.90_beta0.0025_gamma0.50,carbonscaler_budget,ontario,78,0,85.0,34.27,1.3058333333333334
optionB_budget0.90_beta0.0025_gamma0.50,carbonscaler_budget,ontario,79,0,76.0,41.23,2.350833333333333
optionB_budget0.90_beta0.0025_gamma0.50,carbonscaler_budget,ontario,80,0,74.0,44.8,17.661666666666665
optionB_budget0.90_beta0.0025_gamma0.50,carbonscaler_budget,ontario,81,0,78.0,40.27,309.79083333333335
optionB_budget0.90_beta0.0025_gamma0.50,carbonscaler_budget,ontario,82,0,82.0,33.88,64.495
optionB_budget0.90_beta0.0025_gamma0.50,carbonscaler_budget,ontario,83,0,78.0,33.33,56.17916666666667
optionB_budget0.90_beta0.0025_gamma0.50,carbonscaler_budget,ontario,84,0,77.0,33.98,41.751666666666665
optionB_budget0.90_beta0.0025_gamma0.50,carbonscaler_budget,ontario,85,0,82.0,35.01,49.869166666666665
optionB_budget0.90_beta0.0025_gamma0.50,carbonscaler_budget,ontario,86,0,106.0,39.71,33.9275
optionB_budget0.90_beta0.0025_gamma0.50,carbonscaler_budget,ontario,87,0,114.0,43.6,29.6075
optionB_budget0.90_beta0.0025_gamma0.50,carbonscaler_budget,ontario,88,0,115.0,45.42,26.890833333333333
optionB_budget0.90_beta0.0025_gamma0.50,carbonscaler_budget,ontario,89,0,114.0,65.47,44.94916666666666
optionB_budget0.90_beta0.0025_gamma0.50,carbonscaler_budget,ontario,90,0,114.0,97.57,69.5475
optionB_budget0.90_beta0.0025_gamma0.50,carbonscaler_budget,ontario,91,0,117.0,91.59,49.107499999999995
optionB_budget0.90_beta0.0025_gamma0.50,carbonscaler_budget,ontario,92,0,117.0,60.83,34.73416666666667
optionB_budget0.90_beta0.0025_gamma0.50,carbonscaler_budget,ontario,93,0,120.0,40.07,31.221666666666668
optionB_budget0.90_beta0.0025_gamma0.50,carbonscaler_budget,ontario,94,0,134.0,35.25,27.25166666666667
optionB_budget0.90_beta0.0025_gamma0.50,carbonscaler_budget,ontario,95,0,140.0,31.68,22.011666666666667
optionB_budget0.90_beta0.0025_gamma0.50,carbonscaler_budget,ontario,96,0,139.0,35.25,22.888333333333332
optionB_budget0.90_beta0.0025_gamma0.50,carbonscaler_budget,ontario,97,0,133.0,31.63,16.738333333333333
optionB_budget0.90_beta0.0025_gamma0.50,carbonscaler_budget,ontario,98,0,128.0,32.45,18.855
optionB_budget0.90_beta0.0025_gamma0.50,carbonscaler_budget,ontario,99,0,121.0,35.25,19.664166666666667
optionB_budget0.90_beta0.0025_gamma0.50,carbonscaler_budget,ontario,100,0,110.0,34.56,30.938333333333333
optionB_budget0.90_beta0.0025_gamma0.50,carbonscaler_budget,ontario,101,0,106.0,37.63,43.03666666666667
optionB_budget0.90_beta0.0025_gamma0.50,carbonscaler_budget,ontario,102,0,95.0,50.91,53.759166666666665
optionB_budget0.90_beta0.0025_gamma0.50,carbonscaler_budget,ontario,103,0,96.0,45.92,50.67333333333334
optionB_budget0.90_beta0.0025_gamma0.50,carbonscaler_budget,ontario,104,0,95.0,45.16,37.01333333333333
optionB_budget0.90_beta0.0025_gamma0.50,carbonscaler_budget,ontario,105,0,101.0,42.88,20.0675
optionB_budget0.90_beta0.0025_gamma0.50,carbonscaler_budget,ontario,106,0,112.0,43.2,10.8925
optionB_budget0.90_beta0.0025_gamma0.50,carbonscaler_budget,ontario,107,0,125.0,44.74,12.486666666666666
optionB_budget0.90_beta0.0025_gamma0.50,carbonscaler_budget,ontario,108,0,126.0,45.02,31.290833333333335
optionB_budget0.90_beta0.0025_gamma0.50,carbonscaler_budget,ontario,109,0,122.0,38.9,60.625
optionB_budget0.90_beta0.0025_gamma0.50,carbonscaler_budget,ontario,110,0,104.0,29.92,50.5375
optionB_budget0.90_beta0.0025_gamma0.50,carbonscaler_budget,ontario,111,0,104.0,34.24,64.04833333333333
optionB_budget0.90_beta0.0025_gamma0.50,carbonscaler_budget,ontario,112,0,104.0,48.42,69.30416666666666
optionB_budget0.90_beta0.0025_gamma0.50,carbonscaler_budget,ontario,113,0,109.0,62.22,71.61083333333333
optionB_budget0.90_beta0.0025_gamma0.50,carbonscaler_budget,ontario,114,0,109.0,55.44,22.609166666666667
optionB_budget0.90_beta0.0025_gamma0.50,carbonscaler_budget,ontario,115,0,108.0,45.27,16.400833333333335
optionB_budget0.90_beta0.0025_gamma0.50,carbonscaler_budget,ontario,116,0,110.0,41.53,13.129166666666668
optionB_budget0.90_beta0.0025_gamma0.50,carbonscaler_budget,ontario,117,0,118.0,32.29,15.157499999999999
optionB_budget0.90_beta0.0025_gamma0.50,carbonscaler_budget,ontario,118,0,114.0,28.02,1.1275000000000002
optionB_budget0.90_beta0.0025_gamma0.50,carbonscaler_budget,ontario,119,0,105.0,23.02,2.3566666666666665
optionB_budget0.90_beta0.0025_gamma0.50,carbonscaler_budget,ontario,120,0,89.0,7.67,3.641666666666667
optionB_budget0.90_beta0.0025_gamma0.50,carbonscaler_budget,ontario,121,0,78.0,6.48,0.18333333333333335
optionB_budget0.90_beta0.0025_gamma0.50,carbonscaler_budget,ontario,122,0,73.0,6.36,0.6066666666666667
optionB_budget0.90_beta0.0025_gamma0.50,carbonscaler_budget,ontario,123,0,63.0,6.54,0.5066666666666667
optionB_budget0.90_beta0.0025_gamma0.50,carbonscaler_budget,ontario,124,0,50.0,5.85,0.055
optionB_budget0.90_beta0.0025_gamma0.50,carbonscaler_budget,ontario,125,1,25.0,4.96,0.205
optionB_budget0.90_beta0.0025_gamma0.50,carbonscaler_budget,ontario,126,2,19.0,0.0,0.8916666666666666
optionB_budget0.90_beta0.0025_gamma0.50,carbonscaler_budget,ontario,127,2,19.0,0.0,1.7
optionB_budget0.90_beta0.0025_gamma0.50,carbonscaler_budget,ontario,128,2,19.0,4.04,7.135833333333333
optionB_budget0.90_beta0.0025_gamma0.50,carbonscaler_budget,ontario,129,2,19.0,6.14,7.169999999999999
optionB_budget0.90_beta0.0025_gamma0.50,carbonscaler_budget,ontario,130,2,20.0,6.59,3.830833333333333
optionB_budget0.90_beta0.0025_gamma0.50,carbonscaler_budget,ontario,131,2,19.0,10.27,1.3683333333333334
optionB_budget0.90_beta0.0025_gamma0.50,carbonscaler_budget,ontario,132,2,20.0,12.17,3.124166666666667
optionB_budget0.90_beta0.0025_gamma0.50,carbonscaler_budget,ontario,133,2,20.0,23.07,7.541666666666667
optionB_budget0.90_beta0.0025_gamma0.50,carbonscaler_budget,ontario,134,2,20.0,22.33,17.98333333333333
optionB_budget0.90_beta0.0025_gamma0.50,carbonscaler_budget,ontario,135,2,20.0,27.13,271.9775
optionB_budget0.90_beta0.0025_gamma0.50,carbonscaler_budget,ontario,136,2,20.0,31.7,226.4891666666667
optionB_budget0.90_beta0.0025_gamma0.50,carbonscaler_budget,ontario,137,1,21.0,43.63,53.12416666666666
optionB_budget0.90_beta0.0025_gamma0.50,carbonscaler_budget,ontario,138,1,25.0,44.6,28.73333333333333
optionB_budget0.90_beta0.0025_gamma0.50,carbonscaler_budget,ontario,139,0,31.0,44.27,30.3875
optionB_budget0.90_beta0.0025_gamma0.50,carbonscaler_budget,ontario,140,0,44.0,40.66,26.551666666666666
optionB_budget0.90_beta0.0025_gamma0.50,carbonscaler_budget,ontario,141,0,59.0,34.9,17.886666666666667
optionB_budget0.90_beta0.0025_gamma0.50,carbonscaler_budget,ontario,142,0,56.0,27.19,33.0425
optionB_budget0.90_beta0.0025_gamma0.50,carbonscaler_budget,ontario,143,0,50.0,24.14,41.13916666666667
optionB_budget0.90_beta0.0025_gamma0.50,carbonscaler_budget,ontario,144,0,51.0,18.56,126.9175
optionB_budget0.90_beta0.0025_gamma0.50,carbonscaler_budget,ontario,145,0,47.0,20.59,34.336666666666666
optionB_budget0.90_beta0.0025_gamma0.50,carbonscaler_budget,ontario,146,0,41.0,20.65,15.604166666666666
optionB_budget0.90_beta0.0025_gamma0.50,carbonscaler_budget,ontario,147,0,43.0,25.11,11.890833333333333
optionB_budget0.90_beta0.0025_gamma0.50,carbonscaler_budget,ontario,148,0,48.0,27.45,21.102500000000003
optionB_budget0.90_beta0.0025_gamma0.50,carbonscaler_budget,ontario,149,0,51.0,25.42,47.294999999999995
optionB_budget0.90_beta0.0025_gamma0.50,carbonscaler_budget,ontario,150,0,48.0,30.27,34.4625
optionB_budget0.90_beta0.0025_gamma0.50,carbonscaler_budget,ontario,151,0,42.0,31.89,74.80833333333334
optionB_budget0.90_beta0.0025_gamma0.50,carbonscaler_budget,ontario,152,0,43.0,26.94,9.879166666666666
optionB_budget0.90_beta0.0025_gamma0.50,carbonscaler_budget,ontario,153,0,45.0,27.02,2.0325
optionB_budget0.90_beta0.0025_gamma0.50,carbonscaler_budget,ontario,154,0,54.0,27.62,12.414166666666667
optionB_budget0.90_beta0.0025_gamma0.50,carbonscaler_budget,ontario,155,0,53.0,19.97,31.2075
optionB_budget0.90_beta0.0025_gamma0.50,carbonscaler_budget,ontario,156,0,61.0,20.25,35.7975
optionB_budget0.90_beta0.0025_gamma0.50,carbonscaler_budget,ontario,157,0,52.0,18.08,27.594166666666666
optionB_budget0.90_beta0.0025_gamma0.50,carbonscaler_budget,ontario,158,0,47.0,18.08,19.763333333333332
optionB_budget0.90_beta0.0025_gamma0.50,carbonscaler_budget,ontario,159,0,46.0,23.4,22.815833333333334
optionB_budget0.90_beta0.0025_gamma0.50,carbonscaler_budget,ontario,160,0,49.0,26.71,23.8025
optionB_budget0.90_beta0.0025_gamma0.50,carbonscaler_budget,ontario,161,0,54.0,40.16,38.34666666666667
optionB_budget0.90_beta0.0025_gamma0.50,carbonscaler_budget,ontario,162,0,50.0,48.19,32.54333333333333
optionB_budget0.90_beta0.0025_gamma0.50,carbonscaler_budget,ontario,163,0,52.0,57.72,53.36166666666667
optionB_budget0.90_beta0.0025_gamma0.50,carbonscaler_budget,ontario,164,0,58.0,47.14,133.0875
optionB_budget0.90_beta0.0025_gamma0.50,carbonscaler_budget,ontario,165,0,63.0,42.9,33.722500000000004
optionB_budget0.90_beta0.0025_gamma0.50,carbonscaler_budget,ontario,166,0,77.0,34.87,34.745
optionB_budget0.90_beta0.0025_gamma0.50,carbonscaler_budget,ontario,167,0,75.0,29.21,28.75916666666667
optionB_budget0.90_beta0.0050_gamma0.50,carbonscaler_budget,ontario,0,0,55.0,10.14,12.723333333333334
optionB_budget0.90_beta0.0050_gamma0.50,carbonscaler_budget,ontario,1,0,48.0,9.36,5.970833333333334
optionB_budget0.90_beta0.0050_gamma0.50,carbonscaler_budget,ontario,2,0,45.0,9.06,7.86
optionB_budget0.90_beta0.0050_gamma0.50,carbonscaler_budget,ontario,3,0,34.0,10.08,14.696666666666665
optionB_budget0.90_beta0.0050_gamma0.50,carbonscaler_budget,ontario,4,0,32.0,14.33,34.67416666666667
optionB_budget0.90_beta0.0050_gamma0.50,carbonscaler_budget,ontario,5,0,32.0,19.15,26.945000000000004
optionB_budget0.90_beta0.0050_gamma0.50,carbonscaler_budget,ontario,6,0,32.0,35.55,36.14
optionB_budget0.90_beta0.0050_gamma0.50,carbonscaler_budget,ontario,7,0,32.0,35.33,32.5175
optionB_budget0.90_beta0.0050_gamma0.50,carbonscaler_budget,ontario,8,0,33.0,30.29,33.76916666666666
optionB_budget0.90_beta0.0050_gamma0.50,carbonscaler_budget,ontario,9,0,39.0,30.48,14.690833333333332
optionB_budget0.90_beta0.0050_gamma0.50,carbonscaler_budget,ontario,10,0,44.0,31.4,11.320833333333333
optionB_budget0.90_beta0.0050_gamma0.50,carbonscaler_budget,ontario,11,0,52.0,33.38,13.204166666666666
optionB_budget0.90_beta0.0050_gamma0.50,carbonscaler_budget,ontario,12,0,55.0,34.47,2.6
optionB_budget0.90_beta0.0050_gamma0.50,carbonscaler_budget,ontario,13,0,56.0,37.07,13.165
optionB_budget0.90_beta0.0050_gamma0.50,carbonscaler_budget,ontario,14,0,50.0,36.14,17.45
optionB_budget0.90_beta0.0050_gamma0.50,carbonscaler_budget,ontario,15,0,53.0,36.43,31.770833333333332
optionB_budget0.90_beta0.0050_gamma0.50,carbonscaler_budget,ontario,16,0,56.0,46.88,55.70666666666667
optionB_budget0.90_beta0.0050_gamma0.50,carbonscaler_budget,ontario,17,0,60.0,54.49,60.38666666666666
optionB_budget0.90_beta0.0050_gamma0.50,carbonscaler_budget,ontario,18,0,64.0,74.91,244.5533333333333
optionB_budget0.90_beta0.0050_gamma0.50,carbonscaler_budget,ontario,19,0,69.0,99.9,97.6475
optionB_budget0.90_beta0.0050_gamma0.50,carbonscaler_budget,ontario,20,0,79.0,63.3,122.53583333333334
optionB_budget0.90_beta0.0050_gamma0.50,carbonscaler_budget,ontario,21,0,100.0,43.0,28.940833333333334
optionB_budget0.90_beta0.0050_gamma0.50,carbonscaler_budget,ontario,22,0,105.0,33.65,26.91
optionB_budget0.90_beta0.0050_gamma0.50,carbonscaler_budget,ontario,23,0,114.0,34.59,21.63083333333333
optionB_budget0.90_beta0.0050_gamma0.50,carbonscaler_budget,ontario,24,0,116.0,42.27,19.504166666666666
optionB_budget0.90_beta0.0050_gamma0.50,carbonscaler_budget,ontario,25,0,117.0,35.57,14.384166666666665
optionB_budget0.90_beta0.0050_gamma0.50,carbonscaler_budget,ontario,26,0,101.0,32.42,1.3316666666666668
optionB_budget0.90_beta0.0050_gamma0.50,carbonscaler_budget,ontario,27,0,95.0,32.28,0.0
optionB_budget0.90_beta0.0050_gamma0.50,carbonscaler_budget,ontario,28,0,87.0,35.23,0.5166666666666667
optionB_budget0.90_beta0.0050_gamma0.50,carbonscaler_budget,ontario,29,0,70.0,34.07,16.916666666666668
optionB_budget0.90_beta0.0050_gamma0.50,carbonscaler_budget,ontario,30,0,67.0,43.68,30.46083333333333
optionB_budget0.90_beta0.0050_gamma0.50,carbonscaler_budget,ontario,31,0,67.0,42.18,20.410833333333333
optionB_budget0.90_beta0.0050_gamma0.50,carbonscaler_budget,ontario,32,0,67.0,38.78,26.3875
optionB_budget0.90_beta0.0050_gamma0.50,carbonscaler_budget,ontario,33,0,65.0,38.58,22.519166666666667
optionB_budget0.90_beta0.0050_gamma0.50,carbonscaler_budget,ontario,34,0,64.0,42.91,27.260833333333334
optionB_budget0.90_beta0.0050_gamma0.50,carbonscaler_budget,ontario,35,0,73.0,42.84,18.598333333333333
optionB_budget0.90_beta0.0050_gamma0.50,carbonscaler_budget,ontario,36,0,68.0,40.08,41.99333333333333
optionB_budget0.90_beta0.0050_gamma0.50,carbonscaler_budget,ontario,37,0,71.0,43.84,44.544999999999995
optionB_budget0.90_beta0.0050_gamma0.50,carbonscaler_budget,ontario,38,0,67.0,44.96,45.98416666666666
optionB_budget0.90_beta0.0050_gamma0.50,carbonscaler_budget,ontario,39,0,65.0,44.09,44.192499999999995
optionB_budget0.90_beta0.0050_gamma0.50,carbonscaler_budget,ontario,40,0,65.0,51.21,39.36666666666667
optionB_budget0.90_beta0.0050_gamma0.50,carbonscaler_budget,ontario,41,0,82.0,59.92,32.435
optionB_budget0.90_beta0.0050_gamma0.50,carbonscaler_budget,ontario,42,0,91.0,77.65,36.375
optionB_budget0.90_beta0.0050_gamma0.50,carbonscaler_budget,ontario,43,0,103.0,76.38,34.59
optionB_budget0.90_beta0.0050_gamma0.50,carbonscaler_budget,ontario,44,0,110.0,56.96,29.3225
optionB_budget0.90_beta0.0050_gamma0.50,carbonscaler_budget,ontario,45,0,107.0,43.68,22.377499999999998
optionB_budget0.90_beta0.0050_gamma0.50,carbonscaler_budget,ontario,46,0,104.0,40.54,15.515
optionB_budget0.90_beta0.0050_gamma0.50,carbonscaler_budget,ontario,47,0,106.0,33.18,14.910000000000002
optionB_budget0.90_beta0.0050_gamma0.50,carbonscaler_budget,ontario,48,0,104.0,32.14,11.148333333333333
optionB_budget0.90_beta0.0050_gamma0.50,carbonscaler_budget,ontario,49,0,100.0,30.12,8.441666666666666
optionB_budget0.90_beta0.0050_gamma0.50,carbonscaler_budget,ontario,50,0,92.0,31.12,149.02666666666667
optionB_budget0.90_beta0.0050_gamma0.50,carbonscaler_budget,ontario,51,0,79.0,31.0,205.4908333333333
optionB_budget0.90_beta0.0050_gamma0.50,carbonscaler_budget,ontario,52,0,67.0,31.23,19.633333333333333
optionB_budget0.90_beta0.0050_gamma0.50,carbonscaler_budget,ontario,53,0,60.0,35.23,24.95
optionB_budget0.90_beta0.0050_gamma0.50,carbonscaler_budget,ontario,54,0,56.0,41.26,27.915000000000003
optionB_budget0.90_beta0.0050_gamma0.50,carbonscaler_budget,ontario,55,0,56.0,44.87,31.650000000000002
optionB_budget0.90_beta0.0050_gamma0.50,carbonscaler_budget,ontario,56,0,72.0,41.08,29.24083333333333
optionB_budget0.90_beta0.0050_gamma0.50,carbonscaler_budget,ontario,57,0,69.0,43.51,27.15833333333333
optionB_budget0.90_beta0.0050_gamma0.50,carbonscaler_budget,ontario,58,0,79.0,43.42,25.7025
optionB_budget0.90_beta0.0050_gamma0.50,carbonscaler_budget,ontario,59,0,83.0,45.31,38.740833333333335
optionB_budget0.90_beta0.0050_gamma0.50,carbonscaler_budget,ontario,60,0,95.0,46.51,27.8175
optionB_budget0.90_beta0.0050_gamma0.50,carbonscaler_budget,ontario,61,0,102.0,48.6,34.40916666666667
optionB_budget0.90_beta0.0050_gamma0.50,carbonscaler_budget,ontario,62,0,102.0,50.34,62.815
optionB_budget0.90_beta0.0050_gamma0.50,carbonscaler_budget,ontario,63,0,102.0,58.05,259.62416666666667
optionB_budget0.90_beta0.0050_gamma0.50,carbonscaler_budget,ontario,64,0,113.0,63.16,86.6925
optionB_budget0.90_beta0.0050_gamma0.50,carbonscaler_budget,ontario,65,0,107.0,68.53,68.18083333333333
optionB_budget0.90_beta0.0050_gamma0.50,carbonscaler_budget,ontario,66,0,116.0,93.18,42.89666666666667
optionB_budget0.90_beta0.0050_gamma0.50,carbonscaler_budget,ontario,67,0,122.0,88.3,31.522499999999997
optionB_budget0.90_beta0.0050_gamma0.50,carbonscaler_budget,ontario,68,0,125.0,59.9,34.58416666666667
optionB_budget0.90_beta0.0050_gamma0.50,carbonscaler_budget,ontario,69,0,127.0,42.02,28.534166666666664
optionB_budget0.90_beta0.0050_gamma0.50,carbonscaler_budget,ontario,70,0,128.0,36.39,34.01333333333333
optionB_budget0.90_beta0.0050_gamma0.50,carbonscaler_budget,ontario,71,0,125.0,32.74,28.38416666666667
optionB_budget0.90_beta0.0050_gamma0.50,carbonscaler_budget,ontario,72,0,120.0,28.68,22.7325
optionB_budget0.90_beta0.0050_gamma0.50,carbonscaler_budget,ontario,73,0,116.0,28.64,19.643333333333334
optionB_budget0.90_beta0.0050_gamma0.50,carbonscaler_budget,ontario,74,0,106.0,26.46,17.49
optionB_budget0.90_beta0.0050_gamma0.50,carbonscaler_budget,ontario,75,0,115.0,28.46,16.575833333333332
optionB_budget0.90_beta0.0050_gamma0.50,carbonscaler_budget,ontario,76,0,106.0,31.0,5.333333333333333
optionB_budget0.90_beta0.0050_gamma0.50,carbonscaler_budget,ontario,77,0,101.0,30.35,0.11750000000000001
optionB_budget0.90_beta0.0050_gamma0.50,carbonscaler_budget,ontario,78,0,85.0,34.27,1.3058333333333334
optionB_budget0.90_beta0.0050_gamma0.50,carbonscaler_budget,ontario,79,0,76.0,41.23,2.350833333333333
optionB_budget0.90_beta0.0050_gamma0.50,carbonscaler_budget,ontario,80,0,74.0,44.8,17.661666666666665
optionB_budget0.90_beta0.0050_gamma0.50,carbonscaler_budget,ontario,81,0,78.0,40.27,309.79083333333335
optionB_budget0.90_beta0.0050_gamma0.50,carbonscaler_budget,ontario,82,0,82.0,33.88,64.495
optionB_budget0.90_beta0.0050_gamma0.50,carbonscaler_budget,ontario,83,0,78.0,33.33,56.17916666666667
optionB_budget0.90_beta0.0050_gamma0.50,carbonscaler_budget,ontario,84,0,77.0,33.98,41.751666666666665
optionB_budget0.90_beta0.0050_gamma0.50,carbonscaler_budget,ontario,85,0,82.0,35.01,49.869166666666665
optionB_budget0.90_beta0.0050_gamma0.50,carbonscaler_budget,ontario,86,0,106.0,39.71,33.9275
optionB_budget0.90_beta0.0050_gamma0.50,carbonscaler_budget,ontario,87,0,114.0,43.6,29.6075
optionB_budget0.90_beta0.0050_gamma0.50,carbonscaler_budget,ontario,88,0,115.0,45.42,26.890833333333333
optionB_budget0.90_beta0.0050_gamma0.50,carbonscaler_budget,ontario,89,0,114.0,65.47,44.94916666666666
optionB_budget0.90_beta0.0050_gamma0.50,carbonscaler_budget,ontario,90,0,114.0,97.57,69.5475
optionB_budget0.90_beta0.0050_gamma0.50,carbonscaler_budget,ontario,91,0,117.0,91.59,49.107499999999995
optionB_budget0.90_beta0.0050_gamma0.50,carbonscaler_budget,ontario,92,0,117.0,60.83,34.73416666666667
optionB_budget0.90_beta0.0050_gamma0.50,carbonscaler_budget,ontario,93,0,120.0,40.07,31.221666666666668
optionB_budget0.90_beta0.0050_gamma0.50,carbonscaler_budget,ontario,94,0,134.0,35.25,27.25166666666667
optionB_budget0.90_beta0.0050_gamma0.50,carbonscaler_budget,ontario,95,0,140.0,31.68,22.011666666666667
optionB_budget0.90_beta0.0050_gamma0.50,carbonscaler_budget,ontario,96,0,139.0,35.25,22.888333333333332
optionB_budget0.90_beta0.0050_gamma0.50,carbonscaler_budget,ontario,97,0,133.0,31.63,16.738333333333333
optionB_budget0.90_beta0.0050_gamma0.50,carbonscaler_budget,ontario,98,0,128.0,32.45,18.855
optionB_budget0.90_beta0.0050_gamma0.50,carbonscaler_budget,ontario,99,0,121.0,35.25,19.664166666666667
optionB_budget0.90_beta0.0050_gamma0.50,carbonscaler_budget,ontario,100,0,110.0,34.56,30.938333333333333
optionB_budget0.90_beta0.0050_gamma0.50,carbonscaler_budget,ontario,101,0,106.0,37.63,43.03666666666667
optionB_budget0.90_beta0.0050_gamma0.50,carbonscaler_budget,ontario,102,0,95.0,50.91,53.759166666666665
optionB_budget0.90_beta0.0050_gamma0.50,carbonscaler_budget,ontario,103,0,96.0,45.92,50.67333333333334
optionB_budget0.90_beta0.0050_gamma0.50,carbonscaler_budget,ontario,104,0,95.0,45.16,37.01333333333333
optionB_budget0.90_beta0.0050_gamma0.50,carbonscaler_budget,ontario,105,0,101.0,42.88,20.0675
optionB_budget0.90_beta0.0050_gamma0.50,carbonscaler_budget,ontario,106,0,112.0,43.2,10.8925
optionB_budget0.90_beta0.0050_gamma0.50,carbonscaler_budget,ontario,107,0,125.0,44.74,12.486666666666666
optionB_budget0.90_beta0.0050_gamma0.50,carbonscaler_budget,ontario,108,0,126.0,45.02,31.290833333333335
optionB_budget0.90_beta0.0050_gamma0.50,carbonscaler_budget,ontario,109,0,122.0,38.9,60.625
optionB_budget0.90_beta0.0050_gamma0.50,carbonscaler_budget,ontario,110,0,104.0,29.92,50.5375
optionB_budget0.90_beta0.0050_gamma0.50,carbonscaler_budget,ontario,111,0,104.0,34.24,64.04833333333333
optionB_budget0.90_beta0.0050_gamma0.50,carbonscaler_budget,ontario,112,0,104.0,48.42,69.30416666666666
optionB_budget0.90_beta0.0050_gamma0.50,carbonscaler_budget,ontario,113,0,109.0,62.22,71.61083333333333
optionB_budget0.90_beta0.0050_gamma0.50,carbonscaler_budget,ontario,114,0,109.0,55.44,22.609166666666667
optionB_budget0.90_beta0.0050_gamma0.50,carbonscaler_budget,ontario,115,0,108.0,45.27,16.400833333333335
optionB_budget0.90_beta0.0050_gamma0.50,carbonscaler_budget,ontario,116,0,110.0,41.53,13.129166666666668
optionB_budget0.90_beta0.0050_gamma0.50,carbonscaler_budget,ontario,117,0,118.0,32.29,15.157499999999999
optionB_budget0.90_beta0.0050_gamma0.50,carbonscaler_budget,ontario,118,0,114.0,28.02,1.1275000000000002
optionB_budget0.90_beta0.0050_gamma0.50,carbonscaler_budget,ontario,119,0,105.0,23.02,2.3566666666666665
optionB_budget0.90_beta0.0050_gamma0.50,carbonscaler_budget,ontario,120,0,89.0,7.67,3.641666666666667
optionB_budget0.90_beta0.0050_gamma0.50,carbonscaler_budget,ontario,121,0,78.0,6.48,0.18333333333333335
optionB_budget0.90_beta0.0050_gamma0.50,carbonscaler_budget,ontario,122,0,73.0,6.36,0.6066666666666667
optionB_budget0.90_beta0.0050_gamma0.50,carbonscaler_budget,ontario,123,0,63.0,6.54,0.5066666666666667
optionB_budget0.90_beta0.0050_gamma0.50,carbonscaler_budget,ontario,124,0,50.0,5.85,0.055
optionB_budget0.90_beta0.0050_gamma0.50,carbonscaler_budget,ontario,125,1,25.0,4.96,0.205
optionB_budget0.90_beta0.0050_gamma0.50,carbonscaler_budget,ontario,126,2,19.0,0.0,0.8916666666666666
optionB_budget0.90_beta0.0050_gamma0.50,carbonscaler_budget,ontario,127,2,19.0,0.0,1.7
optionB_budget0.90_beta0.0050_gamma0.50,carbonscaler_budget,ontario,128,2,19.0,4.04,7.135833333333333
optionB_budget0.90_beta0.0050_gamma0.50,carbonscaler_budget,ontario,129,2,19.0,6.14,7.169999999999999
optionB_budget0.90_beta0.0050_gamma0.50,carbonscaler_budget,ontario,130,2,20.0,6.59,3.830833333333333
optionB_budget0.90_beta0.0050_gamma0.50,carbonscaler_budget,ontario,131,2,19.0,10.27,1.3683333333333334
optionB_budget0.90_beta0.0050_gamma0.50,carbonscaler_budget,ontario,132,2,20.0,12.17,3.124166666666667
optionB_budget0.90_beta0.0050_gamma0.50,carbonscaler_budget,ontario,133,2,20.0,23.07,7.541666666666667
optionB_budget0.90_beta0.0050_gamma0.50,carbonscaler_budget,ontario,134,2,20.0,22.33,17.98333333333333
optionB_budget0.90_beta0.0050_gamma0.50,carbonscaler_budget,ontario,135,2,20.0,27.13,271.9775
optionB_budget0.90_beta0.0050_gamma0.50,carbonscaler_budget,ontario,136,2,20.0,31.7,226.4891666666667
optionB_budget0.90_beta0.0050_gamma0.50,carbonscaler_budget,ontario,137,1,21.0,43.63,53.12416666666666
optionB_budget0.90_beta0.0050_gamma0.50,carbonscaler_budget,ontario,138,1,25.0,44.6,28.73333333333333
optionB_budget0.90_beta0.0050_gamma0.50,carbonscaler_budget,ontario,139,0,31.0,44.27,30.3875
optionB_budget0.90_beta0.0050_gamma0.50,carbonscaler_budget,ontario,140,0,44.0,40.66,26.551666666666666
optionB_budget0.90_beta0.0050_gamma0.50,carbonscaler_budget,ontario,141,0,59.0,34.9,17.886666666666667
optionB_budget0.90_beta0.0050_gamma0.50,carbonscaler_budget,ontario,142,0,56.0,27.19,33.0425
optionB_budget0.90_beta0.0050_gamma0.50,carbonscaler_budget,ontario,143,0,50.0,24.14,41.13916666666667
optionB_budget0.90_beta0.0050_gamma0.50,carbonscaler_budget,ontario,144,0,51.0,18.56,126.9175
optionB_budget0.90_beta0.0050_gamma0.50,carbonscaler_budget,ontario,145,0,47.0,20.59,34.336666666666666
optionB_budget0.90_beta0.0050_gamma0.50,carbonscaler_budget,ontario,146,0,41.0,20.65,15.604166666666666
optionB_budget0.90_beta0.0050_gamma0.50,carbonscaler_budget,ontario,147,0,43.0,25.11,11.890833333333333
optionB_budget0.90_beta0.0050_gamma0.50,carbonscaler_budget,ontario,148,0,48.0,27.45,21.102500000000003
optionB_budget0.90_beta0.0050_gamma0.50,carbonscaler_budget,ontario,149,0,51.0,25.42,47.294999999999995
optionB_budget0.90_beta0.0050_gamma0.50,carbonscaler_budget,ontario,150,0,48.0,30.27,34.4625
optionB_budget0.90_beta0.0050_gamma0.50,carbonscaler_budget,ontario,151,0,42.0,31.89,74.80833333333334
optionB_budget0.90_beta0.0050_gamma0.50,carbonscaler_budget,ontario,152,0,43.0,26.94,9.879166666666666
optionB_budget0.90_beta0.0050_gamma0.50,carbonscaler_budget,ontario,153,0,45.0,27.02,2.0325
optionB_budget0.90_beta0.0050_gamma0.50,carbonscaler_budget,ontario,154,0,54.0,27.62,12.414166666666667
optionB_budget0.90_beta0.0050_gamma0.50,carbonscaler_budget,ontario,155,0,53.0,19.97,31.2075
optionB_budget0.90_beta0.0050_gamma0.50,carbonscaler_budget,ontario,156,0,61.0,20.25,35.7975
optionB_budget0.90_beta0.0050_gamma0.50,carbonscaler_budget,ontario,157,0,52.0,18.08,27.594166666666666
optionB_budget0.90_beta0.0050_gamma0.50,carbonscaler_budget,ontario,158,0,47.0,18.08,19.763333333333332
optionB_budget0.90_beta0.0050_gamma0.50,carbonscaler_budget,ontario,159,0,46.0,23.4,22.815833333333334
optionB_budget0.90_beta0.0050_gamma0.50,carbonscaler_budget,ontario,160,0,49.0,26.71,23.8025
optionB_budget0.90_beta0.0050_gamma0.50,carbonscaler_budget,ontario,161,0,54.0,40.16,38.34666666666667
optionB_budget0.90_beta0.0050_gamma0.50,carbonscaler_budget,ontario,162,0,50.0,48.19,32.54333333333333
optionB_budget0.90_beta0.0050_gamma0.50,carbonscaler_budget,ontario,163,0,52.0,57.72,53.36166666666667
optionB_budget0.90_beta0.0050_gamma0.50,carbonscaler_budget,ontario,164,0,58.0,47.14,133.0875
optionB_budget0.90_beta0.0050_gamma0.50,carbonscaler_budget,ontario,165,0,63.0,42.9,33.722500000000004
optionB_budget0.90_beta0.0050_gamma0.50,carbonscaler_budget,ontario,166,0,77.0,34.87,34.745
optionB_budget0.90_beta0.0050_gamma0.50,carbonscaler_budget,ontario,167,0,75.0,29.21,28.75916666666667
optionB_budget0.90_beta0.0100_gamma0.50,carbonscaler_budget,ontario,0,0,55.0,10.14,12.723333333333334
optionB_budget0.90_beta0.0100_gamma0.50,carbonscaler_budget,ontario,1,0,48.0,9.36,5.970833333333334
optionB_budget0.90_beta0.0100_gamma0.50,carbonscaler_budget,ontario,2,0,45.0,9.06,7.86
optionB_budget0.90_beta0.0100_gamma0.50,carbonscaler_budget,ontario,3,0,34.0,10.08,14.696666666666665
optionB_budget0.90_beta0.0100_gamma0.50,carbonscaler_budget,ontario,4,0,32.0,14.33,34.67416666666667
optionB_budget0.90_beta0.0100_gamma0.50,carbonscaler_budget,ontario,5,0,32.0,19.15,26.945000000000004
optionB_budget0.90_beta0.0100_gamma0.50,carbonscaler_budget,ontario,6,0,32.0,35.55,36.14
optionB_budget0.90_beta0.0100_gamma0.50,carbonscaler_budget,ontario,7,0,32.0,35.33,32.5175
optionB_budget0.90_beta0.0100_gamma0.50,carbonscaler_budget,ontario,8,0,33.0,30.29,33.76916666666666
optionB_budget0.90_beta0.0100_gamma0.50,carbonscaler_budget,ontario,9,0,39.0,30.48,14.690833333333332
optionB_budget0.90_beta0.0100_gamma0.50,carbonscaler_budget,ontario,10,0,44.0,31.4,11.320833333333333
optionB_budget0.90_beta0.0100_gamma0.50,carbonscaler_budget,ontario,11,0,52.0,33.38,13.204166666666666
optionB_budget0.90_beta0.0100_gamma0.50,carbonscaler_budget,ontario,12,0,55.0,34.47,2.6
optionB_budget0.90_beta0.0100_gamma0.50,carbonscaler_budget,ontario,13,0,56.0,37.07,13.165
optionB_budget0.90_beta0.0100_gamma0.50,carbonscaler_budget,ontario,14,0,50.0,36.14,17.45
optionB_budget0.90_beta0.0100_gamma0.50,carbonscaler_budget,ontario,15,0,53.0,36.43,31.770833333333332
optionB_budget0.90_beta0.0100_gamma0.50,carbonscaler_budget,ontario,16,0,56.0,46.88,55.70666666666667
optionB_budget0.90_beta0.0100_gamma0.50,carbonscaler_budget,ontario,17,0,60.0,54.49,60.38666666666666
optionB_budget0.90_beta0.0100_gamma0.50,carbonscaler_budget,ontario,18,0,64.0,74.91,244.5533333333333
optionB_budget0.90_beta0.0100_gamma0.50,carbonscaler_budget,ontario,19,0,69.0,99.9,97.6475
optionB_budget0.90_beta0.0100_gamma0.50,carbonscaler_budget,ontario,20,0,79.0,63.3,122.53583333333334
optionB_budget0.90_beta0.0100_gamma0.50,carbonscaler_budget,ontario,21,0,100.0,43.0,28.940833333333334
optionB_budget0.90_beta0.0100_gamma0.50,carbonscaler_budget,ontario,22,0,105.0,33.65,26.91
optionB_budget0.90_beta0.0100_gamma0.50,carbonscaler_budget,ontario,23,0,114.0,34.59,21.63083333333333
optionB_budget0.90_beta0.0100_gamma0.50,carbonscaler_budget,ontario,24,0,116.0,42.27,19.504166666666666
optionB_budget0.90_beta0.0100_gamma0.50,carbonscaler_budget,ontario,25,0,117.0,35.57,14.384166666666665
optionB_budget0.90_beta0.0100_gamma0.50,carbonscaler_budget,ontario,26,0,101.0,32.42,1.3316666666666668
optionB_budget0.90_beta0.0100_gamma0.50,carbonscaler_budget,ontario,27,0,95.0,32.28,0.0
optionB_budget0.90_beta0.0100_gamma0.50,carbonscaler_budget,ontario,28,0,87.0,35.23,0.5166666666666667
optionB_budget0.90_beta0.0100_gamma0.50,carbonscaler_budget,ontario,29,0,70.0,34.07,16.916666666666668
optionB_budget0.90_beta0.0100_gamma0.50,carbonscaler_budget,ontario,30,0,67.0,43.68,30.46083333333333
optionB_budget0.90_beta0.0100_gamma0.50,carbonscaler_budget,ontario,31,0,67.0,42.18,20.410833333333333
optionB_budget0.90_beta0.0100_gamma0.50,carbonscaler_budget,ontario,32,0,67.0,38.78,26.3875
optionB_budget0.90_beta0.0100_gamma0.50,carbonscaler_budget,ontario,33,0,65.0,38.58,22.519166666666667
optionB_budget0.90_beta0.0100_gamma0.50,carbonscaler_budget,ontario,34,0,64.0,42.91,27.260833333333334
optionB_budget0.90_beta0.0100_gamma0.50,carbonscaler_budget,ontario,35,0,73.0,42.84,18.598333333333333
optionB_budget0.90_beta0.0100_gamma0.50,carbonscaler_budget,ontario,36,0,68.0,40.08,41.99333333333333
optionB_budget0.90_beta0.0100_gamma0.50,carbonscaler_budget,ontario,37,0,71.0,43.84,44.544999999999995
optionB_budget0.90_beta0.0100_gamma0.50,carbonscaler_budget,ontario,38,0,67.0,44.96,45.98416666666666
optionB_budget0.90_beta0.0100_gamma0.50,carbonscaler_budget,ontario,39,0,65.0,44.09,44.192499999999995
optionB_budget0.90_beta0.0100_gamma0.50,carbonscaler_budget,ontario,40,0,65.0,51.21,39.36666666666667
optionB_budget0.90_beta0.0100_gamma0.50,carbonscaler_budget,ontario,41,0,82.0,59.92,32.435
optionB_budget0.90_beta0.0100_gamma0.50,carbonscaler_budget,ontario,42,0,91.0,77.65,36.375
optionB_budget0.90_beta0.0100_gamma0.50,carbonscaler_budget,ontario,43,0,103.0,76.38,34.59
optionB_budget0.90_beta0.0100_gamma0.50,carbonscaler_budget,ontario,44,0,110.0,56.96,29.3225
optionB_budget0.90_beta0.0100_gamma0.50,carbonscaler_budget,ontario,45,0,107.0,43.68,22.377499999999998
optionB_budget0.90_beta0.0100_gamma0.50,carbonscaler_budget,ontario,46,0,104.0,40.54,15.515
optionB_budget0.90_beta0.0100_gamma0.50,carbonscaler_budget,ontario,47,0,106.0,33.18,14.910000000000002
optionB_budget0.90_beta0.0100_gamma0.50,carbonscaler_budget,ontario,48,0,104.0,32.14,11.148333333333333
optionB_budget0.90_beta0.0100_gamma0.50,carbonscaler_budget,ontario,49,0,100.0,30.12,8.441666666666666
optionB_budget0.90_beta0.0100_gamma0.50,carbonscaler_budget,ontario,50,0,92.0,31.12,149.02666666666667
optionB_budget0.90_beta0.0100_gamma0.50,carbonscaler_budget,ontario,51,0,79.0,31.0,205.4908333333333
optionB_budget0.90_beta0.0100_gamma0.50,carbonscaler_budget,ontario,52,0,67.0,31.23,19.633333333333333
optionB_budget0.90_beta0.0100_gamma0.50,carbonscaler_budget,ontario,53,0,60.0,35.23,24.95
optionB_budget0.90_beta0.0100_gamma0.50,carbonscaler_budget,ontario,54,0,56.0,41.26,27.915000000000003
optionB_budget0.90_beta0.0100_gamma0.50,carbonscaler_budget,ontario,55,0,56.0,44.87,31.650000000000002
optionB_budget0.90_beta0.0100_gamma0.50,carbonscaler_budget,ontario,56,0,72.0,41.08,29.24083333333333
optionB_budget0.90_beta0.0100_gamma0.50,carbonscaler_budget,ontario,57,0,69.0,43.51,27.15833333333333
optionB_budget0.90_beta0.0100_gamma0.50,carbonscaler_budget,ontario,58,0,79.0,43.42,25.7025
optionB_budget0.90_beta0.0100_gamma0.50,carbonscaler_budget,ontario,59,0,83.0,45.31,38.740833333333335
optionB_budget0.90_beta0.0100_gamma0.50,carbonscaler_budget,ontario,60,0,95.0,46.51,27.8175
optionB_budget0.90_beta0.0100_gamma0.50,carbonscaler_budget,ontario,61,0,102.0,48.6,34.40916666666667
optionB_budget0.90_beta0.0100_gamma0.50,carbonscaler_budget,ontario,62,0,102.0,50.34,62.815
optionB_budget0.90_beta0.0100_gamma0.50,carbonscaler_budget,ontario,63,0,102.0,58.05,259.62416666666667
optionB_budget0.90_beta0.0100_gamma0.50,carbonscaler_budget,ontario,64,0,113.0,63.16,86.6925
optionB_budget0.90_beta0.0100_gamma0.50,carbonscaler_budget,ontario,65,0,107.0,68.53,68.18083333333333
optionB_budget0.90_beta0.0100_gamma0.50,carbonscaler_budget,ontario,66,0,116.0,93.18,42.89666666666667
optionB_budget0.90_beta0.0100_gamma0.50,carbonscaler_budget,ontario,67,0,122.0,88.3,31.522499999999997
optionB_budget0.90_beta0.0100_gamma0.50,carbonscaler_budget,ontario,68,0,125.0,59.9,34.58416666666667
optionB_budget0.90_beta0.0100_gamma0.50,carbonscaler_budget,ontario,69,0,127.0,42.02,28.534166666666664
optionB_budget0.90_beta0.0100_gamma0.50,carbonscaler_budget,ontario,70,0,128.0,36.39,34.01333333333333
optionB_budget0.90_beta0.0100_gamma0.50,carbonscaler_budget,ontario,71,0,125.0,32.74,28.38416666666667
optionB_budget0.90_beta0.0100_gamma0.50,carbonscaler_budget,ontario,72,0,120.0,28.68,22.7325
optionB_budget0.90_beta0.0100_gamma0.50,carbonscaler_budget,ontario,73,0,116.0,28.64,19.643333333333334
optionB_budget0.90_beta0.0100_gamma0.50,carbonscaler_budget,ontario,74,0,106.0,26.46,17.49
optionB_budget0.90_beta0.0100_gamma0.50,carbonscaler_budget,ontario,75,0,115.0,28.46,16.575833333333332
optionB_budget0.90_beta0.0100_gamma0.50,carbonscaler_budget,ontario,76,0,106.0,31.0,5.333333333333333
optionB_budget0.90_beta0.0100_gamma0.50,carbonscaler_budget,ontario,77,0,101.0,30.35,0.11750000000000001
optionB_budget0.90_beta0.0100_gamma0.50,carbonscaler_budget,ontario,78,0,85.0,34.27,1.3058333333333334
optionB_budget0.90_beta0.0100_gamma0.50,carbonscaler_budget,ontario,79,0,76.0,41.23,2.350833333333333
optionB_budget0.90_beta0.0100_gamma0.50,carbonscaler_budget,ontario,80,0,74.0,44.8,17.661666666666665
optionB_budget0.90_beta0.0100_gamma0.50,carbonscaler_budget,ontario,81,0,78.0,40.27,309.79083333333335
optionB_budget0.90_beta0.0100_gamma0.50,carbonscaler_budget,ontario,82,0,82.0,33.88,64.495
optionB_budget0.90_beta0.0100_gamma0.50,carbonscaler_budget,ontario,83,0,78.0,33.33,56.17916666666667
optionB_budget0.90_beta0.0100_gamma0.50,carbonscaler_budget,ontario,84,0,77.0,33.98,41.751666666666665
optionB_budget0.90_beta0.0100_gamma0.50,carbonscaler_budget,ontario,85,0,82.0,35.01,49.869166666666665
optionB_budget0.90_beta0.0100_gamma0.50,carbonscaler_budget,ontario,86,0,106.0,39.71,33.9275
optionB_budget0.90_beta0.0100_gamma0.50,carbonscaler_budget,ontario,87,0,114.0,43.6,29.6075
optionB_budget0.90_beta0.0100_gamma0.50,carbonscaler_budget,ontario,88,0,115.0,45.42,26.890833333333333
optionB_budget0.90_beta0.0100_gamma0.50,carbonscaler_budget,ontario,89,0,114.0,65.47,44.94916666666666
optionB_budget0.90_beta0.0100_gamma0.50,carbonscaler_budget,ontario,90,0,114.0,97.57,69.5475
optionB_budget0.90_beta0.0100_gamma0.50,carbonscaler_budget,ontario,91,0,117.0,91.59,49.107499999999995
optionB_budget0.90_beta0.0100_gamma0.50,carbonscaler_budget,ontario,92,0,117.0,60.83,34.73416666666667
optionB_budget0.90_beta0.0100_gamma0.50,carbonscaler_budget,ontario,93,0,120.0,40.07,31.221666666666668
optionB_budget0.90_beta0.0100_gamma0.50,carbonscaler_budget,ontario,94,0,134.0,35.25,27.25166666666667
optionB_budget0.90_beta0.0100_gamma0.50,carbonscaler_budget,ontario,95,0,140.0,31.68,22.011666666666667
optionB_budget0.90_beta0.0100_gamma0.50,carbonscaler_budget,ontario,96,0,139.0,35.25,22.888333333333332
optionB_budget0.90_beta0.0100_gamma0.50,carbonscaler_budget,ontario,97,0,133.0,31.63,16.738333333333333
optionB_budget0.90_beta0.0100_gamma0.50,carbonscaler_budget,ontario,98,0,128.0,32.45,18.855
optionB_budget0.90_beta0.0100_gamma0.50,carbonscaler_budget,ontario,99,0,121.0,35.25,19.664166666666667
optionB_budget0.90_beta0.0100_gamma0.50,carbonscaler_budget,ontario,100,0,110.0,34.56,30.938333333333333
optionB_budget0.90_beta0.0100_gamma0.50,carbonscaler_budget,ontario,101,0,106.0,37.63,43.03666666666667
optionB_budget0.90_beta0.0100_gamma0.50,carbonscaler_budget,ontario,102,0,95.0,50.91,53.759166666666665
optionB_budget0.90_beta0.0100_gamma0.50,carbonscaler_budget,ontario,103,0,96.0,45.92,50.67333333333334
optionB_budget0.90_beta0.0100_gamma0.50,carbonscaler_budget,ontario,104,0,95.0,45.16,37.01333333333333
optionB_budget0.90_beta0.0100_gamma0.50,carbonscaler_budget,ontario,105,0,101.0,42.88,20.0675
optionB_budget0.90_beta0.0100_gamma0.50,carbonscaler_budget,ontario,106,0,112.0,43.2,10.8925
optionB_budget0.90_beta0.0100_gamma0.50,carbonscaler_budget,ontario,107,0,125.0,44.74,12.486666666666666
optionB_budget0.90_beta0.0100_gamma0.50,carbonscaler_budget,ontario,108,0,126.0,45.02,31.290833333333335
optionB_budget0.90_beta0.0100_gamma0.50,carbonscaler_budget,ontario,109,0,122.0,38.9,60.625
optionB_budget0.90_beta0.0100_gamma0.50,carbonscaler_budget,ontario,110,0,104.0,29.92,50.5375
optionB_budget0.90_beta0.0100_gamma0.50,carbonscaler_budget,ontario,111,0,104.0,34.24,64.04833333333333
optionB_budget0.90_beta0.0100_gamma0.50,carbonscaler_budget,ontario,112,0,104.0,48.42,69.30416666666666
optionB_budget0.90_beta0.0100_gamma0.50,carbonscaler_budget,ontario,113,0,109.0,62.22,71.61083333333333
optionB_budget0.90_beta0.0100_gamma0.50,carbonscaler_budget,ontario,114,0,109.0,55.44,22.609166666666667
optionB_budget0.90_beta0.0100_gamma0.50,carbonscaler_budget,ontario,115,0,108.0,45.27,16.400833333333335
optionB_budget0.90_beta0.0100_gamma0.50,carbonscaler_budget,ontario,116,0,110.0,41.53,13.129166666666668
optionB_budget0.90_beta0.0100_gamma0.50,carbonscaler_budget,ontario,117,0,118.0,32.29,15.157499999999999
optionB_budget0.90_beta0.0100_gamma0.50,carbonscaler_budget,ontario,118,0,114.0,28.02,1.1275000000000002
optionB_budget0.90_beta0.0100_gamma0.50,carbonscaler_budget,ontario,119,0,105.0,23.02,2.3566666666666665
optionB_budget0.90_beta0.0100_gamma0.50,carbonscaler_budget,ontario,120,0,89.0,7.67,3.641666666666667
optionB_budget0.90_beta0.0100_gamma0.50,carbonscaler_budget,ontario,121,0,78.0,6.48,0.18333333333333335
optionB_budget0.90_beta0.0100_gamma0.50,carbonscaler_budget,ontario,122,0,73.0,6.36,0.6066666666666667
optionB_budget0.90_beta0.0100_gamma0.50,carbonscaler_budget,ontario,123,0,63.0,6.54,0.5066666666666667
optionB_budget0.90_beta0.0100_gamma0.50,carbonscaler_budget,ontario,124,0,50.0,5.85,0.055
optionB_budget0.90_beta0.0100_gamma0.50,carbonscaler_budget,ontario,125,1,25.0,4.96,0.205
optionB_budget0.90_beta0.0100_gamma0.50,carbonscaler_budget,ontario,126,2,19.0,0.0,0.8916666666666666
optionB_budget0.90_beta0.0100_gamma0.50,carbonscaler_budget,ontario,127,2,19.0,0.0,1.7
optionB_budget0.90_beta0.0100_gamma0.50,carbonscaler_budget,ontario,128,2,19.0,4.04,7.135833333333333
optionB_budget0.90_beta0.0100_gamma0.50,carbonscaler_budget,ontario,129,2,19.0,6.14,7.169999999999999
optionB_budget0.90_beta0.0100_gamma0.50,carbonscaler_budget,ontario,130,2,20.0,6.59,3.830833333333333
optionB_budget0.90_beta0.0100_gamma0.50,carbonscaler_budget,ontario,131,2,19.0,10.27,1.3683333333333334
optionB_budget0.90_beta0.0100_gamma0.50,carbonscaler_budget,ontario,132,2,20.0,12.17,3.124166666666667
optionB_budget0.90_beta0.0100_gamma0.50,carbonscaler_budget,ontario,133,2,20.0,23.07,7.541666666666667
optionB_budget0.90_beta0.0100_gamma0.50,carbonscaler_budget,ontario,134,2,20.0,22.33,17.98333333333333
optionB_budget0.90_beta0.0100_gamma0.50,carbonscaler_budget,ontario,135,2,20.0,27.13,271.9775
optionB_budget0.90_beta0.0100_gamma0.50,carbonscaler_budget,ontario,136,2,20.0,31.7,226.4891666666667
optionB_budget0.90_beta0.0100_gamma0.50,carbonscaler_budget,ontario,137,1,21.0,43.63,53.12416666666666
optionB_budget0.90_beta0.0100_gamma0.50,carbonscaler_budget,ontario,138,1,25.0,44.6,28.73333333333333
optionB_budget0.90_beta0.0100_gamma0.50,carbonscaler_budget,ontario,139,0,31.0,44.27,30.3875
optionB_budget0.90_beta0.0100_gamma0.50,carbonscaler_budget,ontario,140,0,44.0,40.66,26.551666666666666
optionB_budget0.90_beta0.0100_gamma0.50,carbonscaler_budget,ontario,141,0,59.0,34.9,17.886666666666667
optionB_budget0.90_beta0.0100_gamma0.50,carbonscaler_budget,ontario,142,0,56.0,27.19,33.0425
optionB_budget0.90_beta0.0100_gamma0.50,carbonscaler_budget,ontario,143,0,50.0,24.14,41.13916666666667
optionB_budget0.90_beta0.0100_gamma0.50,carbonscaler_budget,ontario,144,0,51.0,18.56,126.9175
optionB_budget0.90_beta0.0100_gamma0.50,carbonscaler_budget,ontario,145,0,47.0,20.59,34.336666666666666
optionB_budget0.90_beta0.0100_gamma0.50,carbonscaler_budget,ontario,146,0,41.0,20.65,15.604166666666666
optionB_budget0.90_beta0.0100_gamma0.50,carbonscaler_budget,ontario,147,0,43.0,25.11,11.890833333333333
optionB_budget0.90_beta0.0100_gamma0.50,carbonscaler_budget,ontario,148,0,48.0,27.45,21.102500000000003
optionB_budget0.90_beta0.0100_gamma0.50,carbonscaler_budget,ontario,149,0,51.0,25.42,47.294999999999995
optionB_budget0.90_beta0.0100_gamma0.50,carbonscaler_budget,ontario,150,0,48.0,30.27,34.4625
optionB_budget0.90_beta0.0100_gamma0.50,carbonscaler_budget,ontario,151,0,42.0,31.89,74.80833333333334
optionB_budget0.90_beta0.0100_gamma0.50,carbonscaler_budget,ontario,152,0,43.0,26.94,9.879166666666666
optionB_budget0.90_beta0.0100_gamma0.50,carbonscaler_budget,ontario,153,0,45.0,27.02,2.0325
optionB_budget0.90_beta0.0100_gamma0.50,carbonscaler_budget,ontario,154,0,54.0,27.62,12.414166666666667
optionB_budget0.90_beta0.0100_gamma0.50,carbonscaler_budget,ontario,155,0,53.0,19.97,31.2075
optionB_budget0.90_beta0.0100_gamma0.50,carbonscaler_budget,ontario,156,0,61.0,20.25,35.7975
optionB_budget0.90_beta0.0100_gamma0.50,carbonscaler_budget,ontario,157,0,52.0,18.08,27.594166666666666
optionB_budget0.90_beta0.0100_gamma0.50,carbonscaler_budget,ontario,158,0,47.0,18.08,19.763333333333332
optionB_budget0.90_beta0.0100_gamma0.50,carbonscaler_budget,ontario,159,0,46.0,23.4,22.815833333333334
optionB_budget0.90_beta0.0100_gamma0.50,carbonscaler_budget,ontario,160,0,49.0,26.71,23.8025
optionB_budget0.90_beta0.0100_gamma0.50,carbonscaler_budget,ontario,161,0,54.0,40.16,38.34666666666667
optionB_budget0.90_beta0.0100_gamma0.50,carbonscaler_budget,ontario,162,0,50.0,48.19,32.54333333333333
optionB_budget0.90_beta0.0100_gamma0.50,carbonscaler_budget,ontario,163,0,52.0,57.72,53.36166666666667
optionB_budget0.90_beta0.0100_gamma0.50,carbonscaler_budget,ontario,164,0,58.0,47.14,133.0875
optionB_budget0.90_beta0.0100_gamma0.50,carbonscaler_budget,ontario,165,0,63.0,42.9,33.722500000000004
optionB_budget0.90_beta0.0100_gamma0.50,carbonscaler_budget,ontario,166,0,77.0,34.87,34.745
optionB_budget0.90_beta0.0100_gamma0.50,carbonscaler_budget,ontario,167,0,75.0,29.21,28.75916666666667
optionB_budget0.90_beta0.0200_gamma0.50,carbonscaler_budget,ontario,0,0,55.0,10.14,12.723333333333334
optionB_budget0.90_beta0.0200_gamma0.50,carbonscaler_budget,ontario,1,0,48.0,9.36,5.970833333333334
optionB_budget0.90_beta0.0200_gamma0.50,carbonscaler_budget,ontario,2,0,45.0,9.06,7.86
optionB_budget0.90_beta0.0200_gamma0.50,carbonscaler_budget,ontario,3,0,34.0,10.08,14.696666666666665
optionB_budget0.90_beta0.0200_gamma0.50,carbonscaler_budget,ontario,4,0,32.0,14.33,34.67416666666667
optionB_budget0.90_beta0.0200_gamma0.50,carbonscaler_budget,ontario,5,0,32.0,19.15,26.945000000000004
optionB_budget0.90_beta0.0200_gamma0.50,carbonscaler_budget,ontario,6,0,32.0,35.55,36.14
optionB_budget0.90_beta0.0200_gamma0.50,carbonscaler_budget,ontario,7,0,32.0,35.33,32.5175
optionB_budget0.90_beta0.0200_gamma0.50,carbonscaler_budget,ontario,8,0,33.0,30.29,33.76916666666666
optionB_budget0.90_beta0.0200_gamma0.50,carbonscaler_budget,ontario,9,0,39.0,30.48,14.690833333333332
optionB_budget0.90_beta0.0200_gamma0.50,carbonscaler_budget,ontario,10,0,44.0,31.4,11.320833333333333
optionB_budget0.90_beta0.0200_gamma0.50,carbonscaler_budget,ontario,11,0,52.0,33.38,13.204166666666666
optionB_budget0.90_beta0.0200_gamma0.50,carbonscaler_budget,ontario,12,0,55.0,34.47,2.6
optionB_budget0.90_beta0.0200_gamma0.50,carbonscaler_budget,ontario,13,0,56.0,37.07,13.165
optionB_budget0.90_beta0.0200_gamma0.50,carbonscaler_budget,ontario,14,0,50.0,36.14,17.45
optionB_budget0.90_beta0.0200_gamma0.50,carbonscaler_budget,ontario,15,0,53.0,36.43,31.770833333333332
optionB_budget0.90_beta0.0200_gamma0.50,carbonscaler_budget,ontario,16,0,56.0,46.88,55.70666666666667
optionB_budget0.90_beta0.0200_gamma0.50,carbonscaler_budget,ontario,17,0,60.0,54.49,60.38666666666666
optionB_budget0.90_beta0.0200_gamma0.50,carbonscaler_budget,ontario,18,0,64.0,74.91,244.5533333333333
optionB_budget0.90_beta0.0200_gamma0.50,carbonscaler_budget,ontario,19,0,69.0,99.9,97.6475
optionB_budget0.90_beta0.0200_gamma0.50,carbonscaler_budget,ontario,20,0,79.0,63.3,122.53583333333334
optionB_budget0.90_beta0.0200_gamma0.50,carbonscaler_budget,ontario,21,0,100.0,43.0,28.940833333333334
optionB_budget0.90_beta0.0200_gamma0.50,carbonscaler_budget,ontario,22,0,105.0,33.65,26.91
optionB_budget0.90_beta0.0200_gamma0.50,carbonscaler_budget,ontario,23,0,114.0,34.59,21.63083333333333
optionB_budget0.90_beta0.0200_gamma0.50,carbonscaler_budget,ontario,24,0,116.0,42.27,19.504166666666666
optionB_budget0.90_beta0.0200_gamma0.50,carbonscaler_budget,ontario,25,0,117.0,35.57,14.384166666666665
optionB_budget0.90_beta0.0200_gamma0.50,carbonscaler_budget,ontario,26,0,101.0,32.42,1.3316666666666668
optionB_budget0.90_beta0.0200_gamma0.50,carbonscaler_budget,ontario,27,0,95.0,32.28,0.0
optionB_budget0.90_beta0.0200_gamma0.50,carbonscaler_budget,ontario,28,0,87.0,35.23,0.5166666666666667
optionB_budget0.90_beta0.0200_gamma0.50,carbonscaler_budget,ontario,29,0,70.0,34.07,16.916666666666668
optionB_budget0.90_beta0.0200_gamma0.50,carbonscaler_budget,ontario,30,0,67.0,43.68,30.46083333333333
optionB_budget0.90_beta0.0200_gamma0.50,carbonscaler_budget,ontario,31,0,67.0,42.18,20.410833333333333
optionB_budget0.90_beta0.0200_gamma0.50,carbonscaler_budget,ontario,32,0,67.0,38.78,26.3875
optionB_budget0.90_beta0.0200_gamma0.50,carbonscaler_budget,ontario,33,0,65.0,38.58,22.519166666666667
optionB_budget0.90_beta0.0200_gamma0.50,carbonscaler_budget,ontario,34,0,64.0,42.91,27.260833333333334
optionB_budget0.90_beta0.0200_gamma0.50,carbonscaler_budget,ontario,35,0,73.0,42.84,18.598333333333333
optionB_budget0.90_beta0.0200_gamma0.50,carbonscaler_budget,ontario,36,0,68.0,40.08,41.99333333333333
optionB_budget0.90_beta0.0200_gamma0.50,carbonscaler_budget,ontario,37,0,71.0,43.84,44.544999999999995
optionB_budget0.90_beta0.0200_gamma0.50,carbonscaler_budget,ontario,38,0,67.0,44.96,45.98416666666666
optionB_budget0.90_beta0.0200_gamma0.50,carbonscaler_budget,ontario,39,0,65.0,44.09,44.192499999999995
optionB_budget0.90_beta0.0200_gamma0.50,carbonscaler_budget,ontario,40,0,65.0,51.21,39.36666666666667
optionB_budget0.90_beta0.0200_gamma0.50,carbonscaler_budget,ontario,41,0,82.0,59.92,32.435
optionB_budget0.90_beta0.0200_gamma0.50,carbonscaler_budget,ontario,42,0,91.0,77.65,36.375
optionB_budget0.90_beta0.0200_gamma0.50,carbonscaler_budget,ontario,43,0,103.0,76.38,34.59
optionB_budget0.90_beta0.0200_gamma0.50,carbonscaler_budget,ontario,44,0,110.0,56.96,29.3225
optionB_budget0.90_beta0.0200_gamma0.50,carbonscaler_budget,ontario,45,0,107.0,43.68,22.377499999999998
optionB_budget0.90_beta0.0200_gamma0.50,carbonscaler_budget,ontario,46,0,104.0,40.54,15.515
optionB_budget0.90_beta0.0200_gamma0.50,carbonscaler_budget,ontario,47,0,106.0,33.18,14.910000000000002
optionB_budget0.90_beta0.0200_gamma0.50,carbonscaler_budget,ontario,48,0,104.0,32.14,11.148333333333333
optionB_budget0.90_beta0.0200_gamma0.50,carbonscaler_budget,ontario,49,0,100.0,30.12,8.441666666666666
optionB_budget0.90_beta0.0200_gamma0.50,carbonscaler_budget,ontario,50,0,92.0,31.12,149.02666666666667
optionB_budget0.90_beta0.0200_gamma0.50,carbonscaler_budget,ontario,51,0,79.0,31.0,205.4908333333333
optionB_budget0.90_beta0.0200_gamma0.50,carbonscaler_budget,ontario,52,0,67.0,31.23,19.633333333333333
optionB_budget0.90_beta0.0200_gamma0.50,carbonscaler_budget,ontario,53,0,60.0,35.23,24.95
optionB_budget0.90_beta0.0200_gamma0.50,carbonscaler_budget,ontario,54,0,56.0,41.26,27.915000000000003
optionB_budget0.90_beta0.0200_gamma0.50,carbonscaler_budget,ontario,55,0,56.0,44.87,31.650000000000002
optionB_budget0.90_beta0.0200_gamma0.50,carbonscaler_budget,ontario,56,0,72.0,41.08,29.24083333333333
optionB_budget0.90_beta0.0200_gamma0.50,carbonscaler_budget,ontario,57,0,69.0,43.51,27.15833333333333
optionB_budget0.90_beta0.0200_gamma0.50,carbonscaler_budget,ontario,58,0,79.0,43.42,25.7025
optionB_budget0.90_beta0.0200_gamma0.50,carbonscaler_budget,ontario,59,0,83.0,45.31,38.740833333333335
optionB_budget0.90_beta0.0200_gamma0.50,carbonscaler_budget,ontario,60,0,95.0,46.51,27.8175
optionB_budget0.90_beta0.0200_gamma0.50,carbonscaler_budget,ontario,61,0,102.0,48.6,34.40916666666667
optionB_budget0.90_beta0.0200_gamma0.50,carbonscaler_budget,ontario,62,0,102.0,50.34,62.815
optionB_budget0.90_beta0.0200_gamma0.50,carbonscaler_budget,ontario,63,0,102.0,58.05,259.62416666666667
optionB_budget0.90_beta0.0200_gamma0.50,carbonscaler_budget,ontario,64,0,113.0,63.16,86.6925
optionB_budget0.90_beta0.0200_gamma0.50,carbonscaler_budget,ontario,65,0,107.0,68.53,68.18083333333333
optionB_budget0.90_beta0.0200_gamma0.50,carbonscaler_budget,ontario,66,0,116.0,93.18,42.89666666666667
optionB_budget0.90_beta0.0200_gamma0.50,carbonscaler_budget,ontario,67,0,122.0,88.3,31.522499999999997
optionB_budget0.90_beta0.0200_gamma0.50,carbonscaler_budget,ontario,68,0,125.0,59.9,34.58416666666667
optionB_budget0.90_beta0.0200_gamma0.50,carbonscaler_budget,ontario,69,0,127.0,42.02,28.534166666666664
optionB_budget0.90_beta0.0200_gamma0.50,carbonscaler_budget,ontario,70,0,128.0,36.39,34.01333333333333
optionB_budget0.90_beta0.0200_gamma0.50,carbonscaler_budget,ontario,71,0,125.0,32.74,28.38416666666667
optionB_budget0.90_beta0.0200_gamma0.50,carbonscaler_budget,ontario,72,0,120.0,28.68,22.7325
optionB_budget0.90_beta0.0200_gamma0.50,carbonscaler_budget,ontario,73,0,116.0,28.64,19.643333333333334
optionB_budget0.90_beta0.0200_gamma0.50,carbonscaler_budget,ontario,74,0,106.0,26.46,17.49
optionB_budget0.90_beta0.0200_gamma0.50,carbonscaler_budget,ontario,75,0,115.0,28.46,16.575833333333332
optionB_budget0.90_beta0.0200_gamma0.50,carbonscaler_budget,ontario,76,0,106.0,31.0,5.333333333333333
optionB_budget0.90_beta0.0200_gamma0.50,carbonscaler_budget,ontario,77,0,101.0,30.35,0.11750000000000001
optionB_budget0.90_beta0.0200_gamma0.50,carbonscaler_budget,ontario,78,0,85.0,34.27,1.3058333333333334
optionB_budget0.90_beta0.0200_gamma0.50,carbonscaler_budget,ontario,79,0,76.0,41.23,2.350833333333333
optionB_budget0.90_beta0.0200_gamma0.50,carbonscaler_budget,ontario,80,0,74.0,44.8,17.661666666666665
optionB_budget0.90_beta0.0200_gamma0.50,carbonscaler_budget,ontario,81,0,78.0,40.27,309.79083333333335
optionB_budget0.90_beta0.0200_gamma0.50,carbonscaler_budget,ontario,82,0,82.0,33.88,64.495
optionB_budget0.90_beta0.0200_gamma0.50,carbonscaler_budget,ontario,83,0,78.0,33.33,56.17916666666667
optionB_budget0.90_beta0.0200_gamma0.50,carbonscaler_budget,ontario,84,0,77.0,33.98,41.751666666666665
optionB_budget0.90_beta0.0200_gamma0.50,carbonscaler_budget,ontario,85,0,82.0,35.01,49.869166666666665
optionB_budget0.90_beta0.0200_gamma0.50,carbonscaler_budget,ontario,86,0,106.0,39.71,33.9275
optionB_budget0.90_beta0.0200_gamma0.50,carbonscaler_budget,ontario,87,0,114.0,43.6,29.6075
optionB_budget0.90_beta0.0200_gamma0.50,carbonscaler_budget,ontario,88,0,115.0,45.42,26.890833333333333
optionB_budget0.90_beta0.0200_gamma0.50,carbonscaler_budget,ontario,89,0,114.0,65.47,44.94916666666666
optionB_budget0.90_beta0.0200_gamma0.50,carbonscaler_budget,ontario,90,0,114.0,97.57,69.5475
optionB_budget0.90_beta0.0200_gamma0.50,carbonscaler_budget,ontario,91,0,117.0,91.59,49.107499999999995
optionB_budget0.90_beta0.0200_gamma0.50,carbonscaler_budget,ontario,92,0,117.0,60.83,34.73416666666667
optionB_budget0.90_beta0.0200_gamma0.50,carbonscaler_budget,ontario,93,0,120.0,40.07,31.221666666666668
optionB_budget0.90_beta0.0200_gamma0.50,carbonscaler_budget,ontario,94,0,134.0,35.25,27.25166666666667
optionB_budget0.90_beta0.0200_gamma0.50,carbonscaler_budget,ontario,95,0,140.0,31.68,22.011666666666667
optionB_budget0.90_beta0.0200_gamma0.50,carbonscaler_budget,ontario,96,0,139.0,35.25,22.888333333333332
optionB_budget0.90_beta0.0200_gamma0.50,carbonscaler_budget,ontario,97,0,133.0,31.63,16.738333333333333
optionB_budget0.90_beta0.0200_gamma0.50,carbonscaler_budget,ontario,98,0,128.0,32.45,18.855
optionB_budget0.90_beta0.0200_gamma0.50,carbonscaler_budget,ontario,99,0,121.0,35.25,19.664166666666667
optionB_budget0.90_beta0.0200_gamma0.50,carbonscaler_budget,ontario,100,0,110.0,34.56,30.938333333333333
optionB_budget0.90_beta0.0200_gamma0.50,carbonscaler_budget,ontario,101,0,106.0,37.63,43.03666666666667
optionB_budget0.90_beta0.0200_gamma0.50,carbonscaler_budget,ontario,102,0,95.0,50.91,53.759166666666665
optionB_budget0.90_beta0.0200_gamma0.50,carbonscaler_budget,ontario,103,0,96.0,45.92,50.67333333333334
optionB_budget0.90_beta0.0200_gamma0.50,carbonscaler_budget,ontario,104,0,95.0,45.16,37.01333333333333
optionB_budget0.90_beta0.0200_gamma0.50,carbonscaler_budget,ontario,105,0,101.0,42.88,20.0675
optionB_budget0.90_beta0.0200_gamma0.50,carbonscaler_budget,ontario,106,0,112.0,43.2,10.8925
optionB_budget0.90_beta0.0200_gamma0.50,carbonscaler_budget,ontario,107,0,125.0,44.74,12.486666666666666
optionB_budget0.90_beta0.0200_gamma0.50,carbonscaler_budget,ontario,108,0,126.0,45.02,31.290833333333335
optionB_budget0.90_beta0.0200_gamma0.50,carbonscaler_budget,ontario,109,0,122.0,38.9,60.625
optionB_budget0.90_beta0.0200_gamma0.50,carbonscaler_budget,ontario,110,0,104.0,29.92,50.5375
optionB_budget0.90_beta0.0200_gamma0.50,carbonscaler_budget,ontario,111,0,104.0,34.24,64.04833333333333
optionB_budget0.90_beta0.0200_gamma0.50,carbonscaler_budget,ontario,112,0,104.0,48.42,69.30416666666666
optionB_budget0.90_beta0.0200_gamma0.50,carbonscaler_budget,ontario,113,0,109.0,62.22,71.61083333333333
optionB_budget0.90_beta0.0200_gamma0.50,carbonscaler_budget,ontario,114,0,109.0,55.44,22.609166666666667
optionB_budget0.90_beta0.0200_gamma0.50,carbonscaler_budget,ontario,115,0,108.0,45.27,16.400833333333335
optionB_budget0.90_beta0.0200_gamma0.50,carbonscaler_budget,ontario,116,0,110.0,41.53,13.129166666666668
optionB_budget0.90_beta0.0200_gamma0.50,carbonscaler_budget,ontario,117,0,118.0,32.29,15.157499999999999
optionB_budget0.90_beta0.0200_gamma0.50,carbonscaler_budget,ontario,118,0,114.0,28.02,1.1275000000000002
optionB_budget0.90_beta0.0200_gamma0.50,carbonscaler_budget,ontario,119,0,105.0,23.02,2.3566666666666665
optionB_budget0.90_beta0.0200_gamma0.50,carbonscaler_budget,ontario,120,0,89.0,7.67,3.641666666666667
optionB_budget0.90_beta0.0200_gamma0.50,carbonscaler_budget,ontario,121,0,78.0,6.48,0.18333333333333335
optionB_budget0.90_beta0.0200_gamma0.50,carbonscaler_budget,ontario,122,0,73.0,6.36,0.6066666666666667
optionB_budget0.90_beta0.0200_gamma0.50,carbonscaler_budget,ontario,123,0,63.0,6.54,0.5066666666666667
optionB_budget0.90_beta0.0200_gamma0.50,carbonscaler_budget,ontario,124,0,50.0,5.85,0.055
optionB_budget0.90_beta0.0200_gamma0.50,carbonscaler_budget,ontario,125,1,25.0,4.96,0.205
optionB_budget0.90_beta0.0200_gamma0.50,carbonscaler_budget,ontario,126,2,19.0,0.0,0.8916666666666666
optionB_budget0.90_beta0.0200_gamma0.50,carbonscaler_budget,ontario,127,2,19.0,0.0,1.7
optionB_budget0.90_beta0.0200_gamma0.50,carbonscaler_budget,ontario,128,2,19.0,4.04,7.135833333333333
optionB_budget0.90_beta0.0200_gamma0.50,carbonscaler_budget,ontario,129,2,19.0,6.14,7.169999999999999
optionB_budget0.90_beta0.0200_gamma0.50,carbonscaler_budget,ontario,130,2,20.0,6.59,3.830833333333333
optionB_budget0.90_beta0.0200_gamma0.50,carbonscaler_budget,ontario,131,2,19.0,10.27,1.3683333333333334
optionB_budget0.90_beta0.0200_gamma0.50,carbonscaler_budget,ontario,132,2,20.0,12.17,3.124166666666667
optionB_budget0.90_beta0.0200_gamma0.50,carbonscaler_budget,ontario,133,2,20.0,23.07,7.541666666666667
optionB_budget0.90_beta0.0200_gamma0.50,carbonscaler_budget,ontario,134,2,20.0,22.33,17.98333333333333
optionB_budget0.90_beta0.0200_gamma0.50,carbonscaler_budget,ontario,135,2,20.0,27.13,271.9775
optionB_budget0.90_beta0.0200_gamma0.50,carbonscaler_budget,ontario,136,2,20.0,31.7,226.4891666666667
optionB_budget0.90_beta0.0200_gamma0.50,carbonscaler_budget,ontario,137,1,21.0,43.63,53.12416666666666
optionB_budget0.90_beta0.0200_gamma0.50,carbonscaler_budget,ontario,138,1,25.0,44.6,28.73333333333333
optionB_budget0.90_beta0.0200_gamma0.50,carbonscaler_budget,ontario,139,0,31.0,44.27,30.3875
optionB_budget0.90_beta0.0200_gamma0.50,carbonscaler_budget,ontario,140,0,44.0,40.66,26.551666666666666
optionB_budget0.90_beta0.0200_gamma0.50,carbonscaler_budget,ontario,141,0,59.0,34.9,17.886666666666667
optionB_budget0.90_beta0.0200_gamma0.50,carbonscaler_budget,ontario,142,0,56.0,27.19,33.0425
optionB_budget0.90_beta0.0200_gamma0.50,carbonscaler_budget,ontario,143,0,50.0,24.14,41.13916666666667
optionB_budget0.90_beta0.0200_gamma0.50,carbonscaler_budget,ontario,144,0,51.0,18.56,126.9175
optionB_budget0.90_beta0.0200_gamma0.50,carbonscaler_budget,ontario,145,0,47.0,20.59,34.336666666666666
optionB_budget0.90_beta0.0200_gamma0.50,carbonscaler_budget,ontario,146,0,41.0,20.65,15.604166666666666
optionB_budget0.90_beta0.0200_gamma0.50,carbonscaler_budget,ontario,147,0,43.0,25.11,11.890833333333333
optionB_budget0.90_beta0.0200_gamma0.50,carbonscaler_budget,ontario,148,0,48.0,27.45,21.102500000000003
optionB_budget0.90_beta0.0200_gamma0.50,carbonscaler_budget,ontario,149,0,51.0,25.42,47.294999999999995
optionB_budget0.90_beta0.0200_gamma0.50,carbonscaler_budget,ontario,150,0,48.0,30.27,34.4625
optionB_budget0.90_beta0.0200_gamma0.50,carbonscaler_budget,ontario,151,0,42.0,31.89,74.80833333333334
optionB_budget0.90_beta0.0200_gamma0.50,carbonscaler_budget,ontario,152,0,43.0,26.94,9.879166666666666
optionB_budget0.90_beta0.0200_gamma0.50,carbonscaler_budget,ontario,153,0,45.0,27.02,2.0325
optionB_budget0.90_beta0.0200_gamma0.50,carbonscaler_budget,ontario,154,0,54.0,27.62,12.414166666666667
optionB_budget0.90_beta0.0200_gamma0.50,carbonscaler_budget,ontario,155,0,53.0,19.97,31.2075
optionB_budget0.90_beta0.0200_gamma0.50,carbonscaler_budget,ontario,156,0,61.0,20.25,35.7975
optionB_budget0.90_beta0.0200_gamma0.50,carbonscaler_budget,ontario,157,0,52.0,18.08,27.594166666666666
optionB_budget0.90_beta0.0200_gamma0.50,carbonscaler_budget,ontario,158,0,47.0,18.08,19.763333333333332
optionB_budget0.90_beta0.0200_gamma0.50,carbonscaler_budget,ontario,159,0,46.0,23.4,22.815833333333334
optionB_budget0.90_beta0.0200_gamma0.50,carbonscaler_budget,ontario,160,0,49.0,26.71,23.8025
optionB_budget0.90_beta0.0200_gamma0.50,carbonscaler_budget,ontario,161,0,54.0,40.16,38.34666666666667
optionB_budget0.90_beta0.0200_gamma0.50,carbonscaler_budget,ontario,162,0,50.0,48.19,32.54333333333333
optionB_budget0.90_beta0.0200_gamma0.50,carbonscaler_budget,ontario,163,0,52.0,57.72,53.36166666666667
optionB_budget0.90_beta0.0200_gamma0.50,carbonscaler_budget,ontario,164,0,58.0,47.14,133.0875
optionB_budget0.90_beta0.0200_gamma0.50,carbonscaler_budget,ontario,165,0,63.0,42.9,33.722500000000004
optionB_budget0.90_beta0.0200_gamma0.50,carbonscaler_budget,ontario,166,0,77.0,34.87,34.745
optionB_budget0.90_beta0.0200_gamma0.50,carbonscaler_budget,ontario,167,0,75.0,29.21,28.75916666666667
optionB_budget0.90_beta0.0400_gamma0.50,carbonscaler_budget,ontario,0,0,55.0,10.14,12.723333333333334
optionB_budget0.90_beta0.0400_gamma0.50,carbonscaler_budget,ontario,1,0,48.0,9.36,5.970833333333334
optionB_budget0.90_beta0.0400_gamma0.50,carbonscaler_budget,ontario,2,0,45.0,9.06,7.86
optionB_budget0.90_beta0.0400_gamma0.50,carbonscaler_budget,ontario,3,0,34.0,10.08,14.696666666666665
optionB_budget0.90_beta0.0400_gamma0.50,carbonscaler_budget,ontario,4,1,32.0,14.33,34.67416666666667
optionB_budget0.90_beta0.0400_gamma0.50,carbonscaler_budget,ontario,5,0,32.0,19.15,26.945000000000004
optionB_budget0.90_beta0.0400_gamma0.50,carbonscaler_budget,ontario,6,0,32.0,35.55,36.14
optionB_budget0.90_beta0.0400_gamma0.50,carbonscaler_budget,ontario,7,0,32.0,35.33,32.5175
optionB_budget0.90_beta0.0400_gamma0.50,carbonscaler_budget,ontario,8,0,33.0,30.29,33.76916666666666
optionB_budget0.90_beta0.0400_gamma0.50,carbonscaler_budget,ontario,9,0,39.0,30.48,14.690833333333332
optionB_budget0.90_beta0.0400_gamma0.50,carbonscaler_budget,ontario,10,0,44.0,31.4,11.320833333333333
optionB_budget0.90_beta0.0400_gamma0.50,carbonscaler_budget,ontario,11,0,52.0,33.38,13.204166666666666
optionB_budget0.90_beta0.0400_gamma0.50,carbonscaler_budget,ontario,12,0,55.0,34.47,2.6
optionB_budget0.90_beta0.0400_gamma0.50,carbonscaler_budget,ontario,13,0,56.0,37.07,13.165
optionB_budget0.90_beta0.0400_gamma0.50,carbonscaler_budget,ontario,14,0,50.0,36.14,17.45
optionB_budget0.90_beta0.0400_gamma0.50,carbonscaler_budget,ontario,15,0,53.0,36.43,31.770833333333332
optionB_budget0.90_beta0.0400_gamma0.50,carbonscaler_budget,ontario,16,0,56.0,46.88,55.70666666666667
optionB_budget0.90_beta0.0400_gamma0.50,carbonscaler_budget,ontario,17,0,60.0,54.49,60.38666666666666
optionB_budget0.90_beta0.0400_gamma0.50,carbonscaler_budget,ontario,18,0,64.0,74.91,244.5533333333333
optionB_budget0.90_beta0.0400_gamma0.50,carbonscaler_budget,ontario,19,0,69.0,99.9,97.6475
optionB_budget0.90_beta0.0400_gamma0.50,carbonscaler_budget,ontario,20,0,79.0,63.3,122.53583333333334
optionB_budget0.90_beta0.0400_gamma0.50,carbonscaler_budget,ontario,21,0,100.0,43.0,28.940833333333334
optionB_budget0.90_beta0.0400_gamma0.50,carbonscaler_budget,ontario,22,0,105.0,33.65,26.91
optionB_budget0.90_beta0.0400_gamma0.50,carbonscaler_budget,ontario,23,0,114.0,34.59,21.63083333333333
optionB_budget0.90_beta0.0400_gamma0.50,carbonscaler_budget,ontario,24,0,116.0,42.27,19.504166666666666
optionB_budget0.90_beta0.0400_gamma0.50,carbonscaler_budget,ontario,25,0,117.0,35.57,14.384166666666665
optionB_budget0.90_beta0.0400_gamma0.50,carbonscaler_budget,ontario,26,0,101.0,32.42,1.3316666666666668
optionB_budget0.90_beta0.0400_gamma0.50,carbonscaler_budget,ontario,27,0,95.0,32.28,0.0
optionB_budget0.90_beta0.0400_gamma0.50,carbonscaler_budget,ontario,28,0,87.0,35.23,0.5166666666666667
optionB_budget0.90_beta0.0400_gamma0.50,carbonscaler_budget,ontario,29,0,70.0,34.07,16.916666666666668
optionB_budget0.90_beta0.0400_gamma0.50,carbonscaler_budget,ontario,30,0,67.0,43.68,30.46083333333333
optionB_budget0.90_beta0.0400_gamma0.50,carbonscaler_budget,ontario,31,0,67.0,42.18,20.410833333333333
optionB_budget0.90_beta0.0400_gamma0.50,carbonscaler_budget,ontario,32,0,67.0,38.78,26.3875
optionB_budget0.90_beta0.0400_gamma0.50,carbonscaler_budget,ontario,33,0,65.0,38.58,22.519166666666667
optionB_budget0.90_beta0.0400_gamma0.50,carbonscaler_budget,ontario,34,0,64.0,42.91,27.260833333333334
optionB_budget0.90_beta0.0400_gamma0.50,carbonscaler_budget,ontario,35,0,73.0,42.84,18.598333333333333
optionB_budget0.90_beta0.0400_gamma0.50,carbonscaler_budget,ontario,36,0,68.0,40.08,41.99333333333333
optionB_budget0.90_beta0.0400_gamma0.50,carbonscaler_budget,ontario,37,0,71.0,43.84,44.544999999999995
optionB_budget0.90_beta0.0400_gamma0.50,carbonscaler_budget,ontario,38,0,67.0,44.96,45.98416666666666
optionB_budget0.90_beta0.0400_gamma0.50,carbonscaler_budget,ontario,39,0,65.0,44.09,44.192499999999995
optionB_budget0.90_beta0.0400_gamma0.50,carbonscaler_budget,ontario,40,0,65.0,51.21,39.36666666666667
optionB_budget0.90_beta0.0400_gamma0.50,carbonscaler_budget,ontario,41,0,82.0,59.92,32.435
optionB_budget0.90_beta0.0400_gamma0.50,carbonscaler_budget,ontario,42,0,91.0,77.65,36.375
optionB_budget0.90_beta0.0400_gamma0.50,carbonscaler_budget,ontario,43,0,103.0,76.38,34.59
optionB_budget0.90_beta0.0400_gamma0.50,carbonscaler_budget,ontario,44,0,110.0,56.96,29.3225
optionB_budget0.90_beta0.0400_gamma0.50,carbonscaler_budget,ontario,45,0,107.0,43.68,22.377499999999998
optionB_budget0.90_beta0.0400_gamma0.50,carbonscaler_budget,ontario,46,0,104.0,40.54,15.515
optionB_budget0.90_beta0.0400_gamma0.50,carbonscaler_budget,ontario,47,0,106.0,33.18,14.910000000000002
optionB_budget0.90_beta0.0400_gamma0.50,carbonscaler_budget,ontario,48,0,104.0,32.14,11.148333333333333
optionB_budget0.90_beta0.0400_gamma0.50,carbonscaler_budget,ontario,49,0,100.0,30.12,8.441666666666666
optionB_budget0.90_beta0.0400_gamma0.50,carbonscaler_budget,ontario,50,0,92.0,31.12,149.02666666666667
optionB_budget0.90_beta0.0400_gamma0.50,carbonscaler_budget,ontario,51,0,79.0,31.0,205.4908333333333
optionB_budget0.90_beta0.0400_gamma0.50,carbonscaler_budget,ontario,52,0,67.0,31.23,19.633333333333333
optionB_budget0.90_beta0.0400_gamma0.50,carbonscaler_budget,ontario,53,0,60.0,35.23,24.95
optionB_budget0.90_beta0.0400_gamma0.50,carbonscaler_budget,ontario,54,0,56.0,41.26,27.915000000000003
optionB_budget0.90_beta0.0400_gamma0.50,carbonscaler_budget,ontario,55,0,56.0,44.87,31.650000000000002
optionB_budget0.90_beta0.0400_gamma0.50,carbonscaler_budget,ontario,56,0,72.0,41.08,29.24083333333333
optionB_budget0.90_beta0.0400_gamma0.50,carbonscaler_budget,ontario,57,0,69.0,43.51,27.15833333333333
optionB_budget0.90_beta0.0400_gamma0.50,carbonscaler_budget,ontario,58,0,79.0,43.42,25.7025
optionB_budget0.90_beta0.0400_gamma0.50,carbonscaler_budget,ontario,59,0,83.0,45.31,38.740833333333335
optionB_budget0.90_beta0.0400_gamma0.50,carbonscaler_budget,ontario,60,0,95.0,46.51,27.8175
optionB_budget0.90_beta0.0400_gamma0.50,carbonscaler_budget,ontario,61,0,102.0,48.6,34.40916666666667
optionB_budget0.90_beta0.0400_gamma0.50,carbonscaler_budget,ontario,62,0,102.0,50.34,62.815
optionB_budget0.90_beta0.0400_gamma0.50,carbonscaler_budget,ontario,63,0,102.0,58.05,259.62416666666667
optionB_budget0.90_beta0.0400_gamma0.50,carbonscaler_budget,ontario,64,0,113.0,63.16,86.6925
optionB_budget0.90_beta0.0400_gamma0.50,carbonscaler_budget,ontario,65,0,107.0,68.53,68.18083333333333
optionB_budget0.90_beta0.0400_gamma0.50,carbonscaler_budget,ontario,66,0,116.0,93.18,42.89666666666667
optionB_budget0.90_beta0.0400_gamma0.50,carbonscaler_budget,ontario,67,0,122.0,88.3,31.522499999999997
optionB_budget0.90_beta0.0400_gamma0.50,carbonscaler_budget,ontario,68,0,125.0,59.9,34.58416666666667
optionB_budget0.90_beta0.0400_gamma0.50,carbonscaler_budget,ontario,69,0,127.0,42.02,28.534166666666664
optionB_budget0.90_beta0.0400_gamma0.50,carbonscaler_budget,ontario,70,0,128.0,36.39,34.01333333333333
optionB_budget0.90_beta0.0400_gamma0.50,carbonscaler_budget,ontario,71,0,125.0,32.74,28.38416666666667
optionB_budget0.90_beta0.0400_gamma0.50,carbonscaler_budget,ontario,72,0,120.0,28.68,22.7325
optionB_budget0.90_beta0.0400_gamma0.50,carbonscaler_budget,ontario,73,0,116.0,28.64,19.643333333333334
optionB_budget0.90_beta0.0400_gamma0.50,carbonscaler_budget,ontario,74,0,106.0,26.46,17.49
optionB_budget0.90_beta0.0400_gamma0.50,carbonscaler_budget,ontario,75,0,115.0,28.46,16.575833333333332
optionB_budget0.90_beta0.0400_gamma0.50,carbonscaler_budget,ontario,76,0,106.0,31.0,5.333333333333333
optionB_budget0.90_beta0.0400_gamma0.50,carbonscaler_budget,ontario,77,0,101.0,30.35,0.11750000000000001
optionB_budget0.90_beta0.0400_gamma0.50,carbonscaler_budget,ontario,78,0,85.0,34.27,1.3058333333333334
optionB_budget0.90_beta0.0400_gamma0.50,carbonscaler_budget,ontario,79,0,76.0,41.23,2.350833333333333
optionB_budget0.90_beta0.0400_gamma0.50,carbonscaler_budget,ontario,80,0,74.0,44.8,17.661666666666665
optionB_budget0.90_beta0.0400_gamma0.50,carbonscaler_budget,ontario,81,0,78.0,40.27,309.79083333333335
optionB_budget0.90_beta0.0400_gamma0.50,carbonscaler_budget,ontario,82,0,82.0,33.88,64.495
optionB_budget0.90_beta0.0400_gamma0.50,carbonscaler_budget,ontario,83,0,78.0,33.33,56.17916666666667
optionB_budget0.90_beta0.0400_gamma0.50,carbonscaler_budget,ontario,84,0,77.0,33.98,41.751666666666665
optionB_budget0.90_beta0.0400_gamma0.50,carbonscaler_budget,ontario,85,0,82.0,35.01,49.869166666666665
optionB_budget0.90_beta0.0400_gamma0.50,carbonscaler_budget,ontario,86,0,106.0,39.71,33.9275
optionB_budget0.90_beta0.0400_gamma0.50,carbonscaler_budget,ontario,87,0,114.0,43.6,29.6075
optionB_budget0.90_beta0.0400_gamma0.50,carbonscaler_budget,ontario,88,0,115.0,45.42,26.890833333333333
optionB_budget0.90_beta0.0400_gamma0.50,carbonscaler_budget,ontario,89,0,114.0,65.47,44.94916666666666
optionB_budget0.90_beta0.0400_gamma0.50,carbonscaler_budget,ontario,90,0,114.0,97.57,69.5475
optionB_budget0.90_beta0.0400_gamma0.50,carbonscaler_budget,ontario,91,0,117.0,91.59,49.107499999999995
optionB_budget0.90_beta0.0400_gamma0.50,carbonscaler_budget,ontario,92,0,117.0,60.83,34.73416666666667
optionB_budget0.90_beta0.0400_gamma0.50,carbonscaler_budget,ontario,93,0,120.0,40.07,31.221666666666668
optionB_budget0.90_beta0.0400_gamma0.50,carbonscaler_budget,ontario,94,0,134.0,35.25,27.25166666666667
optionB_budget0.90_beta0.0400_gamma0.50,carbonscaler_budget,ontario,95,0,140.0,31.68,22.011666666666667
optionB_budget0.90_beta0.0400_gamma0.50,carbonscaler_budget,ontario,96,0,139.0,35.25,22.888333333333332
optionB_budget0.90_beta0.0400_gamma0.50,carbonscaler_budget,ontario,97,0,133.0,31.63,16.738333333333333
optionB_budget0.90_beta0.0400_gamma0.50,carbonscaler_budget,ontario,98,0,128.0,32.45,18.855
optionB_budget0.90_beta0.0400_gamma0.50,carbonscaler_budget,ontario,99,0,121.0,35.25,19.664166666666667
optionB_budget0.90_beta0.0400_gamma0.50,carbonscaler_budget,ontario,100,0,110.0,34.56,30.938333333333333
optionB_budget0.90_beta0.0400_gamma0.50,carbonscaler_budget,ontario,101,0,106.0,37.63,43.03666666666667
optionB_budget0.90_beta0.0400_gamma0.50,carbonscaler_budget,ontario,102,0,95.0,50.91,53.759166666666665
optionB_budget0.90_beta0.0400_gamma0.50,carbonscaler_budget,ontario,103,0,96.0,45.92,50.67333333333334
optionB_budget0.90_beta0.0400_gamma0.50,carbonscaler_budget,ontario,104,0,95.0,45.16,37.01333333333333
optionB_budget0.90_beta0.0400_gamma0.50,carbonscaler_budget,ontario,105,0,101.0,42.88,20.0675
optionB_budget0.90_beta0.0400_gamma0.50,carbonscaler_budget,ontario,106,0,112.0,43.2,10.8925
optionB_budget0.90_beta0.0400_gamma0.50,carbonscaler_budget,ontario,107,0,125.0,44.74,12.486666666666666
optionB_budget0.90_beta0.0400_gamma0.50,carbonscaler_budget,ontario,108,0,126.0,45.02,31.290833333333335
optionB_budget0.90_beta0.0400_gamma0.50,carbonscaler_budget,ontario,109,0,122.0,38.9,60.625
optionB_budget0.90_beta0.0400_gamma0.50,carbonscaler_budget,ontario,110,0,104.0,29.92,50.5375
optionB_budget0.90_beta0.0400_gamma0.50,carbonscaler_budget,ontario,111,0,104.0,34.24,64.04833333333333
optionB_budget0.90_beta0.0400_gamma0.50,carbonscaler_budget,ontario,112,0,104.0,48.42,69.30416666666666
optionB_budget0.90_beta0.0400_gamma0.50,carbonscaler_budget,ontario,113,0,109.0,62.22,71.61083333333333
optionB_budget0.90_beta0.0400_gamma0.50,carbonscaler_budget,ontario,114,0,109.0,55.44,22.609166666666667
optionB_budget0.90_beta0.0400_gamma0.50,carbonscaler_budget,ontario,115,0,108.0,45.27,16.400833333333335
optionB_budget0.90_beta0.0400_gamma0.50,carbonscaler_budget,ontario,116,0,110.0,41.53,13.129166666666668
optionB_budget0.90_beta0.0400_gamma0.50,carbonscaler_budget,ontario,117,0,118.0,32.29,15.157499999999999
optionB_budget0.90_beta0.0400_gamma0.50,carbonscaler_budget,ontario,118,0,114.0,28.02,1.1275000000000002
optionB_budget0.90_beta0.0400_gamma0.50,carbonscaler_budget,ontario,119,0,105.0,23.02,2.3566666666666665
optionB_budget0.90_beta0.0400_gamma0.50,carbonscaler_budget,ontario,120,0,89.0,7.67,3.641666666666667
optionB_budget0.90_beta0.0400_gamma0.50,carbonscaler_budget,ontario,121,0,78.0,6.48,0.18333333333333335
optionB_budget0.90_beta0.0400_gamma0.50,carbonscaler_budget,ontario,122,0,73.0,6.36,0.6066666666666667
optionB_budget0.90_beta0.0400_gamma0.50,carbonscaler_budget,ontario,123,0,63.0,6.54,0.5066666666666667
optionB_budget0.90_beta0.0400_gamma0.50,carbonscaler_budget,ontario,124,0,50.0,5.85,0.055
optionB_budget0.90_beta0.0400_gamma0.50,carbonscaler_budget,ontario,125,2,25.0,4.96,0.205
optionB_budget0.90_beta0.0400_gamma0.50,carbonscaler_budget,ontario,126,2,19.0,0.0,0.8916666666666666
optionB_budget0.90_beta0.0400_gamma0.50,carbonscaler_budget,ontario,127,2,19.0,0.0,1.7
optionB_budget0.90_beta0.0400_gamma0.50,carbonscaler_budget,ontario,128,2,19.0,4.04,7.135833333333333
optionB_budget0.90_beta0.0400_gamma0.50,carbonscaler_budget,ontario,129,2,19.0,6.14,7.169999999999999
optionB_budget0.90_beta0.0400_gamma0.50,carbonscaler_budget,ontario,130,2,20.0,6.59,3.830833333333333
optionB_budget0.90_beta0.0400_gamma0.50,carbonscaler_budget,ontario,131,2,19.0,10.27,1.3683333333333334
optionB_budget0.90_beta0.0400_gamma0.50,carbonscaler_budget,ontario,132,2,20.0,12.17,3.124166666666667
optionB_budget0.90_beta0.0400_gamma0.50,carbonscaler_budget,ontario,133,2,20.0,23.07,7.541666666666667
optionB_budget0.90_beta0.0400_gamma0.50,carbonscaler_budget,ontario,134,2,20.0,22.33,17.98333333333333
optionB_budget0.90_beta0.0400_gamma0.50,carbonscaler_budget,ontario,135,2,20.0,27.13,271.9775
optionB_budget0.90_beta0.0400_gamma0.50,carbonscaler_budget,ontario,136,2,20.0,31.7,226.4891666666667
optionB_budget0.90_beta0.0400_gamma0.50,carbonscaler_budget,ontario,137,1,21.0,43.63,53.12416666666666
optionB_budget0.90_beta0.0400_gamma0.50,carbonscaler_budget,ontario,138,0,25.0,44.6,28.73333333333333
optionB_budget0.90_beta0.0400_gamma0.50,carbonscaler_budget,ontario,139,0,31.0,44.27,30.3875
optionB_budget0.90_beta0.0400_gamma0.50,carbonscaler_budget,ontario,140,0,44.0,40.66,26.551666666666666
optionB_budget0.90_beta0.0400_gamma0.50,carbonscaler_budget,ontario,141,0,59.0,34.9,17.886666666666667
optionB_budget0.90_beta0.0400_gamma0.50,carbonscaler_budget,ontario,142,0,56.0,27.19,33.0425
optionB_budget0.90_beta0.0400_gamma0.50,carbonscaler_budget,ontario,143,0,50.0,24.14,41.13916666666667
optionB_budget0.90_beta0.0400_gamma0.50,carbonscaler_budget,ontario,144,0,51.0,18.56,126.9175
optionB_budget0.90_beta0.0400_gamma0.50,carbonscaler_budget,ontario,145,0,47.0,20.59,34.336666666666666
optionB_budget0.90_beta0.0400_gamma0.50,carbonscaler_budget,ontario,146,0,41.0,20.65,15.604166666666666
optionB_budget0.90_beta0.0400_gamma0.50,carbonscaler_budget,ontario,147,0,43.0,25.11,11.890833333333333
optionB_budget0.90_beta0.0400_gamma0.50,carbonscaler_budget,ontario,148,0,48.0,27.45,21.102500000000003
optionB_budget0.90_beta0.0400_gamma0.50,carbonscaler_budget,ontario,149,0,51.0,25.42,47.294999999999995
optionB_budget0.90_beta0.0400_gamma0.50,carbonscaler_budget,ontario,150,0,48.0,30.27,34.4625
optionB_budget0.90_beta0.0400_gamma0.50,carbonscaler_budget,ontario,151,0,42.0,31.89,74.80833333333334
optionB_budget0.90_beta0.0400_gamma0.50,carbonscaler_budget,ontario,152,0,43.0,26.94,9.879166666666666
optionB_budget0.90_beta0.0400_gamma0.50,carbonscaler_budget,ontario,153,0,45.0,27.02,2.0325
optionB_budget0.90_beta0.0400_gamma0.50,carbonscaler_budget,ontario,154,0,54.0,27.62,12.414166666666667
optionB_budget0.90_beta0.0400_gamma0.50,carbonscaler_budget,ontario,155,0,53.0,19.97,31.2075
optionB_budget0.90_beta0.0400_gamma0.50,carbonscaler_budget,ontario,156,0,61.0,20.25,35.7975
optionB_budget0.90_beta0.0400_gamma0.50,carbonscaler_budget,ontario,157,0,52.0,18.08,27.594166666666666
optionB_budget0.90_beta0.0400_gamma0.50,carbonscaler_budget,ontario,158,0,47.0,18.08,19.763333333333332
optionB_budget0.90_beta0.0400_gamma0.50,carbonscaler_budget,ontario,159,0,46.0,23.4,22.815833333333334
optionB_budget0.90_beta0.0400_gamma0.50,carbonscaler_budget,ontario,160,0,49.0,26.71,23.8025
optionB_budget0.90_beta0.0400_gamma0.50,carbonscaler_budget,ontario,161,0,54.0,40.16,38.34666666666667
optionB_budget0.90_beta0.0400_gamma0.50,carbonscaler_budget,ontario,162,0,50.0,48.19,32.54333333333333
optionB_budget0.90_beta0.0400_gamma0.50,carbonscaler_budget,ontario,163,0,52.0,57.72,53.36166666666667
optionB_budget0.90_beta0.0400_gamma0.50,carbonscaler_budget,ontario,164,0,58.0,47.14,133.0875
optionB_budget0.90_beta0.0400_gamma0.50,carbonscaler_budget,ontario,165,0,63.0,42.9,33.722500000000004
optionB_budget0.90_beta0.0400_gamma0.50,carbonscaler_budget,ontario,166,0,77.0,34.87,34.745
optionB_budget0.90_beta0.0400_gamma0.50,carbonscaler_budget,ontario,167,0,75.0,29.21,28.75916666666667
optionB_budget0.90_beta0.01_gamma0.10,carbonscaler_budget,ontario,0,0,55.0,10.14,12.723333333333334
optionB_budget0.90_beta0.01_gamma0.10,carbonscaler_budget,ontario,1,0,48.0,9.36,5.970833333333334
optionB_budget0.90_beta0.01_gamma0.10,carbonscaler_budget,ontario,2,0,45.0,9.06,7.86
optionB_budget0.90_beta0.01_gamma0.10,carbonscaler_budget,ontario,3,0,34.0,10.08,14.696666666666665
optionB_budget0.90_beta0.01_gamma0.10,carbonscaler_budget,ontario,4,0,32.0,14.33,34.67416666666667
optionB_budget0.90_beta0.01_gamma0.10,carbonscaler_budget,ontario,5,0,32.0,19.15,26.945000000000004
optionB_budget0.90_beta0.01_gamma0.10,carbonscaler_budget,ontario,6,0,32.0,35.55,36.14
optionB_budget0.90_beta0.01_gamma0.10,carbonscaler_budget,ontario,7,0,32.0,35.33,32.5175
optionB_budget0.90_beta0.01_gamma0.10,carbonscaler_budget,ontario,8,0,33.0,30.29,33.76916666666666
optionB_budget0.90_beta0.01_gamma0.10,carbonscaler_budget,ontario,9,0,39.0,30.48,14.690833333333332
optionB_budget0.90_beta0.01_gamma0.10,carbonscaler_budget,ontario,10,0,44.0,31.4,11.320833333333333
optionB_budget0.90_beta0.01_gamma0.10,carbonscaler_budget,ontario,11,0,52.0,33.38,13.204166666666666
optionB_budget0.90_beta0.01_gamma0.10,carbonscaler_budget,ontario,12,0,55.0,34.47,2.6
optionB_budget0.90_beta0.01_gamma0.10,carbonscaler_budget,ontario,13,0,56.0,37.07,13.165
optionB_budget0.90_beta0.01_gamma0.10,carbonscaler_budget,ontario,14,0,50.0,36.14,17.45
optionB_budget0.90_beta0.01_gamma0.10,carbonscaler_budget,ontario,15,0,53.0,36.43,31.770833333333332
optionB_budget0.90_beta0.01_gamma0.10,carbonscaler_budget,ontario,16,0,56.0,46.88,55.70666666666667
optionB_budget0.90_beta0.01_gamma0.10,carbonscaler_budget,ontario,17,0,60.0,54.49,60.38666666666666
optionB_budget0.90_beta0.01_gamma0.10,carbonscaler_budget,ontario,18,0,64.0,74.91,244.5533333333333
optionB_budget0.90_beta0.01_gamma0.10,carbonscaler_budget,ontario,19,0,69.0,99.9,97.6475
optionB_budget0.90_beta0.01_gamma0.10,carbonscaler_budget,ontario,20,0,79.0,63.3,122.53583333333334
optionB_budget0.90_beta0.01_gamma0.10,carbonscaler_budget,ontario,21,0,100.0,43.0,28.940833333333334
optionB_budget0.90_beta0.01_gamma0.10,carbonscaler_budget,ontario,22,0,105.0,33.65,26.91
optionB_budget0.90_beta0.01_gamma0.10,carbonscaler_budget,ontario,23,0,114.0,34.59,21.63083333333333
optionB_budget0.90_beta0.01_gamma0.10,carbonscaler_budget,ontario,24,0,116.0,42.27,19.504166666666666
optionB_budget0.90_beta0.01_gamma0.10,carbonscaler_budget,ontario,25,0,117.0,35.57,14.384166666666665
optionB_budget0.90_beta0.01_gamma0.10,carbonscaler_budget,ontario,26,0,101.0,32.42,1.3316666666666668
optionB_budget0.90_beta0.01_gamma0.10,carbonscaler_budget,ontario,27,0,95.0,32.28,0.0
optionB_budget0.90_beta0.01_gamma0.10,carbonscaler_budget,ontario,28,0,87.0,35.23,0.5166666666666667
optionB_budget0.90_beta0.01_gamma0.10,carbonscaler_budget,ontario,29,0,70.0,34.07,16.916666666666668
optionB_budget0.90_beta0.01_gamma0.10,carbonscaler_budget,ontario,30,0,67.0,43.68,30.46083333333333
optionB_budget0.90_beta0.01_gamma0.10,carbonscaler_budget,ontario,31,0,67.0,42.18,20.410833333333333
optionB_budget0.90_beta0.01_gamma0.10,carbonscaler_budget,ontario,32,0,67.0,38.78,26.3875
optionB_budget0.90_beta0.01_gamma0.10,carbonscaler_budget,ontario,33,0,65.0,38.58,22.519166666666667
optionB_budget0.90_beta0.01_gamma0.10,carbonscaler_budget,ontario,34,0,64.0,42.91,27.260833333333334
optionB_budget0.90_beta0.01_gamma0.10,carbonscaler_budget,ontario,35,0,73.0,42.84,18.598333333333333
optionB_budget0.90_beta0.01_gamma0.10,carbonscaler_budget,ontario,36,0,68.0,40.08,41.99333333333333
optionB_budget0.90_beta0.01_gamma0.10,carbonscaler_budget,ontario,37,0,71.0,43.84,44.544999999999995
optionB_budget0.90_beta0.01_gamma0.10,carbonscaler_budget,ontario,38,0,67.0,44.96,45.98416666666666
optionB_budget0.90_beta0.01_gamma0.10,carbonscaler_budget,ontario,39,0,65.0,44.09,44.192499999999995
optionB_budget0.90_beta0.01_gamma0.10,carbonscaler_budget,ontario,40,0,65.0,51.21,39.36666666666667
optionB_budget0.90_beta0.01_gamma0.10,carbonscaler_budget,ontario,41,0,82.0,59.92,32.435
optionB_budget0.90_beta0.01_gamma0.10,carbonscaler_budget,ontario,42,0,91.0,77.65,36.375
optionB_budget0.90_beta0.01_gamma0.10,carbonscaler_budget,ontario,43,0,103.0,76.38,34.59
optionB_budget0.90_beta0.01_gamma0.10,carbonscaler_budget,ontario,44,0,110.0,56.96,29.3225
optionB_budget0.90_beta0.01_gamma0.10,carbonscaler_budget,ontario,45,0,107.0,43.68,22.377499999999998
optionB_budget0.90_beta0.01_gamma0.10,carbonscaler_budget,ontario,46,0,104.0,40.54,15.515
optionB_budget0.90_beta0.01_gamma0.10,carbonscaler_budget,ontario,47,0,106.0,33.18,14.910000000000002
optionB_budget0.90_beta0.01_gamma0.10,carbonscaler_budget,ontario,48,0,104.0,32.14,11.148333333333333
optionB_budget0.90_beta0.01_gamma0.10,carbonscaler_budget,ontario,49,0,100.0,30.12,8.441666666666666
optionB_budget0.90_beta0.01_gamma0.10,carbonscaler_budget,ontario,50,0,92.0,31.12,149.02666666666667
optionB_budget0.90_beta0.01_gamma0.10,carbonscaler_budget,ontario,51,0,79.0,31.0,205.4908333333333
optionB_budget0.90_beta0.01_gamma0.10,carbonscaler_budget,ontario,52,0,67.0,31.23,19.633333333333333
optionB_budget0.90_beta0.01_gamma0.10,carbonscaler_budget,ontario,53,0,60.0,35.23,24.95
optionB_budget0.90_beta0.01_gamma0.10,carbonscaler_budget,ontario,54,0,56.0,41.26,27.915000000000003
optionB_budget0.90_beta0.01_gamma0.10,carbonscaler_budget,ontario,55,0,56.0,44.87,31.650000000000002
optionB_budget0.90_beta0.01_gamma0.10,carbonscaler_budget,ontario,56,0,72.0,41.08,29.24083333333333
optionB_budget0.90_beta0.01_gamma0.10,carbonscaler_budget,ontario,57,0,69.0,43.51,27.15833333333333
optionB_budget0.90_beta0.01_gamma0.10,carbonscaler_budget,ontario,58,0,79.0,43.42,25.7025
optionB_budget0.90_beta0.01_gamma0.10,carbonscaler_budget,ontario,59,0,83.0,45.31,38.740833333333335
optionB_budget0.90_beta0.01_gamma0.10,carbonscaler_budget,ontario,60,0,95.0,46.51,27.8175
optionB_budget0.90_beta0.01_gamma0.10,carbonscaler_budget,ontario,61,0,102.0,48.6,34.40916666666667
optionB_budget0.90_beta0.01_gamma0.10,carbonscaler_budget,ontario,62,0,102.0,50.34,62.815
optionB_budget0.90_beta0.01_gamma0.10,carbonscaler_budget,ontario,63,0,102.0,58.05,259.62416666666667
optionB_budget0.90_beta0.01_gamma0.10,carbonscaler_budget,ontario,64,0,113.0,63.16,86.6925
optionB_budget0.90_beta0.01_gamma0.10,carbonscaler_budget,ontario,65,0,107.0,68.53,68.18083333333333
optionB_budget0.90_beta0.01_gamma0.10,carbonscaler_budget,ontario,66,0,116.0,93.18,42.89666666666667
optionB_budget0.90_beta0.01_gamma0.10,carbonscaler_budget,ontario,67,0,122.0,88.3,31.522499999999997
optionB_budget0.90_beta0.01_gamma0.10,carbonscaler_budget,ontario,68,0,125.0,59.9,34.58416666666667
optionB_budget0.90_beta0.01_gamma0.10,carbonscaler_budget,ontario,69,0,127.0,42.02,28.534166666666664
optionB_budget0.90_beta0.01_gamma0.10,carbonscaler_budget,ontario,70,0,128.0,36.39,34.01333333333333
optionB_budget0.90_beta0.01_gamma0.10,carbonscaler_budget,ontario,71,0,125.0,32.74,28.38416666666667
optionB_budget0.90_beta0.01_gamma0.10,carbonscaler_budget,ontario,72,0,120.0,28.68,22.7325
optionB_budget0.90_beta0.01_gamma0.10,carbonscaler_budget,ontario,73,0,116.0,28.64,19.643333333333334
optionB_budget0.90_beta0.01_gamma0.10,carbonscaler_budget,ontario,74,0,106.0,26.46,17.49
optionB_budget0.90_beta0.01_gamma0.10,carbonscaler_budget,ontario,75,0,115.0,28.46,16.575833333333332
optionB_budget0.90_beta0.01_gamma0.10,carbonscaler_budget,ontario,76,0,106.0,31.0,5.333333333333333
optionB_budget0.90_beta0.01_gamma0.10,carbonscaler_budget,ontario,77,0,101.0,30.35,0.11750000000000001
optionB_budget0.90_beta0.01_gamma0.10,carbonscaler_budget,ontario,78,0,85.0,34.27,1.3058333333333334
optionB_budget0.90_beta0.01_gamma0.10,carbonscaler_budget,ontario,79,0,76.0,41.23,2.350833333333333
optionB_budget0.90_beta0.01_gamma0.10,carbonscaler_budget,ontario,80,0,74.0,44.8,17.661666666666665
optionB_budget0.90_beta0.01_gamma0.10,carbonscaler_budget,ontario,81,0,78.0,40.27,309.79083333333335
optionB_budget0.90_beta0.01_gamma0.10,carbonscaler_budget,ontario,82,0,82.0,33.88,64.495
optionB_budget0.90_beta0.01_gamma0.10,carbonscaler_budget,ontario,83,0,78.0,33.33,56.17916666666667
optionB_budget0.90_beta0.01_gamma0.10,carbonscaler_budget,ontario,84,0,77.0,33.98,41.751666666666665
optionB_budget0.90_beta0.01_gamma0.10,carbonscaler_budget,ontario,85,0,82.0,35.01,49.869166666666665
optionB_budget0.90_beta0.01_gamma0.10,carbonscaler_budget,ontario,86,0,106.0,39.71,33.9275
optionB_budget0.90_beta0.01_gamma0.10,carbonscaler_budget,ontario,87,0,114.0,43.6,29.6075
optionB_budget0.90_beta0.01_gamma0.10,carbonscaler_budget,ontario,88,0,115.0,45.42,26.890833333333333
optionB_budget0.90_beta0.01_gamma0.10,carbonscaler_budget,ontario,89,0,114.0,65.47,44.94916666666666
optionB_budget0.90_beta0.01_gamma0.10,carbonscaler_budget,ontario,90,0,114.0,97.57,69.5475
optionB_budget0.90_beta0.01_gamma0.10,carbonscaler_budget,ontario,91,0,117.0,91.59,49.107499999999995
optionB_budget0.90_beta0.01_gamma0.10,carbonscaler_budget,ontario,92,0,117.0,60.83,34.73416666666667
optionB_budget0.90_beta0.01_gamma0.10,carbonscaler_budget,ontario,93,0,120.0,40.07,31.221666666666668
optionB_budget0.90_beta0.01_gamma0.10,carbonscaler_budget,ontario,94,0,134.0,35.25,27.25166666666667
optionB_budget0.90_beta0.01_gamma0.10,carbonscaler_budget,ontario,95,0,140.0,31.68,22.011666666666667
optionB_budget0.90_beta0.01_gamma0.10,carbonscaler_budget,ontario,96,0,139.0,35.25,22.888333333333332
optionB_budget0.90_beta0.01_gamma0.10,carbonscaler_budget,ontario,97,0,133.0,31.63,16.738333333333333
optionB_budget0.90_beta0.01_gamma0.10,carbonscaler_budget,ontario,98,0,128.0,32.45,18.855
optionB_budget0.90_beta0.01_gamma0.10,carbonscaler_budget,ontario,99,0,121.0,35.25,19.664166666666667
optionB_budget0.90_beta0.01_gamma0.10,carbonscaler_budget,ontario,100,0,110.0,34.56,30.938333333333333
optionB_budget0.90_beta0.01_gamma0.10,carbonscaler_budget,ontario,101,0,106.0,37.63,43.03666666666667
optionB_budget0.90_beta0.01_gamma0.10,carbonscaler_budget,ontario,102,0,95.0,50.91,53.759166666666665
optionB_budget0.90_beta0.01_gamma0.10,carbonscaler_budget,ontario,103,0,96.0,45.92,50.67333333333334
optionB_budget0.90_beta0.01_gamma0.10,carbonscaler_budget,ontario,104,0,95.0,45.16,37.01333333333333
optionB_budget0.90_beta0.01_gamma0.10,carbonscaler_budget,ontario,105,0,101.0,42.88,20.0675
optionB_budget0.90_beta0.01_gamma0.10,carbonscaler_budget,ontario,106,0,112.0,43.2,10.8925
optionB_budget0.90_beta0.01_gamma0.10,carbonscaler_budget,ontario,107,0,125.0,44.74,12.486666666666666
optionB_budget0.90_beta0.01_gamma0.10,carbonscaler_budget,ontario,108,0,126.0,45.02,31.290833333333335
optionB_budget0.90_beta0.01_gamma0.10,carbonscaler_budget,ontario,109,0,122.0,38.9,60.625
optionB_budget0.90_beta0.01_gamma0.10,carbonscaler_budget,ontario,110,0,104.0,29.92,50.5375
optionB_budget0.90_beta0.01_gamma0.10,carbonscaler_budget,ontario,111,0,104.0,34.24,64.04833333333333
optionB_budget0.90_beta0.01_gamma0.10,carbonscaler_budget,ontario,112,0,104.0,48.42,69.30416666666666
optionB_budget0.90_beta0.01_gamma0.10,carbonscaler_budget,ontario,113,0,109.0,62.22,71.61083333333333
optionB_budget0.90_beta0.01_gamma0.10,carbonscaler_budget,ontario,114,0,109.0,55.44,22.609166666666667
optionB_budget0.90_beta0.01_gamma0.10,carbonscaler_budget,ontario,115,0,108.0,45.27,16.400833333333335
optionB_budget0.90_beta0.01_gamma0.10,carbonscaler_budget,ontario,116,0,110.0,41.53,13.129166666666668
optionB_budget0.90_beta0.01_gamma0.10,carbonscaler_budget,ontario,117,0,118.0,32.29,15.157499999999999
optionB_budget0.90_beta0.01_gamma0.10,carbonscaler_budget,ontario,118,0,114.0,28.02,1.1275000000000002
optionB_budget0.90_beta0.01_gamma0.10,carbonscaler_budget,ontario,119,0,105.0,23.02,2.3566666666666665
optionB_budget0.90_beta0.01_gamma0.10,carbonscaler_budget,ontario,120,0,89.0,7.67,3.641666666666667
optionB_budget0.90_beta0.01_gamma0.10,carbonscaler_budget,ontario,121,0,78.0,6.48,0.18333333333333335
optionB_budget0.90_beta0.01_gamma0.10,carbonscaler_budget,ontario,122,0,73.0,6.36,0.6066666666666667
optionB_budget0.90_beta0.01_gamma0.10,carbonscaler_budget,ontario,123,0,63.0,6.54,0.5066666666666667
optionB_budget0.90_beta0.01_gamma0.10,carbonscaler_budget,ontario,124,0,50.0,5.85,0.055
optionB_budget0.90_beta0.01_gamma0.10,carbonscaler_budget,ontario,125,1,25.0,4.96,0.205
optionB_budget0.90_beta0.01_gamma0.10,carbonscaler_budget,ontario,126,2,19.0,0.0,0.8916666666666666
optionB_budget0.90_beta0.01_gamma0.10,carbonscaler_budget,ontario,127,2,19.0,0.0,1.7
optionB_budget0.90_beta0.01_gamma0.10,carbonscaler_budget,ontario,128,2,19.0,4.04,7.135833333333333
optionB_budget0.90_beta0.01_gamma0.10,carbonscaler_budget,ontario,129,2,19.0,6.14,7.169999999999999
optionB_budget0.90_beta0.01_gamma0.10,carbonscaler_budget,ontario,130,2,20.0,6.59,3.830833333333333
optionB_budget0.90_beta0.01_gamma0.10,carbonscaler_budget,ontario,131,2,19.0,10.27,1.3683333333333334
optionB_budget0.90_beta0.01_gamma0.10,carbonscaler_budget,ontario,132,2,20.0,12.17,3.124166666666667
optionB_budget0.90_beta0.01_gamma0.10,carbonscaler_budget,ontario,133,2,20.0,23.07,7.541666666666667
optionB_budget0.90_beta0.01_gamma0.10,carbonscaler_budget,ontario,134,2,20.0,22.33,17.98333333333333
optionB_budget0.90_beta0.01_gamma0.10,carbonscaler_budget,ontario,135,2,20.0,27.13,271.9775
optionB_budget0.90_beta0.01_gamma0.10,carbonscaler_budget,ontario,136,2,20.0,31.7,226.4891666666667
optionB_budget0.90_beta0.01_gamma0.10,carbonscaler_budget,ontario,137,1,21.0,43.63,53.12416666666666
optionB_budget0.90_beta0.01_gamma0.10,carbonscaler_budget,ontario,138,1,25.0,44.6,28.73333333333333
optionB_budget0.90_beta0.01_gamma0.10,carbonscaler_budget,ontario,139,0,31.0,44.27,30.3875
optionB_budget0.90_beta0.01_gamma0.10,carbonscaler_budget,ontario,140,0,44.0,40.66,26.551666666666666
optionB_budget0.90_beta0.01_gamma0.10,carbonscaler_budget,ontario,141,0,59.0,34.9,17.886666666666667
optionB_budget0.90_beta0.01_gamma0.10,carbonscaler_budget,ontario,142,0,56.0,27.19,33.0425
optionB_budget0.90_beta0.01_gamma0.10,carbonscaler_budget,ontario,143,0,50.0,24.14,41.13916666666667
optionB_budget0.90_beta0.01_gamma0.10,carbonscaler_budget,ontario,144,0,51.0,18.56,126.9175
optionB_budget0.90_beta0.01_gamma0.10,carbonscaler_budget,ontario,145,0,47.0,20.59,34.336666666666666
optionB_budget0.90_beta0.01_gamma0.10,carbonscaler_budget,ontario,146,0,41.0,20.65,15.604166666666666
optionB_budget0.90_beta0.01_gamma0.10,carbonscaler_budget,ontario,147,0,43.0,25.11,11.890833333333333
optionB_budget0.90_beta0.01_gamma0.10,carbonscaler_budget,ontario,148,0,48.0,27.45,21.102500000000003
optionB_budget0.90_beta0.01_gamma0.10,carbonscaler_budget,ontario,149,0,51.0,25.42,47.294999999999995
optionB_budget0.90_beta0.01_gamma0.10,carbonscaler_budget,ontario,150,0,48.0,30.27,34.4625
optionB_budget0.90_beta0.01_gamma0.10,carbonscaler_budget,ontario,151,0,42.0,31.89,74.80833333333334
optionB_budget0.90_beta0.01_gamma0.10,carbonscaler_budget,ontario,152,0,43.0,26.94,9.879166666666666
optionB_budget0.90_beta0.01_gamma0.10,carbonscaler_budget,ontario,153,0,45.0,27.02,2.0325
optionB_budget0.90_beta0.01_gamma0.10,carbonscaler_budget,ontario,154,0,54.0,27.62,12.414166666666667
optionB_budget0.90_beta0.01_gamma0.10,carbonscaler_budget,ontario,155,0,53.0,19.97,31.2075
optionB_budget0.90_beta0.01_gamma0.10,carbonscaler_budget,ontario,156,0,61.0,20.25,35.7975
optionB_budget0.90_beta0.01_gamma0.10,carbonscaler_budget,ontario,157,0,52.0,18.08,27.594166666666666
optionB_budget0.90_beta0.01_gamma0.10,carbonscaler_budget,ontario,158,0,47.0,18.08,19.763333333333332
optionB_budget0.90_beta0.01_gamma0.10,carbonscaler_budget,ontario,159,0,46.0,23.4,22.815833333333334
optionB_budget0.90_beta0.01_gamma0.10,carbonscaler_budget,ontario,160,0,49.0,26.71,23.8025
optionB_budget0.90_beta0.01_gamma0.10,carbonscaler_budget,ontario,161,0,54.0,40.16,38.34666666666667
optionB_budget0.90_beta0.01_gamma0.10,carbonscaler_budget,ontario,162,0,50.0,48.19,32.54333333333333
optionB_budget0.90_beta0.01_gamma0.10,carbonscaler_budget,ontario,163,0,52.0,57.72,53.36166666666667
optionB_budget0.90_beta0.01_gamma0.10,carbonscaler_budget,ontario,164,0,58.0,47.14,133.0875
optionB_budget0.90_beta0.01_gamma0.10,carbonscaler_budget,ontario,165,0,63.0,42.9,33.722500000000004
optionB_budget0.90_beta0.01_gamma0.10,carbonscaler_budget,ontario,166,0,77.0,34.87,34.745
optionB_budget0.90_beta0.01_gamma0.10,carbonscaler_budget,ontario,167,0,75.0,29.21,28.75916666666667
optionB_budget0.90_beta0.01_gamma0.25,carbonscaler_budget,ontario,0,0,55.0,10.14,12.723333333333334
optionB_budget0.90_beta0.01_gamma0.25,carbonscaler_budget,ontario,1,0,48.0,9.36,5.970833333333334
optionB_budget0.90_beta0.01_gamma0.25,carbonscaler_budget,ontario,2,0,45.0,9.06,7.86
optionB_budget0.90_beta0.01_gamma0.25,carbonscaler_budget,ontario,3,0,34.0,10.08,14.696666666666665
optionB_budget0.90_beta0.01_gamma0.25,carbonscaler_budget,ontario,4,0,32.0,14.33,34.67416666666667
optionB_budget0.90_beta0.01_gamma0.25,carbonscaler_budget,ontario,5,0,32.0,19.15,26.945000000000004
optionB_budget0.90_beta0.01_gamma0.25,carbonscaler_budget,ontario,6,0,32.0,35.55,36.14
optionB_budget0.90_beta0.01_gamma0.25,carbonscaler_budget,ontario,7,0,32.0,35.33,32.5175
optionB_budget0.90_beta0.01_gamma0.25,carbonscaler_budget,ontario,8,0,33.0,30.29,33.76916666666666
optionB_budget0.90_beta0.01_gamma0.25,carbonscaler_budget,ontario,9,0,39.0,30.48,14.690833333333332
optionB_budget0.90_beta0.01_gamma0.25,carbonscaler_budget,ontario,10,0,44.0,31.4,11.320833333333333
optionB_budget0.90_beta0.01_gamma0.25,carbonscaler_budget,ontario,11,0,52.0,33.38,13.204166666666666
optionB_budget0.90_beta0.01_gamma0.25,carbonscaler_budget,ontario,12,0,55.0,34.47,2.6
optionB_budget0.90_beta0.01_gamma0.25,carbonscaler_budget,ontario,13,0,56.0,37.07,13.165
optionB_budget0.90_beta0.01_gamma0.25,carbonscaler_budget,ontario,14,0,50.0,36.14,17.45
optionB_budget0.90_beta0.01_gamma0.25,carbonscaler_budget,ontario,15,0,53.0,36.43,31.770833333333332
optionB_budget0.90_beta0.01_gamma0.25,carbonscaler_budget,ontario,16,0,56.0,46.88,55.70666666666667
optionB_budget0.90_beta0.01_gamma0.25,carbonscaler_budget,ontario,17,0,60.0,54.49,60.38666666666666
optionB_budget0.90_beta0.01_gamma0.25,carbonscaler_budget,ontario,18,0,64.0,74.91,244.5533333333333
optionB_budget0.90_beta0.01_gamma0.25,carbonscaler_budget,ontario,19,0,69.0,99.9,97.6475
optionB_budget0.90_beta0.01_gamma0.25,carbonscaler_budget,ontario,20,0,79.0,63.3,122.53583333333334
optionB_budget0.90_beta0.01_gamma0.25,carbonscaler_budget,ontario,21,0,100.0,43.0,28.940833333333334
optionB_budget0.90_beta0.01_gamma0.25,carbonscaler_budget,ontario,22,0,105.0,33.65,26.91
optionB_budget0.90_beta0.01_gamma0.25,carbonscaler_budget,ontario,23,0,114.0,34.59,21.63083333333333
optionB_budget0.90_beta0.01_gamma0.25,carbonscaler_budget,ontario,24,0,116.0,42.27,19.504166666666666
optionB_budget0.90_beta0.01_gamma0.25,carbonscaler_budget,ontario,25,0,117.0,35.57,14.384166666666665
optionB_budget0.90_beta0.01_gamma0.25,carbonscaler_budget,ontario,26,0,101.0,32.42,1.3316666666666668
optionB_budget0.90_beta0.01_gamma0.25,carbonscaler_budget,ontario,27,0,95.0,32.28,0.0
optionB_budget0.90_beta0.01_gamma0.25,carbonscaler_budget,ontario,28,0,87.0,35.23,0.5166666666666667
optionB_budget0.90_beta0.01_gamma0.25,carbonscaler_budget,ontario,29,0,70.0,34.07,16.916666666666668
optionB_budget0.90_beta0.01_gamma0.25,carbonscaler_budget,ontario,30,0,67.0,43.68,30.46083333333333
optionB_budget0.90_beta0.01_gamma0.25,carbonscaler_budget,ontario,31,0,67.0,42.18,20.410833333333333
optionB_budget0.90_beta0.01_gamma0.25,carbonscaler_budget,ontario,32,0,67.0,38.78,26.3875
optionB_budget0.90_beta0.01_gamma0.25,carbonscaler_budget,ontario,33,0,65.0,38.58,22.519166666666667
optionB_budget0.90_beta0.01_gamma0.25,carbonscaler_budget,ontario,34,0,64.0,42.91,27.260833333333334
optionB_budget0.90_beta0.01_gamma0.25,carbonscaler_budget,ontario,35,0,73.0,42.84,18.598333333333333
optionB_budget0.90_beta0.01_gamma0.25,carbonscaler_budget,ontario,36,0,68.0,40.08,41.99333333333333
optionB_budget0.90_beta0.01_gamma0.25,carbonscaler_budget,ontario,37,0,71.0,43.84,44.544999999999995
optionB_budget0.90_beta0.01_gamma0.25,carbonscaler_budget,ontario,38,0,67.0,44.96,45.98416666666666
optionB_budget0.90_beta0.01_gamma0.25,carbonscaler_budget,ontario,39,0,65.0,44.09,44.192499999999995
optionB_budget0.90_beta0.01_gamma0.25,carbonscaler_budget,ontario,40,0,65.0,51.21,39.36666666666667
optionB_budget0.90_beta0.01_gamma0.25,carbonscaler_budget,ontario,41,0,82.0,59.92,32.435
optionB_budget0.90_beta0.01_gamma0.25,carbonscaler_budget,ontario,42,0,91.0,77.65,36.375
optionB_budget0.90_beta0.01_gamma0.25,carbonscaler_budget,ontario,43,0,103.0,76.38,34.59
optionB_budget0.90_beta0.01_gamma0.25,carbonscaler_budget,ontario,44,0,110.0,56.96,29.3225
optionB_budget0.90_beta0.01_gamma0.25,carbonscaler_budget,ontario,45,0,107.0,43.68,22.377499999999998
optionB_budget0.90_beta0.01_gamma0.25,carbonscaler_budget,ontario,46,0,104.0,40.54,15.515
optionB_budget0.90_beta0.01_gamma0.25,carbonscaler_budget,ontario,47,0,106.0,33.18,14.910000000000002
optionB_budget0.90_beta0.01_gamma0.25,carbonscaler_budget,ontario,48,0,104.0,32.14,11.148333333333333
optionB_budget0.90_beta0.01_gamma0.25,carbonscaler_budget,ontario,49,0,100.0,30.12,8.441666666666666
optionB_budget0.90_beta0.01_gamma0.25,carbonscaler_budget,ontario,50,0,92.0,31.12,149.02666666666667
optionB_budget0.90_beta0.01_gamma0.25,carbonscaler_budget,ontario,51,0,79.0,31.0,205.4908333333333
optionB_budget0.90_beta0.01_gamma0.25,carbonscaler_budget,ontario,52,0,67.0,31.23,19.633333333333333
optionB_budget0.90_beta0.01_gamma0.25,carbonscaler_budget,ontario,53,0,60.0,35.23,24.95
optionB_budget0.90_beta0.01_gamma0.25,carbonscaler_budget,ontario,54,0,56.0,41.26,27.915000000000003
optionB_budget0.90_beta0.01_gamma0.25,carbonscaler_budget,ontario,55,0,56.0,44.87,31.650000000000002
optionB_budget0.90_beta0.01_gamma0.25,carbonscaler_budget,ontario,56,0,72.0,41.08,29.24083333333333
optionB_budget0.90_beta0.01_gamma0.25,carbonscaler_budget,ontario,57,0,69.0,43.51,27.15833333333333
optionB_budget0.90_beta0.01_gamma0.25,carbonscaler_budget,ontario,58,0,79.0,43.42,25.7025
optionB_budget0.90_beta0.01_gamma0.25,carbonscaler_budget,ontario,59,0,83.0,45.31,38.740833333333335
optionB_budget0.90_beta0.01_gamma0.25,carbonscaler_budget,ontario,60,0,95.0,46.51,27.8175
optionB_budget0.90_beta0.01_gamma0.25,carbonscaler_budget,ontario,61,0,102.0,48.6,34.40916666666667
optionB_budget0.90_beta0.01_gamma0.25,carbonscaler_budget,ontario,62,0,102.0,50.34,62.815
optionB_budget0.90_beta0.01_gamma0.25,carbonscaler_budget,ontario,63,0,102.0,58.05,259.62416666666667
optionB_budget0.90_beta0.01_gamma0.25,carbonscaler_budget,ontario,64,0,113.0,63.16,86.6925
optionB_budget0.90_beta0.01_gamma0.25,carbonscaler_budget,ontario,65,0,107.0,68.53,68.18083333333333
optionB_budget0.90_beta0.01_gamma0.25,carbonscaler_budget,ontario,66,0,116.0,93.18,42.89666666666667
optionB_budget0.90_beta0.01_gamma0.25,carbonscaler_budget,ontario,67,0,122.0,88.3,31.522499999999997
optionB_budget0.90_beta0.01_gamma0.25,carbonscaler_budget,ontario,68,0,125.0,59.9,34.58416666666667
optionB_budget0.90_beta0.01_gamma0.25,carbonscaler_budget,ontario,69,0,127.0,42.02,28.534166666666664
optionB_budget0.90_beta0.01_gamma0.25,carbonscaler_budget,ontario,70,0,128.0,36.39,34.01333333333333
optionB_budget0.90_beta0.01_gamma0.25,carbonscaler_budget,ontario,71,0,125.0,32.74,28.38416666666667
optionB_budget0.90_beta0.01_gamma0.25,carbonscaler_budget,ontario,72,0,120.0,28.68,22.7325
optionB_budget0.90_beta0.01_gamma0.25,carbonscaler_budget,ontario,73,0,116.0,28.64,19.643333333333334
optionB_budget0.90_beta0.01_gamma0.25,carbonscaler_budget,ontario,74,0,106.0,26.46,17.49
optionB_budget0.90_beta0.01_gamma0.25,carbonscaler_budget,ontario,75,0,115.0,28.46,16.575833333333332
optionB_budget0.90_beta0.01_gamma0.25,carbonscaler_budget,ontario,76,0,106.0,31.0,5.333333333333333
optionB_budget0.90_beta0.01_gamma0.25,carbonscaler_budget,ontario,77,0,101.0,30.35,0.11750000000000001
optionB_budget0.90_beta0.01_gamma0.25,carbonscaler_budget,ontario,78,0,85.0,34.27,1.3058333333333334
optionB_budget0.90_beta0.01_gamma0.25,carbonscaler_budget,ontario,79,0,76.0,41.23,2.350833333333333
optionB_budget0.90_beta0.01_gamma0.25,carbonscaler_budget,ontario,80,0,74.0,44.8,17.661666666666665
optionB_budget0.90_beta0.01_gamma0.25,carbonscaler_budget,ontario,81,0,78.0,40.27,309.79083333333335
optionB_budget0.90_beta0.01_gamma0.25,carbonscaler_budget,ontario,82,0,82.0,33.88,64.495
optionB_budget0.90_beta0.01_gamma0.25,carbonscaler_budget,ontario,83,0,78.0,33.33,56.17916666666667
optionB_budget0.90_beta0.01_gamma0.25,carbonscaler_budget,ontario,84,0,77.0,33.98,41.751666666666665
optionB_budget0.90_beta0.01_gamma0.25,carbonscaler_budget,ontario,85,0,82.0,35.01,49.869166666666665
optionB_budget0.90_beta0.01_gamma0.25,carbonscaler_budget,ontario,86,0,106.0,39.71,33.9275
optionB_budget0.90_beta0.01_gamma0.25,carbonscaler_budget,ontario,87,0,114.0,43.6,29.6075
optionB_budget0.90_beta0.01_gamma0.25,carbonscaler_budget,ontario,88,0,115.0,45.42,26.890833333333333
optionB_budget0.90_beta0.01_gamma0.25,carbonscaler_budget,ontario,89,0,114.0,65.47,44.94916666666666
optionB_budget0.90_beta0.01_gamma0.25,carbonscaler_budget,ontario,90,0,114.0,97.57,69.5475
optionB_budget0.90_beta0.01_gamma0.25,carbonscaler_budget,ontario,91,0,117.0,91.59,49.107499999999995
optionB_budget0.90_beta0.01_gamma0.25,carbonscaler_budget,ontario,92,0,117.0,60.83,34.73416666666667
optionB_budget0.90_beta0.01_gamma0.25,carbonscaler_budget,ontario,93,0,120.0,40.07,31.221666666666668
optionB_budget0.90_beta0.01_gamma0.25,carbonscaler_budget,ontario,94,0,134.0,35.25,27.25166666666667
optionB_budget0.90_beta0.01_gamma0.25,carbonscaler_budget,ontario,95,0,140.0,31.68,22.011666666666667
optionB_budget0.90_beta0.01_gamma0.25,carbonscaler_budget,ontario,96,0,139.0,35.25,22.888333333333332
optionB_budget0.90_beta0.01_gamma0.25,carbonscaler_budget,ontario,97,0,133.0,31.63,16.738333333333333
optionB_budget0.90_beta0.01_gamma0.25,carbonscaler_budget,ontario,98,0,128.0,32.45,18.855
optionB_budget0.90_beta0.01_gamma0.25,carbonscaler_budget,ontario,99,0,121.0,35.25,19.664166666666667
optionB_budget0.90_beta0.01_gamma0.25,carbonscaler_budget,ontario,100,0,110.0,34.56,30.938333333333333
optionB_budget0.90_beta0.01_gamma0.25,carbonscaler_budget,ontario,101,0,106.0,37.63,43.03666666666667
optionB_budget0.90_beta0.01_gamma0.25,carbonscaler_budget,ontario,102,0,95.0,50.91,53.759166666666665
optionB_budget0.90_beta0.01_gamma0.25,carbonscaler_budget,ontario,103,0,96.0,45.92,50.67333333333334
optionB_budget0.90_beta0.01_gamma0.25,carbonscaler_budget,ontario,104,0,95.0,45.16,37.01333333333333
optionB_budget0.90_beta0.01_gamma0.25,carbonscaler_budget,ontario,105,0,101.0,42.88,20.0675
optionB_budget0.90_beta0.01_gamma0.25,carbonscaler_budget,ontario,106,0,112.0,43.2,10.8925
optionB_budget0.90_beta0.01_gamma0.25,carbonscaler_budget,ontario,107,0,125.0,44.74,12.486666666666666
optionB_budget0.90_beta0.01_gamma0.25,carbonscaler_budget,ontario,108,0,126.0,45.02,31.290833333333335
optionB_budget0.90_beta0.01_gamma0.25,carbonscaler_budget,ontario,109,0,122.0,38.9,60.625
optionB_budget0.90_beta0.01_gamma0.25,carbonscaler_budget,ontario,110,0,104.0,29.92,50.5375
optionB_budget0.90_beta0.01_gamma0.25,carbonscaler_budget,ontario,111,0,104.0,34.24,64.04833333333333
optionB_budget0.90_beta0.01_gamma0.25,carbonscaler_budget,ontario,112,0,104.0,48.42,69.30416666666666
optionB_budget0.90_beta0.01_gamma0.25,carbonscaler_budget,ontario,113,0,109.0,62.22,71.61083333333333
optionB_budget0.90_beta0.01_gamma0.25,carbonscaler_budget,ontario,114,0,109.0,55.44,22.609166666666667
optionB_budget0.90_beta0.01_gamma0.25,carbonscaler_budget,ontario,115,0,108.0,45.27,16.400833333333335
optionB_budget0.90_beta0.01_gamma0.25,carbonscaler_budget,ontario,116,0,110.0,41.53,13.129166666666668
optionB_budget0.90_beta0.01_gamma0.25,carbonscaler_budget,ontario,117,0,118.0,32.29,15.157499999999999
optionB_budget0.90_beta0.01_gamma0.25,carbonscaler_budget,ontario,118,0,114.0,28.02,1.1275000000000002
optionB_budget0.90_beta0.01_gamma0.25,carbonscaler_budget,ontario,119,0,105.0,23.02,2.3566666666666665
optionB_budget0.90_beta0.01_gamma0.25,carbonscaler_budget,ontario,120,0,89.0,7.67,3.641666666666667
optionB_budget0.90_beta0.01_gamma0.25,carbonscaler_budget,ontario,121,0,78.0,6.48,0.18333333333333335
optionB_budget0.90_beta0.01_gamma0.25,carbonscaler_budget,ontario,122,0,73.0,6.36,0.6066666666666667
optionB_budget0.90_beta0.01_gamma0.25,carbonscaler_budget,ontario,123,0,63.0,6.54,0.5066666666666667
optionB_budget0.90_beta0.01_gamma0.25,carbonscaler_budget,ontario,124,0,50.0,5.85,0.055
optionB_budget0.90_beta0.01_gamma0.25,carbonscaler_budget,ontario,125,1,25.0,4.96,0.205
optionB_budget0.90_beta0.01_gamma0.25,carbonscaler_budget,ontario,126,2,19.0,0.0,0.8916666666666666
optionB_budget0.90_beta0.01_gamma0.25,carbonscaler_budget,ontario,127,2,19.0,0.0,1.7
optionB_budget0.90_beta0.01_gamma0.25,carbonscaler_budget,ontario,128,2,19.0,4.04,7.135833333333333
optionB_budget0.90_beta0.01_gamma0.25,carbonscaler_budget,ontario,129,2,19.0,6.14,7.169999999999999
optionB_budget0.90_beta0.01_gamma0.25,carbonscaler_budget,ontario,130,2,20.0,6.59,3.830833333333333
optionB_budget0.90_beta0.01_gamma0.25,carbonscaler_budget,ontario,131,2,19.0,10.27,1.3683333333333334
optionB_budget0.90_beta0.01_gamma0.25,carbonscaler_budget,ontario,132,2,20.0,12.17,3.124166666666667
optionB_budget0.90_beta0.01_gamma0.25,carbonscaler_budget,ontario,133,2,20.0,23.07,7.541666666666667
optionB_budget0.90_beta0.01_gamma0.25,carbonscaler_budget,ontario,134,2,20.0,22.33,17.98333333333333
optionB_budget0.90_beta0.01_gamma0.25,carbonscaler_budget,ontario,135,2,20.0,27.13,271.9775
optionB_budget0.90_beta0.01_gamma0.25,carbonscaler_budget,ontario,136,2,20.0,31.7,226.4891666666667
optionB_budget0.90_beta0.01_gamma0.25,carbonscaler_budget,ontario,137,1,21.0,43.63,53.12416666666666
optionB_budget0.90_beta0.01_gamma0.25,carbonscaler_budget,ontario,138,1,25.0,44.6,28.73333333333333
optionB_budget0.90_beta0.01_gamma0.25,carbonscaler_budget,ontario,139,0,31.0,44.27,30.3875
optionB_budget0.90_beta0.01_gamma0.25,carbonscaler_budget,ontario,140,0,44.0,40.66,26.551666666666666
optionB_budget0.90_beta0.01_gamma0.25,carbonscaler_budget,ontario,141,0,59.0,34.9,17.886666666666667
optionB_budget0.90_beta0.01_gamma0.25,carbonscaler_budget,ontario,142,0,56.0,27.19,33.0425
optionB_budget0.90_beta0.01_gamma0.25,carbonscaler_budget,ontario,143,0,50.0,24.14,41.13916666666667
optionB_budget0.90_beta0.01_gamma0.25,carbonscaler_budget,ontario,144,0,51.0,18.56,126.9175
optionB_budget0.90_beta0.01_gamma0.25,carbonscaler_budget,ontario,145,0,47.0,20.59,34.336666666666666
optionB_budget0.90_beta0.01_gamma0.25,carbonscaler_budget,ontario,146,0,41.0,20.65,15.604166666666666
optionB_budget0.90_beta0.01_gamma0.25,carbonscaler_budget,ontario,147,0,43.0,25.11,11.890833333333333
optionB_budget0.90_beta0.01_gamma0.25,carbonscaler_budget,ontario,148,0,48.0,27.45,21.102500000000003
optionB_budget0.90_beta0.01_gamma0.25,carbonscaler_budget,ontario,149,0,51.0,25.42,47.294999999999995
optionB_budget0.90_beta0.01_gamma0.25,carbonscaler_budget,ontario,150,0,48.0,30.27,34.4625
optionB_budget0.90_beta0.01_gamma0.25,carbonscaler_budget,ontario,151,0,42.0,31.89,74.80833333333334
optionB_budget0.90_beta0.01_gamma0.25,carbonscaler_budget,ontario,152,0,43.0,26.94,9.879166666666666
optionB_budget0.90_beta0.01_gamma0.25,carbonscaler_budget,ontario,153,0,45.0,27.02,2.0325
optionB_budget0.90_beta0.01_gamma0.25,carbonscaler_budget,ontario,154,0,54.0,27.62,12.414166666666667
optionB_budget0.90_beta0.01_gamma0.25,carbonscaler_budget,ontario,155,0,53.0,19.97,31.2075
optionB_budget0.90_beta0.01_gamma0.25,carbonscaler_budget,ontario,156,0,61.0,20.25,35.7975
optionB_budget0.90_beta0.01_gamma0.25,carbonscaler_budget,ontario,157,0,52.0,18.08,27.594166666666666
optionB_budget0.90_beta0.01_gamma0.25,carbonscaler_budget,ontario,158,0,47.0,18.08,19.763333333333332
optionB_budget0.90_beta0.01_gamma0.25,carbonscaler_budget,ontario,159,0,46.0,23.4,22.815833333333334
optionB_budget0.90_beta0.01_gamma0.25,carbonscaler_budget,ontario,160,0,49.0,26.71,23.8025
optionB_budget0.90_beta0.01_gamma0.25,carbonscaler_budget,ontario,161,0,54.0,40.16,38.34666666666667
optionB_budget0.90_beta0.01_gamma0.25,carbonscaler_budget,ontario,162,0,50.0,48.19,32.54333333333333
optionB_budget0.90_beta0.01_gamma0.25,carbonscaler_budget,ontario,163,0,52.0,57.72,53.36166666666667
optionB_budget0.90_beta0.01_gamma0.25,carbonscaler_budget,ontario,164,0,58.0,47.14,133.0875
optionB_budget0.90_beta0.01_gamma0.25,carbonscaler_budget,ontario,165,0,63.0,42.9,33.722500000000004
optionB_budget0.90_beta0.01_gamma0.25,carbonscaler_budget,ontario,166,0,77.0,34.87,34.745
optionB_budget0.90_beta0.01_gamma0.25,carbonscaler_budget,ontario,167,0,75.0,29.21,28.75916666666667
optionB_budget0.90_beta0.01_gamma0.50,carbonscaler_budget,ontario,0,0,55.0,10.14,12.723333333333334
optionB_budget0.90_beta0.01_gamma0.50,carbonscaler_budget,ontario,1,0,48.0,9.36,5.970833333333334
optionB_budget0.90_beta0.01_gamma0.50,carbonscaler_budget,ontario,2,0,45.0,9.06,7.86
optionB_budget0.90_beta0.01_gamma0.50,carbonscaler_budget,ontario,3,0,34.0,10.08,14.696666666666665
optionB_budget0.90_beta0.01_gamma0.50,carbonscaler_budget,ontario,4,0,32.0,14.33,34.67416666666667
optionB_budget0.90_beta0.01_gamma0.50,carbonscaler_budget,ontario,5,0,32.0,19.15,26.945000000000004
optionB_budget0.90_beta0.01_gamma0.50,carbonscaler_budget,ontario,6,0,32.0,35.55,36.14
optionB_budget0.90_beta0.01_gamma0.50,carbonscaler_budget,ontario,7,0,32.0,35.33,32.5175
optionB_budget0.90_beta0.01_gamma0.50,carbonscaler_budget,ontario,8,0,33.0,30.29,33.76916666666666
optionB_budget0.90_beta0.01_gamma0.50,carbonscaler_budget,ontario,9,0,39.0,30.48,14.690833333333332
optionB_budget0.90_beta0.01_gamma0.50,carbonscaler_budget,ontario,10,0,44.0,31.4,11.320833333333333
optionB_budget0.90_beta0.01_gamma0.50,carbonscaler_budget,ontario,11,0,52.0,33.38,13.204166666666666
optionB_budget0.90_beta0.01_gamma0.50,carbonscaler_budget,ontario,12,0,55.0,34.47,2.6
optionB_budget0.90_beta0.01_gamma0.50,carbonscaler_budget,ontario,13,0,56.0,37.07,13.165
optionB_budget0.90_beta0.01_gamma0.50,carbonscaler_budget,ontario,14,0,50.0,36.14,17.45
optionB_budget0.90_beta0.01_gamma0.50,carbonscaler_budget,ontario,15,0,53.0,36.43,31.770833333333332
optionB_budget0.90_beta0.01_gamma0.50,carbonscaler_budget,ontario,16,0,56.0,46.88,55.70666666666667
optionB_budget0.90_beta0.01_gamma0.50,carbonscaler_budget,ontario,17,0,60.0,54.49,60.38666666666666
optionB_budget0.90_beta0.01_gamma0.50,carbonscaler_budget,ontario,18,0,64.0,74.91,244.5533333333333
optionB_budget0.90_beta0.01_gamma0.50,carbonscaler_budget,ontario,19,0,69.0,99.9,97.6475
optionB_budget0.90_beta0.01_gamma0.50,carbonscaler_budget,ontario,20,0,79.0,63.3,122.53583333333334
optionB_budget0.90_beta0.01_gamma0.50,carbonscaler_budget,ontario,21,0,100.0,43.0,28.940833333333334
optionB_budget0.90_beta0.01_gamma0.50,carbonscaler_budget,ontario,22,0,105.0,33.65,26.91
optionB_budget0.90_beta0.01_gamma0.50,carbonscaler_budget,ontario,23,0,114.0,34.59,21.63083333333333
optionB_budget0.90_beta0.01_gamma0.50,carbonscaler_budget,ontario,24,0,116.0,42.27,19.504166666666666
optionB_budget0.90_beta0.01_gamma0.50,carbonscaler_budget,ontario,25,0,117.0,35.57,14.384166666666665
optionB_budget0.90_beta0.01_gamma0.50,carbonscaler_budget,ontario,26,0,101.0,32.42,1.3316666666666668
optionB_budget0.90_beta0.01_gamma0.50,carbonscaler_budget,ontario,27,0,95.0,32.28,0.0
optionB_budget0.90_beta0.01_gamma0.50,carbonscaler_budget,ontario,28,0,87.0,35.23,0.5166666666666667
optionB_budget0.90_beta0.01_gamma0.50,carbonscaler_budget,ontario,29,0,70.0,34.07,16.916666666666668
optionB_budget0.90_beta0.01_gamma0.50,carbonscaler_budget,ontario,30,0,67.0,43.68,30.46083333333333
optionB_budget0.90_beta0.01_gamma0.50,carbonscaler_budget,ontario,31,0,67.0,42.18,20.410833333333333
optionB_budget0.90_beta0.01_gamma0.50,carbonscaler_budget,ontario,32,0,67.0,38.78,26.3875
optionB_budget0.90_beta0.01_gamma0.50,carbonscaler_budget,ontario,33,0,65.0,38.58,22.519166666666667
optionB_budget0.90_beta0.01_gamma0.50,carbonscaler_budget,ontario,34,0,64.0,42.91,27.260833333333334
optionB_budget0.90_beta0.01_gamma0.50,carbonscaler_budget,ontario,35,0,73.0,42.84,18.598333333333333
optionB_budget0.90_beta0.01_gamma0.50,carbonscaler_budget,ontario,36,0,68.0,40.08,41.99333333333333
optionB_budget0.90_beta0.01_gamma0.50,carbonscaler_budget,ontario,37,0,71.0,43.84,44.544999999999995
optionB_budget0.90_beta0.01_gamma0.50,carbonscaler_budget,ontario,38,0,67.0,44.96,45.98416666666666
optionB_budget0.90_beta0.01_gamma0.50,carbonscaler_budget,ontario,39,0,65.0,44.09,44.192499999999995
optionB_budget0.90_beta0.01_gamma0.50,carbonscaler_budget,ontario,40,0,65.0,51.21,39.36666666666667
optionB_budget0.90_beta0.01_gamma0.50,carbonscaler_budget,ontario,41,0,82.0,59.92,32.435
optionB_budget0.90_beta0.01_gamma0.50,carbonscaler_budget,ontario,42,0,91.0,77.65,36.375
optionB_budget0.90_beta0.01_gamma0.50,carbonscaler_budget,ontario,43,0,103.0,76.38,34.59
optionB_budget0.90_beta0.01_gamma0.50,carbonscaler_budget,ontario,44,0,110.0,56.96,29.3225
optionB_budget0.90_beta0.01_gamma0.50,carbonscaler_budget,ontario,45,0,107.0,43.68,22.377499999999998
optionB_budget0.90_beta0.01_gamma0.50,carbonscaler_budget,ontario,46,0,104.0,40.54,15.515
optionB_budget0.90_beta0.01_gamma0.50,carbonscaler_budget,ontario,47,0,106.0,33.18,14.910000000000002
optionB_budget0.90_beta0.01_gamma0.50,carbonscaler_budget,ontario,48,0,104.0,32.14,11.148333333333333
optionB_budget0.90_beta0.01_gamma0.50,carbonscaler_budget,ontario,49,0,100.0,30.12,8.441666666666666
optionB_budget0.90_beta0.01_gamma0.50,carbonscaler_budget,ontario,50,0,92.0,31.12,149.02666666666667
optionB_budget0.90_beta0.01_gamma0.50,carbonscaler_budget,ontario,51,0,79.0,31.0,205.4908333333333
optionB_budget0.90_beta0.01_gamma0.50,carbonscaler_budget,ontario,52,0,67.0,31.23,19.633333333333333
optionB_budget0.90_beta0.01_gamma0.50,carbonscaler_budget,ontario,53,0,60.0,35.23,24.95
optionB_budget0.90_beta0.01_gamma0.50,carbonscaler_budget,ontario,54,0,56.0,41.26,27.915000000000003
optionB_budget0.90_beta0.01_gamma0.50,carbonscaler_budget,ontario,55,0,56.0,44.87,31.650000000000002
optionB_budget0.90_beta0.01_gamma0.50,carbonscaler_budget,ontario,56,0,72.0,41.08,29.24083333333333
optionB_budget0.90_beta0.01_gamma0.50,carbonscaler_budget,ontario,57,0,69.0,43.51,27.15833333333333
optionB_budget0.90_beta0.01_gamma0.50,carbonscaler_budget,ontario,58,0,79.0,43.42,25.7025
optionB_budget0.90_beta0.01_gamma0.50,carbonscaler_budget,ontario,59,0,83.0,45.31,38.740833333333335
optionB_budget0.90_beta0.01_gamma0.50,carbonscaler_budget,ontario,60,0,95.0,46.51,27.8175
optionB_budget0.90_beta0.01_gamma0.50,carbonscaler_budget,ontario,61,0,102.0,48.6,34.40916666666667
optionB_budget0.90_beta0.01_gamma0.50,carbonscaler_budget,ontario,62,0,102.0,50.34,62.815
optionB_budget0.90_beta0.01_gamma0.50,carbonscaler_budget,ontario,63,0,102.0,58.05,259.62416666666667
optionB_budget0.90_beta0.01_gamma0.50,carbonscaler_budget,ontario,64,0,113.0,63.16,86.6925
optionB_budget0.90_beta0.01_gamma0.50,carbonscaler_budget,ontario,65,0,107.0,68.53,68.18083333333333
optionB_budget0.90_beta0.01_gamma0.50,carbonscaler_budget,ontario,66,0,116.0,93.18,42.89666666666667
optionB_budget0.90_beta0.01_gamma0.50,carbonscaler_budget,ontario,67,0,122.0,88.3,31.522499999999997
optionB_budget0.90_beta0.01_gamma0.50,carbonscaler_budget,ontario,68,0,125.0,59.9,34.58416666666667
optionB_budget0.90_beta0.01_gamma0.50,carbonscaler_budget,ontario,69,0,127.0,42.02,28.534166666666664
optionB_budget0.90_beta0.01_gamma0.50,carbonscaler_budget,ontario,70,0,128.0,36.39,34.01333333333333
optionB_budget0.90_beta0.01_gamma0.50,carbonscaler_budget,ontario,71,0,125.0,32.74,28.38416666666667
optionB_budget0.90_beta0.01_gamma0.50,carbonscaler_budget,ontario,72,0,120.0,28.68,22.7325
optionB_budget0.90_beta0.01_gamma0.50,carbonscaler_budget,ontario,73,0,116.0,28.64,19.643333333333334
optionB_budget0.90_beta0.01_gamma0.50,carbonscaler_budget,ontario,74,0,106.0,26.46,17.49
optionB_budget0.90_beta0.01_gamma0.50,carbonscaler_budget,ontario,75,0,115.0,28.46,16.575833333333332
optionB_budget0.90_beta0.01_gamma0.50,carbonscaler_budget,ontario,76,0,106.0,31.0,5.333333333333333
optionB_budget0.90_beta0.01_gamma0.50,carbonscaler_budget,ontario,77,0,101.0,30.35,0.11750000000000001
optionB_budget0.90_beta0.01_gamma0.50,carbonscaler_budget,ontario,78,0,85.0,34.27,1.3058333333333334
optionB_budget0.90_beta0.01_gamma0.50,carbonscaler_budget,ontario,79,0,76.0,41.23,2.350833333333333
optionB_budget0.90_beta0.01_gamma0.50,carbonscaler_budget,ontario,80,0,74.0,44.8,17.661666666666665
optionB_budget0.90_beta0.01_gamma0.50,carbonscaler_budget,ontario,81,0,78.0,40.27,309.79083333333335
optionB_budget0.90_beta0.01_gamma0.50,carbonscaler_budget,ontario,82,0,82.0,33.88,64.495
optionB_budget0.90_beta0.01_gamma0.50,carbonscaler_budget,ontario,83,0,78.0,33.33,56.17916666666667
optionB_budget0.90_beta0.01_gamma0.50,carbonscaler_budget,ontario,84,0,77.0,33.98,41.751666666666665
optionB_budget0.90_beta0.01_gamma0.50,carbonscaler_budget,ontario,85,0,82.0,35.01,49.869166666666665
optionB_budget0.90_beta0.01_gamma0.50,carbonscaler_budget,ontario,86,0,106.0,39.71,33.9275
optionB_budget0.90_beta0.01_gamma0.50,carbonscaler_budget,ontario,87,0,114.0,43.6,29.6075
optionB_budget0.90_beta0.01_gamma0.50,carbonscaler_budget,ontario,88,0,115.0,45.42,26.890833333333333
optionB_budget0.90_beta0.01_gamma0.50,carbonscaler_budget,ontario,89,0,114.0,65.47,44.94916666666666
optionB_budget0.90_beta0.01_gamma0.50,carbonscaler_budget,ontario,90,0,114.0,97.57,69.5475
optionB_budget0.90_beta0.01_gamma0.50,carbonscaler_budget,ontario,91,0,117.0,91.59,49.107499999999995
optionB_budget0.90_beta0.01_gamma0.50,carbonscaler_budget,ontario,92,0,117.0,60.83,34.73416666666667
optionB_budget0.90_beta0.01_gamma0.50,carbonscaler_budget,ontario,93,0,120.0,40.07,31.221666666666668
optionB_budget0.90_beta0.01_gamma0.50,carbonscaler_budget,ontario,94,0,134.0,35.25,27.25166666666667
optionB_budget0.90_beta0.01_gamma0.50,carbonscaler_budget,ontario,95,0,140.0,31.68,22.011666666666667
optionB_budget0.90_beta0.01_gamma0.50,carbonscaler_budget,ontario,96,0,139.0,35.25,22.888333333333332
optionB_budget0.90_beta0.01_gamma0.50,carbonscaler_budget,ontario,97,0,133.0,31.63,16.738333333333333
optionB_budget0.90_beta0.01_gamma0.50,carbonscaler_budget,ontario,98,0,128.0,32.45,18.855
optionB_budget0.90_beta0.01_gamma0.50,carbonscaler_budget,ontario,99,0,121.0,35.25,19.664166666666667
optionB_budget0.90_beta0.01_gamma0.50,carbonscaler_budget,ontario,100,0,110.0,34.56,30.938333333333333
optionB_budget0.90_beta0.01_gamma0.50,carbonscaler_budget,ontario,101,0,106.0,37.63,43.03666666666667
optionB_budget0.90_beta0.01_gamma0.50,carbonscaler_budget,ontario,102,0,95.0,50.91,53.759166666666665
optionB_budget0.90_beta0.01_gamma0.50,carbonscaler_budget,ontario,103,0,96.0,45.92,50.67333333333334
optionB_budget0.90_beta0.01_gamma0.50,carbonscaler_budget,ontario,104,0,95.0,45.16,37.01333333333333
optionB_budget0.90_beta0.01_gamma0.50,carbonscaler_budget,ontario,105,0,101.0,42.88,20.0675
optionB_budget0.90_beta0.01_gamma0.50,carbonscaler_budget,ontario,106,0,112.0,43.2,10.8925
optionB_budget0.90_beta0.01_gamma0.50,carbonscaler_budget,ontario,107,0,125.0,44.74,12.486666666666666
optionB_budget0.90_beta0.01_gamma0.50,carbonscaler_budget,ontario,108,0,126.0,45.02,31.290833333333335
optionB_budget0.90_beta0.01_gamma0.50,carbonscaler_budget,ontario,109,0,122.0,38.9,60.625
optionB_budget0.90_beta0.01_gamma0.50,carbonscaler_budget,ontario,110,0,104.0,29.92,50.5375
optionB_budget0.90_beta0.01_gamma0.50,carbonscaler_budget,ontario,111,0,104.0,34.24,64.04833333333333
optionB_budget0.90_beta0.01_gamma0.50,carbonscaler_budget,ontario,112,0,104.0,48.42,69.30416666666666
optionB_budget0.90_beta0.01_gamma0.50,carbonscaler_budget,ontario,113,0,109.0,62.22,71.61083333333333
optionB_budget0.90_beta0.01_gamma0.50,carbonscaler_budget,ontario,114,0,109.0,55.44,22.609166666666667
optionB_budget0.90_beta0.01_gamma0.50,carbonscaler_budget,ontario,115,0,108.0,45.27,16.400833333333335
optionB_budget0.90_beta0.01_gamma0.50,carbonscaler_budget,ontario,116,0,110.0,41.53,13.129166666666668
optionB_budget0.90_beta0.01_gamma0.50,carbonscaler_budget,ontario,117,0,118.0,32.29,15.157499999999999
optionB_budget0.90_beta0.01_gamma0.50,carbonscaler_budget,ontario,118,0,114.0,28.02,1.1275000000000002
optionB_budget0.90_beta0.01_gamma0.50,carbonscaler_budget,ontario,119,0,105.0,23.02,2.3566666666666665
optionB_budget0.90_beta0.01_gamma0.50,carbonscaler_budget,ontario,120,0,89.0,7.67,3.641666666666667
optionB_budget0.90_beta0.01_gamma0.50,carbonscaler_budget,ontario,121,0,78.0,6.48,0.18333333333333335
optionB_budget0.90_beta0.01_gamma0.50,carbonscaler_budget,ontario,122,0,73.0,6.36,0.6066666666666667
optionB_budget0.90_beta0.01_gamma0.50,carbonscaler_budget,ontario,123,0,63.0,6.54,0.5066666666666667
optionB_budget0.90_beta0.01_gamma0.50,carbonscaler_budget,ontario,124,0,50.0,5.85,0.055
optionB_budget0.90_beta0.01_gamma0.50,carbonscaler_budget,ontario,125,1,25.0,4.96,0.205
optionB_budget0.90_beta0.01_gamma0.50,carbonscaler_budget,ontario,126,2,19.0,0.0,0.8916666666666666
optionB_budget0.90_beta0.01_gamma0.50,carbonscaler_budget,ontario,127,2,19.0,0.0,1.7
optionB_budget0.90_beta0.01_gamma0.50,carbonscaler_budget,ontario,128,2,19.0,4.04,7.135833333333333
optionB_budget0.90_beta0.01_gamma0.50,carbonscaler_budget,ontario,129,2,19.0,6.14,7.169999999999999
optionB_budget0.90_beta0.01_gamma0.50,carbonscaler_budget,ontario,130,2,20.0,6.59,3.830833333333333
optionB_budget0.90_beta0.01_gamma0.50,carbonscaler_budget,ontario,131,2,19.0,10.27,1.3683333333333334
optionB_budget0.90_beta0.01_gamma0.50,carbonscaler_budget,ontario,132,2,20.0,12.17,3.124166666666667
optionB_budget0.90_beta0.01_gamma0.50,carbonscaler_budget,ontario,133,2,20.0,23.07,7.541666666666667
optionB_budget0.90_beta0.01_gamma0.50,carbonscaler_budget,ontario,134,2,20.0,22.33,17.98333333333333
optionB_budget0.90_beta0.01_gamma0.50,carbonscaler_budget,ontario,135,2,20.0,27.13,271.9775
optionB_budget0.90_beta0.01_gamma0.50,carbonscaler_budget,ontario,136,2,20.0,31.7,226.4891666666667
optionB_budget0.90_beta0.01_gamma0.50,carbonscaler_budget,ontario,137,1,21.0,43.63,53.12416666666666
optionB_budget0.90_beta0.01_gamma0.50,carbonscaler_budget,ontario,138,1,25.0,44.6,28.73333333333333
optionB_budget0.90_beta0.01_gamma0.50,carbonscaler_budget,ontario,139,0,31.0,44.27,30.3875
optionB_budget0.90_beta0.01_gamma0.50,carbonscaler_budget,ontario,140,0,44.0,40.66,26.551666666666666
optionB_budget0.90_beta0.01_gamma0.50,carbonscaler_budget,ontario,141,0,59.0,34.9,17.886666666666667
optionB_budget0.90_beta0.01_gamma0.50,carbonscaler_budget,ontario,142,0,56.0,27.19,33.0425
optionB_budget0.90_beta0.01_gamma0.50,carbonscaler_budget,ontario,143,0,50.0,24.14,41.13916666666667
optionB_budget0.90_beta0.01_gamma0.50,carbonscaler_budget,ontario,144,0,51.0,18.56,126.9175
optionB_budget0.90_beta0.01_gamma0.50,carbonscaler_budget,ontario,145,0,47.0,20.59,34.336666666666666
optionB_budget0.90_beta0.01_gamma0.50,carbonscaler_budget,ontario,146,0,41.0,20.65,15.604166666666666
optionB_budget0.90_beta0.01_gamma0.50,carbonscaler_budget,ontario,147,0,43.0,25.11,11.890833333333333
optionB_budget0.90_beta0.01_gamma0.50,carbonscaler_budget,ontario,148,0,48.0,27.45,21.102500000000003
optionB_budget0.90_beta0.01_gamma0.50,carbonscaler_budget,ontario,149,0,51.0,25.42,47.294999999999995
optionB_budget0.90_beta0.01_gamma0.50,carbonscaler_budget,ontario,150,0,48.0,30.27,34.4625
optionB_budget0.90_beta0.01_gamma0.50,carbonscaler_budget,ontario,151,0,42.0,31.89,74.80833333333334
optionB_budget0.90_beta0.01_gamma0.50,carbonscaler_budget,ontario,152,0,43.0,26.94,9.879166666666666
optionB_budget0.90_beta0.01_gamma0.50,carbonscaler_budget,ontario,153,0,45.0,27.02,2.0325
optionB_budget0.90_beta0.01_gamma0.50,carbonscaler_budget,ontario,154,0,54.0,27.62,12.414166666666667
optionB_budget0.90_beta0.01_gamma0.50,carbonscaler_budget,ontario,155,0,53.0,19.97,31.2075
optionB_budget0.90_beta0.01_gamma0.50,carbonscaler_budget,ontario,156,0,61.0,20.25,35.7975
optionB_budget0.90_beta0.01_gamma0.50,carbonscaler_budget,ontario,157,0,52.0,18.08,27.594166666666666
optionB_budget0.90_beta0.01_gamma0.50,carbonscaler_budget,ontario,158,0,47.0,18.08,19.763333333333332
optionB_budget0.90_beta0.01_gamma0.50,carbonscaler_budget,ontario,159,0,46.0,23.4,22.815833333333334
optionB_budget0.90_beta0.01_gamma0.50,carbonscaler_budget,ontario,160,0,49.0,26.71,23.8025
optionB_budget0.90_beta0.01_gamma0.50,carbonscaler_budget,ontario,161,0,54.0,40.16,38.34666666666667
optionB_budget0.90_beta0.01_gamma0.50,carbonscaler_budget,ontario,162,0,50.0,48.19,32.54333333333333
optionB_budget0.90_beta0.01_gamma0.50,carbonscaler_budget,ontario,163,0,52.0,57.72,53.36166666666667
optionB_budget0.90_beta0.01_gamma0.50,carbonscaler_budget,ontario,164,0,58.0,47.14,133.0875
optionB_budget0.90_beta0.01_gamma0.50,carbonscaler_budget,ontario,165,0,63.0,42.9,33.722500000000004
optionB_budget0.90_beta0.01_gamma0.50,carbonscaler_budget,ontario,166,0,77.0,34.87,34.745
optionB_budget0.90_beta0.01_gamma0.50,carbonscaler_budget,ontario,167,0,75.0,29.21,28.75916666666667
optionB_budget0.90_beta0.01_gamma0.75,carbonscaler_budget,ontario,0,0,55.0,10.14,12.723333333333334
optionB_budget0.90_beta0.01_gamma0.75,carbonscaler_budget,ontario,1,0,48.0,9.36,5.970833333333334
optionB_budget0.90_beta0.01_gamma0.75,carbonscaler_budget,ontario,2,0,45.0,9.06,7.86
optionB_budget0.90_beta0.01_gamma0.75,carbonscaler_budget,ontario,3,0,34.0,10.08,14.696666666666665
optionB_budget0.90_beta0.01_gamma0.75,carbonscaler_budget,ontario,4,0,32.0,14.33,34.67416666666667
optionB_budget0.90_beta0.01_gamma0.75,carbonscaler_budget,ontario,5,0,32.0,19.15,26.945000000000004
optionB_budget0.90_beta0.01_gamma0.75,carbonscaler_budget,ontario,6,0,32.0,35.55,36.14
optionB_budget0.90_beta0.01_gamma0.75,carbonscaler_budget,ontario,7,0,32.0,35.33,32.5175
optionB_budget0.90_beta0.01_gamma0.75,carbonscaler_budget,ontario,8,0,33.0,30.29,33.76916666666666
optionB_budget0.90_beta0.01_gamma0.75,carbonscaler_budget,ontario,9,0,39.0,30.48,14.690833333333332
optionB_budget0.90_beta0.01_gamma0.75,carbonscaler_budget,ontario,10,0,44.0,31.4,11.320833333333333
optionB_budget0.90_beta0.01_gamma0.75,carbonscaler_budget,ontario,11,0,52.0,33.38,13.204166666666666
optionB_budget0.90_beta0.01_gamma0.75,carbonscaler_budget,ontario,12,0,55.0,34.47,2.6
optionB_budget0.90_beta0.01_gamma0.75,carbonscaler_budget,ontario,13,0,56.0,37.07,13.165
optionB_budget0.90_beta0.01_gamma0.75,carbonscaler_budget,ontario,14,0,50.0,36.14,17.45
optionB_budget0.90_beta0.01_gamma0.75,carbonscaler_budget,ontario,15,0,53.0,36.43,31.770833333333332
optionB_budget0.90_beta0.01_gamma0.75,carbonscaler_budget,ontario,16,0,56.0,46.88,55.70666666666667
optionB_budget0.90_beta0.01_gamma0.75,carbonscaler_budget,ontario,17,0,60.0,54.49,60.38666666666666
optionB_budget0.90_beta0.01_gamma0.75,carbonscaler_budget,ontario,18,0,64.0,74.91,244.5533333333333
optionB_budget0.90_beta0.01_gamma0.75,carbonscaler_budget,ontario,19,0,69.0,99.9,97.6475
optionB_budget0.90_beta0.01_gamma0.75,carbonscaler_budget,ontario,20,0,79.0,63.3,122.53583333333334
optionB_budget0.90_beta0.01_gamma0.75,carbonscaler_budget,ontario,21,0,100.0,43.0,28.940833333333334
optionB_budget0.90_beta0.01_gamma0.75,carbonscaler_budget,ontario,22,0,105.0,33.65,26.91
optionB_budget0.90_beta0.01_gamma0.75,carbonscaler_budget,ontario,23,0,114.0,34.59,21.63083333333333
optionB_budget0.90_beta0.01_gamma0.75,carbonscaler_budget,ontario,24,0,116.0,42.27,19.504166666666666
optionB_budget0.90_beta0.01_gamma0.75,carbonscaler_budget,ontario,25,0,117.0,35.57,14.384166666666665
optionB_budget0.90_beta0.01_gamma0.75,carbonscaler_budget,ontario,26,0,101.0,32.42,1.3316666666666668
optionB_budget0.90_beta0.01_gamma0.75,carbonscaler_budget,ontario,27,0,95.0,32.28,0.0
optionB_budget0.90_beta0.01_gamma0.75,carbonscaler_budget,ontario,28,0,87.0,35.23,0.5166666666666667
optionB_budget0.90_beta0.01_gamma0.75,carbonscaler_budget,ontario,29,0,70.0,34.07,16.916666666666668
optionB_budget0.90_beta0.01_gamma0.75,carbonscaler_budget,ontario,30,0,67.0,43.68,30.46083333333333
optionB_budget0.90_beta0.01_gamma0.75,carbonscaler_budget,ontario,31,0,67.0,42.18,20.410833333333333
optionB_budget0.90_beta0.01_gamma0.75,carbonscaler_budget,ontario,32,0,67.0,38.78,26.3875
optionB_budget0.90_beta0.01_gamma0.75,carbonscaler_budget,ontario,33,0,65.0,38.58,22.519166666666667
optionB_budget0.90_beta0.01_gamma0.75,carbonscaler_budget,ontario,34,0,64.0,42.91,27.260833333333334
optionB_budget0.90_beta0.01_gamma0.75,carbonscaler_budget,ontario,35,0,73.0,42.84,18.598333333333333
optionB_budget0.90_beta0.01_gamma0.75,carbonscaler_budget,ontario,36,0,68.0,40.08,41.99333333333333
optionB_budget0.90_beta0.01_gamma0.75,carbonscaler_budget,ontario,37,0,71.0,43.84,44.544999999999995
optionB_budget0.90_beta0.01_gamma0.75,carbonscaler_budget,ontario,38,0,67.0,44.96,45.98416666666666
optionB_budget0.90_beta0.01_gamma0.75,carbonscaler_budget,ontario,39,0,65.0,44.09,44.192499999999995
optionB_budget0.90_beta0.01_gamma0.75,carbonscaler_budget,ontario,40,0,65.0,51.21,39.36666666666667
optionB_budget0.90_beta0.01_gamma0.75,carbonscaler_budget,ontario,41,0,82.0,59.92,32.435
optionB_budget0.90_beta0.01_gamma0.75,carbonscaler_budget,ontario,42,0,91.0,77.65,36.375
optionB_budget0.90_beta0.01_gamma0.75,carbonscaler_budget,ontario,43,0,103.0,76.38,34.59
optionB_budget0.90_beta0.01_gamma0.75,carbonscaler_budget,ontario,44,0,110.0,56.96,29.3225
optionB_budget0.90_beta0.01_gamma0.75,carbonscaler_budget,ontario,45,0,107.0,43.68,22.377499999999998
optionB_budget0.90_beta0.01_gamma0.75,carbonscaler_budget,ontario,46,0,104.0,40.54,15.515
optionB_budget0.90_beta0.01_gamma0.75,carbonscaler_budget,ontario,47,0,106.0,33.18,14.910000000000002
optionB_budget0.90_beta0.01_gamma0.75,carbonscaler_budget,ontario,48,0,104.0,32.14,11.148333333333333
optionB_budget0.90_beta0.01_gamma0.75,carbonscaler_budget,ontario,49,0,100.0,30.12,8.441666666666666
optionB_budget0.90_beta0.01_gamma0.75,carbonscaler_budget,ontario,50,0,92.0,31.12,149.02666666666667
optionB_budget0.90_beta0.01_gamma0.75,carbonscaler_budget,ontario,51,0,79.0,31.0,205.4908333333333
optionB_budget0.90_beta0.01_gamma0.75,carbonscaler_budget,ontario,52,0,67.0,31.23,19.633333333333333
optionB_budget0.90_beta0.01_gamma0.75,carbonscaler_budget,ontario,53,0,60.0,35.23,24.95
optionB_budget0.90_beta0.01_gamma0.75,carbonscaler_budget,ontario,54,0,56.0,41.26,27.915000000000003
optionB_budget0.90_beta0.01_gamma0.75,carbonscaler_budget,ontario,55,0,56.0,44.87,31.650000000000002
optionB_budget0.90_beta0.01_gamma0.75,carbonscaler_budget,ontario,56,0,72.0,41.08,29.24083333333333
optionB_budget0.90_beta0.01_gamma0.75,carbonscaler_budget,ontario,57,0,69.0,43.51,27.15833333333333
optionB_budget0.90_beta0.01_gamma0.75,carbonscaler_budget,ontario,58,0,79.0,43.42,25.7025
optionB_budget0.90_beta0.01_gamma0.75,carbonscaler_budget,ontario,59,0,83.0,45.31,38.740833333333335
optionB_budget0.90_beta0.01_gamma0.75,carbonscaler_budget,ontario,60,0,95.0,46.51,27.8175
optionB_budget0.90_beta0.01_gamma0.75,carbonscaler_budget,ontario,61,0,102.0,48.6,34.40916666666667
optionB_budget0.90_beta0.01_gamma0.75,carbonscaler_budget,ontario,62,0,102.0,50.34,62.815
optionB_budget0.90_beta0.01_gamma0.75,carbonscaler_budget,ontario,63,0,102.0,58.05,259.62416666666667
optionB_budget0.90_beta0.01_gamma0.75,carbonscaler_budget,ontario,64,0,113.0,63.16,86.6925
optionB_budget0.90_beta0.01_gamma0.75,carbonscaler_budget,ontario,65,0,107.0,68.53,68.18083333333333
optionB_budget0.90_beta0.01_gamma0.75,carbonscaler_budget,ontario,66,0,116.0,93.18,42.89666666666667
optionB_budget0.90_beta0.01_gamma0.75,carbonscaler_budget,ontario,67,0,122.0,88.3,31.522499999999997
optionB_budget0.90_beta0.01_gamma0.75,carbonscaler_budget,ontario,68,0,125.0,59.9,34.58416666666667
optionB_budget0.90_beta0.01_gamma0.75,carbonscaler_budget,ontario,69,0,127.0,42.02,28.534166666666664
optionB_budget0.90_beta0.01_gamma0.75,carbonscaler_budget,ontario,70,0,128.0,36.39,34.01333333333333
optionB_budget0.90_beta0.01_gamma0.75,carbonscaler_budget,ontario,71,0,125.0,32.74,28.38416666666667
optionB_budget0.90_beta0.01_gamma0.75,carbonscaler_budget,ontario,72,0,120.0,28.68,22.7325
optionB_budget0.90_beta0.01_gamma0.75,carbonscaler_budget,ontario,73,0,116.0,28.64,19.643333333333334
optionB_budget0.90_beta0.01_gamma0.75,carbonscaler_budget,ontario,74,0,106.0,26.46,17.49
optionB_budget0.90_beta0.01_gamma0.75,carbonscaler_budget,ontario,75,0,115.0,28.46,16.575833333333332
optionB_budget0.90_beta0.01_gamma0.75,carbonscaler_budget,ontario,76,0,106.0,31.0,5.333333333333333
optionB_budget0.90_beta0.01_gamma0.75,carbonscaler_budget,ontario,77,0,101.0,30.35,0.11750000000000001
optionB_budget0.90_beta0.01_gamma0.75,carbonscaler_budget,ontario,78,0,85.0,34.27,1.3058333333333334
optionB_budget0.90_beta0.01_gamma0.75,carbonscaler_budget,ontario,79,0,76.0,41.23,2.350833333333333
optionB_budget0.90_beta0.01_gamma0.75,carbonscaler_budget,ontario,80,0,74.0,44.8,17.661666666666665
optionB_budget0.90_beta0.01_gamma0.75,carbonscaler_budget,ontario,81,0,78.0,40.27,309.79083333333335
optionB_budget0.90_beta0.01_gamma0.75,carbonscaler_budget,ontario,82,0,82.0,33.88,64.495
optionB_budget0.90_beta0.01_gamma0.75,carbonscaler_budget,ontario,83,0,78.0,33.33,56.17916666666667
optionB_budget0.90_beta0.01_gamma0.75,carbonscaler_budget,ontario,84,0,77.0,33.98,41.751666666666665
optionB_budget0.90_beta0.01_gamma0.75,carbonscaler_budget,ontario,85,0,82.0,35.01,49.869166666666665
optionB_budget0.90_beta0.01_gamma0.75,carbonscaler_budget,ontario,86,0,106.0,39.71,33.9275
optionB_budget0.90_beta0.01_gamma0.75,carbonscaler_budget,ontario,87,0,114.0,43.6,29.6075
optionB_budget0.90_beta0.01_gamma0.75,carbonscaler_budget,ontario,88,0,115.0,45.42,26.890833333333333
optionB_budget0.90_beta0.01_gamma0.75,carbonscaler_budget,ontario,89,0,114.0,65.47,44.94916666666666
optionB_budget0.90_beta0.01_gamma0.75,carbonscaler_budget,ontario,90,0,114.0,97.57,69.5475
optionB_budget0.90_beta0.01_gamma0.75,carbonscaler_budget,ontario,91,0,117.0,91.59,49.107499999999995
optionB_budget0.90_beta0.01_gamma0.75,carbonscaler_budget,ontario,92,0,117.0,60.83,34.73416666666667
optionB_budget0.90_beta0.01_gamma0.75,carbonscaler_budget,ontario,93,0,120.0,40.07,31.221666666666668
optionB_budget0.90_beta0.01_gamma0.75,carbonscaler_budget,ontario,94,0,134.0,35.25,27.25166666666667
optionB_budget0.90_beta0.01_gamma0.75,carbonscaler_budget,ontario,95,0,140.0,31.68,22.011666666666667
optionB_budget0.90_beta0.01_gamma0.75,carbonscaler_budget,ontario,96,0,139.0,35.25,22.888333333333332
optionB_budget0.90_beta0.01_gamma0.75,carbonscaler_budget,ontario,97,0,133.0,31.63,16.738333333333333
optionB_budget0.90_beta0.01_gamma0.75,carbonscaler_budget,ontario,98,0,128.0,32.45,18.855
optionB_budget0.90_beta0.01_gamma0.75,carbonscaler_budget,ontario,99,0,121.0,35.25,19.664166666666667
optionB_budget0.90_beta0.01_gamma0.75,carbonscaler_budget,ontario,100,0,110.0,34.56,30.938333333333333
optionB_budget0.90_beta0.01_gamma0.75,carbonscaler_budget,ontario,101,0,106.0,37.63,43.03666666666667
optionB_budget0.90_beta0.01_gamma0.75,carbonscaler_budget,ontario,102,0,95.0,50.91,53.759166666666665
optionB_budget0.90_beta0.01_gamma0.75,carbonscaler_budget,ontario,103,0,96.0,45.92,50.67333333333334
optionB_budget0.90_beta0.01_gamma0.75,carbonscaler_budget,ontario,104,0,95.0,45.16,37.01333333333333
optionB_budget0.90_beta0.01_gamma0.75,carbonscaler_budget,ontario,105,0,101.0,42.88,20.0675
optionB_budget0.90_beta0.01_gamma0.75,carbonscaler_budget,ontario,106,0,112.0,43.2,10.8925
optionB_budget0.90_beta0.01_gamma0.75,carbonscaler_budget,ontario,107,0,125.0,44.74,12.486666666666666
optionB_budget0.90_beta0.01_gamma0.75,carbonscaler_budget,ontario,108,0,126.0,45.02,31.290833333333335
optionB_budget0.90_beta0.01_gamma0.75,carbonscaler_budget,ontario,109,0,122.0,38.9,60.625
optionB_budget0.90_beta0.01_gamma0.75,carbonscaler_budget,ontario,110,0,104.0,29.92,50.5375
optionB_budget0.90_beta0.01_gamma0.75,carbonscaler_budget,ontario,111,0,104.0,34.24,64.04833333333333
optionB_budget0.90_beta0.01_gamma0.75,carbonscaler_budget,ontario,112,0,104.0,48.42,69.30416666666666
optionB_budget0.90_beta0.01_gamma0.75,carbonscaler_budget,ontario,113,0,109.0,62.22,71.61083333333333
optionB_budget0.90_beta0.01_gamma0.75,carbonscaler_budget,ontario,114,0,109.0,55.44,22.609166666666667
optionB_budget0.90_beta0.01_gamma0.75,carbonscaler_budget,ontario,115,0,108.0,45.27,16.400833333333335
optionB_budget0.90_beta0.01_gamma0.75,carbonscaler_budget,ontario,116,0,110.0,41.53,13.129166666666668
optionB_budget0.90_beta0.01_gamma0.75,carbonscaler_budget,ontario,117,0,118.0,32.29,15.157499999999999
optionB_budget0.90_beta0.01_gamma0.75,carbonscaler_budget,ontario,118,0,114.0,28.02,1.1275000000000002
optionB_budget0.90_beta0.01_gamma0.75,carbonscaler_budget,ontario,119,0,105.0,23.02,2.3566666666666665
optionB_budget0.90_beta0.01_gamma0.75,carbonscaler_budget,ontario,120,0,89.0,7.67,3.641666666666667
optionB_budget0.90_beta0.01_gamma0.75,carbonscaler_budget,ontario,121,0,78.0,6.48,0.18333333333333335
optionB_budget0.90_beta0.01_gamma0.75,carbonscaler_budget,ontario,122,0,73.0,6.36,0.6066666666666667
optionB_budget0.90_beta0.01_gamma0.75,carbonscaler_budget,ontario,123,0,63.0,6.54,0.5066666666666667
optionB_budget0.90_beta0.01_gamma0.75,carbonscaler_budget,ontario,124,0,50.0,5.85,0.055
optionB_budget0.90_beta0.01_gamma0.75,carbonscaler_budget,ontario,125,1,25.0,4.96,0.205
optionB_budget0.90_beta0.01_gamma0.75,carbonscaler_budget,ontario,126,2,19.0,0.0,0.8916666666666666
optionB_budget0.90_beta0.01_gamma0.75,carbonscaler_budget,ontario,127,2,19.0,0.0,1.7
optionB_budget0.90_beta0.01_gamma0.75,carbonscaler_budget,ontario,128,2,19.0,4.04,7.135833333333333
optionB_budget0.90_beta0.01_gamma0.75,carbonscaler_budget,ontario,129,2,19.0,6.14,7.169999999999999
optionB_budget0.90_beta0.01_gamma0.75,carbonscaler_budget,ontario,130,2,20.0,6.59,3.830833333333333
optionB_budget0.90_beta0.01_gamma0.75,carbonscaler_budget,ontario,131,2,19.0,10.27,1.3683333333333334
optionB_budget0.90_beta0.01_gamma0.75,carbonscaler_budget,ontario,132,2,20.0,12.17,3.124166666666667
optionB_budget0.90_beta0.01_gamma0.75,carbonscaler_budget,ontario,133,2,20.0,23.07,7.541666666666667
optionB_budget0.90_beta0.01_gamma0.75,carbonscaler_budget,ontario,134,2,20.0,22.33,17.98333333333333
optionB_budget0.90_beta0.01_gamma0.75,carbonscaler_budget,ontario,135,2,20.0,27.13,271.9775
optionB_budget0.90_beta0.01_gamma0.75,carbonscaler_budget,ontario,136,2,20.0,31.7,226.4891666666667
optionB_budget0.90_beta0.01_gamma0.75,carbonscaler_budget,ontario,137,1,21.0,43.63,53.12416666666666
optionB_budget0.90_beta0.01_gamma0.75,carbonscaler_budget,ontario,138,1,25.0,44.6,28.73333333333333
optionB_budget0.90_beta0.01_gamma0.75,carbonscaler_budget,ontario,139,0,31.0,44.27,30.3875
optionB_budget0.90_beta0.01_gamma0.75,carbonscaler_budget,ontario,140,0,44.0,40.66,26.551666666666666
optionB_budget0.90_beta0.01_gamma0.75,carbonscaler_budget,ontario,141,0,59.0,34.9,17.886666666666667
optionB_budget0.90_beta0.01_gamma0.75,carbonscaler_budget,ontario,142,0,56.0,27.19,33.0425
optionB_budget0.90_beta0.01_gamma0.75,carbonscaler_budget,ontario,143,0,50.0,24.14,41.13916666666667
optionB_budget0.90_beta0.01_gamma0.75,carbonscaler_budget,ontario,144,0,51.0,18.56,126.9175
optionB_budget0.90_beta0.01_gamma0.75,carbonscaler_budget,ontario,145,0,47.0,20.59,34.336666666666666
optionB_budget0.90_beta0.01_gamma0.75,carbonscaler_budget,ontario,146,0,41.0,20.65,15.604166666666666
optionB_budget0.90_beta0.01_gamma0.75,carbonscaler_budget,ontario,147,0,43.0,25.11,11.890833333333333
optionB_budget0.90_beta0.01_gamma0.75,carbonscaler_budget,ontario,148,0,48.0,27.45,21.102500000000003
optionB_budget0.90_beta0.01_gamma0.75,carbonscaler_budget,ontario,149,0,51.0,25.42,47.294999999999995
optionB_budget0.90_beta0.01_gamma0.75,carbonscaler_budget,ontario,150,0,48.0,30.27,34.4625
optionB_budget0.90_beta0.01_gamma0.75,carbonscaler_budget,ontario,151,0,42.0,31.89,74.80833333333334
optionB_budget0.90_beta0.01_gamma0.75,carbonscaler_budget,ontario,152,0,43.0,26.94,9.879166666666666
optionB_budget0.90_beta0.01_gamma0.75,carbonscaler_budget,ontario,153,0,45.0,27.02,2.0325
optionB_budget0.90_beta0.01_gamma0.75,carbonscaler_budget,ontario,154,0,54.0,27.62,12.414166666666667
optionB_budget0.90_beta0.01_gamma0.75,carbonscaler_budget,ontario,155,0,53.0,19.97,31.2075
optionB_budget0.90_beta0.01_gamma0.75,carbonscaler_budget,ontario,156,0,61.0,20.25,35.7975
optionB_budget0.90_beta0.01_gamma0.75,carbonscaler_budget,ontario,157,0,52.0,18.08,27.594166666666666
optionB_budget0.90_beta0.01_gamma0.75,carbonscaler_budget,ontario,158,0,47.0,18.08,19.763333333333332
optionB_budget0.90_beta0.01_gamma0.75,carbonscaler_budget,ontario,159,0,46.0,23.4,22.815833333333334
optionB_budget0.90_beta0.01_gamma0.75,carbonscaler_budget,ontario,160,0,49.0,26.71,23.8025
optionB_budget0.90_beta0.01_gamma0.75,carbonscaler_budget,ontario,161,0,54.0,40.16,38.34666666666667
optionB_budget0.90_beta0.01_gamma0.75,carbonscaler_budget,ontario,162,0,50.0,48.19,32.54333333333333
optionB_budget0.90_beta0.01_gamma0.75,carbonscaler_budget,ontario,163,0,52.0,57.72,53.36166666666667
optionB_budget0.90_beta0.01_gamma0.75,carbonscaler_budget,ontario,164,0,58.0,47.14,133.0875
optionB_budget0.90_beta0.01_gamma0.75,carbonscaler_budget,ontario,165,0,63.0,42.9,33.722500000000004
optionB_budget0.90_beta0.01_gamma0.75,carbonscaler_budget,ontario,166,0,77.0,34.87,34.745
optionB_budget0.90_beta0.01_gamma0.75,carbonscaler_budget,ontario,167,0,75.0,29.21,28.75916666666667
optionB_budget0.90_beta0.01_gamma1.00,carbonscaler_budget,ontario,0,0,55.0,10.14,12.723333333333334
optionB_budget0.90_beta0.01_gamma1.00,carbonscaler_budget,ontario,1,0,48.0,9.36,5.970833333333334
optionB_budget0.90_beta0.01_gamma1.00,carbonscaler_budget,ontario,2,0,45.0,9.06,7.86
optionB_budget0.90_beta0.01_gamma1.00,carbonscaler_budget,ontario,3,0,34.0,10.08,14.696666666666665
optionB_budget0.90_beta0.01_gamma1.00,carbonscaler_budget,ontario,4,0,32.0,14.33,34.67416666666667
optionB_budget0.90_beta0.01_gamma1.00,carbonscaler_budget,ontario,5,0,32.0,19.15,26.945000000000004
optionB_budget0.90_beta0.01_gamma1.00,carbonscaler_budget,ontario,6,0,32.0,35.55,36.14
optionB_budget0.90_beta0.01_gamma1.00,carbonscaler_budget,ontario,7,0,32.0,35.33,32.5175
optionB_budget0.90_beta0.01_gamma1.00,carbonscaler_budget,ontario,8,0,33.0,30.29,33.76916666666666
optionB_budget0.90_beta0.01_gamma1.00,carbonscaler_budget,ontario,9,0,39.0,30.48,14.690833333333332
optionB_budget0.90_beta0.01_gamma1.00,carbonscaler_budget,ontario,10,0,44.0,31.4,11.320833333333333
optionB_budget0.90_beta0.01_gamma1.00,carbonscaler_budget,ontario,11,0,52.0,33.38,13.204166666666666
optionB_budget0.90_beta0.01_gamma1.00,carbonscaler_budget,ontario,12,0,55.0,34.47,2.6
optionB_budget0.90_beta0.01_gamma1.00,carbonscaler_budget,ontario,13,0,56.0,37.07,13.165
optionB_budget0.90_beta0.01_gamma1.00,carbonscaler_budget,ontario,14,0,50.0,36.14,17.45
optionB_budget0.90_beta0.01_gamma1.00,carbonscaler_budget,ontario,15,0,53.0,36.43,31.770833333333332
optionB_budget0.90_beta0.01_gamma1.00,carbonscaler_budget,ontario,16,0,56.0,46.88,55.70666666666667
optionB_budget0.90_beta0.01_gamma1.00,carbonscaler_budget,ontario,17,0,60.0,54.49,60.38666666666666
optionB_budget0.90_beta0.01_gamma1.00,carbonscaler_budget,ontario,18,0,64.0,74.91,244.5533333333333
optionB_budget0.90_beta0.01_gamma1.00,carbonscaler_budget,ontario,19,0,69.0,99.9,97.6475
optionB_budget0.90_beta0.01_gamma1.00,carbonscaler_budget,ontario,20,0,79.0,63.3,122.53583333333334
optionB_budget0.90_beta0.01_gamma1.00,carbonscaler_budget,ontario,21,0,100.0,43.0,28.940833333333334
optionB_budget0.90_beta0.01_gamma1.00,carbonscaler_budget,ontario,22,0,105.0,33.65,26.91
optionB_budget0.90_beta0.01_gamma1.00,carbonscaler_budget,ontario,23,0,114.0,34.59,21.63083333333333
optionB_budget0.90_beta0.01_gamma1.00,carbonscaler_budget,ontario,24,0,116.0,42.27,19.504166666666666
optionB_budget0.90_beta0.01_gamma1.00,carbonscaler_budget,ontario,25,0,117.0,35.57,14.384166666666665
optionB_budget0.90_beta0.01_gamma1.00,carbonscaler_budget,ontario,26,0,101.0,32.42,1.3316666666666668
optionB_budget0.90_beta0.01_gamma1.00,carbonscaler_budget,ontario,27,0,95.0,32.28,0.0
optionB_budget0.90_beta0.01_gamma1.00,carbonscaler_budget,ontario,28,0,87.0,35.23,0.5166666666666667
optionB_budget0.90_beta0.01_gamma1.00,carbonscaler_budget,ontario,29,0,70.0,34.07,16.916666666666668
optionB_budget0.90_beta0.01_gamma1.00,carbonscaler_budget,ontario,30,0,67.0,43.68,30.46083333333333
optionB_budget0.90_beta0.01_gamma1.00,carbonscaler_budget,ontario,31,0,67.0,42.18,20.410833333333333
optionB_budget0.90_beta0.01_gamma1.00,carbonscaler_budget,ontario,32,0,67.0,38.78,26.3875
optionB_budget0.90_beta0.01_gamma1.00,carbonscaler_budget,ontario,33,0,65.0,38.58,22.519166666666667
optionB_budget0.90_beta0.01_gamma1.00,carbonscaler_budget,ontario,34,0,64.0,42.91,27.260833333333334
optionB_budget0.90_beta0.01_gamma1.00,carbonscaler_budget,ontario,35,0,73.0,42.84,18.598333333333333
optionB_budget0.90_beta0.01_gamma1.00,carbonscaler_budget,ontario,36,0,68.0,40.08,41.99333333333333
optionB_budget0.90_beta0.01_gamma1.00,carbonscaler_budget,ontario,37,0,71.0,43.84,44.544999999999995
optionB_budget0.90_beta0.01_gamma1.00,carbonscaler_budget,ontario,38,0,67.0,44.96,45.98416666666666
optionB_budget0.90_beta0.01_gamma1.00,carbonscaler_budget,ontario,39,0,65.0,44.09,44.192499999999995
optionB_budget0.90_beta0.01_gamma1.00,carbonscaler_budget,ontario,40,0,65.0,51.21,39.36666666666667
optionB_budget0.90_beta0.01_gamma1.00,carbonscaler_budget,ontario,41,0,82.0,59.92,32.435
optionB_budget0.90_beta0.01_gamma1.00,carbonscaler_budget,ontario,42,0,91.0,77.65,36.375
optionB_budget0.90_beta0.01_gamma1.00,carbonscaler_budget,ontario,43,0,103.0,76.38,34.59
optionB_budget0.90_beta0.01_gamma1.00,carbonscaler_budget,ontario,44,0,110.0,56.96,29.3225
optionB_budget0.90_beta0.01_gamma1.00,carbonscaler_budget,ontario,45,0,107.0,43.68,22.377499999999998
optionB_budget0.90_beta0.01_gamma1.00,carbonscaler_budget,ontario,46,0,104.0,40.54,15.515
optionB_budget0.90_beta0.01_gamma1.00,carbonscaler_budget,ontario,47,0,106.0,33.18,14.910000000000002
optionB_budget0.90_beta0.01_gamma1.00,carbonscaler_budget,ontario,48,0,104.0,32.14,11.148333333333333
optionB_budget0.90_beta0.01_gamma1.00,carbonscaler_budget,ontario,49,0,100.0,30.12,8.441666666666666
optionB_budget0.90_beta0.01_gamma1.00,carbonscaler_budget,ontario,50,0,92.0,31.12,149.02666666666667
optionB_budget0.90_beta0.01_gamma1.00,carbonscaler_budget,ontario,51,0,79.0,31.0,205.4908333333333
optionB_budget0.90_beta0.01_gamma1.00,carbonscaler_budget,ontario,52,0,67.0,31.23,19.633333333333333
optionB_budget0.90_beta0.01_gamma1.00,carbonscaler_budget,ontario,53,0,60.0,35.23,24.95
optionB_budget0.90_beta0.01_gamma1.00,carbonscaler_budget,ontario,54,0,56.0,41.26,27.915000000000003
optionB_budget0.90_beta0.01_gamma1.00,carbonscaler_budget,ontario,55,0,56.0,44.87,31.650000000000002
optionB_budget0.90_beta0.01_gamma1.00,carbonscaler_budget,ontario,56,0,72.0,41.08,29.24083333333333
optionB_budget0.90_beta0.01_gamma1.00,carbonscaler_budget,ontario,57,0,69.0,43.51,27.15833333333333
optionB_budget0.90_beta0.01_gamma1.00,carbonscaler_budget,ontario,58,0,79.0,43.42,25.7025
optionB_budget0.90_beta0.01_gamma1.00,carbonscaler_budget,ontario,59,0,83.0,45.31,38.740833333333335
optionB_budget0.90_beta0.01_gamma1.00,carbonscaler_budget,ontario,60,0,95.0,46.51,27.8175
optionB_budget0.90_beta0.01_gamma1.00,carbonscaler_budget,ontario,61,0,102.0,48.6,34.40916666666667
optionB_budget0.90_beta0.01_gamma1.00,carbonscaler_budget,ontario,62,0,102.0,50.34,62.815
optionB_budget0.90_beta0.01_gamma1.00,carbonscaler_budget,ontario,63,0,102.0,58.05,259.62416666666667
optionB_budget0.90_beta0.01_gamma1.00,carbonscaler_budget,ontario,64,0,113.0,63.16,86.6925
optionB_budget0.90_beta0.01_gamma1.00,carbonscaler_budget,ontario,65,0,107.0,68.53,68.18083333333333
optionB_budget0.90_beta0.01_gamma1.00,carbonscaler_budget,ontario,66,0,116.0,93.18,42.89666666666667
optionB_budget0.90_beta0.01_gamma1.00,carbonscaler_budget,ontario,67,0,122.0,88.3,31.522499999999997
optionB_budget0.90_beta0.01_gamma1.00,carbonscaler_budget,ontario,68,0,125.0,59.9,34.58416666666667
optionB_budget0.90_beta0.01_gamma1.00,carbonscaler_budget,ontario,69,0,127.0,42.02,28.534166666666664
optionB_budget0.90_beta0.01_gamma1.00,carbonscaler_budget,ontario,70,0,128.0,36.39,34.01333333333333
optionB_budget0.90_beta0.01_gamma1.00,carbonscaler_budget,ontario,71,0,125.0,32.74,28.38416666666667
optionB_budget0.90_beta0.01_gamma1.00,carbonscaler_budget,ontario,72,0,120.0,28.68,22.7325
optionB_budget0.90_beta0.01_gamma1.00,carbonscaler_budget,ontario,73,0,116.0,28.64,19.643333333333334
optionB_budget0.90_beta0.01_gamma1.00,carbonscaler_budget,ontario,74,0,106.0,26.46,17.49
optionB_budget0.90_beta0.01_gamma1.00,carbonscaler_budget,ontario,75,0,115.0,28.46,16.575833333333332
optionB_budget0.90_beta0.01_gamma1.00,carbonscaler_budget,ontario,76,0,106.0,31.0,5.333333333333333
optionB_budget0.90_beta0.01_gamma1.00,carbonscaler_budget,ontario,77,0,101.0,30.35,0.11750000000000001
optionB_budget0.90_beta0.01_gamma1.00,carbonscaler_budget,ontario,78,0,85.0,34.27,1.3058333333333334
optionB_budget0.90_beta0.01_gamma1.00,carbonscaler_budget,ontario,79,0,76.0,41.23,2.350833333333333
optionB_budget0.90_beta0.01_gamma1.00,carbonscaler_budget,ontario,80,0,74.0,44.8,17.661666666666665
optionB_budget0.90_beta0.01_gamma1.00,carbonscaler_budget,ontario,81,0,78.0,40.27,309.79083333333335
optionB_budget0.90_beta0.01_gamma1.00,carbonscaler_budget,ontario,82,0,82.0,33.88,64.495
optionB_budget0.90_beta0.01_gamma1.00,carbonscaler_budget,ontario,83,0,78.0,33.33,56.17916666666667
optionB_budget0.90_beta0.01_gamma1.00,carbonscaler_budget,ontario,84,0,77.0,33.98,41.751666666666665
optionB_budget0.90_beta0.01_gamma1.00,carbonscaler_budget,ontario,85,0,82.0,35.01,49.869166666666665
optionB_budget0.90_beta0.01_gamma1.00,carbonscaler_budget,ontario,86,0,106.0,39.71,33.9275
optionB_budget0.90_beta0.01_gamma1.00,carbonscaler_budget,ontario,87,0,114.0,43.6,29.6075
optionB_budget0.90_beta0.01_gamma1.00,carbonscaler_budget,ontario,88,0,115.0,45.42,26.890833333333333
optionB_budget0.90_beta0.01_gamma1.00,carbonscaler_budget,ontario,89,0,114.0,65.47,44.94916666666666
optionB_budget0.90_beta0.01_gamma1.00,carbonscaler_budget,ontario,90,0,114.0,97.57,69.5475
optionB_budget0.90_beta0.01_gamma1.00,carbonscaler_budget,ontario,91,0,117.0,91.59,49.107499999999995
optionB_budget0.90_beta0.01_gamma1.00,carbonscaler_budget,ontario,92,0,117.0,60.83,34.73416666666667
optionB_budget0.90_beta0.01_gamma1.00,carbonscaler_budget,ontario,93,0,120.0,40.07,31.221666666666668
optionB_budget0.90_beta0.01_gamma1.00,carbonscaler_budget,ontario,94,0,134.0,35.25,27.25166666666667
optionB_budget0.90_beta0.01_gamma1.00,carbonscaler_budget,ontario,95,0,140.0,31.68,22.011666666666667
optionB_budget0.90_beta0.01_gamma1.00,carbonscaler_budget,ontario,96,0,139.0,35.25,22.888333333333332
optionB_budget0.90_beta0.01_gamma1.00,carbonscaler_budget,ontario,97,0,133.0,31.63,16.738333333333333
optionB_budget0.90_beta0.01_gamma1.00,carbonscaler_budget,ontario,98,0,128.0,32.45,18.855
optionB_budget0.90_beta0.01_gamma1.00,carbonscaler_budget,ontario,99,0,121.0,35.25,19.664166666666667
optionB_budget0.90_beta0.01_gamma1.00,carbonscaler_budget,ontario,100,0,110.0,34.56,30.938333333333333
optionB_budget0.90_beta0.01_gamma1.00,carbonscaler_budget,ontario,101,0,106.0,37.63,43.03666666666667
optionB_budget0.90_beta0.01_gamma1.00,carbonscaler_budget,ontario,102,0,95.0,50.91,53.759166666666665
optionB_budget0.90_beta0.01_gamma1.00,carbonscaler_budget,ontario,103,0,96.0,45.92,50.67333333333334
optionB_budget0.90_beta0.01_gamma1.00,carbonscaler_budget,ontario,104,0,95.0,45.16,37.01333333333333
optionB_budget0.90_beta0.01_gamma1.00,carbonscaler_budget,ontario,105,0,101.0,42.88,20.0675
optionB_budget0.90_beta0.01_gamma1.00,carbonscaler_budget,ontario,106,0,112.0,43.2,10.8925
optionB_budget0.90_beta0.01_gamma1.00,carbonscaler_budget,ontario,107,0,125.0,44.74,12.486666666666666
optionB_budget0.90_beta0.01_gamma1.00,carbonscaler_budget,ontario,108,0,126.0,45.02,31.290833333333335
optionB_budget0.90_beta0.01_gamma1.00,carbonscaler_budget,ontario,109,0,122.0,38.9,60.625
optionB_budget0.90_beta0.01_gamma1.00,carbonscaler_budget,ontario,110,0,104.0,29.92,50.5375
optionB_budget0.90_beta0.01_gamma1.00,carbonscaler_budget,ontario,111,0,104.0,34.24,64.04833333333333
optionB_budget0.90_beta0.01_gamma1.00,carbonscaler_budget,ontario,112,0,104.0,48.42,69.30416666666666
optionB_budget0.90_beta0.01_gamma1.00,carbonscaler_budget,ontario,113,0,109.0,62.22,71.61083333333333
optionB_budget0.90_beta0.01_gamma1.00,carbonscaler_budget,ontario,114,0,109.0,55.44,22.609166666666667
optionB_budget0.90_beta0.01_gamma1.00,carbonscaler_budget,ontario,115,0,108.0,45.27,16.400833333333335
optionB_budget0.90_beta0.01_gamma1.00,carbonscaler_budget,ontario,116,0,110.0,41.53,13.129166666666668
optionB_budget0.90_beta0.01_gamma1.00,carbonscaler_budget,ontario,117,0,118.0,32.29,15.157499999999999
optionB_budget0.90_beta0.01_gamma1.00,carbonscaler_budget,ontario,118,0,114.0,28.02,1.1275000000000002
optionB_budget0.90_beta0.01_gamma1.00,carbonscaler_budget,ontario,119,0,105.0,23.02,2.3566666666666665
optionB_budget0.90_beta0.01_gamma1.00,carbonscaler_budget,ontario,120,0,89.0,7.67,3.641666666666667
optionB_budget0.90_beta0.01_gamma1.00,carbonscaler_budget,ontario,121,0,78.0,6.48,0.18333333333333335
optionB_budget0.90_beta0.01_gamma1.00,carbonscaler_budget,ontario,122,0,73.0,6.36,0.6066666666666667
optionB_budget0.90_beta0.01_gamma1.00,carbonscaler_budget,ontario,123,0,63.0,6.54,0.5066666666666667
optionB_budget0.90_beta0.01_gamma1.00,carbonscaler_budget,ontario,124,0,50.0,5.85,0.055
optionB_budget0.90_beta0.01_gamma1.00,carbonscaler_budget,ontario,125,1,25.0,4.96,0.205
optionB_budget0.90_beta0.01_gamma1.00,carbonscaler_budget,ontario,126,2,19.0,0.0,0.8916666666666666
optionB_budget0.90_beta0.01_gamma1.00,carbonscaler_budget,ontario,127,2,19.0,0.0,1.7
optionB_budget0.90_beta0.01_gamma1.00,carbonscaler_budget,ontario,128,2,19.0,4.04,7.135833333333333
optionB_budget0.90_beta0.01_gamma1.00,carbonscaler_budget,ontario,129,2,19.0,6.14,7.169999999999999
optionB_budget0.90_beta0.01_gamma1.00,carbonscaler_budget,ontario,130,2,20.0,6.59,3.830833333333333
optionB_budget0.90_beta0.01_gamma1.00,carbonscaler_budget,ontario,131,2,19.0,10.27,1.3683333333333334
optionB_budget0.90_beta0.01_gamma1.00,carbonscaler_budget,ontario,132,2,20.0,12.17,3.124166666666667
optionB_budget0.90_beta0.01_gamma1.00,carbonscaler_budget,ontario,133,2,20.0,23.07,7.541666666666667
optionB_budget0.90_beta0.01_gamma1.00,carbonscaler_budget,ontario,134,2,20.0,22.33,17.98333333333333
optionB_budget0.90_beta0.01_gamma1.00,carbonscaler_budget,ontario,135,2,20.0,27.13,271.9775
optionB_budget0.90_beta0.01_gamma1.00,carbonscaler_budget,ontario,136,2,20.0,31.7,226.4891666666667
optionB_budget0.90_beta0.01_gamma1.00,carbonscaler_budget,ontario,137,1,21.0,43.63,53.12416666666666
optionB_budget0.90_beta0.01_gamma1.00,carbonscaler_budget,ontario,138,1,25.0,44.6,28.73333333333333
optionB_budget0.90_beta0.01_gamma1.00,carbonscaler_budget,ontario,139,0,31.0,44.27,30.3875
optionB_budget0.90_beta0.01_gamma1.00,carbonscaler_budget,ontario,140,0,44.0,40.66,26.551666666666666
optionB_budget0.90_beta0.01_gamma1.00,carbonscaler_budget,ontario,141,0,59.0,34.9,17.886666666666667
optionB_budget0.90_beta0.01_gamma1.00,carbonscaler_budget,ontario,142,0,56.0,27.19,33.0425
optionB_budget0.90_beta0.01_gamma1.00,carbonscaler_budget,ontario,143,0,50.0,24.14,41.13916666666667
optionB_budget0.90_beta0.01_gamma1.00,carbonscaler_budget,ontario,144,0,51.0,18.56,126.9175
optionB_budget0.90_beta0.01_gamma1.00,carbonscaler_budget,ontario,145,0,47.0,20.59,34.336666666666666
optionB_budget0.90_beta0.01_gamma1.00,carbonscaler_budget,ontario,146,0,41.0,20.65,15.604166666666666
optionB_budget0.90_beta0.01_gamma1.00,carbonscaler_budget,ontario,147,0,43.0,25.11,11.890833333333333
optionB_budget0.90_beta0.01_gamma1.00,carbonscaler_budget,ontario,148,0,48.0,27.45,21.102500000000003
optionB_budget0.90_beta0.01_gamma1.00,carbonscaler_budget,ontario,149,0,51.0,25.42,47.294999999999995
optionB_budget0.90_beta0.01_gamma1.00,carbonscaler_budget,ontario,150,0,48.0,30.27,34.4625
optionB_budget0.90_beta0.01_gamma1.00,carbonscaler_budget,ontario,151,0,42.0,31.89,74.80833333333334
optionB_budget0.90_beta0.01_gamma1.00,carbonscaler_budget,ontario,152,0,43.0,26.94,9.879166666666666
optionB_budget0.90_beta0.01_gamma1.00,carbonscaler_budget,ontario,153,0,45.0,27.02,2.0325
optionB_budget0.90_beta0.01_gamma1.00,carbonscaler_budget,ontario,154,0,54.0,27.62,12.414166666666667
optionB_budget0.90_beta0.01_gamma1.00,carbonscaler_budget,ontario,155,0,53.0,19.97,31.2075
optionB_budget0.90_beta0.01_gamma1.00,carbonscaler_budget,ontario,156,0,61.0,20.25,35.7975
optionB_budget0.90_beta0.01_gamma1.00,carbonscaler_budget,ontario,157,0,52.0,18.08,27.594166666666666
optionB_budget0.90_beta0.01_gamma1.00,carbonscaler_budget,ontario,158,0,47.0,18.08,19.763333333333332
optionB_budget0.90_beta0.01_gamma1.00,carbonscaler_budget,ontario,159,0,46.0,23.4,22.815833333333334
optionB_budget0.90_beta0.01_gamma1.00,carbonscaler_budget,ontario,160,0,49.0,26.71,23.8025
optionB_budget0.90_beta0.01_gamma1.00,carbonscaler_budget,ontario,161,0,54.0,40.16,38.34666666666667
optionB_budget0.90_beta0.01_gamma1.00,carbonscaler_budget,ontario,162,0,50.0,48.19,32.54333333333333
optionB_budget0.90_beta0.01_gamma1.00,carbonscaler_budget,ontario,163,0,52.0,57.72,53.36166666666667
optionB_budget0.90_beta0.01_gamma1.00,carbonscaler_budget,ontario,164,0,58.0,47.14,133.0875
optionB_budget0.90_beta0.01_gamma1.00,carbonscaler_budget,ontario,165,0,63.0,42.9,33.722500000000004
optionB_budget0.90_beta0.01_gamma1.00,carbonscaler_budget,ontario,166,0,77.0,34.87,34.745
optionB_budget0.90_beta0.01_gamma1.00,carbonscaler_budget,ontario,167,0,75.0,29.21,28.75916666666667
optionC_lambda0.50,carbonscaler_weighted,ontario,0,0,55.0,10.14,12.723333333333334
optionC_lambda0.50,carbonscaler_weighted,ontario,1,1,48.0,9.36,5.970833333333334
optionC_lambda0.50,carbonscaler_weighted,ontario,2,2,45.0,9.06,7.86
optionC_lambda0.50,carbonscaler_weighted,ontario,3,2,34.0,10.08,14.696666666666665
optionC_lambda0.50,carbonscaler_weighted,ontario,4,2,32.0,14.33,34.67416666666667
optionC_lambda0.50,carbonscaler_weighted,ontario,5,0,32.0,19.15,26.945000000000004
optionC_lambda0.50,carbonscaler_weighted,ontario,6,0,32.0,35.55,36.14
optionC_lambda0.50,carbonscaler_weighted,ontario,7,0,32.0,35.33,32.5175
optionC_lambda0.50,carbonscaler_weighted,ontario,8,0,33.0,30.29,33.76916666666666
optionC_lambda0.50,carbonscaler_weighted,ontario,9,0,39.0,30.48,14.690833333333332
optionC_lambda0.50,carbonscaler_weighted,ontario,10,0,44.0,31.4,11.320833333333333
optionC_lambda0.50,carbonscaler_weighted,ontario,11,0,52.0,33.38,13.204166666666666
optionC_lambda0.50,carbonscaler_weighted,ontario,12,0,55.0,34.47,2.6
optionC_lambda0.50,carbonscaler_weighted,ontario,13,0,56.0,37.07,13.165
optionC_lambda0.50,carbonscaler_weighted,ontario,14,0,50.0,36.14,17.45
optionC_lambda0.50,carbonscaler_weighted,ontario,15,0,53.0,36.43,31.770833333333332
optionC_lambda0.50,carbonscaler_weighted,ontario,16,0,56.0,46.88,55.70666666666667
optionC_lambda0.50,carbonscaler_weighted,ontario,17,0,60.0,54.49,60.38666666666666
optionC_lambda0.50,carbonscaler_weighted,ontario,18,0,64.0,74.91,244.5533333333333
optionC_lambda0.50,carbonscaler_weighted,ontario,19,0,69.0,99.9,97.6475
optionC_lambda0.50,carbonscaler_weighted,ontario,20,0,79.0,63.3,122.53583333333334
optionC_lambda0.50,carbonscaler_weighted,ontario,21,0,100.0,43.0,28.940833333333334
optionC_lambda0.50,carbonscaler_weighted,ontario,22,0,105.0,33.65,26.91
optionC_lambda0.50,carbonscaler_weighted,ontario,23,0,114.0,34.59,21.63083333333333
optionC_lambda0.50,carbonscaler_weighted,ontario,24,0,116.0,42.27,19.504166666666666
optionC_lambda0.50,carbonscaler_weighted,ontario,25,0,117.0,35.57,14.384166666666665
optionC_lambda0.50,carbonscaler_weighted,ontario,26,0,101.0,32.42,1.3316666666666668
optionC_lambda0.50,carbonscaler_weighted,ontario,27,0,95.0,32.28,0.0
optionC_lambda0.50,carbonscaler_weighted,ontario,28,0,87.0,35.23,0.5166666666666667
optionC_lambda0.50,carbonscaler_weighted,ontario,29,0,70.0,34.07,16.916666666666668
optionC_lambda0.50,carbonscaler_weighted,ontario,30,0,67.0,43.68,30.46083333333333
optionC_lambda0.50,carbonscaler_weighted,ontario,31,0,67.0,42.18,20.410833333333333
optionC_lambda0.50,carbonscaler_weighted,ontario,32,0,67.0,38.78,26.3875
optionC_lambda0.50,carbonscaler_weighted,ontario,33,0,65.0,38.58,22.519166666666667
optionC_lambda0.50,carbonscaler_weighted,ontario,34,0,64.0,42.91,27.260833333333334
optionC_lambda0.50,carbonscaler_weighted,ontario,35,0,73.0,42.84,18.598333333333333
optionC_lambda0.50,carbonscaler_weighted,ontario,36,0,68.0,40.08,41.99333333333333
optionC_lambda0.50,carbonscaler_weighted,ontario,37,0,71.0,43.84,44.544999999999995
optionC_lambda0.50,carbonscaler_weighted,ontario,38,0,67.0,44.96,45.98416666666666
optionC_lambda0.50,carbonscaler_weighted,ontario,39,0,65.0,44.09,44.192499999999995
optionC_lambda0.50,carbonscaler_weighted,ontario,40,0,65.0,51.21,39.36666666666667
optionC_lambda0.50,carbonscaler_weighted,ontario,41,0,82.0,59.92,32.435
optionC_lambda0.50,carbonscaler_weighted,ontario,42,0,91.0,77.65,36.375
optionC_lambda0.50,carbonscaler_weighted,ontario,43,0,103.0,76.38,34.59
optionC_lambda0.50,carbonscaler_weighted,ontario,44,0,110.0,56.96,29.3225
optionC_lambda0.50,carbonscaler_weighted,ontario,45,0,107.0,43.68,22.377499999999998
optionC_lambda0.50,carbonscaler_weighted,ontario,46,0,104.0,40.54,15.515
optionC_lambda0.50,carbonscaler_weighted,ontario,47,0,106.0,33.18,14.910000000000002
optionC_lambda0.50,carbonscaler_weighted,ontario,48,0,104.0,32.14,11.148333333333333
optionC_lambda0.50,carbonscaler_weighted,ontario,49,0,100.0,30.12,8.441666666666666
optionC_lambda0.50,carbonscaler_weighted,ontario,50,0,92.0,31.12,149.02666666666667
optionC_lambda0.50,carbonscaler_weighted,ontario,51,0,79.0,31.0,205.4908333333333
optionC_lambda0.50,carbonscaler_weighted,ontario,52,0,67.0,31.23,19.633333333333333
optionC_lambda0.50,carbonscaler_weighted,ontario,53,0,60.0,35.23,24.95
optionC_lambda0.50,carbonscaler_weighted,ontario,54,0,56.0,41.26,27.915000000000003
optionC_lambda0.50,carbonscaler_weighted,ontario,55,0,56.0,44.87,31.650000000000002
optionC_lambda0.50,carbonscaler_weighted,ontario,56,0,72.0,41.08,29.24083333333333
optionC_lambda0.50,carbonscaler_weighted,ontario,57,0,69.0,43.51,27.15833333333333
optionC_lambda0.50,carbonscaler_weighted,ontario,58,0,79.0,43.42,25.7025
optionC_lambda0.50,carbonscaler_weighted,ontario,59,0,83.0,45.31,38.740833333333335
optionC_lambda0.50,carbonscaler_weighted,ontario,60,0,95.0,46.51,27.8175
optionC_lambda0.50,carbonscaler_weighted,ontario,61,0,102.0,48.6,34.40916666666667
optionC_lambda0.50,carbonscaler_weighted,ontario,62,0,102.0,50.34,62.815
optionC_lambda0.50,carbonscaler_weighted,ontario,63,0,102.0,58.05,259.62416666666667
optionC_lambda0.50,carbonscaler_weighted,ontario,64,0,113.0,63.16,86.6925
optionC_lambda0.50,carbonscaler_weighted,ontario,65,0,107.0,68.53,68.18083333333333
optionC_lambda0.50,carbonscaler_weighted,ontario,66,0,116.0,93.18,42.89666666666667
optionC_lambda0.50,carbonscaler_weighted,ontario,67,0,122.0,88.3,31.522499999999997
optionC_lambda0.50,carbonscaler_weighted,ontario,68,0,125.0,59.9,34.58416666666667
optionC_lambda0.50,carbonscaler_weighted,ontario,69,0,127.0,42.02,28.534166666666664
optionC_lambda0.50,carbonscaler_weighted,ontario,70,0,128.0,36.39,34.01333333333333
optionC_lambda0.50,carbonscaler_weighted,ontario,71,0,125.0,32.74,28.38416666666667
optionC_lambda0.50,carbonscaler_weighted,ontario,72,0,120.0,28.68,22.7325
optionC_lambda0.50,carbonscaler_weighted,ontario,73,0,116.0,28.64,19.643333333333334
optionC_lambda0.50,carbonscaler_weighted,ontario,74,0,106.0,26.46,17.49
optionC_lambda0.50,carbonscaler_weighted,ontario,75,0,115.0,28.46,16.575833333333332
optionC_lambda0.50,carbonscaler_weighted,ontario,76,0,106.0,31.0,5.333333333333333
optionC_lambda0.50,carbonscaler_weighted,ontario,77,0,101.0,30.35,0.11750000000000001
optionC_lambda0.50,carbonscaler_weighted,ontario,78,0,85.0,34.27,1.3058333333333334
optionC_lambda0.50,carbonscaler_weighted,ontario,79,0,76.0,41.23,2.350833333333333
optionC_lambda0.50,carbonscaler_weighted,ontario,80,0,74.0,44.8,17.661666666666665
optionC_lambda0.50,carbonscaler_weighted,ontario,81,0,78.0,40.27,309.79083333333335
optionC_lambda0.50,carbonscaler_weighted,ontario,82,0,82.0,33.88,64.495
optionC_lambda0.50,carbonscaler_weighted,ontario,83,0,78.0,33.33,56.17916666666667
optionC_lambda0.50,carbonscaler_weighted,ontario,84,0,77.0,33.98,41.751666666666665
optionC_lambda0.50,carbonscaler_weighted,ontario,85,0,82.0,35.01,49.869166666666665
optionC_lambda0.50,carbonscaler_weighted,ontario,86,0,106.0,39.71,33.9275
optionC_lambda0.50,carbonscaler_weighted,ontario,87,0,114.0,43.6,29.6075
optionC_lambda0.50,carbonscaler_weighted,ontario,88,0,115.0,45.42,26.890833333333333
optionC_lambda0.50,carbonscaler_weighted,ontario,89,0,114.0,65.47,44.94916666666666
optionC_lambda0.50,carbonscaler_weighted,ontario,90,0,114.0,97.57,69.5475
optionC_lambda0.50,carbonscaler_weighted,ontario,91,0,117.0,91.59,49.107499999999995
optionC_lambda0.50,carbonscaler_weighted,ontario,92,0,117.0,60.83,34.73416666666667
optionC_lambda0.50,carbonscaler_weighted,ontario,93,0,120.0,40.07,31.221666666666668
optionC_lambda0.50,carbonscaler_weighted,ontario,94,0,134.0,35.25,27.25166666666667
optionC_lambda0.50,carbonscaler_weighted,ontario,95,0,140.0,31.68,22.011666666666667
optionC_lambda0.50,carbonscaler_weighted,ontario,96,0,139.0,35.25,22.888333333333332
optionC_lambda0.50,carbonscaler_weighted,ontario,97,0,133.0,31.63,16.738333333333333
optionC_lambda0.50,carbonscaler_weighted,ontario,98,0,128.0,32.45,18.855
optionC_lambda0.50,carbonscaler_weighted,ontario,99,0,121.0,35.25,19.664166666666667
optionC_lambda0.50,carbonscaler_weighted,ontario,100,0,110.0,34.56,30.938333333333333
optionC_lambda0.50,carbonscaler_weighted,ontario,101,0,106.0,37.63,43.03666666666667
optionC_lambda0.50,carbonscaler_weighted,ontario,102,0,95.0,50.91,53.759166666666665
optionC_lambda0.50,carbonscaler_weighted,ontario,103,0,96.0,45.92,50.67333333333334
optionC_lambda0.50,carbonscaler_weighted,ontario,104,0,95.0,45.16,37.01333333333333
optionC_lambda0.50,carbonscaler_weighted,ontario,105,0,101.0,42.88,20.0675
optionC_lambda0.50,carbonscaler_weighted,ontario,106,0,112.0,43.2,10.8925
optionC_lambda0.50,carbonscaler_weighted,ontario,107,0,125.0,44.74,12.486666666666666
optionC_lambda0.50,carbonscaler_weighted,ontario,108,0,126.0,45.02,31.290833333333335
optionC_lambda0.50,carbonscaler_weighted,ontario,109,0,122.0,38.9,60.625
optionC_lambda0.50,carbonscaler_weighted,ontario,110,0,104.0,29.92,50.5375
optionC_lambda0.50,carbonscaler_weighted,ontario,111,0,104.0,34.24,64.04833333333333
optionC_lambda0.50,carbonscaler_weighted,ontario,112,0,104.0,48.42,69.30416666666666
optionC_lambda0.50,carbonscaler_weighted,ontario,113,0,109.0,62.22,71.61083333333333
optionC_lambda0.50,carbonscaler_weighted,ontario,114,0,109.0,55.44,22.609166666666667
optionC_lambda0.50,carbonscaler_weighted,ontario,115,0,108.0,45.27,16.400833333333335
optionC_lambda0.50,carbonscaler_weighted,ontario,116,0,110.0,41.53,13.129166666666668
optionC_lambda0.50,carbonscaler_weighted,ontario,117,0,118.0,32.29,15.157499999999999
optionC_lambda0.50,carbonscaler_weighted,ontario,118,0,114.0,28.02,1.1275000000000002
optionC_lambda0.50,carbonscaler_weighted,ontario,119,0,105.0,23.02,2.3566666666666665
optionC_lambda0.50,carbonscaler_weighted,ontario,120,0,89.0,7.67,3.641666666666667
optionC_lambda0.50,carbonscaler_weighted,ontario,121,0,78.0,6.48,0.18333333333333335
optionC_lambda0.50,carbonscaler_weighted,ontario,122,0,73.0,6.36,0.6066666666666667
optionC_lambda0.50,carbonscaler_weighted,ontario,123,0,63.0,6.54,0.5066666666666667
optionC_lambda0.50,carbonscaler_weighted,ontario,124,2,50.0,5.85,0.055
optionC_lambda0.50,carbonscaler_weighted,ontario,125,2,25.0,4.96,0.205
optionC_lambda0.50,carbonscaler_weighted,ontario,126,2,19.0,0.0,0.8916666666666666
optionC_lambda0.50,carbonscaler_weighted,ontario,127,2,19.0,0.0,1.7
optionC_lambda0.50,carbonscaler_weighted,ontario,128,2,19.0,4.04,7.135833333333333
optionC_lambda0.50,carbonscaler_weighted,ontario,129,2,19.0,6.14,7.169999999999999
optionC_lambda0.50,carbonscaler_weighted,ontario,130,2,20.0,6.59,3.830833333333333
optionC_lambda0.50,carbonscaler_weighted,ontario,131,2,19.0,10.27,1.3683333333333334
optionC_lambda0.50,carbonscaler_weighted,ontario,132,2,20.0,12.17,3.124166666666667
optionC_lambda0.50,carbonscaler_weighted,ontario,133,0,20.0,23.07,7.541666666666667
optionC_lambda0.50,carbonscaler_weighted,ontario,134,1,20.0,22.33,17.98333333333333
optionC_lambda0.50,carbonscaler_weighted,ontario,135,0,20.0,27.13,271.9775
optionC_lambda0.50,carbonscaler_weighted,ontario,136,0,20.0,31.7,226.4891666666667
optionC_lambda0.50,carbonscaler_weighted,ontario,137,0,21.0,43.63,53.12416666666666
optionC_lambda0.50,carbonscaler_weighted,ontario,138,0,25.0,44.6,28.73333333333333
optionC_lambda0.50,carbonscaler_weighted,ontario,139,0,31.0,44.27,30.3875
optionC_lambda0.50,carbonscaler_weighted,ontario,140,0,44.0,40.66,26.551666666666666
optionC_lambda0.50,carbonscaler_weighted,ontario,141,0,59.0,34.9,17.886666666666667
optionC_lambda0.50,carbonscaler_weighted,ontario,142,0,56.0,27.19,33.0425
optionC_lambda0.50,carbonscaler_weighted,ontario,143,0,50.0,24.14,41.13916666666667
optionC_lambda0.50,carbonscaler_weighted,ontario,144,0,51.0,18.56,126.9175
optionC_lambda0.50,carbonscaler_weighted,ontario,145,0,47.0,20.59,34.336666666666666
optionC_lambda0.50,carbonscaler_weighted,ontario,146,0,41.0,20.65,15.604166666666666
optionC_lambda0.50,carbonscaler_weighted,ontario,147,0,43.0,25.11,11.890833333333333
optionC_lambda0.50,carbonscaler_weighted,ontario,148,0,48.0,27.45,21.102500000000003
optionC_lambda0.50,carbonscaler_weighted,ontario,149,0,51.0,25.42,47.294999999999995
optionC_lambda0.50,carbonscaler_weighted,ontario,150,0,48.0,30.27,34.4625
optionC_lambda0.50,carbonscaler_weighted,ontario,151,0,42.0,31.89,74.80833333333334
optionC_lambda0.50,carbonscaler_weighted,ontario,152,0,43.0,26.94,9.879166666666666
optionC_lambda0.50,carbonscaler_weighted,ontario,153,0,45.0,27.02,2.0325
optionC_lambda0.50,carbonscaler_weighted,ontario,154,0,54.0,27.62,12.414166666666667
optionC_lambda0.50,carbonscaler_weighted,ontario,155,0,53.0,19.97,31.2075
optionC_lambda0.50,carbonscaler_weighted,ontario,156,0,61.0,20.25,35.7975
optionC_lambda0.50,carbonscaler_weighted,ontario,157,0,52.0,18.08,27.594166666666666
optionC_lambda0.50,carbonscaler_weighted,ontario,158,0,47.0,18.08,19.763333333333332
optionC_lambda0.50,carbonscaler_weighted,ontario,159,0,46.0,23.4,22.815833333333334
optionC_lambda0.50,carbonscaler_weighted,ontario,160,0,49.0,26.71,23.8025
optionC_lambda0.50,carbonscaler_weighted,ontario,161,0,54.0,40.16,38.34666666666667
optionC_lambda0.50,carbonscaler_weighted,ontario,162,0,50.0,48.19,32.54333333333333
optionC_lambda0.50,carbonscaler_weighted,ontario,163,0,52.0,57.72,53.36166666666667
optionC_lambda0.50,carbonscaler_weighted,ontario,164,0,58.0,47.14,133.0875
optionC_lambda0.50,carbonscaler_weighted,ontario,165,0,63.0,42.9,33.722500000000004
optionC_lambda0.50,carbonscaler_weighted,ontario,166,0,77.0,34.87,34.745
optionC_lambda0.50,carbonscaler_weighted,ontario,167,0,75.0,29.21,28.75916666666667
optionC_lambda0.60,carbonscaler_weighted,ontario,0,0,55.0,10.14,12.723333333333334
optionC_lambda0.60,carbonscaler_weighted,ontario,1,0,48.0,9.36,5.970833333333334
optionC_lambda0.60,carbonscaler_weighted,ontario,2,1,45.0,9.06,7.86
optionC_lambda0.60,carbonscaler_weighted,ontario,3,2,34.0,10.08,14.696666666666665
optionC_lambda0.60,carbonscaler_weighted,ontario,4,2,32.0,14.33,34.67416666666667
optionC_lambda0.60,carbonscaler_weighted,ontario,5,0,32.0,19.15,26.945000000000004
optionC_lambda0.60,carbonscaler_weighted,ontario,6,0,32.0,35.55,36.14
optionC_lambda0.60,carbonscaler_weighted,ontario,7,0,32.0,35.33,32.5175
optionC_lambda0.60,carbonscaler_weighted,ontario,8,0,33.0,30.29,33.76916666666666
optionC_lambda0.60,carbonscaler_weighted,ontario,9,0,39.0,30.48,14.690833333333332
optionC_lambda0.60,carbonscaler_weighted,ontario,10,0,44.0,31.4,11.320833333333333
optionC_lambda0.60,carbonscaler_weighted,ontario,11,0,52.0,33.38,13.204166666666666
optionC_lambda0.60,carbonscaler_weighted,ontario,12,0,55.0,34.47,2.6
optionC_lambda0.60,carbonscaler_weighted,ontario,13,0,56.0,37.07,13.165
optionC_lambda0.60,carbonscaler_weighted,ontario,14,0,50.0,36.14,17.45
optionC_lambda0.60,carbonscaler_weighted,ontario,15,0,53.0,36.43,31.770833333333332
optionC_lambda0.60,carbonscaler_weighted,ontario,16,0,56.0,46.88,55.70666666666667
optionC_lambda0.60,carbonscaler_weighted,ontario,17,0,60.0,54.49,60.38666666666666
optionC_lambda0.60,carbonscaler_weighted,ontario,18,0,64.0,74.91,244.5533333333333
optionC_lambda0.60,carbonscaler_weighted,ontario,19,0,69.0,99.9,97.6475
optionC_lambda0.60,carbonscaler_weighted,ontario,20,0,79.0,63.3,122.53583333333334
optionC_lambda0.60,carbonscaler_weighted,ontario,21,0,100.0,43.0,28.940833333333334
optionC_lambda0.60,carbonscaler_weighted,ontario,22,0,105.0,33.65,26.91
optionC_lambda0.60,carbonscaler_weighted,ontario,23,0,114.0,34.59,21.63083333333333
optionC_lambda0.60,carbonscaler_weighted,ontario,24,0,116.0,42.27,19.504166666666666
optionC_lambda0.60,carbonscaler_weighted,ontario,25,0,117.0,35.57,14.384166666666665
optionC_lambda0.60,carbonscaler_weighted,ontario,26,0,101.0,32.42,1.3316666666666668
optionC_lambda0.60,carbonscaler_weighted,ontario,27,0,95.0,32.28,0.0
optionC_lambda0.60,carbonscaler_weighted,ontario,28,0,87.0,35.23,0.5166666666666667
optionC_lambda0.60,carbonscaler_weighted,ontario,29,0,70.0,34.07,16.916666666666668
optionC_lambda0.60,carbonscaler_weighted,ontario,30,0,67.0,43.68,30.46083333333333
optionC_lambda0.60,carbonscaler_weighted,ontario,31,0,67.0,42.18,20.410833333333333
optionC_lambda0.60,carbonscaler_weighted,ontario,32,0,67.0,38.78,26.3875
optionC_lambda0.60,carbonscaler_weighted,ontario,33,0,65.0,38.58,22.519166666666667
optionC_lambda0.60,carbonscaler_weighted,ontario,34,0,64.0,42.91,27.260833333333334
optionC_lambda0.60,carbonscaler_weighted,ontario,35,0,73.0,42.84,18.598333333333333
optionC_lambda0.60,carbonscaler_weighted,ontario,36,0,68.0,40.08,41.99333333333333
optionC_lambda0.60,carbonscaler_weighted,ontario,37,0,71.0,43.84,44.544999999999995
optionC_lambda0.60,carbonscaler_weighted,ontario,38,0,67.0,44.96,45.98416666666666
optionC_lambda0.60,carbonscaler_weighted,ontario,39,0,65.0,44.09,44.192499999999995
optionC_lambda0.60,carbonscaler_weighted,ontario,40,0,65.0,51.21,39.36666666666667
optionC_lambda0.60,carbonscaler_weighted,ontario,41,0,82.0,59.92,32.435
optionC_lambda0.60,carbonscaler_weighted,ontario,42,0,91.0,77.65,36.375
optionC_lambda0.60,carbonscaler_weighted,ontario,43,0,103.0,76.38,34.59
optionC_lambda0.60,carbonscaler_weighted,ontario,44,0,110.0,56.96,29.3225
optionC_lambda0.60,carbonscaler_weighted,ontario,45,0,107.0,43.68,22.377499999999998
optionC_lambda0.60,carbonscaler_weighted,ontario,46,0,104.0,40.54,15.515
optionC_lambda0.60,carbonscaler_weighted,ontario,47,0,106.0,33.18,14.910000000000002
optionC_lambda0.60,carbonscaler_weighted,ontario,48,0,104.0,32.14,11.148333333333333
optionC_lambda0.60,carbonscaler_weighted,ontario,49,0,100.0,30.12,8.441666666666666
optionC_lambda0.60,carbonscaler_weighted,ontario,50,0,92.0,31.12,149.02666666666667
optionC_lambda0.60,carbonscaler_weighted,ontario,51,0,79.0,31.0,205.4908333333333
optionC_lambda0.60,carbonscaler_weighted,ontario,52,0,67.0,31.23,19.633333333333333
optionC_lambda0.60,carbonscaler_weighted,ontario,53,0,60.0,35.23,24.95
optionC_lambda0.60,carbonscaler_weighted,ontario,54,0,56.0,41.26,27.915000000000003
optionC_lambda0.60,carbonscaler_weighted,ontario,55,0,56.0,44.87,31.650000000000002
optionC_lambda0.60,carbonscaler_weighted,ontario,56,0,72.0,41.08,29.24083333333333
optionC_lambda0.60,carbonscaler_weighted,ontario,57,0,69.0,43.51,27.15833333333333
optionC_lambda0.60,carbonscaler_weighted,ontario,58,0,79.0,43.42,25.7025
optionC_lambda0.60,carbonscaler_weighted,ontario,59,0,83.0,45.31,38.740833333333335
optionC_lambda0.60,carbonscaler_weighted,ontario,60,0,95.0,46.51,27.8175
optionC_lambda0.60,carbonscaler_weighted,ontario,61,0,102.0,48.6,34.40916666666667
optionC_lambda0.60,carbonscaler_weighted,ontario,62,0,102.0,50.34,62.815
optionC_lambda0.60,carbonscaler_weighted,ontario,63,0,102.0,58.05,259.62416666666667
optionC_lambda0.60,carbonscaler_weighted,ontario,64,0,113.0,63.16,86.6925
optionC_lambda0.60,carbonscaler_weighted,ontario,65,0,107.0,68.53,68.18083333333333
optionC_lambda0.60,carbonscaler_weighted,ontario,66,0,116.0,93.18,42.89666666666667
optionC_lambda0.60,carbonscaler_weighted,ontario,67,0,122.0,88.3,31.522499999999997
optionC_lambda0.60,carbonscaler_weighted,ontario,68,0,125.0,59.9,34.58416666666667
optionC_lambda0.60,carbonscaler_weighted,ontario,69,0,127.0,42.02,28.534166666666664
optionC_lambda0.60,carbonscaler_weighted,ontario,70,0,128.0,36.39,34.01333333333333
optionC_lambda0.60,carbonscaler_weighted,ontario,71,0,125.0,32.74,28.38416666666667
optionC_lambda0.60,carbonscaler_weighted,ontario,72,0,120.0,28.68,22.7325
optionC_lambda0.60,carbonscaler_weighted,ontario,73,0,116.0,28.64,19.643333333333334
optionC_lambda0.60,carbonscaler_weighted,ontario,74,0,106.0,26.46,17.49
optionC_lambda0.60,carbonscaler_weighted,ontario,75,0,115.0,28.46,16.575833333333332
optionC_lambda0.60,carbonscaler_weighted,ontario,76,0,106.0,31.0,5.333333333333333
optionC_lambda0.60,carbonscaler_weighted,ontario,77,0,101.0,30.35,0.11750000000000001
optionC_lambda0.60,carbonscaler_weighted,ontario,78,0,85.0,34.27,1.3058333333333334
optionC_lambda0.60,carbonscaler_weighted,ontario,79,0,76.0,41.23,2.350833333333333
optionC_lambda0.60,carbonscaler_weighted,ontario,80,0,74.0,44.8,17.661666666666665
optionC_lambda0.60,carbonscaler_weighted,ontario,81,0,78.0,40.27,309.79083333333335
optionC_lambda0.60,carbonscaler_weighted,ontario,82,0,82.0,33.88,64.495
optionC_lambda0.60,carbonscaler_weighted,ontario,83,0,78.0,33.33,56.17916666666667
optionC_lambda0.60,carbonscaler_weighted,ontario,84,0,77.0,33.98,41.751666666666665
optionC_lambda0.60,carbonscaler_weighted,ontario,85,0,82.0,35.01,49.869166666666665
optionC_lambda0.60,carbonscaler_weighted,ontario,86,0,106.0,39.71,33.9275
optionC_lambda0.60,carbonscaler_weighted,ontario,87,0,114.0,43.6,29.6075
optionC_lambda0.60,carbonscaler_weighted,ontario,88,0,115.0,45.42,26.890833333333333
optionC_lambda0.60,carbonscaler_weighted,ontario,89,0,114.0,65.47,44.94916666666666
optionC_lambda0.60,carbonscaler_weighted,ontario,90,0,114.0,97.57,69.5475
optionC_lambda0.60,carbonscaler_weighted,ontario,91,0,117.0,91.59,49.107499999999995
optionC_lambda0.60,carbonscaler_weighted,ontario,92,0,117.0,60.83,34.73416666666667
optionC_lambda0.60,carbonscaler_weighted,ontario,93,0,120.0,40.07,31.221666666666668
optionC_lambda0.60,carbonscaler_weighted,ontario,94,0,134.0,35.25,27.25166666666667
optionC_lambda0.60,carbonscaler_weighted,ontario,95,0,140.0,31.68,22.011666666666667
optionC_lambda0.60,carbonscaler_weighted,ontario,96,0,139.0,35.25,22.888333333333332
optionC_lambda0.60,carbonscaler_weighted,ontario,97,0,133.0,31.63,16.738333333333333
optionC_lambda0.60,carbonscaler_weighted,ontario,98,0,128.0,32.45,18.855
optionC_lambda0.60,carbonscaler_weighted,ontario,99,0,121.0,35.25,19.664166666666667
optionC_lambda0.60,carbonscaler_weighted,ontario,100,0,110.0,34.56,30.938333333333333
optionC_lambda0.60,carbonscaler_weighted,ontario,101,0,106.0,37.63,43.03666666666667
optionC_lambda0.60,carbonscaler_weighted,ontario,102,0,95.0,50.91,53.759166666666665
optionC_lambda0.60,carbonscaler_weighted,ontario,103,0,96.0,45.92,50.67333333333334
optionC_lambda0.60,carbonscaler_weighted,ontario,104,0,95.0,45.16,37.01333333333333
optionC_lambda0.60,carbonscaler_weighted,ontario,105,0,101.0,42.88,20.0675
optionC_lambda0.60,carbonscaler_weighted,ontario,106,0,112.0,43.2,10.8925
optionC_lambda0.60,carbonscaler_weighted,ontario,107,0,125.0,44.74,12.486666666666666
optionC_lambda0.60,carbonscaler_weighted,ontario,108,0,126.0,45.02,31.290833333333335
optionC_lambda0.60,carbonscaler_weighted,ontario,109,0,122.0,38.9,60.625
optionC_lambda0.60,carbonscaler_weighted,ontario,110,0,104.0,29.92,50.5375
optionC_lambda0.60,carbonscaler_weighted,ontario,111,0,104.0,34.24,64.04833333333333
optionC_lambda0.60,carbonscaler_weighted,ontario,112,0,104.0,48.42,69.30416666666666
optionC_lambda0.60,carbonscaler_weighted,ontario,113,0,109.0,62.22,71.61083333333333
optionC_lambda0.60,carbonscaler_weighted,ontario,114,0,109.0,55.44,22.609166666666667
optionC_lambda0.60,carbonscaler_weighted,ontario,115,0,108.0,45.27,16.400833333333335
optionC_lambda0.60,carbonscaler_weighted,ontario,116,0,110.0,41.53,13.129166666666668
optionC_lambda0.60,carbonscaler_weighted,ontario,117,0,118.0,32.29,15.157499999999999
optionC_lambda0.60,carbonscaler_weighted,ontario,118,0,114.0,28.02,1.1275000000000002
optionC_lambda0.60,carbonscaler_weighted,ontario,119,0,105.0,23.02,2.3566666666666665
optionC_lambda0.60,carbonscaler_weighted,ontario,120,0,89.0,7.67,3.641666666666667
optionC_lambda0.60,carbonscaler_weighted,ontario,121,0,78.0,6.48,0.18333333333333335
optionC_lambda0.60,carbonscaler_weighted,ontario,122,0,73.0,6.36,0.6066666666666667
optionC_lambda0.60,carbonscaler_weighted,ontario,123,0,63.0,6.54,0.5066666666666667
optionC_lambda0.60,carbonscaler_weighted,ontario,124,1,50.0,5.85,0.055
optionC_lambda0.60,carbonscaler_weighted,ontario,125,2,25.0,4.96,0.205
optionC_lambda0.60,carbonscaler_weighted,ontario,126,2,19.0,0.0,0.8916666666666666
optionC_lambda0.60,carbonscaler_weighted,ontario,127,2,19.0,0.0,1.7
optionC_lambda0.60,carbonscaler_weighted,ontario,128,2,19.0,4.04,7.135833333333333
optionC_lambda0.60,carbonscaler_weighted,ontario,129,2,19.0,6.14,7.169999999999999
optionC_lambda0.60,carbonscaler_weighted,ontario,130,2,20.0,6.59,3.830833333333333
optionC_lambda0.60,carbonscaler_weighted,ontario,131,2,19.0,10.27,1.3683333333333334
optionC_lambda0.60,carbonscaler_weighted,ontario,132,2,20.0,12.17,3.124166666666667
optionC_lambda0.60,carbonscaler_weighted,ontario,133,2,20.0,23.07,7.541666666666667
optionC_lambda0.60,carbonscaler_weighted,ontario,134,2,20.0,22.33,17.98333333333333
optionC_lambda0.60,carbonscaler_weighted,ontario,135,0,20.0,27.13,271.9775
optionC_lambda0.60,carbonscaler_weighted,ontario,136,0,20.0,31.7,226.4891666666667
optionC_lambda0.60,carbonscaler_weighted,ontario,137,0,21.0,43.63,53.12416666666666
optionC_lambda0.60,carbonscaler_weighted,ontario,138,0,25.0,44.6,28.73333333333333
optionC_lambda0.60,carbonscaler_weighted,ontario,139,0,31.0,44.27,30.3875
optionC_lambda0.60,carbonscaler_weighted,ontario,140,0,44.0,40.66,26.551666666666666
optionC_lambda0.60,carbonscaler_weighted,ontario,141,0,59.0,34.9,17.886666666666667
optionC_lambda0.60,carbonscaler_weighted,ontario,142,0,56.0,27.19,33.0425
optionC_lambda0.60,carbonscaler_weighted,ontario,143,0,50.0,24.14,41.13916666666667
optionC_lambda0.60,carbonscaler_weighted,ontario,144,0,51.0,18.56,126.9175
optionC_lambda0.60,carbonscaler_weighted,ontario,145,0,47.0,20.59,34.336666666666666
optionC_lambda0.60,carbonscaler_weighted,ontario,146,0,41.0,20.65,15.604166666666666
optionC_lambda0.60,carbonscaler_weighted,ontario,147,0,43.0,25.11,11.890833333333333
optionC_lambda0.60,carbonscaler_weighted,ontario,148,0,48.0,27.45,21.102500000000003
optionC_lambda0.60,carbonscaler_weighted,ontario,149,0,51.0,25.42,47.294999999999995
optionC_lambda0.60,carbonscaler_weighted,ontario,150,0,48.0,30.27,34.4625
optionC_lambda0.60,carbonscaler_weighted,ontario,151,0,42.0,31.89,74.80833333333334
optionC_lambda0.60,carbonscaler_weighted,ontario,152,0,43.0,26.94,9.879166666666666
optionC_lambda0.60,carbonscaler_weighted,ontario,153,0,45.0,27.02,2.0325
optionC_lambda0.60,carbonscaler_weighted,ontario,154,0,54.0,27.62,12.414166666666667
optionC_lambda0.60,carbonscaler_weighted,ontario,155,0,53.0,19.97,31.2075
optionC_lambda0.60,carbonscaler_weighted,ontario,156,0,61.0,20.25,35.7975
optionC_lambda0.60,carbonscaler_weighted,ontario,157,0,52.0,18.08,27.594166666666666
optionC_lambda0.60,carbonscaler_weighted,ontario,158,0,47.0,18.08,19.763333333333332
optionC_lambda0.60,carbonscaler_weighted,ontario,159,0,46.0,23.4,22.815833333333334
optionC_lambda0.60,carbonscaler_weighted,ontario,160,0,49.0,26.71,23.8025
optionC_lambda0.60,carbonscaler_weighted,ontario,161,0,54.0,40.16,38.34666666666667
optionC_lambda0.60,carbonscaler_weighted,ontario,162,0,50.0,48.19,32.54333333333333
optionC_lambda0.60,carbonscaler_weighted,ontario,163,0,52.0,57.72,53.36166666666667
optionC_lambda0.60,carbonscaler_weighted,ontario,164,0,58.0,47.14,133.0875
optionC_lambda0.60,carbonscaler_weighted,ontario,165,0,63.0,42.9,33.722500000000004
optionC_lambda0.60,carbonscaler_weighted,ontario,166,0,77.0,34.87,34.745
optionC_lambda0.60,carbonscaler_weighted,ontario,167,0,75.0,29.21,28.75916666666667
optionC_lambda0.70,carbonscaler_weighted,ontario,0,0,55.0,10.14,12.723333333333334
optionC_lambda0.70,carbonscaler_weighted,ontario,1,0,48.0,9.36,5.970833333333334
optionC_lambda0.70,carbonscaler_weighted,ontario,2,0,45.0,9.06,7.86
optionC_lambda0.70,carbonscaler_weighted,ontario,3,2,34.0,10.08,14.696666666666665
optionC_lambda0.70,carbonscaler_weighted,ontario,4,2,32.0,14.33,34.67416666666667
optionC_lambda0.70,carbonscaler_weighted,ontario,5,0,32.0,19.15,26.945000000000004
optionC_lambda0.70,carbonscaler_weighted,ontario,6,0,32.0,35.55,36.14
optionC_lambda0.70,carbonscaler_weighted,ontario,7,0,32.0,35.33,32.5175
optionC_lambda0.70,carbonscaler_weighted,ontario,8,0,33.0,30.29,33.76916666666666
optionC_lambda0.70,carbonscaler_weighted,ontario,9,0,39.0,30.48,14.690833333333332
optionC_lambda0.70,carbonscaler_weighted,ontario,10,0,44.0,31.4,11.320833333333333
optionC_lambda0.70,carbonscaler_weighted,ontario,11,0,52.0,33.38,13.204166666666666
optionC_lambda0.70,carbonscaler_weighted,ontario,12,0,55.0,34.47,2.6
optionC_lambda0.70,carbonscaler_weighted,ontario,13,0,56.0,37.07,13.165
optionC_lambda0.70,carbonscaler_weighted,ontario,14,0,50.0,36.14,17.45
optionC_lambda0.70,carbonscaler_weighted,ontario,15,0,53.0,36.43,31.770833333333332
optionC_lambda0.70,carbonscaler_weighted,ontario,16,0,56.0,46.88,55.70666666666667
optionC_lambda0.70,carbonscaler_weighted,ontario,17,0,60.0,54.49,60.38666666666666
optionC_lambda0.70,carbonscaler_weighted,ontario,18,0,64.0,74.91,244.5533333333333
optionC_lambda0.70,carbonscaler_weighted,ontario,19,0,69.0,99.9,97.6475
optionC_lambda0.70,carbonscaler_weighted,ontario,20,0,79.0,63.3,122.53583333333334
optionC_lambda0.70,carbonscaler_weighted,ontario,21,0,100.0,43.0,28.940833333333334
optionC_lambda0.70,carbonscaler_weighted,ontario,22,0,105.0,33.65,26.91
optionC_lambda0.70,carbonscaler_weighted,ontario,23,0,114.0,34.59,21.63083333333333
optionC_lambda0.70,carbonscaler_weighted,ontario,24,0,116.0,42.27,19.504166666666666
optionC_lambda0.70,carbonscaler_weighted,ontario,25,0,117.0,35.57,14.384166666666665
optionC_lambda0.70,carbonscaler_weighted,ontario,26,0,101.0,32.42,1.3316666666666668
optionC_lambda0.70,carbonscaler_weighted,ontario,27,0,95.0,32.28,0.0
optionC_lambda0.70,carbonscaler_weighted,ontario,28,0,87.0,35.23,0.5166666666666667
optionC_lambda0.70,carbonscaler_weighted,ontario,29,0,70.0,34.07,16.916666666666668
optionC_lambda0.70,carbonscaler_weighted,ontario,30,0,67.0,43.68,30.46083333333333
optionC_lambda0.70,carbonscaler_weighted,ontario,31,0,67.0,42.18,20.410833333333333
optionC_lambda0.70,carbonscaler_weighted,ontario,32,0,67.0,38.78,26.3875
optionC_lambda0.70,carbonscaler_weighted,ontario,33,0,65.0,38.58,22.519166666666667
optionC_lambda0.70,carbonscaler_weighted,ontario,34,0,64.0,42.91,27.260833333333334
optionC_lambda0.70,carbonscaler_weighted,ontario,35,0,73.0,42.84,18.598333333333333
optionC_lambda0.70,carbonscaler_weighted,ontario,36,0,68.0,40.08,41.99333333333333
optionC_lambda0.70,carbonscaler_weighted,ontario,37,0,71.0,43.84,44.544999999999995
optionC_lambda0.70,carbonscaler_weighted,ontario,38,0,67.0,44.96,45.98416666666666
optionC_lambda0.70,carbonscaler_weighted,ontario,39,0,65.0,44.09,44.192499999999995
optionC_lambda0.70,carbonscaler_weighted,ontario,40,0,65.0,51.21,39.36666666666667
optionC_lambda0.70,carbonscaler_weighted,ontario,41,0,82.0,59.92,32.435
optionC_lambda0.70,carbonscaler_weighted,ontario,42,0,91.0,77.65,36.375
optionC_lambda0.70,carbonscaler_weighted,ontario,43,0,103.0,76.38,34.59
optionC_lambda0.70,carbonscaler_weighted,ontario,44,0,110.0,56.96,29.3225
optionC_lambda0.70,carbonscaler_weighted,ontario,45,0,107.0,43.68,22.377499999999998
optionC_lambda0.70,carbonscaler_weighted,ontario,46,0,104.0,40.54,15.515
optionC_lambda0.70,carbonscaler_weighted,ontario,47,0,106.0,33.18,14.910000000000002
optionC_lambda0.70,carbonscaler_weighted,ontario,48,0,104.0,32.14,11.148333333333333
optionC_lambda0.70,carbonscaler_weighted,ontario,49,0,100.0,30.12,8.441666666666666
optionC_lambda0.70,carbonscaler_weighted,ontario,50,0,92.0,31.12,149.02666666666667
optionC_lambda0.70,carbonscaler_weighted,ontario,51,0,79.0,31.0,205.4908333333333
optionC_lambda0.70,carbonscaler_weighted,ontario,52,0,67.0,31.23,19.633333333333333
optionC_lambda0.70,carbonscaler_weighted,ontario,53,0,60.0,35.23,24.95
optionC_lambda0.70,carbonscaler_weighted,ontario,54,0,56.0,41.26,27.915000000000003
optionC_lambda0.70,carbonscaler_weighted,ontario,55,0,56.0,44.87,31.650000000000002
optionC_lambda0.70,carbonscaler_weighted,ontario,56,0,72.0,41.08,29.24083333333333
optionC_lambda0.70,carbonscaler_weighted,ontario,57,0,69.0,43.51,27.15833333333333
optionC_lambda0.70,carbonscaler_weighted,ontario,58,0,79.0,43.42,25.7025
optionC_lambda0.70,carbonscaler_weighted,ontario,59,0,83.0,45.31,38.740833333333335
optionC_lambda0.70,carbonscaler_weighted,ontario,60,0,95.0,46.51,27.8175
optionC_lambda0.70,carbonscaler_weighted,ontario,61,0,102.0,48.6,34.40916666666667
optionC_lambda0.70,carbonscaler_weighted,ontario,62,0,102.0,50.34,62.815
optionC_lambda0.70,carbonscaler_weighted,ontario,63,0,102.0,58.05,259.62416666666667
optionC_lambda0.70,carbonscaler_weighted,ontario,64,0,113.0,63.16,86.6925
optionC_lambda0.70,carbonscaler_weighted,ontario,65,0,107.0,68.53,68.18083333333333
optionC_lambda0.70,carbonscaler_weighted,ontario,66,0,116.0,93.18,42.89666666666667
optionC_lambda0.70,carbonscaler_weighted,ontario,67,0,122.0,88.3,31.522499999999997
optionC_lambda0.70,carbonscaler_weighted,ontario,68,0,125.0,59.9,34.58416666666667
optionC_lambda0.70,carbonscaler_weighted,ontario,69,0,127.0,42.02,28.534166666666664
optionC_lambda0.70,carbonscaler_weighted,ontario,70,0,128.0,36.39,34.01333333333333
optionC_lambda0.70,carbonscaler_weighted,ontario,71,0,125.0,32.74,28.38416666666667
optionC_lambda0.70,carbonscaler_weighted,ontario,72,0,120.0,28.68,22.7325
optionC_lambda0.70,carbonscaler_weighted,ontario,73,0,116.0,28.64,19.643333333333334
optionC_lambda0.70,carbonscaler_weighted,ontario,74,0,106.0,26.46,17.49
optionC_lambda0.70,carbonscaler_weighted,ontario,75,0,115.0,28.46,16.575833333333332
optionC_lambda0.70,carbonscaler_weighted,ontario,76,0,106.0,31.0,5.333333333333333
optionC_lambda0.70,carbonscaler_weighted,ontario,77,0,101.0,30.35,0.11750000000000001
optionC_lambda0.70,carbonscaler_weighted,ontario,78,0,85.0,34.27,1.3058333333333334
optionC_lambda0.70,carbonscaler_weighted,ontario,79,0,76.0,41.23,2.350833333333333
optionC_lambda0.70,carbonscaler_weighted,ontario,80,0,74.0,44.8,17.661666666666665
optionC_lambda0.70,carbonscaler_weighted,ontario,81,0,78.0,40.27,309.79083333333335
optionC_lambda0.70,carbonscaler_weighted,ontario,82,0,82.0,33.88,64.495
optionC_lambda0.70,carbonscaler_weighted,ontario,83,0,78.0,33.33,56.17916666666667
optionC_lambda0.70,carbonscaler_weighted,ontario,84,0,77.0,33.98,41.751666666666665
optionC_lambda0.70,carbonscaler_weighted,ontario,85,0,82.0,35.01,49.869166666666665
optionC_lambda0.70,carbonscaler_weighted,ontario,86,0,106.0,39.71,33.9275
optionC_lambda0.70,carbonscaler_weighted,ontario,87,0,114.0,43.6,29.6075
optionC_lambda0.70,carbonscaler_weighted,ontario,88,0,115.0,45.42,26.890833333333333
optionC_lambda0.70,carbonscaler_weighted,ontario,89,0,114.0,65.47,44.94916666666666
optionC_lambda0.70,carbonscaler_weighted,ontario,90,0,114.0,97.57,69.5475
optionC_lambda0.70,carbonscaler_weighted,ontario,91,0,117.0,91.59,49.107499999999995
optionC_lambda0.70,carbonscaler_weighted,ontario,92,0,117.0,60.83,34.73416666666667
optionC_lambda0.70,carbonscaler_weighted,ontario,93,0,120.0,40.07,31.221666666666668
optionC_lambda0.70,carbonscaler_weighted,ontario,94,0,134.0,35.25,27.25166666666667
optionC_lambda0.70,carbonscaler_weighted,ontario,95,0,140.0,31.68,22.011666666666667
optionC_lambda0.70,carbonscaler_weighted,ontario,96,0,139.0,35.25,22.888333333333332
optionC_lambda0.70,carbonscaler_weighted,ontario,97,0,133.0,31.63,16.738333333333333
optionC_lambda0.70,carbonscaler_weighted,ontario,98,0,128.0,32.45,18.855
optionC_lambda0.70,carbonscaler_weighted,ontario,99,0,121.0,35.25,19.664166666666667
optionC_lambda0.70,carbonscaler_weighted,ontario,100,0,110.0,34.56,30.938333333333333
optionC_lambda0.70,carbonscaler_weighted,ontario,101,0,106.0,37.63,43.03666666666667
optionC_lambda0.70,carbonscaler_weighted,ontario,102,0,95.0,50.91,53.759166666666665
optionC_lambda0.70,carbonscaler_weighted,ontario,103,0,96.0,45.92,50.67333333333334
optionC_lambda0.70,carbonscaler_weighted,ontario,104,0,95.0,45.16,37.01333333333333
optionC_lambda0.70,carbonscaler_weighted,ontario,105,0,101.0,42.88,20.0675
optionC_lambda0.70,carbonscaler_weighted,ontario,106,0,112.0,43.2,10.8925
optionC_lambda0.70,carbonscaler_weighted,ontario,107,0,125.0,44.74,12.486666666666666
optionC_lambda0.70,carbonscaler_weighted,ontario,108,0,126.0,45.02,31.290833333333335
optionC_lambda0.70,carbonscaler_weighted,ontario,109,0,122.0,38.9,60.625
optionC_lambda0.70,carbonscaler_weighted,ontario,110,0,104.0,29.92,50.5375
optionC_lambda0.70,carbonscaler_weighted,ontario,111,0,104.0,34.24,64.04833333333333
optionC_lambda0.70,carbonscaler_weighted,ontario,112,0,104.0,48.42,69.30416666666666
optionC_lambda0.70,carbonscaler_weighted,ontario,113,0,109.0,62.22,71.61083333333333
optionC_lambda0.70,carbonscaler_weighted,ontario,114,0,109.0,55.44,22.609166666666667
optionC_lambda0.70,carbonscaler_weighted,ontario,115,0,108.0,45.27,16.400833333333335
optionC_lambda0.70,carbonscaler_weighted,ontario,116,0,110.0,41.53,13.129166666666668
optionC_lambda0.70,carbonscaler_weighted,ontario,117,0,118.0,32.29,15.157499999999999
optionC_lambda0.70,carbonscaler_weighted,ontario,118,0,114.0,28.02,1.1275000000000002
optionC_lambda0.70,carbonscaler_weighted,ontario,119,0,105.0,23.02,2.3566666666666665
optionC_lambda0.70,carbonscaler_weighted,ontario,120,0,89.0,7.67,3.641666666666667
optionC_lambda0.70,carbonscaler_weighted,ontario,121,0,78.0,6.48,0.18333333333333335
optionC_lambda0.70,carbonscaler_weighted,ontario,122,0,73.0,6.36,0.6066666666666667
optionC_lambda0.70,carbonscaler_weighted,ontario,123,0,63.0,6.54,0.5066666666666667
optionC_lambda0.70,carbonscaler_weighted,ontario,124,0,50.0,5.85,0.055
optionC_lambda0.70,carbonscaler_weighted,ontario,125,2,25.0,4.96,0.205
optionC_lambda0.70,carbonscaler_weighted,ontario,126,2,19.0,0.0,0.8916666666666666
optionC_lambda0.70,carbonscaler_weighted,ontario,127,2,19.0,0.0,1.7
optionC_lambda0.70,carbonscaler_weighted,ontario,128,2,19.0,4.04,7.135833333333333
optionC_lambda0.70,carbonscaler_weighted,ontario,129,2,19.0,6.14,7.169999999999999
optionC_lambda0.70,carbonscaler_weighted,ontario,130,2,20.0,6.59,3.830833333333333
optionC_lambda0.70,carbonscaler_weighted,ontario,131,2,19.0,10.27,1.3683333333333334
optionC_lambda0.70,carbonscaler_weighted,ontario,132,2,20.0,12.17,3.124166666666667
optionC_lambda0.70,carbonscaler_weighted,ontario,133,2,20.0,23.07,7.541666666666667
optionC_lambda0.70,carbonscaler_weighted,ontario,134,2,20.0,22.33,17.98333333333333
optionC_lambda0.70,carbonscaler_weighted,ontario,135,2,20.0,27.13,271.9775
optionC_lambda0.70,carbonscaler_weighted,ontario,136,0,20.0,31.7,226.4891666666667
optionC_lambda0.70,carbonscaler_weighted,ontario,137,0,21.0,43.63,53.12416666666666
optionC_lambda0.70,carbonscaler_weighted,ontario,138,0,25.0,44.6,28.73333333333333
optionC_lambda0.70,carbonscaler_weighted,ontario,139,0,31.0,44.27,30.3875
optionC_lambda0.70,carbonscaler_weighted,ontario,140,0,44.0,40.66,26.551666666666666
optionC_lambda0.70,carbonscaler_weighted,ontario,141,0,59.0,34.9,17.886666666666667
optionC_lambda0.70,carbonscaler_weighted,ontario,142,0,56.0,27.19,33.0425
optionC_lambda0.70,carbonscaler_weighted,ontario,143,0,50.0,24.14,41.13916666666667
optionC_lambda0.70,carbonscaler_weighted,ontario,144,0,51.0,18.56,126.9175
optionC_lambda0.70,carbonscaler_weighted,ontario,145,0,47.0,20.59,34.336666666666666
optionC_lambda0.70,carbonscaler_weighted,ontario,146,0,41.0,20.65,15.604166666666666
optionC_lambda0.70,carbonscaler_weighted,ontario,147,0,43.0,25.11,11.890833333333333
optionC_lambda0.70,carbonscaler_weighted,ontario,148,0,48.0,27.45,21.102500000000003
optionC_lambda0.70,carbonscaler_weighted,ontario,149,0,51.0,25.42,47.294999999999995
optionC_lambda0.70,carbonscaler_weighted,ontario,150,0,48.0,30.27,34.4625
optionC_lambda0.70,carbonscaler_weighted,ontario,151,0,42.0,31.89,74.80833333333334
optionC_lambda0.70,carbonscaler_weighted,ontario,152,0,43.0,26.94,9.879166666666666
optionC_lambda0.70,carbonscaler_weighted,ontario,153,0,45.0,27.02,2.0325
optionC_lambda0.70,carbonscaler_weighted,ontario,154,0,54.0,27.62,12.414166666666667
optionC_lambda0.70,carbonscaler_weighted,ontario,155,0,53.0,19.97,31.2075
optionC_lambda0.70,carbonscaler_weighted,ontario,156,0,61.0,20.25,35.7975
optionC_lambda0.70,carbonscaler_weighted,ontario,157,0,52.0,18.08,27.594166666666666
optionC_lambda0.70,carbonscaler_weighted,ontario,158,0,47.0,18.08,19.763333333333332
optionC_lambda0.70,carbonscaler_weighted,ontario,159,0,46.0,23.4,22.815833333333334
optionC_lambda0.70,carbonscaler_weighted,ontario,160,0,49.0,26.71,23.8025
optionC_lambda0.70,carbonscaler_weighted,ontario,161,0,54.0,40.16,38.34666666666667
optionC_lambda0.70,carbonscaler_weighted,ontario,162,0,50.0,48.19,32.54333333333333
optionC_lambda0.70,carbonscaler_weighted,ontario,163,0,52.0,57.72,53.36166666666667
optionC_lambda0.70,carbonscaler_weighted,ontario,164,0,58.0,47.14,133.0875
optionC_lambda0.70,carbonscaler_weighted,ontario,165,0,63.0,42.9,33.722500000000004
optionC_lambda0.70,carbonscaler_weighted,ontario,166,0,77.0,34.87,34.745
optionC_lambda0.70,carbonscaler_weighted,ontario,167,0,75.0,29.21,28.75916666666667
optionC_lambda0.80,carbonscaler_weighted,ontario,0,0,55.0,10.14,12.723333333333334
optionC_lambda0.80,carbonscaler_weighted,ontario,1,0,48.0,9.36,5.970833333333334
optionC_lambda0.80,carbonscaler_weighted,ontario,2,0,45.0,9.06,7.86
optionC_lambda0.80,carbonscaler_weighted,ontario,3,1,34.0,10.08,14.696666666666665
optionC_lambda0.80,carbonscaler_weighted,ontario,4,1,32.0,14.33,34.67416666666667
optionC_lambda0.80,carbonscaler_weighted,ontario,5,0,32.0,19.15,26.945000000000004
optionC_lambda0.80,carbonscaler_weighted,ontario,6,0,32.0,35.55,36.14
optionC_lambda0.80,carbonscaler_weighted,ontario,7,0,32.0,35.33,32.5175
optionC_lambda0.80,carbonscaler_weighted,ontario,8,0,33.0,30.29,33.76916666666666
optionC_lambda0.80,carbonscaler_weighted,ontario,9,0,39.0,30.48,14.690833333333332
optionC_lambda0.80,carbonscaler_weighted,ontario,10,0,44.0,31.4,11.320833333333333
optionC_lambda0.80,carbonscaler_weighted,ontario,11,0,52.0,33.38,13.204166666666666
optionC_lambda0.80,carbonscaler_weighted,ontario,12,0,55.0,34.47,2.6
optionC_lambda0.80,carbonscaler_weighted,ontario,13,0,56.0,37.07,13.165
optionC_lambda0.80,carbonscaler_weighted,ontario,14,0,50.0,36.14,17.45
optionC_lambda0.80,carbonscaler_weighted,ontario,15,0,53.0,36.43,31.770833333333332
optionC_lambda0.80,carbonscaler_weighted,ontario,16,0,56.0,46.88,55.70666666666667
optionC_lambda0.80,carbonscaler_weighted,ontario,17,0,60.0,54.49,60.38666666666666
optionC_lambda0.80,carbonscaler_weighted,ontario,18,0,64.0,74.91,244.5533333333333
optionC_lambda0.80,carbonscaler_weighted,ontario,19,0,69.0,99.9,97.6475
optionC_lambda0.80,carbonscaler_weighted,ontario,20,0,79.0,63.3,122.53583333333334
optionC_lambda0.80,carbonscaler_weighted,ontario,21,0,100.0,43.0,28.940833333333334
optionC_lambda0.80,carbonscaler_weighted,ontario,22,0,105.0,33.65,26.91
optionC_lambda0.80,carbonscaler_weighted,ontario,23,0,114.0,34.59,21.63083333333333
optionC_lambda0.80,carbonscaler_weighted,ontario,24,0,116.0,42.27,19.504166666666666
optionC_lambda0.80,carbonscaler_weighted,ontario,25,0,117.0,35.57,14.384166666666665
optionC_lambda0.80,carbonscaler_weighted,ontario,26,0,101.0,32.42,1.3316666666666668
optionC_lambda0.80,carbonscaler_weighted,ontario,27,0,95.0,32.28,0.0
optionC_lambda0.80,carbonscaler_weighted,ontario,28,0,87.0,35.23,0.5166666666666667
optionC_lambda0.80,carbonscaler_weighted,ontario,29,0,70.0,34.07,16.916666666666668
optionC_lambda0.80,carbonscaler_weighted,ontario,30,0,67.0,43.68,30.46083333333333
optionC_lambda0.80,carbonscaler_weighted,ontario,31,0,67.0,42.18,20.410833333333333
optionC_lambda0.80,carbonscaler_weighted,ontario,32,0,67.0,38.78,26.3875
optionC_lambda0.80,carbonscaler_weighted,ontario,33,0,65.0,38.58,22.519166666666667
optionC_lambda0.80,carbonscaler_weighted,ontario,34,0,64.0,42.91,27.260833333333334
optionC_lambda0.80,carbonscaler_weighted,ontario,35,0,73.0,42.84,18.598333333333333
optionC_lambda0.80,carbonscaler_weighted,ontario,36,0,68.0,40.08,41.99333333333333
optionC_lambda0.80,carbonscaler_weighted,ontario,37,0,71.0,43.84,44.544999999999995
optionC_lambda0.80,carbonscaler_weighted,ontario,38,0,67.0,44.96,45.98416666666666
optionC_lambda0.80,carbonscaler_weighted,ontario,39,0,65.0,44.09,44.192499999999995
optionC_lambda0.80,carbonscaler_weighted,ontario,40,0,65.0,51.21,39.36666666666667
optionC_lambda0.80,carbonscaler_weighted,ontario,41,0,82.0,59.92,32.435
optionC_lambda0.80,carbonscaler_weighted,ontario,42,0,91.0,77.65,36.375
optionC_lambda0.80,carbonscaler_weighted,ontario,43,0,103.0,76.38,34.59
optionC_lambda0.80,carbonscaler_weighted,ontario,44,0,110.0,56.96,29.3225
optionC_lambda0.80,carbonscaler_weighted,ontario,45,0,107.0,43.68,22.377499999999998
optionC_lambda0.80,carbonscaler_weighted,ontario,46,0,104.0,40.54,15.515
optionC_lambda0.80,carbonscaler_weighted,ontario,47,0,106.0,33.18,14.910000000000002
optionC_lambda0.80,carbonscaler_weighted,ontario,48,0,104.0,32.14,11.148333333333333
optionC_lambda0.80,carbonscaler_weighted,ontario,49,0,100.0,30.12,8.441666666666666
optionC_lambda0.80,carbonscaler_weighted,ontario,50,0,92.0,31.12,149.02666666666667
optionC_lambda0.80,carbonscaler_weighted,ontario,51,0,79.0,31.0,205.4908333333333
optionC_lambda0.80,carbonscaler_weighted,ontario,52,0,67.0,31.23,19.633333333333333
optionC_lambda0.80,carbonscaler_weighted,ontario,53,0,60.0,35.23,24.95
optionC_lambda0.80,carbonscaler_weighted,ontario,54,0,56.0,41.26,27.915000000000003
optionC_lambda0.80,carbonscaler_weighted,ontario,55,0,56.0,44.87,31.650000000000002
optionC_lambda0.80,carbonscaler_weighted,ontario,56,0,72.0,41.08,29.24083333333333
optionC_lambda0.80,carbonscaler_weighted,ontario,57,0,69.0,43.51,27.15833333333333
optionC_lambda0.80,carbonscaler_weighted,ontario,58,0,79.0,43.42,25.7025
optionC_lambda0.80,carbonscaler_weighted,ontario,59,0,83.0,45.31,38.740833333333335
optionC_lambda0.80,carbonscaler_weighted,ontario,60,0,95.0,46.51,27.8175
optionC_lambda0.80,carbonscaler_weighted,ontario,61,0,102.0,48.6,34.40916666666667
optionC_lambda0.80,carbonscaler_weighted,ontario,62,0,102.0,50.34,62.815
optionC_lambda0.80,carbonscaler_weighted,ontario,63,0,102.0,58.05,259.62416666666667
optionC_lambda0.80,carbonscaler_weighted,ontario,64,0,113.0,63.16,86.6925
optionC_lambda0.80,carbonscaler_weighted,ontario,65,0,107.0,68.53,68.18083333333333
optionC_lambda0.80,carbonscaler_weighted,ontario,66,0,116.0,93.18,42.89666666666667
optionC_lambda0.80,carbonscaler_weighted,ontario,67,0,122.0,88.3,31.522499999999997
optionC_lambda0.80,carbonscaler_weighted,ontario,68,0,125.0,59.9,34.58416666666667
optionC_lambda0.80,carbonscaler_weighted,ontario,69,0,127.0,42.02,28.534166666666664
optionC_lambda0.80,carbonscaler_weighted,ontario,70,0,128.0,36.39,34.01333333333333
optionC_lambda0.80,carbonscaler_weighted,ontario,71,0,125.0,32.74,28.38416666666667
optionC_lambda0.80,carbonscaler_weighted,ontario,72,0,120.0,28.68,22.7325
optionC_lambda0.80,carbonscaler_weighted,ontario,73,0,116.0,28.64,19.643333333333334
optionC_lambda0.80,carbonscaler_weighted,ontario,74,0,106.0,26.46,17.49
optionC_lambda0.80,carbonscaler_weighted,ontario,75,0,115.0,28.46,16.575833333333332
optionC_lambda0.80,carbonscaler_weighted,ontario,76,0,106.0,31.0,5.333333333333333
optionC_lambda0.80,carbonscaler_weighted,ontario,77,0,101.0,30.35,0.11750000000000001
optionC_lambda0.80,carbonscaler_weighted,ontario,78,0,85.0,34.27,1.3058333333333334
optionC_lambda0.80,carbonscaler_weighted,ontario,79,0,76.0,41.23,2.350833333333333
optionC_lambda0.80,carbonscaler_weighted,ontario,80,0,74.0,44.8,17.661666666666665
optionC_lambda0.80,carbonscaler_weighted,ontario,81,0,78.0,40.27,309.79083333333335
optionC_lambda0.80,carbonscaler_weighted,ontario,82,0,82.0,33.88,64.495
optionC_lambda0.80,carbonscaler_weighted,ontario,83,0,78.0,33.33,56.17916666666667
optionC_lambda0.80,carbonscaler_weighted,ontario,84,0,77.0,33.98,41.751666666666665
optionC_lambda0.80,carbonscaler_weighted,ontario,85,0,82.0,35.01,49.869166666666665
optionC_lambda0.80,carbonscaler_weighted,ontario,86,0,106.0,39.71,33.9275
optionC_lambda0.80,carbonscaler_weighted,ontario,87,0,114.0,43.6,29.6075
optionC_lambda0.80,carbonscaler_weighted,ontario,88,0,115.0,45.42,26.890833333333333
optionC_lambda0.80,carbonscaler_weighted,ontario,89,0,114.0,65.47,44.94916666666666
optionC_lambda0.80,carbonscaler_weighted,ontario,90,0,114.0,97.57,69.5475
optionC_lambda0.80,carbonscaler_weighted,ontario,91,0,117.0,91.59,49.107499999999995
optionC_lambda0.80,carbonscaler_weighted,ontario,92,0,117.0,60.83,34.73416666666667
optionC_lambda0.80,carbonscaler_weighted,ontario,93,0,120.0,40.07,31.221666666666668
optionC_lambda0.80,carbonscaler_weighted,ontario,94,0,134.0,35.25,27.25166666666667
optionC_lambda0.80,carbonscaler_weighted,ontario,95,0,140.0,31.68,22.011666666666667
optionC_lambda0.80,carbonscaler_weighted,ontario,96,0,139.0,35.25,22.888333333333332
optionC_lambda0.80,carbonscaler_weighted,ontario,97,0,133.0,31.63,16.738333333333333
optionC_lambda0.80,carbonscaler_weighted,ontario,98,0,128.0,32.45,18.855
optionC_lambda0.80,carbonscaler_weighted,ontario,99,0,121.0,35.25,19.664166666666667
optionC_lambda0.80,carbonscaler_weighted,ontario,100,0,110.0,34.56,30.938333333333333
optionC_lambda0.80,carbonscaler_weighted,ontario,101,0,106.0,37.63,43.03666666666667
optionC_lambda0.80,carbonscaler_weighted,ontario,102,0,95.0,50.91,53.759166666666665
optionC_lambda0.80,carbonscaler_weighted,ontario,103,0,96.0,45.92,50.67333333333334
optionC_lambda0.80,carbonscaler_weighted,ontario,104,0,95.0,45.16,37.01333333333333
optionC_lambda0.80,carbonscaler_weighted,ontario,105,0,101.0,42.88,20.0675
optionC_lambda0.80,carbonscaler_weighted,ontario,106,0,112.0,43.2,10.8925
optionC_lambda0.80,carbonscaler_weighted,ontario,107,0,125.0,44.74,12.486666666666666
optionC_lambda0.80,carbonscaler_weighted,ontario,108,0,126.0,45.02,31.290833333333335
optionC_lambda0.80,carbonscaler_weighted,ontario,109,0,122.0,38.9,60.625
optionC_lambda0.80,carbonscaler_weighted,ontario,110,0,104.0,29.92,50.5375
optionC_lambda0.80,carbonscaler_weighted,ontario,111,0,104.0,34.24,64.04833333333333
optionC_lambda0.80,carbonscaler_weighted,ontario,112,0,104.0,48.42,69.30416666666666
optionC_lambda0.80,carbonscaler_weighted,ontario,113,0,109.0,62.22,71.61083333333333
optionC_lambda0.80,carbonscaler_weighted,ontario,114,0,109.0,55.44,22.609166666666667
optionC_lambda0.80,carbonscaler_weighted,ontario,115,0,108.0,45.27,16.400833333333335
optionC_lambda0.80,carbonscaler_weighted,ontario,116,0,110.0,41.53,13.129166666666668
optionC_lambda0.80,carbonscaler_weighted,ontario,117,0,118.0,32.29,15.157499999999999
optionC_lambda0.80,carbonscaler_weighted,ontario,118,0,114.0,28.02,1.1275000000000002
optionC_lambda0.80,carbonscaler_weighted,ontario,119,0,105.0,23.02,2.3566666666666665
optionC_lambda0.80,carbonscaler_weighted,ontario,120,0,89.0,7.67,3.641666666666667
optionC_lambda0.80,carbonscaler_weighted,ontario,121,0,78.0,6.48,0.18333333333333335
optionC_lambda0.80,carbonscaler_weighted,ontario,122,0,73.0,6.36,0.6066666666666667
optionC_lambda0.80,carbonscaler_weighted,ontario,123,0,63.0,6.54,0.5066666666666667
optionC_lambda0.80,carbonscaler_weighted,ontario,124,0,50.0,5.85,0.055
optionC_lambda0.80,carbonscaler_weighted,ontario,125,2,25.0,4.96,0.205
optionC_lambda0.80,carbonscaler_weighted,ontario,126,2,19.0,0.0,0.8916666666666666
optionC_lambda0.80,carbonscaler_weighted,ontario,127,2,19.0,0.0,1.7
optionC_lambda0.80,carbonscaler_weighted,ontario,128,2,19.0,4.04,7.135833333333333
optionC_lambda0.80,carbonscaler_weighted,ontario,129,2,19.0,6.14,7.169999999999999
optionC_lambda0.80,carbonscaler_weighted,ontario,130,2,20.0,6.59,3.830833333333333
optionC_lambda0.80,carbonscaler_weighted,ontario,131,2,19.0,10.27,1.3683333333333334
optionC_lambda0.80,carbonscaler_weighted,ontario,132,2,20.0,12.17,3.124166666666667
optionC_lambda0.80,carbonscaler_weighted,ontario,133,2,20.0,23.07,7.541666666666667
optionC_lambda0.80,carbonscaler_weighted,ontario,134,2,20.0,22.33,17.98333333333333
optionC_lambda0.80,carbonscaler_weighted,ontario,135,2,20.0,27.13,271.9775
optionC_lambda0.80,carbonscaler_weighted,ontario,136,2,20.0,31.7,226.4891666666667
optionC_lambda0.80,carbonscaler_weighted,ontario,137,0,21.0,43.63,53.12416666666666
optionC_lambda0.80,carbonscaler_weighted,ontario,138,0,25.0,44.6,28.73333333333333
optionC_lambda0.80,carbonscaler_weighted,ontario,139,0,31.0,44.27,30.3875
optionC_lambda0.80,carbonscaler_weighted,ontario,140,0,44.0,40.66,26.551666666666666
optionC_lambda0.80,carbonscaler_weighted,ontario,141,0,59.0,34.9,17.886666666666667
optionC_lambda0.80,carbonscaler_weighted,ontario,142,0,56.0,27.19,33.0425
optionC_lambda0.80,carbonscaler_weighted,ontario,143,0,50.0,24.14,41.13916666666667
optionC_lambda0.80,carbonscaler_weighted,ontario,144,0,51.0,18.56,126.9175
optionC_lambda0.80,carbonscaler_weighted,ontario,145,0,47.0,20.59,34.336666666666666
optionC_lambda0.80,carbonscaler_weighted,ontario,146,0,41.0,20.65,15.604166666666666
optionC_lambda0.80,carbonscaler_weighted,ontario,147,0,43.0,25.11,11.890833333333333
optionC_lambda0.80,carbonscaler_weighted,ontario,148,0,48.0,27.45,21.102500000000003
optionC_lambda0.80,carbonscaler_weighted,ontario,149,0,51.0,25.42,47.294999999999995
optionC_lambda0.80,carbonscaler_weighted,ontario,150,0,48.0,30.27,34.4625
optionC_lambda0.80,carbonscaler_weighted,ontario,151,0,42.0,31.89,74.80833333333334
optionC_lambda0.80,carbonscaler_weighted,ontario,152,0,43.0,26.94,9.879166666666666
optionC_lambda0.80,carbonscaler_weighted,ontario,153,0,45.0,27.02,2.0325
optionC_lambda0.80,carbonscaler_weighted,ontario,154,0,54.0,27.62,12.414166666666667
optionC_lambda0.80,carbonscaler_weighted,ontario,155,0,53.0,19.97,31.2075
optionC_lambda0.80,carbonscaler_weighted,ontario,156,0,61.0,20.25,35.7975
optionC_lambda0.80,carbonscaler_weighted,ontario,157,0,52.0,18.08,27.594166666666666
optionC_lambda0.80,carbonscaler_weighted,ontario,158,0,47.0,18.08,19.763333333333332
optionC_lambda0.80,carbonscaler_weighted,ontario,159,0,46.0,23.4,22.815833333333334
optionC_lambda0.80,carbonscaler_weighted,ontario,160,0,49.0,26.71,23.8025
optionC_lambda0.80,carbonscaler_weighted,ontario,161,0,54.0,40.16,38.34666666666667
optionC_lambda0.80,carbonscaler_weighted,ontario,162,0,50.0,48.19,32.54333333333333
optionC_lambda0.80,carbonscaler_weighted,ontario,163,0,52.0,57.72,53.36166666666667
optionC_lambda0.80,carbonscaler_weighted,ontario,164,0,58.0,47.14,133.0875
optionC_lambda0.80,carbonscaler_weighted,ontario,165,0,63.0,42.9,33.722500000000004
optionC_lambda0.80,carbonscaler_weighted,ontario,166,0,77.0,34.87,34.745
optionC_lambda0.80,carbonscaler_weighted,ontario,167,0,75.0,29.21,28.75916666666667
optionC_lambda0.90,carbonscaler_weighted,ontario,0,0,55.0,10.14,12.723333333333334
optionC_lambda0.90,carbonscaler_weighted,ontario,1,0,48.0,9.36,5.970833333333334
optionC_lambda0.90,carbonscaler_weighted,ontario,2,0,45.0,9.06,7.86
optionC_lambda0.90,carbonscaler_weighted,ontario,3,0,34.0,10.08,14.696666666666665
optionC_lambda0.90,carbonscaler_weighted,ontario,4,0,32.0,14.33,34.67416666666667
optionC_lambda0.90,carbonscaler_weighted,ontario,5,0,32.0,19.15,26.945000000000004
optionC_lambda0.90,carbonscaler_weighted,ontario,6,0,32.0,35.55,36.14
optionC_lambda0.90,carbonscaler_weighted,ontario,7,0,32.0,35.33,32.5175
optionC_lambda0.90,carbonscaler_weighted,ontario,8,0,33.0,30.29,33.76916666666666
optionC_lambda0.90,carbonscaler_weighted,ontario,9,0,39.0,30.48,14.690833333333332
optionC_lambda0.90,carbonscaler_weighted,ontario,10,0,44.0,31.4,11.320833333333333
optionC_lambda0.90,carbonscaler_weighted,ontario,11,0,52.0,33.38,13.204166666666666
optionC_lambda0.90,carbonscaler_weighted,ontario,12,0,55.0,34.47,2.6
optionC_lambda0.90,carbonscaler_weighted,ontario,13,0,56.0,37.07,13.165
optionC_lambda0.90,carbonscaler_weighted,ontario,14,0,50.0,36.14,17.45
optionC_lambda0.90,carbonscaler_weighted,ontario,15,0,53.0,36.43,31.770833333333332
optionC_lambda0.90,carbonscaler_weighted,ontario,16,0,56.0,46.88,55.70666666666667
optionC_lambda0.90,carbonscaler_weighted,ontario,17,0,60.0,54.49,60.38666666666666
optionC_lambda0.90,carbonscaler_weighted,ontario,18,0,64.0,74.91,244.5533333333333
optionC_lambda0.90,carbonscaler_weighted,ontario,19,0,69.0,99.9,97.6475
optionC_lambda0.90,carbonscaler_weighted,ontario,20,0,79.0,63.3,122.53583333333334
optionC_lambda0.90,carbonscaler_weighted,ontario,21,0,100.0,43.0,28.940833333333334
optionC_lambda0.90,carbonscaler_weighted,ontario,22,0,105.0,33.65,26.91
optionC_lambda0.90,carbonscaler_weighted,ontario,23,0,114.0,34.59,21.63083333333333
optionC_lambda0.90,carbonscaler_weighted,ontario,24,0,116.0,42.27,19.504166666666666
optionC_lambda0.90,carbonscaler_weighted,ontario,25,0,117.0,35.57,14.384166666666665
optionC_lambda0.90,carbonscaler_weighted,ontario,26,0,101.0,32.42,1.3316666666666668
optionC_lambda0.90,carbonscaler_weighted,ontario,27,0,95.0,32.28,0.0
optionC_lambda0.90,carbonscaler_weighted,ontario,28,0,87.0,35.23,0.5166666666666667
optionC_lambda0.90,carbonscaler_weighted,ontario,29,0,70.0,34.07,16.916666666666668
optionC_lambda0.90,carbonscaler_weighted,ontario,30,0,67.0,43.68,30.46083333333333
optionC_lambda0.90,carbonscaler_weighted,ontario,31,0,67.0,42.18,20.410833333333333
optionC_lambda0.90,carbonscaler_weighted,ontario,32,0,67.0,38.78,26.3875
optionC_lambda0.90,carbonscaler_weighted,ontario,33,0,65.0,38.58,22.519166666666667
optionC_lambda0.90,carbonscaler_weighted,ontario,34,0,64.0,42.91,27.260833333333334
optionC_lambda0.90,carbonscaler_weighted,ontario,35,0,73.0,42.84,18.598333333333333
optionC_lambda0.90,carbonscaler_weighted,ontario,36,0,68.0,40.08,41.99333333333333
optionC_lambda0.90,carbonscaler_weighted,ontario,37,0,71.0,43.84,44.544999999999995
optionC_lambda0.90,carbonscaler_weighted,ontario,38,0,67.0,44.96,45.98416666666666
optionC_lambda0.90,carbonscaler_weighted,ontario,39,0,65.0,44.09,44.192499999999995
optionC_lambda0.90,carbonscaler_weighted,ontario,40,0,65.0,51.21,39.36666666666667
optionC_lambda0.90,carbonscaler_weighted,ontario,41,0,82.0,59.92,32.435
optionC_lambda0.90,carbonscaler_weighted,ontario,42,0,91.0,77.65,36.375
optionC_lambda0.90,carbonscaler_weighted,ontario,43,0,103.0,76.38,34.59
optionC_lambda0.90,carbonscaler_weighted,ontario,44,0,110.0,56.96,29.3225
optionC_lambda0.90,carbonscaler_weighted,ontario,45,0,107.0,43.68,22.377499999999998
optionC_lambda0.90,carbonscaler_weighted,ontario,46,0,104.0,40.54,15.515
optionC_lambda0.90,carbonscaler_weighted,ontario,47,0,106.0,33.18,14.910000000000002
optionC_lambda0.90,carbonscaler_weighted,ontario,48,0,104.0,32.14,11.148333333333333
optionC_lambda0.90,carbonscaler_weighted,ontario,49,0,100.0,30.12,8.441666666666666
optionC_lambda0.90,carbonscaler_weighted,ontario,50,0,92.0,31.12,149.02666666666667
optionC_lambda0.90,carbonscaler_weighted,ontario,51,0,79.0,31.0,205.4908333333333
optionC_lambda0.90,carbonscaler_weighted,ontario,52,0,67.0,31.23,19.633333333333333
optionC_lambda0.90,carbonscaler_weighted,ontario,53,0,60.0,35.23,24.95
optionC_lambda0.90,carbonscaler_weighted,ontario,54,0,56.0,41.26,27.915000000000003
optionC_lambda0.90,carbonscaler_weighted,ontario,55,0,56.0,44.87,31.650000000000002
optionC_lambda0.90,carbonscaler_weighted,ontario,56,0,72.0,41.08,29.24083333333333
optionC_lambda0.90,carbonscaler_weighted,ontario,57,0,69.0,43.51,27.15833333333333
optionC_lambda0.90,carbonscaler_weighted,ontario,58,0,79.0,43.42,25.7025
optionC_lambda0.90,carbonscaler_weighted,ontario,59,0,83.0,45.31,38.740833333333335
optionC_lambda0.90,carbonscaler_weighted,ontario,60,0,95.0,46.51,27.8175
optionC_lambda0.90,carbonscaler_weighted,ontario,61,0,102.0,48.6,34.40916666666667
optionC_lambda0.90,carbonscaler_weighted,ontario,62,0,102.0,50.34,62.815
optionC_lambda0.90,carbonscaler_weighted,ontario,63,0,102.0,58.05,259.62416666666667
optionC_lambda0.90,carbonscaler_weighted,ontario,64,0,113.0,63.16,86.6925
optionC_lambda0.90,carbonscaler_weighted,ontario,65,0,107.0,68.53,68.18083333333333
optionC_lambda0.90,carbonscaler_weighted,ontario,66,0,116.0,93.18,42.89666666666667
optionC_lambda0.90,carbonscaler_weighted,ontario,67,0,122.0,88.3,31.522499999999997
optionC_lambda0.90,carbonscaler_weighted,ontario,68,0,125.0,59.9,34.58416666666667
optionC_lambda0.90,carbonscaler_weighted,ontario,69,0,127.0,42.02,28.534166666666664
optionC_lambda0.90,carbonscaler_weighted,ontario,70,0,128.0,36.39,34.01333333333333
optionC_lambda0.90,carbonscaler_weighted,ontario,71,0,125.0,32.74,28.38416666666667
optionC_lambda0.90,carbonscaler_weighted,ontario,72,0,120.0,28.68,22.7325
optionC_lambda0.90,carbonscaler_weighted,ontario,73,0,116.0,28.64,19.643333333333334
optionC_lambda0.90,carbonscaler_weighted,ontario,74,0,106.0,26.46,17.49
optionC_lambda0.90,carbonscaler_weighted,ontario,75,0,115.0,28.46,16.575833333333332
optionC_lambda0.90,carbonscaler_weighted,ontario,76,0,106.0,31.0,5.333333333333333
optionC_lambda0.90,carbonscaler_weighted,ontario,77,0,101.0,30.35,0.11750000000000001
optionC_lambda0.90,carbonscaler_weighted,ontario,78,0,85.0,34.27,1.3058333333333334
optionC_lambda0.90,carbonscaler_weighted,ontario,79,0,76.0,41.23,2.350833333333333
optionC_lambda0.90,carbonscaler_weighted,ontario,80,0,74.0,44.8,17.661666666666665
optionC_lambda0.90,carbonscaler_weighted,ontario,81,0,78.0,40.27,309.79083333333335
optionC_lambda0.90,carbonscaler_weighted,ontario,82,0,82.0,33.88,64.495
optionC_lambda0.90,carbonscaler_weighted,ontario,83,0,78.0,33.33,56.17916666666667
optionC_lambda0.90,carbonscaler_weighted,ontario,84,0,77.0,33.98,41.751666666666665
optionC_lambda0.90,carbonscaler_weighted,ontario,85,0,82.0,35.01,49.869166666666665
optionC_lambda0.90,carbonscaler_weighted,ontario,86,0,106.0,39.71,33.9275
optionC_lambda0.90,carbonscaler_weighted,ontario,87,0,114.0,43.6,29.6075
optionC_lambda0.90,carbonscaler_weighted,ontario,88,0,115.0,45.42,26.890833333333333
optionC_lambda0.90,carbonscaler_weighted,ontario,89,0,114.0,65.47,44.94916666666666
optionC_lambda0.90,carbonscaler_weighted,ontario,90,0,114.0,97.57,69.5475
optionC_lambda0.90,carbonscaler_weighted,ontario,91,0,117.0,91.59,49.107499999999995
optionC_lambda0.90,carbonscaler_weighted,ontario,92,0,117.0,60.83,34.73416666666667
optionC_lambda0.90,carbonscaler_weighted,ontario,93,0,120.0,40.07,31.221666666666668
optionC_lambda0.90,carbonscaler_weighted,ontario,94,0,134.0,35.25,27.25166666666667
optionC_lambda0.90,carbonscaler_weighted,ontario,95,0,140.0,31.68,22.011666666666667
optionC_lambda0.90,carbonscaler_weighted,ontario,96,0,139.0,35.25,22.888333333333332
optionC_lambda0.90,carbonscaler_weighted,ontario,97,0,133.0,31.63,16.738333333333333
optionC_lambda0.90,carbonscaler_weighted,ontario,98,0,128.0,32.45,18.855
optionC_lambda0.90,carbonscaler_weighted,ontario,99,0,121.0,35.25,19.664166666666667
optionC_lambda0.90,carbonscaler_weighted,ontario,100,0,110.0,34.56,30.938333333333333
optionC_lambda0.90,carbonscaler_weighted,ontario,101,0,106.0,37.63,43.03666666666667
optionC_lambda0.90,carbonscaler_weighted,ontario,102,0,95.0,50.91,53.759166666666665
optionC_lambda0.90,carbonscaler_weighted,ontario,103,0,96.0,45.92,50.67333333333334
optionC_lambda0.90,carbonscaler_weighted,ontario,104,0,95.0,45.16,37.01333333333333
optionC_lambda0.90,carbonscaler_weighted,ontario,105,0,101.0,42.88,20.0675
optionC_lambda0.90,carbonscaler_weighted,ontario,106,0,112.0,43.2,10.8925
optionC_lambda0.90,carbonscaler_weighted,ontario,107,0,125.0,44.74,12.486666666666666
optionC_lambda0.90,carbonscaler_weighted,ontario,108,0,126.0,45.02,31.290833333333335
optionC_lambda0.90,carbonscaler_weighted,ontario,109,0,122.0,38.9,60.625
optionC_lambda0.90,carbonscaler_weighted,ontario,110,0,104.0,29.92,50.5375
optionC_lambda0.90,carbonscaler_weighted,ontario,111,0,104.0,34.24,64.04833333333333
optionC_lambda0.90,carbonscaler_weighted,ontario,112,0,104.0,48.42,69.30416666666666
optionC_lambda0.90,carbonscaler_weighted,ontario,113,0,109.0,62.22,71.61083333333333
optionC_lambda0.90,carbonscaler_weighted,ontario,114,0,109.0,55.44,22.609166666666667
optionC_lambda0.90,carbonscaler_weighted,ontario,115,0,108.0,45.27,16.400833333333335
optionC_lambda0.90,carbonscaler_weighted,ontario,116,0,110.0,41.53,13.129166666666668
optionC_lambda0.90,carbonscaler_weighted,ontario,117,0,118.0,32.29,15.157499999999999
optionC_lambda0.90,carbonscaler_weighted,ontario,118,0,114.0,28.02,1.1275000000000002
optionC_lambda0.90,carbonscaler_weighted,ontario,119,0,105.0,23.02,2.3566666666666665
optionC_lambda0.90,carbonscaler_weighted,ontario,120,0,89.0,7.67,3.641666666666667
optionC_lambda0.90,carbonscaler_weighted,ontario,121,0,78.0,6.48,0.18333333333333335
optionC_lambda0.90,carbonscaler_weighted,ontario,122,0,73.0,6.36,0.6066666666666667
optionC_lambda0.90,carbonscaler_weighted,ontario,123,0,63.0,6.54,0.5066666666666667
optionC_lambda0.90,carbonscaler_weighted,ontario,124,0,50.0,5.85,0.055
optionC_lambda0.90,carbonscaler_weighted,ontario,125,2,25.0,4.96,0.205
optionC_lambda0.90,carbonscaler_weighted,ontario,126,2,19.0,0.0,0.8916666666666666
optionC_lambda0.90,carbonscaler_weighted,ontario,127,2,19.0,0.0,1.7
optionC_lambda0.90,carbonscaler_weighted,ontario,128,2,19.0,4.04,7.135833333333333
optionC_lambda0.90,carbonscaler_weighted,ontario,129,2,19.0,6.14,7.169999999999999
optionC_lambda0.90,carbonscaler_weighted,ontario,130,2,20.0,6.59,3.830833333333333
optionC_lambda0.90,carbonscaler_weighted,ontario,131,2,19.0,10.27,1.3683333333333334
optionC_lambda0.90,carbonscaler_weighted,ontario,132,2,20.0,12.17,3.124166666666667
optionC_lambda0.90,carbonscaler_weighted,ontario,133,2,20.0,23.07,7.541666666666667
optionC_lambda0.90,carbonscaler_weighted,ontario,134,2,20.0,22.33,17.98333333333333
optionC_lambda0.90,carbonscaler_weighted,ontario,135,2,20.0,27.13,271.9775
optionC_lambda0.90,carbonscaler_weighted,ontario,136,2,20.0,31.7,226.4891666666667
optionC_lambda0.90,carbonscaler_weighted,ontario,137,2,21.0,43.63,53.12416666666666
optionC_lambda0.90,carbonscaler_weighted,ontario,138,0,25.0,44.6,28.73333333333333
optionC_lambda0.90,carbonscaler_weighted,ontario,139,0,31.0,44.27,30.3875
optionC_lambda0.90,carbonscaler_weighted,ontario,140,0,44.0,40.66,26.551666666666666
optionC_lambda0.90,carbonscaler_weighted,ontario,141,0,59.0,34.9,17.886666666666667
optionC_lambda0.90,carbonscaler_weighted,ontario,142,0,56.0,27.19,33.0425
optionC_lambda0.90,carbonscaler_weighted,ontario,143,0,50.0,24.14,41.13916666666667
optionC_lambda0.90,carbonscaler_weighted,ontario,144,0,51.0,18.56,126.9175
optionC_lambda0.90,carbonscaler_weighted,ontario,145,0,47.0,20.59,34.336666666666666
optionC_lambda0.90,carbonscaler_weighted,ontario,146,0,41.0,20.65,15.604166666666666
optionC_lambda0.90,carbonscaler_weighted,ontario,147,0,43.0,25.11,11.890833333333333
optionC_lambda0.90,carbonscaler_weighted,ontario,148,0,48.0,27.45,21.102500000000003
optionC_lambda0.90,carbonscaler_weighted,ontario,149,0,51.0,25.42,47.294999999999995
optionC_lambda0.90,carbonscaler_weighted,ontario,150,0,48.0,30.27,34.4625
optionC_lambda0.90,carbonscaler_weighted,ontario,151,0,42.0,31.89,74.80833333333334
optionC_lambda0.90,carbonscaler_weighted,ontario,152,0,43.0,26.94,9.879166666666666
optionC_lambda0.90,carbonscaler_weighted,ontario,153,0,45.0,27.02,2.0325
optionC_lambda0.90,carbonscaler_weighted,ontario,154,0,54.0,27.62,12.414166666666667
optionC_lambda0.90,carbonscaler_weighted,ontario,155,0,53.0,19.97,31.2075
optionC_lambda0.90,carbonscaler_weighted,ontario,156,0,61.0,20.25,35.7975
optionC_lambda0.90,carbonscaler_weighted,ontario,157,0,52.0,18.08,27.594166666666666
optionC_lambda0.90,carbonscaler_weighted,ontario,158,0,47.0,18.08,19.763333333333332
optionC_lambda0.90,carbonscaler_weighted,ontario,159,0,46.0,23.4,22.815833333333334
optionC_lambda0.90,carbonscaler_weighted,ontario,160,0,49.0,26.71,23.8025
optionC_lambda0.90,carbonscaler_weighted,ontario,161,0,54.0,40.16,38.34666666666667
optionC_lambda0.90,carbonscaler_weighted,ontario,162,0,50.0,48.19,32.54333333333333
optionC_lambda0.90,carbonscaler_weighted,ontario,163,0,52.0,57.72,53.36166666666667
optionC_lambda0.90,carbonscaler_weighted,ontario,164,0,58.0,47.14,133.0875
optionC_lambda0.90,carbonscaler_weighted,ontario,165,0,63.0,42.9,33.722500000000004
optionC_lambda0.90,carbonscaler_weighted,ontario,166,0,77.0,34.87,34.745
optionC_lambda0.90,carbonscaler_weighted,ontario,167,0,75.0,29.21,28.75916666666667
