policy,policy_name,sector_slug,slot_index,scale,carbon_intensity,day_ahead_price,real_time_price
carbonscaler_base,carbonscaler,texas,0,0,328.0,19.2775,17.8248
carbonscaler_base,carbonscaler,texas,1,0,334.0,16.6164,15.7787
carbonscaler_base,carbonscaler,texas,2,0,335.0,20.7381,1.8708
carbonscaler_base,carbonscaler,texas,3,0,317.0,23.2364,28.2329
carbonscaler_base,carbonscaler,texas,4,0,301.0,20.06,14.8483
carbonscaler_base,carbonscaler,texas,5,0,296.0,29.3968,51.5483
carbonscaler_base,carbonscaler,texas,6,0,316.0,43.8936,31.8114
carbonscaler_base,carbonscaler,texas,7,0,308.0,62.7105,45.1646
carbonscaler_base,carbonscaler,texas,8,0,296.0,54.451,60.3267
carbonscaler_base,carbonscaler,texas,9,0,288.0,38.887,43.8311
carbonscaler_base,carbonscaler,texas,10,0,298.0,27.1267,31.5591
carbonscaler_base,carbonscaler,texas,11,0,338.0,28.9764,30.0482
carbonscaler_base,carbonscaler,texas,12,0,355.0,38.0115,29.9228
carbonscaler_base,carbonscaler,texas,13,0,291.0,29.9031,38.8508
carbonscaler_base,carbonscaler,texas,14,0,212.0,33.1116,32.2559
carbonscaler_base,carbonscaler,texas,15,0,206.0,41.568,16.529
carbonscaler_base,carbonscaler,texas,16,0,210.0,45.7167,25.4052
carbonscaler_base,carbonscaler,texas,17,0,221.0,78.5971,82.9235
carbonscaler_base,carbonscaler,texas,18,0,244.0,101.4019,117.31
carbonscaler_base,carbonscaler,texas,19,0,262.0,103.407,103.1499
carbonscaler_base,carbonscaler,texas,20,0,273.0,66.1658,63.0775
carbonscaler_base,carbonscaler,texas,21,0,285.0,57.144,46.6209
carbonscaler_base,carbonscaler,texas,22,0,317.0,45.2341,44.1106
carbonscaler_base,carbonscaler,texas,23,0,396.0,36.8464,27.4255
carbonscaler_base,carbonscaler,texas,24,0,478.0,32.591,36.2471
carbonscaler_base,carbonscaler,texas,25,0,490.0,32.1319,50.6746
carbonscaler_base,carbonscaler,texas,26,0,499.0,31.3126,26.8969
carbonscaler_base,carbonscaler,texas,27,0,501.0,32.5465,25.013
carbonscaler_base,carbonscaler,texas,28,0,488.0,37.1626,45.4781
carbonscaler_base,carbonscaler,texas,29,0,480.0,39.1023,54.8141
carbonscaler_base,carbonscaler,texas,30,0,473.0,85.3805,100.8457
carbonscaler_base,carbonscaler,texas,31,0,468.0,72.0049,72.4015
carbonscaler_base,carbonscaler,texas,32,0,474.0,54.2857,58.8232
carbonscaler_base,carbonscaler,texas,33,0,482.0,32.528,38.5596
carbonscaler_base,carbonscaler,texas,34,0,484.0,27.67,12.9177
carbonscaler_base,carbonscaler,texas,35,0,477.0,20.791,6.3943
carbonscaler_base,carbonscaler,texas,36,0,476.0,25.4165,35.1304
carbonscaler_base,carbonscaler,texas,37,0,412.0,24.4097,49.4509
carbonscaler_base,carbonscaler,texas,38,0,326.0,27.614,23.2625
carbonscaler_base,carbonscaler,texas,39,0,252.0,42.2607,50.5134
carbonscaler_base,carbonscaler,texas,40,0,235.0,54.7619,38.9519
carbonscaler_base,carbonscaler,texas,41,0,247.0,80.7979,83.5923
carbonscaler_base,carbonscaler,texas,42,0,258.0,107.434,126.0267
carbonscaler_base,carbonscaler,texas,43,0,264.0,103.5981,103.2799
carbonscaler_base,carbonscaler,texas,44,0,258.0,72.0962,77.7264
carbonscaler_base,carbonscaler,texas,45,0,253.0,48.587,30.7592
carbonscaler_base,carbonscaler,texas,46,0,255.0,44.4117,57.8934
carbonscaler_base,carbonscaler,texas,47,0,314.0,38.6266,26.3231
carbonscaler_base,carbonscaler,texas,48,0,392.0,32.0924,28.8717
carbonscaler_base,carbonscaler,texas,49,0,385.0,28.8055,26.071
carbonscaler_base,carbonscaler,texas,50,0,365.0,33.5914,35.4776
carbonscaler_base,carbonscaler,texas,51,0,353.0,32.3168,50.0175
carbonscaler_base,carbonscaler,texas,52,0,329.0,33.1141,13.8613
carbonscaler_base,carbonscaler,texas,53,0,316.0,42.9691,1.7233
carbonscaler_base,carbonscaler,texas,54,0,313.0,88.436,76.0777
carbonscaler_base,carbonscaler,texas,55,0,310.0,78.5756,57.0641
carbonscaler_base,carbonscaler,texas,56,0,304.0,53.6439,42.7179
carbonscaler_base,carbonscaler,texas,57,0,302.0,49.4488,32.4688
carbonscaler_base,carbonscaler,texas,58,0,314.0,44.3883,36.629
carbonscaler_base,carbonscaler,texas,59,0,329.0,37.6079,38.8651
carbonscaler_base,carbonscaler,texas,60,0,331.0,38.3759,19.3692
carbonscaler_base,carbonscaler,texas,61,0,280.0,33.4808,34.7665
carbonscaler_base,carbonscaler,texas,62,0,217.0,36.7459,51.8435
carbonscaler_base,carbonscaler,texas,63,0,200.0,43.8455,48.4703
carbonscaler_base,carbonscaler,texas,64,0,195.0,66.6336,71.2876
carbonscaler_base,carbonscaler,texas,65,0,196.0,77.8332,74.0469
carbonscaler_base,carbonscaler,texas,66,0,199.0,88.0436,74.759
carbonscaler_base,carbonscaler,texas,67,1,189.0,74.654,69.5679
carbonscaler_base,carbonscaler,texas,68,0,195.0,59.6448,52.51
carbonscaler_base,carbonscaler,texas,69,0,205.0,42.9124,23.1283
carbonscaler_base,carbonscaler,texas,70,0,223.0,39.0859,51.1288
carbonscaler_base,carbonscaler,texas,71,0,270.0,33.9994,48.4275
carbonscaler_base,carbonscaler,texas,72,0,327.0,18.5248,12.2567
carbonscaler_base,carbonscaler,texas,73,0,337.0,14.984,13.8198
carbonscaler_base,carbonscaler,texas,74,0,334.0,22.1906,10.8001
carbonscaler_base,carbonscaler,texas,75,0,328.0,19.435,15.7472
carbonscaler_base,carbonscaler,texas,76,0,317.0,22.2038,21.4563
carbonscaler_base,carbonscaler,texas,77,0,308.0,24.7532,50.8865
carbonscaler_base,carbonscaler,texas,78,0,295.0,44.9286,55.3287
carbonscaler_base,carbonscaler,texas,79,0,288.0,44.1536,48.3785
carbonscaler_base,carbonscaler,texas,80,0,287.0,36.1665,43.6827
carbonscaler_base,carbonscaler,texas,81,0,286.0,25.3298,45.2417
carbonscaler_base,carbonscaler,texas,82,0,298.0,33.193,46.2954
carbonscaler_base,carbonscaler,texas,83,0,310.0,26.7276,44.2469
carbonscaler_base,carbonscaler,texas,84,0,310.0,33.9512,36.1223
carbonscaler_base,carbonscaler,texas,85,0,270.0,27.6064,28.8588
carbonscaler_base,carbonscaler,texas,86,0,202.0,32.4517,42.6745
carbonscaler_base,carbonscaler,texas,87,1,175.0,40.2416,32.6834
carbonscaler_base,carbonscaler,texas,88,2,172.0,53.0439,42.1723
carbonscaler_base,carbonscaler,texas,89,1,174.0,69.9053,85.9597
carbonscaler_base,carbonscaler,texas,90,1,182.0,74.5283,48.914
carbonscaler_base,carbonscaler,texas,91,1,178.0,71.9282,69.4357
carbonscaler_base,carbonscaler,texas,92,1,185.0,56.4093,34.4017
carbonscaler_base,carbonscaler,texas,93,0,194.0,41.7628,65.359
carbonscaler_base,carbonscaler,texas,94,0,203.0,34.5555,9.0625
carbonscaler_base,carbonscaler,texas,95,0,255.0,29.5876,30.7059
carbonscaler_base,carbonscaler,texas,96,0,318.0,15.8476,38.6492
carbonscaler_base,carbonscaler,texas,97,0,321.0,16.7486,15.6193
carbonscaler_base,carbonscaler,texas,98,0,320.0,20.1301,24.4951
carbonscaler_base,carbonscaler,texas,99,0,314.0,18.2408,22.7785
carbonscaler_base,carbonscaler,texas,100,0,296.0,23.1163,13.6666
carbonscaler_base,carbonscaler,texas,101,0,283.0,26.2878,23.1784
carbonscaler_base,carbonscaler,texas,102,0,278.0,56.0265,61.7002
carbonscaler_base,carbonscaler,texas,103,0,280.0,60.9573,49.7274
carbonscaler_base,carbonscaler,texas,104,0,288.0,45.9952,41.5203
carbonscaler_base,carbonscaler,texas,105,0,306.0,44.8534,39.8341
carbonscaler_base,carbonscaler,texas,106,0,317.0,37.8107,36.8132
carbonscaler_base,carbonscaler,texas,107,0,315.0,35.2101,32.7381
carbonscaler_base,carbonscaler,texas,108,0,304.0,33.1797,35.1742
carbonscaler_base,carbonscaler,texas,109,0,248.0,31.4548,24.6765
carbonscaler_base,carbonscaler,texas,110,1,184.0,38.305,46.8454
carbonscaler_base,carbonscaler,texas,111,1,174.0,44.6788,51.8874
carbonscaler_base,carbonscaler,texas,112,1,177.0,71.7543,79.6828
carbonscaler_base,carbonscaler,texas,113,0,196.0,79.5829,82.3547
carbonscaler_base,carbonscaler,texas,114,0,213.0,84.6147,97.1739
carbonscaler_base,carbonscaler,texas,115,0,226.0,90.7311,97.586
carbonscaler_base,carbonscaler,texas,116,0,248.0,72.6597,75.9426
carbonscaler_base,carbonscaler,texas,117,0,261.0,58.4517,48.183
carbonscaler_base,carbonscaler,texas,118,0,261.0,47.6005,21.6266
carbonscaler_base,carbonscaler,texas,119,0,298.0,35.7758,45.0111
carbonscaler_base,carbonscaler,texas,120,0,322.0,34.4184,3.1802
carbonscaler_base,carbonscaler,texas,121,0,323.0,26.6931,33.8542
carbonscaler_base,carbonscaler,texas,122,0,326.0,27.0471,39.854
carbonscaler_base,carbonscaler,texas,123,0,329.0,27.4566,35.9491
carbonscaler_base,carbonscaler,texas,124,0,336.0,27.0468,15.8623
carbonscaler_base,carbonscaler,texas,125,0,351.0,33.5566,33.7048
carbonscaler_base,carbonscaler,texas,126,0,372.0,52.3004,46.225
carbonscaler_base,carbonscaler,texas,127,0,403.0,41.1263,54.341
carbonscaler_base,carbonscaler,texas,128,0,410.0,40.5935,25.8551
carbonscaler_base,carbonscaler,texas,129,0,428.0,34.9955,29.5548
carbonscaler_base,carbonscaler,texas,130,0,458.0,34.4782,17.3617
carbonscaler_base,carbonscaler,texas,131,0,459.0,35.3146,34.5319
carbonscaler_base,carbonscaler,texas,132,0,460.0,30.2066,21.6721
carbonscaler_base,carbonscaler,texas,133,0,446.0,32.2738,10.2045
carbonscaler_base,carbonscaler,texas,134,0,422.0,37.2785,55.1661
carbonscaler_base,carbonscaler,texas,135,0,391.0,39.925,41.3759
carbonscaler_base,carbonscaler,texas,136,0,330.0,48.562,43.6064
carbonscaler_base,carbonscaler,texas,137,0,286.0,69.0366,69.9293
carbonscaler_base,carbonscaler,texas,138,0,268.0,83.8074,97.6167
carbonscaler_base,carbonscaler,texas,139,0,271.0,86.8532,74.6391
carbonscaler_base,carbonscaler,texas,140,0,272.0,63.0653,47.1049
carbonscaler_base,carbonscaler,texas,141,0,268.0,42.7586,58.1839
carbonscaler_base,carbonscaler,texas,142,0,288.0,37.4293,26.3516
carbonscaler_base,carbonscaler,texas,143,0,350.0,32.009,38.8331
carbonscaler_base,carbonscaler,texas,144,0,430.0,24.7798,32.6589
carbonscaler_base,carbonscaler,texas,145,0,433.0,21.8683,2.6208
carbonscaler_base,carbonscaler,texas,146,0,397.0,22.2148,36.13
carbonscaler_base,carbonscaler,texas,147,0,351.0,18.3983,23.1044
carbonscaler_base,carbonscaler,texas,148,0,328.0,32.3717,29.3217
carbonscaler_base,carbonscaler,texas,149,0,306.0,34.6748,39.3135
carbonscaler_base,carbonscaler,texas,150,0,296.0,42.6753,35.151
carbonscaler_base,carbonscaler,texas,151,0,284.0,38.7331,28.6715
carbonscaler_base,carbonscaler,texas,152,0,273.0,29.6649,11.5294
carbonscaler_base,carbonscaler,texas,153,0,282.0,31.2479,35.5552
carbonscaler_base,carbonscaler,texas,154,0,284.0,25.1636,23.4749
carbonscaler_base,carbonscaler,texas,155,0,286.0,29.8553,16.953
carbonscaler_base,carbonscaler,texas,156,0,281.0,23.7051,27.1849
carbonscaler_base,carbonscaler,texas,157,0,229.0,18.5874,29.3418
carbonscaler_base,carbonscaler,texas,158,0,195.0,22.3155,29.4613
carbonscaler_base,carbonscaler,texas,159,1,176.0,33.9523,38.8842
carbonscaler_base,carbonscaler,texas,160,2,166.0,49.2018,37.4999
carbonscaler_base,carbonscaler,texas,161,2,161.0,70.3761,84.3554
carbonscaler_base,carbonscaler,texas,162,2,160.0,82.5323,315.8753
carbonscaler_base,carbonscaler,texas,163,2,156.0,77.9932,55.3274
carbonscaler_base,carbonscaler,texas,164,2,152.0,56.4896,65.504
carbonscaler_base,carbonscaler,texas,165,2,157.0,40.4494,40.6216
carbonscaler_base,carbonscaler,texas,166,1,172.0,35.5752,57.7525
carbonscaler_base,carbonscaler,texas,167,0,225.0,34.5751,21.7347
price_only,price_only,texas,0,2,328.0,19.2775,17.8248
price_only,price_only,texas,1,2,334.0,16.6164,15.7787
price_only,price_only,texas,2,1,335.0,20.7381,1.8708
price_only,price_only,texas,3,0,317.0,23.2364,28.2329
price_only,price_only,texas,4,2,301.0,20.06,14.8483
price_only,price_only,texas,5,0,296.0,29.3968,51.5483
price_only,price_only,texas,6,0,316.0,43.8936,31.8114
price_only,price_only,texas,7,0,308.0,62.7105,45.1646
price_only,price_only,texas,8,0,296.0,54.451,60.3267
price_only,price_only,texas,9,0,288.0,38.887,43.8311
price_only,price_only,texas,10,0,298.0,27.1267,31.5591
price_only,price_only,texas,11,0,338.0,28.9764,30.0482
price_only,price_only,texas,12,0,355.0,38.0115,29.9228
price_only,price_only,texas,13,0,291.0,29.9031,38.8508
price_only,price_only,texas,14,0,212.0,33.1116,32.2559
price_only,price_only,texas,15,0,206.0,41.568,16.529
price_only,price_only,texas,16,0,210.0,45.7167,25.4052
price_only,price_only,texas,17,0,221.0,78.5971,82.9235
price_only,price_only,texas,18,0,244.0,101.4019,117.31
price_only,price_only,texas,19,0,262.0,103.407,103.1499
price_only,price_only,texas,20,0,273.0,66.1658,63.0775
price_only,price_only,texas,21,0,285.0,57.144,46.6209
price_only,price_only,texas,22,0,317.0,45.2341,44.1106
price_only,price_only,texas,23,0,396.0,36.8464,27.4255
price_only,price_only,texas,24,0,478.0,32.591,36.2471
price_only,price_only,texas,25,0,490.0,32.1319,50.6746
price_only,price_only,texas,26,0,499.0,31.3126,26.8969
price_only,price_only,texas,27,0,501.0,32.5465,25.013
price_only,price_only,texas,28,0,488.0,37.1626,45.4781
price_only,price_only,texas,29,0,480.0,39.1023,54.8141
price_only,price_only,texas,30,0,473.0,85.3805,100.8457
price_only,price_only,texas,31,0,468.0,72.0049,72.4015
price_only,price_only,texas,32,0,474.0,54.2857,58.8232
price_only,price_only,texas,33,0,482.0,32.528,38.5596
price_only,price_only,texas,34,0,484.0,27.67,12.9177
price_only,price_only,texas,35,1,477.0,20.791,6.3943
price_only,price_only,texas,36,0,476.0,25.4165,35.1304
price_only,price_only,texas,37,0,412.0,24.4097,49.4509
price_only,price_only,texas,38,0,326.0,27.614,23.2625
price_only,price_only,texas,39,0,252.0,42.2607,50.5134
price_only,price_only,texas,40,0,235.0,54.7619,38.9519
price_only,price_only,texas,41,0,247.0,80.7979,83.5923
price_only,price_only,texas,42,0,258.0,107.434,126.0267
price_only,price_only,texas,43,0,264.0,103.5981,103.2799
price_only,price_only,texas,44,0,258.0,72.0962,77.7264
price_only,price_only,texas,45,0,253.0,48.587,30.7592
price_only,price_only,texas,46,0,255.0,44.4117,57.8934
price_only,price_only,texas,47,0,314.0,38.6266,26.3231
price_only,price_only,texas,48,0,392.0,32.0924,28.8717
price_only,price_only,texas,49,0,385.0,28.8055,26.071
price_only,price_only,texas,50,0,365.0,33.5914,35.4776
price_only,price_only,texas,51,0,353.0,32.3168,50.0175
price_only,price_only,texas,52,0,329.0,33.1141,13.8613
price_only,price_only,texas,53,0,316.0,42.9691,1.7233
price_only,price_only,texas,54,0,313.0,88.436,76.0777
price_only,price_only,texas,55,0,310.0,78.5756,57.0641
price_only,price_only,texas,56,0,304.0,53.6439,42.7179
price_only,price_only,texas,57,0,302.0,49.4488,32.4688
price_only,price_only,texas,58,0,314.0,44.3883,36.629
price_only,price_only,texas,59,0,329.0,37.6079,38.8651
price_only,price_only,texas,60,0,331.0,38.3759,19.3692
price_only,price_only,texas,61,0,280.0,33.4808,34.7665
price_only,price_only,texas,62,0,217.0,36.7459,51.8435
price_only,price_only,texas,63,0,200.0,43.8455,48.4703
price_only,price_only,texas,64,0,195.0,66.6336,71.2876
price_only,price_only,texas,65,0,196.0,77.8332,74.0469
price_only,price_only,texas,66,0,199.0,88.0436,74.759
price_only,price_only,texas,67,0,189.0,74.654,69.5679
price_only,price_only,texas,68,0,195.0,59.6448,52.51
price_only,price_only,texas,69,0,205.0,42.9124,23.1283
price_only,price_only,texas,70,0,223.0,39.0859,51.1288
price_only,price_only,texas,71,0,270.0,33.9994,48.4275
price_only,price_only,texas,72,2,327.0,18.5248,12.2567
price_only,price_only,texas,73,2,337.0,14.984,13.8198
price_only,price_only,texas,74,0,334.0,22.1906,10.8001
price_only,price_only,texas,75,2,328.0,19.435,15.7472
price_only,price_only,texas,76,0,317.0,22.2038,21.4563
price_only,price_only,texas,77,0,308.0,24.7532,50.8865
price_only,price_only,texas,78,0,295.0,44.9286,55.3287
price_only,price_only,texas,79,0,288.0,44.1536,48.3785
price_only,price_only,texas,80,0,287.0,36.1665,43.6827
price_only,price_only,texas,81,0,286.0,25.3298,45.2417
price_only,price_only,texas,82,0,298.0,33.193,46.2954
price_only,price_only,texas,83,0,310.0,26.7276,44.2469
price_only,price_only,texas,84,0,310.0,33.9512,36.1223
price_only,price_only,texas,85,0,270.0,27.6064,28.8588
price_only,price_only,texas,86,0,202.0,32.4517,42.6745
price_only,price_only,texas,87,0,175.0,40.2416,32.6834
price_only,price_only,texas,88,0,172.0,53.0439,42.1723
price_only,price_only,texas,89,0,174.0,69.9053,85.9597
price_only,price_only,texas,90,0,182.0,74.5283,48.914
price_only,price_only,texas,91,0,178.0,71.9282,69.4357
price_only,price_only,texas,92,0,185.0,56.4093,34.4017
price_only,price_only,texas,93,0,194.0,41.7628,65.359
price_only,price_only,texas,94,0,203.0,34.5555,9.0625
price_only,price_only,texas,95,0,255.0,29.5876,30.7059
price_only,price_only,texas,96,2,318.0,15.8476,38.6492
price_only,price_only,texas,97,2,321.0,16.7486,15.6193
price_only,price_only,texas,98,2,320.0,20.1301,24.4951
price_only,price_only,texas,99,2,314.0,18.2408,22.7785
price_only,price_only,texas,100,0,296.0,23.1163,13.6666
price_only,price_only,texas,101,0,283.0,26.2878,23.1784
price_only,price_only,texas,102,0,278.0,56.0265,61.7002
price_only,price_only,texas,103,0,280.0,60.9573,49.7274
price_only,price_only,texas,104,0,288.0,45.9952,41.5203
price_only,price_only,texas,105,0,306.0,44.8534,39.8341
price_only,price_only,texas,106,0,317.0,37.8107,36.8132
price_only,price_only,texas,107,0,315.0,35.2101,32.7381
price_only,price_only,texas,108,0,304.0,33.1797,35.1742
price_only,price_only,texas,109,0,248.0,31.4548,24.6765
price_only,price_only,texas,110,0,184.0,38.305,46.8454
price_only,price_only,texas,111,0,174.0,44.6788,51.8874
price_only,price_only,texas,112,0,177.0,71.7543,79.6828
price_only,price_only,texas,113,0,196.0,79.5829,82.3547
price_only,price_only,texas,114,0,213.0,84.6147,97.1739
price_only,price_only,texas,115,0,226.0,90.7311,97.586
price_only,price_only,texas,116,0,248.0,72.6597,75.9426
price_only,price_only,texas,117,0,261.0,58.4517,48.183
price_only,price_only,texas,118,0,261.0,47.6005,21.6266
price_only,price_only,texas,119,0,298.0,35.7758,45.0111
price_only,price_only,texas,120,0,322.0,34.4184,3.1802
price_only,price_only,texas,121,0,323.0,26.6931,33.8542
price_only,price_only,texas,122,0,326.0,27.0471,39.854
price_only,price_only,texas,123,0,329.0,27.4566,35.9491
price_only,price_only,texas,124,0,336.0,27.0468,15.8623
price_only,price_only,texas,125,0,351.0,33.5566,33.7048
price_only,price_only,texas,126,0,372.0,52.3004,46.225
price_only,price_only,texas,127,0,403.0,41.1263,54.341
price_only,price_only,texas,128,0,410.0,40.5935,25.8551
price_only,price_only,texas,129,0,428.0,34.9955,29.5548
price_only,price_only,texas,130,0,458.0,34.4782,17.3617
price_only,price_only,texas,131,0,459.0,35.3146,34.5319
price_only,price_only,texas,132,0,460.0,30.2066,21.6721
price_only,price_only,texas,133,0,446.0,32.2738,10.2045
price_only,price_only,texas,134,0,422.0,37.2785,55.1661
price_only,price_only,texas,135,0,391.0,39.925,41.3759
price_only,price_only,texas,136,0,330.0,48.562,43.6064
price_only,price_only,texas,137,0,286.0,69.0366,69.9293
price_only,price_only,texas,138,0,268.0,83.8074,97.6167
price_only,price_only,texas,139,0,271.0,86.8532,74.6391
price_only,price_only,texas,140,0,272.0,63.0653,47.1049
price_only,price_only,texas,141,0,268.0,42.7586,58.1839
price_only,price_only,texas,142,0,288.0,37.4293,26.3516
price_only,price_only,texas,143,0,350.0,32.009,38.8331
price_only,price_only,texas,144,0,430.0,24.7798,32.6589
price_only,price_only,texas,145,0,433.0,21.8683,2.6208
price_only,price_only,texas,146,0,397.0,22.2148,36.13
price_only,price_only,texas,147,2,351.0,18.3983,23.1044
price_only,price_only,texas,148,0,328.0,32.3717,29.3217
price_only,price_only,texas,149,0,306.0,34.6748,39.3135
price_only,price_only,texas,150,0,296.0,42.6753,35.151
price_only,price_only,texas,151,0,284.0,38.7331,28.6715
price_only,price_only,texas,152,0,273.0,29.6649,11.5294
price_only,price_only,texas,153,0,282.0,31.2479,35.5552
price_only,price_only,texas,154,0,284.0,25.1636,23.4749
price_only,price_only,texas,155,0,286.0,29.8553,16.953
price_only,price_only,texas,156,0,281.0,23.7051,27.1849
price_only,price_only,texas,157,2,229.0,18.5874,29.3418
price_only,price_only,texas,158,0,195.0,22.3155,29.4613
price_only,price_only,texas,159,0,176.0,33.9523,38.8842
price_only,price_only,texas,160,0,166.0,49.2018,37.4999
price_only,price_only,texas,161,0,161.0,70.3761,84.3554
price_only,price_only,texas,162,0,160.0,82.5323,315.8753
price_only,price_only,texas,163,0,156.0,77.9932,55.3274
price_only,price_only,texas,164,0,152.0,56.4896,65.504
price_only,price_only,texas,165,0,157.0,40.4494,40.6216
price_only,price_only,texas,166,0,172.0,35.5752,57.7525
price_only,price_only,texas,167,0,225.0,34.5751,21.7347
optionA_tie_0.01,carbonscaler_price_tiebreak,texas,0,0,328.0,19.2775,17.8248
optionA_tie_0.01,carbonscaler_price_tiebreak,texas,1,0,334.0,16.6164,15.7787
optionA_tie_0.01,carbonscaler_price_tiebreak,texas,2,0,335.0,20.7381,1.8708
optionA_tie_0.01,carbonscaler_price_tiebreak,texas,3,0,317.0,23.2364,28.2329
optionA_tie_0.01,carbonscaler_price_tiebreak,texas,4,0,301.0,20.06,14.8483
optionA_tie_0.01,carbonscaler_price_tiebreak,texas,5,0,296.0,29.3968,51.5483
optionA_tie_0.01,carbonscaler_price_tiebreak,texas,6,0,316.0,43.8936,31.8114
optionA_tie_0.01,carbonscaler_price_tiebreak,texas,7,0,308.0,62.7105,45.1646
optionA_tie_0.01,carbonscaler_price_tiebreak,texas,8,0,296.0,54.451,60.3267
optionA_tie_0.01,carbonscaler_price_tiebreak,texas,9,0,288.0,38.887,43.8311
optionA_tie_0.01,carbonscaler_price_tiebreak,texas,10,0,298.0,27.1267,31.5591
optionA_tie_0.01,carbonscaler_price_tiebreak,texas,11,0,338.0,28.9764,30.0482
optionA_tie_0.01,carbonscaler_price_tiebreak,texas,12,0,355.0,38.0115,29.9228
optionA_tie_0.01,carbonscaler_price_tiebreak,texas,13,0,291.0,29.9031,38.8508
optionA_tie_0.01,carbonscaler_price_tiebreak,texas,14,0,212.0,33.1116,32.2559
optionA_tie_0.01,carbonscaler_price_tiebreak,texas,15,0,206.0,41.568,16.529
optionA_tie_0.01,carbonscaler_price_tiebreak,texas,16,0,210.0,45.7167,25.4052
optionA_tie_0.01,carbonscaler_price_tiebreak,texas,17,0,221.0,78.5971,82.9235
optionA_tie_0.01,carbonscaler_price_tiebreak,texas,18,0,244.0,101.4019,117.31
optionA_tie_0.01,carbonscaler_price_tiebreak,texas,19,0,262.0,103.407,103.1499
optionA_tie_0.01,carbonscaler_price_tiebreak,texas,20,0,273.0,66.1658,63.0775
optionA_tie_0.01,carbonscaler_price_tiebreak,texas,21,0,285.0,57.144,46.6209
optionA_tie_0.01,carbonscaler_price_tiebreak,texas,22,0,317.0,45.2341,44.1106
optionA_tie_0.01,carbonscaler_price_tiebreak,texas,23,0,396.0,36.8464,27.4255
optionA_tie_0.01,carbonscaler_price_tiebreak,texas,24,0,478.0,32.591,36.2471
optionA_tie_0.01,carbonscaler_price_tiebreak,texas,25,0,490.0,32.1319,50.6746
optionA_tie_0.01,carbonscaler_price_tiebreak,texas,26,0,499.0,31.3126,26.8969
optionA_tie_0.01,carbonscaler_price_tiebreak,texas,27,0,501.0,32.5465,25.013
optionA_tie_0.01,carbonscaler_price_tiebreak,texas,28,0,488.0,37.1626,45.4781
optionA_tie_0.01,carbonscaler_price_tiebreak,texas,29,0,480.0,39.1023,54.8141
optionA_tie_0.01,carbonscaler_price_tiebreak,texas,30,0,473.0,85.3805,100.8457
optionA_tie_0.01,carbonscaler_price_tiebreak,texas,31,0,468.0,72.0049,72.4015
optionA_tie_0.01,carbonscaler_price_tiebreak,texas,32,0,474.0,54.2857,58.8232
optionA_tie_0.01,carbonscaler_price_tiebreak,texas,33,0,482.0,32.528,38.5596
optionA_tie_0.01,carbonscaler_price_tiebreak,texas,34,0,484.0,27.67,12.9177
optionA_tie_0.01,carbonscaler_price_tiebreak,texas,35,0,477.0,20.791,6.3943
optionA_tie_0.01,carbonscaler_price_tiebreak,texas,36,0,476.0,25.4165,35.1304
optionA_tie_0.01,carbonscaler_price_tiebreak,texas,37,0,412.0,24.4097,49.4509
optionA_tie_0.01,carbonscaler_price_tiebreak,texas,38,0,326.0,27.614,23.2625
optionA_tie_0.01,carbonscaler_price_tiebreak,texas,39,0,252.0,42.2607,50.5134
optionA_tie_0.01,carbonscaler_price_tiebreak,texas,40,0,235.0,54.7619,38.9519
optionA_tie_0.01,carbonscaler_price_tiebreak,texas,41,0,247.0,80.7979,83.5923
optionA_tie_0.01,carbonscaler_price_tiebreak,texas,42,0,258.0,107.434,126.0267
optionA_tie_0.01,carbonscaler_price_tiebreak,texas,43,0,264.0,103.5981,103.2799
optionA_tie_0.01,carbonscaler_price_tiebreak,texas,44,0,258.0,72.0962,77.7264
optionA_tie_0.01,carbonscaler_price_tiebreak,texas,45,0,253.0,48.587,30.7592
optionA_tie_0.01,carbonscaler_price_tiebreak,texas,46,0,255.0,44.4117,57.8934
optionA_tie_0.01,carbonscaler_price_tiebreak,texas,47,0,314.0,38.6266,26.3231
optionA_tie_0.01,carbonscaler_price_tiebreak,texas,48,0,392.0,32.0924,28.8717
optionA_tie_0.01,carbonscaler_price_tiebreak,texas,49,0,385.0,28.8055,26.071
optionA_tie_0.01,carbonscaler_price_tiebreak,texas,50,0,365.0,33.5914,35.4776
optionA_tie_0.01,carbonscaler_price_tiebreak,texas,51,0,353.0,32.3168,50.0175
optionA_tie_0.01,carbonscaler_price_tiebreak,texas,52,0,329.0,33.1141,13.8613
optionA_tie_0.01,carbonscaler_price_tiebreak,texas,53,0,316.0,42.9691,1.7233
optionA_tie_0.01,carbonscaler_price_tiebreak,texas,54,0,313.0,88.436,76.0777
optionA_tie_0.01,carbonscaler_price_tiebreak,texas,55,0,310.0,78.5756,57.0641
optionA_tie_0.01,carbonscaler_price_tiebreak,texas,56,0,304.0,53.6439,42.7179
optionA_tie_0.01,carbonscaler_price_tiebreak,texas,57,0,302.0,49.4488,32.4688
optionA_tie_0.01,carbonscaler_price_tiebreak,texas,58,0,314.0,44.3883,36.629
optionA_tie_0.01,carbonscaler_price_tiebreak,texas,59,0,329.0,37.6079,38.8651
optionA_tie_0.01,carbonscaler_price_tiebreak,texas,60,0,331.0,38.3759,19.3692
optionA_tie_0.01,carbonscaler_price_tiebreak,texas,61,0,280.0,33.4808,34.7665
optionA_tie_0.01,carbonscaler_price_tiebreak,texas,62,0,217.0,36.7459,51.8435
optionA_tie_0.01,carbonscaler_price_tiebreak,texas,63,0,200.0,43.8455,48.4703
optionA_tie_0.01,carbonscaler_price_tiebreak,texas,64,0,195.0,66.6336,71.2876
optionA_tie_0.01,carbonscaler_price_tiebreak,texas,65,0,196.0,77.8332,74.0469
optionA_tie_0.01,carbonscaler_price_tiebreak,texas,66,0,199.0,88.0436,74.759
optionA_tie_0.01,carbonscaler_price_tiebreak,texas,67,1,189.0,74.654,69.5679
optionA_tie_0.01,carbonscaler_price_tiebreak,texas,68,0,195.0,59.6448,52.51
optionA_tie_0.01,carbonscaler_price_tiebreak,texas,69,0,205.0,42.9124,23.1283
optionA_tie_0.01,carbonscaler_price_tiebreak,texas,70,0,223.0,39.0859,51.1288
optionA_tie_0.01,carbonscaler_price_tiebreak,texas,71,0,270.0,33.9994,48.4275
optionA_tie_0.01,carbonscaler_price_tiebreak,texas,72,0,327.0,18.5248,12.2567
optionA_tie_0.01,carbonscaler_price_tiebreak,texas,73,0,337.0,14.984,13.8198
optionA_tie_0.01,carbonscaler_price_tiebreak,texas,74,0,334.0,22.1906,10.8001
optionA_tie_0.01,carbonscaler_price_tiebreak,texas,75,0,328.0,19.435,15.7472
optionA_tie_0.01,carbonscaler_price_tiebreak,texas,76,0,317.0,22.2038,21.4563
optionA_tie_0.01,carbonscaler_price_tiebreak,texas,77,0,308.0,24.7532,50.8865
optionA_tie_0.01,carbonscaler_price_tiebreak,texas,78,0,295.0,44.9286,55.3287
optionA_tie_0.01,carbonscaler_price_tiebreak,texas,79,0,288.0,44.1536,48.3785
optionA_tie_0.01,carbonscaler_price_tiebreak,texas,80,0,287.0,36.1665,43.6827
optionA_tie_0.01,carbonscaler_price_tiebreak,texas,81,0,286.0,25.3298,45.2417
optionA_tie_0.01,carbonscaler_price_tiebreak,texas,82,0,298.0,33.193,46.2954
optionA_tie_0.01,carbonscaler_price_tiebreak,texas,83,0,310.0,26.7276,44.2469
optionA_tie_0.01,carbonscaler_price_tiebreak,texas,84,0,310.0,33.9512,36.1223
optionA_tie_0.01,carbonscaler_price_tiebreak,texas,85,0,270.0,27.6064,28.8588
optionA_tie_0.01,carbonscaler_price_tiebreak,texas,86,0,202.0,32.4517,42.6745
optionA_tie_0.01,carbonscaler_price_tiebreak,texas,87,1,175.0,40.2416,32.6834
optionA_tie_0.01,carbonscaler_price_tiebreak,texas,88,1,172.0,53.0439,42.1723
optionA_tie_0.01,carbonscaler_price_tiebreak,texas,89,1,174.0,69.9053,85.9597
optionA_tie_0.01,carbonscaler_price_tiebreak,texas,90,1,182.0,74.5283,48.914
optionA_tie_0.01,carbonscaler_price_tiebreak,texas,91,1,178.0,71.9282,69.4357
optionA_tie_0.01,carbonscaler_price_tiebreak,texas,92,1,185.0,56.4093,34.4017
optionA_tie_0.01,carbonscaler_price_tiebreak,texas,93,0,194.0,41.7628,65.359
optionA_tie_0.01,carbonscaler_price_tiebreak,texas,94,0,203.0,34.5555,9.0625
optionA_tie_0.01,carbonscaler_price_tiebreak,texas,95,0,255.0,29.5876,30.7059
optionA_tie_0.01,carbonscaler_price_tiebreak,texas,96,0,318.0,15.8476,38.6492
optionA_tie_0.01,carbonscaler_price_tiebreak,texas,97,0,321.0,16.7486,15.6193
optionA_tie_0.01,carbonscaler_price_tiebreak,texas,98,0,320.0,20.1301,24.4951
optionA_tie_0.01,carbonscaler_price_tiebreak,texas,99,0,314.0,18.2408,22.7785
optionA_tie_0.01,carbonscaler_price_tiebreak,texas,100,0,296.0,23.1163,13.6666
optionA_tie_0.01,carbonscaler_price_tiebreak,texas,101,0,283.0,26.2878,23.1784
optionA_tie_0.01,carbonscaler_price_tiebreak,texas,102,0,278.0,56.0265,61.7002
optionA_tie_0.01,carbonscaler_price_tiebreak,texas,103,0,280.0,60.9573,49.7274
optionA_tie_0.01,carbonscaler_price_tiebreak,texas,104,0,288.0,45.9952,41.5203
optionA_tie_0.01,carbonscaler_price_tiebreak,texas,105,0,306.0,44.8534,39.8341
optionA_tie_0.01,carbonscaler_price_tiebreak,texas,106,0,317.0,37.8107,36.8132
optionA_tie_0.01,carbonscaler_price_tiebreak,texas,107,0,315.0,35.2101,32.7381
optionA_tie_0.01,carbonscaler_price_tiebreak,texas,108,0,304.0,33.1797,35.1742
optionA_tie_0.01,carbonscaler_price_tiebreak,texas,109,0,248.0,31.4548,24.6765
optionA_tie_0.01,carbonscaler_price_tiebreak,texas,110,1,184.0,38.305,46.8454
optionA_tie_0.01,carbonscaler_price_tiebreak,texas,111,1,174.0,44.6788,51.8874
optionA_tie_0.01,carbonscaler_price_tiebreak,texas,112,1,177.0,71.7543,79.6828
optionA_tie_0.01,carbonscaler_price_tiebreak,texas,113,0,196.0,79.5829,82.3547
optionA_tie_0.01,carbonscaler_price_tiebreak,texas,114,0,213.0,84.6147,97.1739
optionA_tie_0.01,carbonscaler_price_tiebreak,texas,115,0,226.0,90.7311,97.586
optionA_tie_0.01,carbonscaler_price_tiebreak,texas,116,0,248.0,72.6597,75.9426
optionA_tie_0.01,carbonscaler_price_tiebreak,texas,117,0,261.0,58.4517,48.183
optionA_tie_0.01,carbonscaler_price_tiebreak,texas,118,0,261.0,47.6005,21.6266
optionA_tie_0.01,carbonscaler_price_tiebreak,texas,119,0,298.0,35.7758,45.0111
optionA_tie_0.01,carbonscaler_price_tiebreak,texas,120,0,322.0,34.4184,3.1802
optionA_tie_0.01,carbonscaler_price_tiebreak,texas,121,0,323.0,26.6931,33.8542
optionA_tie_0.01,carbonscaler_price_tiebreak,texas,122,0,326.0,27.0471,39.854
optionA_tie_0.01,carbonscaler_price_tiebreak,texas,123,0,329.0,27.4566,35.9491
optionA_tie_0.01,carbonscaler_price_tiebreak,texas,124,0,336.0,27.0468,15.8623
optionA_tie_0.01,carbonscaler_price_tiebreak,texas,125,0,351.0,33.5566,33.7048
optionA_tie_0.01,carbonscaler_price_tiebreak,texas,126,0,372.0,52.3004,46.225
optionA_tie_0.01,carbonscaler_price_tiebreak,texas,127,0,403.0,41.1263,54.341
optionA_tie_0.01,carbonscaler_price_tiebreak,texas,128,0,410.0,40.5935,25.8551
optionA_tie_0.01,carbonscaler_price_tiebreak,texas,129,0,428.0,34.9955,29.5548
optionA_tie_0.01,carbonscaler_price_tiebreak,texas,130,0,458.0,34.4782,17.3617
optionA_tie_0.01,carbonscaler_price_tiebreak,texas,131,0,459.0,35.3146,34.5319
optionA_tie_0.01,carbonscaler_price_tiebreak,texas,132,0,460.0,30.2066,21.6721
optionA_tie_0.01,carbonscaler_price_tiebreak,texas,133,0,446.0,32.2738,10.2045
optionA_tie_0.01,carbonscaler_price_tiebreak,texas,134,0,422.0,37.2785,55.1661
optionA_tie_0.01,carbonscaler_price_tiebreak,texas,135,0,391.0,39.925,41.3759
optionA_tie_0.01,carbonscaler_price_tiebreak,texas,136,0,330.0,48.562,43.6064
optionA_tie_0.01,carbonscaler_price_tiebreak,texas,137,0,286.0,69.0366,69.9293
optionA_tie_0.01,carbonscaler_price_tiebreak,texas,138,0,268.0,83.8074,97.6167
optionA_tie_0.01,carbonscaler_price_tiebreak,texas,139,0,271.0,86.8532,74.6391
optionA_tie_0.01,carbonscaler_price_tiebreak,texas,140,0,272.0,63.0653,47.1049
optionA_tie_0.01,carbonscaler_price_tiebreak,texas,141,0,268.0,42.7586,58.1839
optionA_tie_0.01,carbonscaler_price_tiebreak,texas,142,0,288.0,37.4293,26.3516
optionA_tie_0.01,carbonscaler_price_tiebreak,texas,143,0,350.0,32.009,38.8331
optionA_tie_0.01,carbonscaler_price_tiebreak,texas,144,0,430.0,24.7798,32.6589
optionA_tie_0.01,carbonscaler_price_tiebreak,texas,145,0,433.0,21.8683,2.6208
optionA_tie_0.01,carbonscaler_price_tiebreak,texas,146,0,397.0,22.2148,36.13
optionA_tie_0.01,carbonscaler_price_tiebreak,texas,147,0,351.0,18.3983,23.1044
optionA_tie_0.01,carbonscaler_price_tiebreak,texas,148,0,328.0,32.3717,29.3217
optionA_tie_0.01,carbonscaler_price_tiebreak,texas,149,0,306.0,34.6748,39.3135
optionA_tie_0.01,carbonscaler_price_tiebreak,texas,150,0,296.0,42.6753,35.151
optionA_tie_0.01,carbonscaler_price_tiebreak,texas,151,0,284.0,38.7331,28.6715
optionA_tie_0.01,carbonscaler_price_tiebreak,texas,152,0,273.0,29.6649,11.5294
optionA_tie_0.01,carbonscaler_price_tiebreak,texas,153,0,282.0,31.2479,35.5552
optionA_tie_0.01,carbonscaler_price_tiebreak,texas,154,0,284.0,25.1636,23.4749
optionA_tie_0.01,carbonscaler_price_tiebreak,texas,155,0,286.0,29.8553,16.953
optionA_tie_0.01,carbonscaler_price_tiebreak,texas,156,0,281.0,23.7051,27.1849
optionA_tie_0.01,carbonscaler_price_tiebreak,texas,157,0,229.0,18.5874,29.3418
optionA_tie_0.01,carbonscaler_price_tiebreak,texas,158,0,195.0,22.3155,29.4613
optionA_tie_0.01,carbonscaler_price_tiebreak,texas,159,1,176.0,33.9523,38.8842
optionA_tie_0.01,carbonscaler_price_tiebreak,texas,160,2,166.0,49.2018,37.4999
optionA_tie_0.01,carbonscaler_price_tiebreak,texas,161,2,161.0,70.3761,84.3554
optionA_tie_0.01,carbonscaler_price_tiebreak,texas,162,2,160.0,82.5323,315.8753
optionA_tie_0.01,carbonscaler_price_tiebreak,texas,163,2,156.0,77.9932,55.3274
optionA_tie_0.01,carbonscaler_price_tiebreak,texas,164,2,152.0,56.4896,65.504
optionA_tie_0.01,carbonscaler_price_tiebreak,texas,165,2,157.0,40.4494,40.6216
optionA_tie_0.01,carbonscaler_price_tiebreak,texas,166,2,172.0,35.5752,57.7525
optionA_tie_0.01,carbonscaler_price_tiebreak,texas,167,0,225.0,34.5751,21.7347
optionA_tie_0.03,carbonscaler_price_tiebreak,texas,0,0,328.0,19.2775,17.8248
optionA_tie_0.03,carbonscaler_price_tiebreak,texas,1,0,334.0,16.6164,15.7787
optionA_tie_0.03,carbonscaler_price_tiebreak,texas,2,0,335.0,20.7381,1.8708
optionA_tie_0.03,carbonscaler_price_tiebreak,texas,3,0,317.0,23.2364,28.2329
optionA_tie_0.03,carbonscaler_price_tiebreak,texas,4,0,301.0,20.06,14.8483
optionA_tie_0.03,carbonscaler_price_tiebreak,texas,5,0,296.0,29.3968,51.5483
optionA_tie_0.03,carbonscaler_price_tiebreak,texas,6,0,316.0,43.8936,31.8114
optionA_tie_0.03,carbonscaler_price_tiebreak,texas,7,0,308.0,62.7105,45.1646
optionA_tie_0.03,carbonscaler_price_tiebreak,texas,8,0,296.0,54.451,60.3267
optionA_tie_0.03,carbonscaler_price_tiebreak,texas,9,0,288.0,38.887,43.8311
optionA_tie_0.03,carbonscaler_price_tiebreak,texas,10,0,298.0,27.1267,31.5591
optionA_tie_0.03,carbonscaler_price_tiebreak,texas,11,0,338.0,28.9764,30.0482
optionA_tie_0.03,carbonscaler_price_tiebreak,texas,12,0,355.0,38.0115,29.9228
optionA_tie_0.03,carbonscaler_price_tiebreak,texas,13,0,291.0,29.9031,38.8508
optionA_tie_0.03,carbonscaler_price_tiebreak,texas,14,0,212.0,33.1116,32.2559
optionA_tie_0.03,carbonscaler_price_tiebreak,texas,15,0,206.0,41.568,16.529
optionA_tie_0.03,carbonscaler_price_tiebreak,texas,16,0,210.0,45.7167,25.4052
optionA_tie_0.03,carbonscaler_price_tiebreak,texas,17,0,221.0,78.5971,82.9235
optionA_tie_0.03,carbonscaler_price_tiebreak,texas,18,0,244.0,101.4019,117.31
optionA_tie_0.03,carbonscaler_price_tiebreak,texas,19,0,262.0,103.407,103.1499
optionA_tie_0.03,carbonscaler_price_tiebreak,texas,20,0,273.0,66.1658,63.0775
optionA_tie_0.03,carbonscaler_price_tiebreak,texas,21,0,285.0,57.144,46.6209
optionA_tie_0.03,carbonscaler_price_tiebreak,texas,22,0,317.0,45.2341,44.1106
optionA_tie_0.03,carbonscaler_price_tiebreak,texas,23,0,396.0,36.8464,27.4255
optionA_tie_0.03,carbonscaler_price_tiebreak,texas,24,0,478.0,32.591,36.2471
optionA_tie_0.03,carbonscaler_price_tiebreak,texas,25,0,490.0,32.1319,50.6746
optionA_tie_0.03,carbonscaler_price_tiebreak,texas,26,0,499.0,31.3126,26.8969
optionA_tie_0.03,carbonscaler_price_tiebreak,texas,27,0,501.0,32.5465,25.013
optionA_tie_0.03,carbonscaler_price_tiebreak,texas,28,0,488.0,37.1626,45.4781
optionA_tie_0.03,carbonscaler_price_tiebreak,texas,29,0,480.0,39.1023,54.8141
optionA_tie_0.03,carbonscaler_price_tiebreak,texas,30,0,473.0,85.3805,100.8457
optionA_tie_0.03,carbonscaler_price_tiebreak,texas,31,0,468.0,72.0049,72.4015
optionA_tie_0.03,carbonscaler_price_tiebreak,texas,32,0,474.0,54.2857,58.8232
optionA_tie_0.03,carbonscaler_price_tiebreak,texas,33,0,482.0,32.528,38.5596
optionA_tie_0.03,carbonscaler_price_tiebreak,texas,34,0,484.0,27.67,12.9177
optionA_tie_0.03,carbonscaler_price_tiebreak,texas,35,0,477.0,20.791,6.3943
optionA_tie_0.03,carbonscaler_price_tiebreak,texas,36,0,476.0,25.4165,35.1304
optionA_tie_0.03,carbonscaler_price_tiebreak,texas,37,0,412.0,24.4097,49.4509
optionA_tie_0.03,carbonscaler_price_tiebreak,texas,38,0,326.0,27.614,23.2625
optionA_tie_0.03,carbonscaler_price_tiebreak,texas,39,0,252.0,42.2607,50.5134
optionA_tie_0.03,carbonscaler_price_tiebreak,texas,40,0,235.0,54.7619,38.9519
optionA_tie_0.03,carbonscaler_price_tiebreak,texas,41,0,247.0,80.7979,83.5923
optionA_tie_0.03,carbonscaler_price_tiebreak,texas,42,0,258.0,107.434,126.0267
optionA_tie_0.03,carbonscaler_price_tiebreak,texas,43,0,264.0,103.5981,103.2799
optionA_tie_0.03,carbonscaler_price_tiebreak,texas,44,0,258.0,72.0962,77.7264
optionA_tie_0.03,carbonscaler_price_tiebreak,texas,45,0,253.0,48.587,30.7592
optionA_tie_0.03,carbonscaler_price_tiebreak,texas,46,0,255.0,44.4117,57.8934
optionA_tie_0.03,carbonscaler_price_tiebreak,texas,47,0,314.0,38.6266,26.3231
optionA_tie_0.03,carbonscaler_price_tiebreak,texas,48,0,392.0,32.0924,28.8717
optionA_tie_0.03,carbonscaler_price_tiebreak,texas,49,0,385.0,28.8055,26.071
optionA_tie_0.03,carbonscaler_price_tiebreak,texas,50,0,365.0,33.5914,35.4776
optionA_tie_0.03,carbonscaler_price_tiebreak,texas,51,0,353.0,32.3168,50.0175
optionA_tie_0.03,carbonscaler_price_tiebreak,texas,52,0,329.0,33.1141,13.8613
optionA_tie_0.03,carbonscaler_price_tiebreak,texas,53,0,316.0,42.9691,1.7233
optionA_tie_0.03,carbonscaler_price_tiebreak,texas,54,0,313.0,88.436,76.0777
optionA_tie_0.03,carbonscaler_price_tiebreak,texas,55,0,310.0,78.5756,57.0641
optionA_tie_0.03,carbonscaler_price_tiebreak,texas,56,0,304.0,53.6439,42.7179
optionA_tie_0.03,carbonscaler_price_tiebreak,texas,57,0,302.0,49.4488,32.4688
optionA_tie_0.03,carbonscaler_price_tiebreak,texas,58,0,314.0,44.3883,36.629
optionA_tie_0.03,carbonscaler_price_tiebreak,texas,59,0,329.0,37.6079,38.8651
optionA_tie_0.03,carbonscaler_price_tiebreak,texas,60,0,331.0,38.3759,19.3692
optionA_tie_0.03,carbonscaler_price_tiebreak,texas,61,0,280.0,33.4808,34.7665
optionA_tie_0.03,carbonscaler_price_tiebreak,texas,62,0,217.0,36.7459,51.8435
optionA_tie_0.03,carbonscaler_price_tiebreak,texas,63,0,200.0,43.8455,48.4703
optionA_tie_0.03,carbonscaler_price_tiebreak,texas,64,0,195.0,66.6336,71.2876
optionA_tie_0.03,carbonscaler_price_tiebreak,texas,65,0,196.0,77.8332,74.0469
optionA_tie_0.03,carbonscaler_price_tiebreak,texas,66,0,199.0,88.0436,74.759
optionA_tie_0.03,carbonscaler_price_tiebreak,texas,67,0,189.0,74.654,69.5679
optionA_tie_0.03,carbonscaler_price_tiebreak,texas,68,0,195.0,59.6448,52.51
optionA_tie_0.03,carbonscaler_price_tiebreak,texas,69,0,205.0,42.9124,23.1283
optionA_tie_0.03,carbonscaler_price_tiebreak,texas,70,0,223.0,39.0859,51.1288
optionA_tie_0.03,carbonscaler_price_tiebreak,texas,71,0,270.0,33.9994,48.4275
optionA_tie_0.03,carbonscaler_price_tiebreak,texas,72,0,327.0,18.5248,12.2567
optionA_tie_0.03,carbonscaler_price_tiebreak,texas,73,0,337.0,14.984,13.8198
optionA_tie_0.03,carbonscaler_price_tiebreak,texas,74,0,334.0,22.1906,10.8001
optionA_tie_0.03,carbonscaler_price_tiebreak,texas,75,0,328.0,19.435,15.7472
optionA_tie_0.03,carbonscaler_price_tiebreak,texas,76,0,317.0,22.2038,21.4563
optionA_tie_0.03,carbonscaler_price_tiebreak,texas,77,0,308.0,24.7532,50.8865
optionA_tie_0.03,carbonscaler_price_tiebreak,texas,78,0,295.0,44.9286,55.3287
optionA_tie_0.03,carbonscaler_price_tiebreak,texas,79,0,288.0,44.1536,48.3785
optionA_tie_0.03,carbonscaler_price_tiebreak,texas,80,0,287.0,36.1665,43.6827
optionA_tie_0.03,carbonscaler_price_tiebreak,texas,81,0,286.0,25.3298,45.2417
optionA_tie_0.03,carbonscaler_price_tiebreak,texas,82,0,298.0,33.193,46.2954
optionA_tie_0.03,carbonscaler_price_tiebreak,texas,83,0,310.0,26.7276,44.2469
optionA_tie_0.03,carbonscaler_price_tiebreak,texas,84,0,310.0,33.9512,36.1223
optionA_tie_0.03,carbonscaler_price_tiebreak,texas,85,0,270.0,27.6064,28.8588
optionA_tie_0.03,carbonscaler_price_tiebreak,texas,86,0,202.0,32.4517,42.6745
optionA_tie_0.03,carbonscaler_price_tiebreak,texas,87,1,175.0,40.2416,32.6834
optionA_tie_0.03,carbonscaler_price_tiebreak,texas,88,1,172.0,53.0439,42.1723
optionA_tie_0.03,carbonscaler_price_tiebreak,texas,89,1,174.0,69.9053,85.9597
optionA_tie_0.03,carbonscaler_price_tiebreak,texas,90,1,182.0,74.5283,48.914
optionA_tie_0.03,carbonscaler_price_tiebreak,texas,91,1,178.0,71.9282,69.4357
optionA_tie_0.03,carbonscaler_price_tiebreak,texas,92,1,185.0,56.4093,34.4017
optionA_tie_0.03,carbonscaler_price_tiebreak,texas,93,1,194.0,41.7628,65.359
optionA_tie_0.03,carbonscaler_price_tiebreak,texas,94,0,203.0,34.5555,9.0625
optionA_tie_0.03,carbonscaler_price_tiebreak,texas,95,0,255.0,29.5876,30.7059
optionA_tie_0.03,carbonscaler_price_tiebreak,texas,96,0,318.0,15.8476,38.6492
optionA_tie_0.03,carbonscaler_price_tiebreak,texas,97,0,321.0,16.7486,15.6193
optionA_tie_0.03,carbonscaler_price_tiebreak,texas,98,0,320.0,20.1301,24.4951
optionA_tie_0.03,carbonscaler_price_tiebreak,texas,99,0,314.0,18.2408,22.7785
optionA_tie_0.03,carbonscaler_price_tiebreak,texas,100,0,296.0,23.1163,13.6666
optionA_tie_0.03,carbonscaler_price_tiebreak,texas,101,0,283.0,26.2878,23.1784
optionA_tie_0.03,carbonscaler_price_tiebreak,texas,102,0,278.0,56.0265,61.7002
optionA_tie_0.03,carbonscaler_price_tiebreak,texas,103,0,280.0,60.9573,49.7274
optionA_tie_0.03,carbonscaler_price_tiebreak,texas,104,0,288.0,45.9952,41.5203
optionA_tie_0.03,carbonscaler_price_tiebreak,texas,105,0,306.0,44.8534,39.8341
optionA_tie_0.03,carbonscaler_price_tiebreak,texas,106,0,317.0,37.8107,36.8132
optionA_tie_0.03,carbonscaler_price_tiebreak,texas,107,0,315.0,35.2101,32.7381
optionA_tie_0.03,carbonscaler_price_tiebreak,texas,108,0,304.0,33.1797,35.1742
optionA_tie_0.03,carbonscaler_price_tiebreak,texas,109,0,248.0,31.4548,24.6765
optionA_tie_0.03,carbonscaler_price_tiebreak,texas,110,1,184.0,38.305,46.8454
optionA_tie_0.03,carbonscaler_price_tiebreak,texas,111,1,174.0,44.6788,51.8874
optionA_tie_0.03,carbonscaler_price_tiebreak,texas,112,1,177.0,71.7543,79.6828
optionA_tie_0.03,carbonscaler_price_tiebreak,texas,113,0,196.0,79.5829,82.3547
optionA_tie_0.03,carbonscaler_price_tiebreak,texas,114,0,213.0,84.6147,97.1739
optionA_tie_0.03,carbonscaler_price_tiebreak,texas,115,0,226.0,90.7311,97.586
optionA_tie_0.03,carbonscaler_price_tiebreak,texas,116,0,248.0,72.6597,75.9426
optionA_tie_0.03,carbonscaler_price_tiebreak,texas,117,0,261.0,58.4517,48.183
optionA_tie_0.03,carbonscaler_price_tiebreak,texas,118,0,261.0,47.6005,21.6266
optionA_tie_0.03,carbonscaler_price_tiebreak,texas,119,0,298.0,35.7758,45.0111
optionA_tie_0.03,carbonscaler_price_tiebreak,texas,120,0,322.0,34.4184,3.1802
optionA_tie_0.03,carbonscaler_price_tiebreak,texas,121,0,323.0,26.6931,33.8542
optionA_tie_0.03,carbonscaler_price_tiebreak,texas,122,0,326.0,27.0471,39.854
optionA_tie_0.03,carbonscaler_price_tiebreak,texas,123,0,329.0,27.4566,35.9491
optionA_tie_0.03,carbonscaler_price_tiebreak,texas,124,0,336.0,27.0468,15.8623
optionA_tie_0.03,carbonscaler_price_tiebreak,texas,125,0,351.0,33.5566,33.7048
optionA_tie_0.03,carbonscaler_price_tiebreak,texas,126,0,372.0,52.3004,46.225
optionA_tie_0.03,carbonscaler_price_tiebreak,texas,127,0,403.0,41.1263,54.341
optionA_tie_0.03,carbonscaler_price_tiebreak,texas,128,0,410.0,40.5935,25.8551
optionA_tie_0.03,carbonscaler_price_tiebreak,texas,129,0,428.0,34.9955,29.5548
optionA_tie_0.03,carbonscaler_price_tiebreak,texas,130,0,458.0,34.4782,17.3617
optionA_tie_0.03,carbonscaler_price_tiebreak,texas,131,0,459.0,35.3146,34.5319
optionA_tie_0.03,carbonscaler_price_tiebreak,texas,132,0,460.0,30.2066,21.6721
optionA_tie_0.03,carbonscaler_price_tiebreak,texas,133,0,446.0,32.2738,10.2045
optionA_tie_0.03,carbonscaler_price_tiebreak,texas,134,0,422.0,37.2785,55.1661
optionA_tie_0.03,carbonscaler_price_tiebreak,texas,135,0,391.0,39.925,41.3759
optionA_tie_0.03,carbonscaler_price_tiebreak,texas,136,0,330.0,48.562,43.6064
optionA_tie_0.03,carbonscaler_price_tiebreak,texas,137,0,286.0,69.0366,69.9293
optionA_tie_0.03,carbonscaler_price_tiebreak,texas,138,0,268.0,83.8074,97.6167
optionA_tie_0.03,carbonscaler_price_tiebreak,texas,139,0,271.0,86.8532,74.6391
optionA_tie_0.03,carbonscaler_price_tiebreak,texas,140,0,272.0,63.0653,47.1049
optionA_tie_0.03,carbonscaler_price_tiebreak,texas,141,0,268.0,42.7586,58.1839
optionA_tie_0.03,carbonscaler_price_tiebreak,texas,142,0,288.0,37.4293,26.3516
optionA_tie_0.03,carbonscaler_price_tiebreak,texas,143,0,350.0,32.009,38.8331
optionA_tie_0.03,carbonscaler_price_tiebreak,texas,144,0,430.0,24.7798,32.6589
optionA_tie_0.03,carbonscaler_price_tiebreak,texas,145,0,433.0,21.8683,2.6208
optionA_tie_0.03,carbonscaler_price_tiebreak,texas,146,0,397.0,22.2148,36.13
optionA_tie_0.03,carbonscaler_price_tiebreak,texas,147,0,351.0,18.3983,23.1044
optionA_tie_0.03,carbonscaler_price_tiebreak,texas,148,0,328.0,32.3717,29.3217
optionA_tie_0.03,carbonscaler_price_tiebreak,texas,149,0,306.0,34.6748,39.3135
optionA_tie_0.03,carbonscaler_price_tiebreak,texas,150,0,296.0,42.6753,35.151
optionA_tie_0.03,carbonscaler_price_tiebreak,texas,151,0,284.0,38.7331,28.6715
optionA_tie_0.03,carbonscaler_price_tiebreak,texas,152,0,273.0,29.6649,11.5294
optionA_tie_0.03,carbonscaler_price_tiebreak,texas,153,0,282.0,31.2479,35.5552
optionA_tie_0.03,carbonscaler_price_tiebreak,texas,154,0,284.0,25.1636,23.4749
optionA_tie_0.03,carbonscaler_price_tiebreak,texas,155,0,286.0,29.8553,16.953
optionA_tie_0.03,carbonscaler_price_tiebreak,texas,156,0,281.0,23.7051,27.1849
optionA_tie_0.03,carbonscaler_price_tiebreak,texas,157,0,229.0,18.5874,29.3418
optionA_tie_0.03,carbonscaler_price_tiebreak,texas,158,0,195.0,22.3155,29.4613
optionA_tie_0.03,carbonscaler_price_tiebreak,texas,159,1,176.0,33.9523,38.8842
optionA_tie_0.03,carbonscaler_price_tiebreak,texas,160,2,166.0,49.2018,37.4999
optionA_tie_0.03,carbonscaler_price_tiebreak,texas,161,2,161.0,70.3761,84.3554
optionA_tie_0.03,carbonscaler_price_tiebreak,texas,162,2,160.0,82.5323,315.8753
optionA_tie_0.03,carbonscaler_price_tiebreak,texas,163,2,156.0,77.9932,55.3274
optionA_tie_0.03,carbonscaler_price_tiebreak,texas,164,2,152.0,56.4896,65.504
optionA_tie_0.03,carbonscaler_price_tiebreak,texas,165,2,157.0,40.4494,40.6216
optionA_tie_0.03,carbonscaler_price_tiebreak,texas,166,2,172.0,35.5752,57.7525
optionA_tie_0.03,carbonscaler_price_tiebreak,texas,167,0,225.0,34.5751,21.7347
optionA_tie_0.05,carbonscaler_price_tiebreak,texas,0,0,328.0,19.2775,17.8248
optionA_tie_0.05,carbonscaler_price_tiebreak,texas,1,0,334.0,16.6164,15.7787
optionA_tie_0.05,carbonscaler_price_tiebreak,texas,2,0,335.0,20.7381,1.8708
optionA_tie_0.05,carbonscaler_price_tiebreak,texas,3,0,317.0,23.2364,28.2329
optionA_tie_0.05,carbonscaler_price_tiebreak,texas,4,0,301.0,20.06,14.8483
optionA_tie_0.05,carbonscaler_price_tiebreak,texas,5,0,296.0,29.3968,51.5483
optionA_tie_0.05,carbonscaler_price_tiebreak,texas,6,0,316.0,43.8936,31.8114
optionA_tie_0.05,carbonscaler_price_tiebreak,texas,7,0,308.0,62.7105,45.1646
optionA_tie_0.05,carbonscaler_price_tiebreak,texas,8,0,296.0,54.451,60.3267
optionA_tie_0.05,carbonscaler_price_tiebreak,texas,9,0,288.0,38.887,43.8311
optionA_tie_0.05,carbonscaler_price_tiebreak,texas,10,0,298.0,27.1267,31.5591
optionA_tie_0.05,carbonscaler_price_tiebreak,texas,11,0,338.0,28.9764,30.0482
optionA_tie_0.05,carbonscaler_price_tiebreak,texas,12,0,355.0,38.0115,29.9228
optionA_tie_0.05,carbonscaler_price_tiebreak,texas,13,0,291.0,29.9031,38.8508
optionA_tie_0.05,carbonscaler_price_tiebreak,texas,14,0,212.0,33.1116,32.2559
optionA_tie_0.05,carbonscaler_price_tiebreak,texas,15,0,206.0,41.568,16.529
optionA_tie_0.05,carbonscaler_price_tiebreak,texas,16,0,210.0,45.7167,25.4052
optionA_tie_0.05,carbonscaler_price_tiebreak,texas,17,0,221.0,78.5971,82.9235
optionA_tie_0.05,carbonscaler_price_tiebreak,texas,18,0,244.0,101.4019,117.31
optionA_tie_0.05,carbonscaler_price_tiebreak,texas,19,0,262.0,103.407,103.1499
optionA_tie_0.05,carbonscaler_price_tiebreak,texas,20,0,273.0,66.1658,63.0775
optionA_tie_0.05,carbonscaler_price_tiebreak,texas,21,0,285.0,57.144,46.6209
optionA_tie_0.05,carbonscaler_price_tiebreak,texas,22,0,317.0,45.2341,44.1106
optionA_tie_0.05,carbonscaler_price_tiebreak,texas,23,0,396.0,36.8464,27.4255
optionA_tie_0.05,carbonscaler_price_tiebreak,texas,24,0,478.0,32.591,36.2471
optionA_tie_0.05,carbonscaler_price_tiebreak,texas,25,0,490.0,32.1319,50.6746
optionA_tie_0.05,carbonscaler_price_tiebreak,texas,26,0,499.0,31.3126,26.8969
optionA_tie_0.05,carbonscaler_price_tiebreak,texas,27,0,501.0,32.5465,25.013
optionA_tie_0.05,carbonscaler_price_tiebreak,texas,28,0,488.0,37.1626,45.4781
optionA_tie_0.05,carbonscaler_price_tiebreak,texas,29,0,480.0,39.1023,54.8141
optionA_tie_0.05,carbonscaler_price_tiebreak,texas,30,0,473.0,85.3805,100.8457
optionA_tie_0.05,carbonscaler_price_tiebreak,texas,31,0,468.0,72.0049,72.4015
optionA_tie_0.05,carbonscaler_price_tiebreak,texas,32,0,474.0,54.2857,58.8232
optionA_tie_0.05,carbonscaler_price_tiebreak,texas,33,0,482.0,32.528,38.5596
optionA_tie_0.05,carbonscaler_price_tiebreak,texas,34,0,484.0,27.67,12.9177
optionA_tie_0.05,carbonscaler_price_tiebreak,texas,35,0,477.0,20.791,6.3943
optionA_tie_0.05,carbonscaler_price_tiebreak,texas,36,0,476.0,25.4165,35.1304
optionA_tie_0.05,carbonscaler_price_tiebreak,texas,37,0,412.0,24.4097,49.4509
optionA_tie_0.05,carbonscaler_price_tiebreak,texas,38,0,326.0,27.614,23.2625
optionA_tie_0.05,carbonscaler_price_tiebreak,texas,39,0,252.0,42.2607,50.5134
optionA_tie_0.05,carbonscaler_price_tiebreak,texas,40,0,235.0,54.7619,38.9519
optionA_tie_0.05,carbonscaler_price_tiebreak,texas,41,0,247.0,80.7979,83.5923
optionA_tie_0.05,carbonscaler_price_tiebreak,texas,42,0,258.0,107.434,126.0267
optionA_tie_0.05,carbonscaler_price_tiebreak,texas,43,0,264.0,103.5981,103.2799
optionA_tie_0.05,carbonscaler_price_tiebreak,texas,44,0,258.0,72.0962,77.7264
optionA_tie_0.05,carbonscaler_price_tiebreak,texas,45,0,253.0,48.587,30.7592
optionA_tie_0.05,carbonscaler_price_tiebreak,texas,46,0,255.0,44.4117,57.8934
optionA_tie_0.05,carbonscaler_price_tiebreak,texas,47,0,314.0,38.6266,26.3231
optionA_tie_0.05,carbonscaler_price_tiebreak,texas,48,0,392.0,32.0924,28.8717
optionA_tie_0.05,carbonscaler_price_tiebreak,texas,49,0,385.0,28.8055,26.071
optionA_tie_0.05,carbonscaler_price_tiebreak,texas,50,0,365.0,33.5914,35.4776
optionA_tie_0.05,carbonscaler_price_tiebreak,texas,51,0,353.0,32.3168,50.0175
optionA_tie_0.05,carbonscaler_price_tiebreak,texas,52,0,329.0,33.1141,13.8613
optionA_tie_0.05,carbonscaler_price_tiebreak,texas,53,0,316.0,42.9691,1.7233
optionA_tie_0.05,carbonscaler_price_tiebreak,texas,54,0,313.0,88.436,76.0777
optionA_tie_0.05,carbonscaler_price_tiebreak,texas,55,0,310.0,78.5756,57.0641
optionA_tie_0.05,carbonscaler_price_tiebreak,texas,56,0,304.0,53.6439,42.7179
optionA_tie_0.05,carbonscaler_price_tiebreak,texas,57,0,302.0,49.4488,32.4688
optionA_tie_0.05,carbonscaler_price_tiebreak,texas,58,0,314.0,44.3883,36.629
optionA_tie_0.05,carbonscaler_price_tiebreak,texas,59,0,329.0,37.6079,38.8651
optionA_tie_0.05,carbonscaler_price_tiebreak,texas,60,0,331.0,38.3759,19.3692
optionA_tie_0.05,carbonscaler_price_tiebreak,texas,61,0,280.0,33.4808,34.7665
optionA_tie_0.05,carbonscaler_price_tiebreak,texas,62,0,217.0,36.7459,51.8435
optionA_tie_0.05,carbonscaler_price_tiebreak,texas,63,0,200.0,43.8455,48.4703
optionA_tie_0.05,carbonscaler_price_tiebreak,texas,64,0,195.0,66.6336,71.2876
optionA_tie_0.05,carbonscaler_price_tiebreak,texas,65,0,196.0,77.8332,74.0469
optionA_tie_0.05,carbonscaler_price_tiebreak,texas,66,0,199.0,88.0436,74.759
optionA_tie_0.05,carbonscaler_price_tiebreak,texas,67,0,189.0,74.654,69.5679
optionA_tie_0.05,carbonscaler_price_tiebreak,texas,68,0,195.0,59.6448,52.51
optionA_tie_0.05,carbonscaler_price_tiebreak,texas,69,0,205.0,42.9124,23.1283
optionA_tie_0.05,carbonscaler_price_tiebreak,texas,70,0,223.0,39.0859,51.1288
optionA_tie_0.05,carbonscaler_price_tiebreak,texas,71,0,270.0,33.9994,48.4275
optionA_tie_0.05,carbonscaler_price_tiebreak,texas,72,0,327.0,18.5248,12.2567
optionA_tie_0.05,carbonscaler_price_tiebreak,texas,73,0,337.0,14.984,13.8198
optionA_tie_0.05,carbonscaler_price_tiebreak,texas,74,0,334.0,22.1906,10.8001
optionA_tie_0.05,carbonscaler_price_tiebreak,texas,75,0,328.0,19.435,15.7472
optionA_tie_0.05,carbonscaler_price_tiebreak,texas,76,0,317.0,22.2038,21.4563
optionA_tie_0.05,carbonscaler_price_tiebreak,texas,77,0,308.0,24.7532,50.8865
optionA_tie_0.05,carbonscaler_price_tiebreak,texas,78,0,295.0,44.9286,55.3287
optionA_tie_0.05,carbonscaler_price_tiebreak,texas,79,0,288.0,44.1536,48.3785
optionA_tie_0.05,carbonscaler_price_tiebreak,texas,80,0,287.0,36.1665,43.6827
optionA_tie_0.05,carbonscaler_price_tiebreak,texas,81,0,286.0,25.3298,45.2417
optionA_tie_0.05,carbonscaler_price_tiebreak,texas,82,0,298.0,33.193,46.2954
optionA_tie_0.05,carbonscaler_price_tiebreak,texas,83,0,310.0,26.7276,44.2469
optionA_tie_0.05,carbonscaler_price_tiebreak,texas,84,0,310.0,33.9512,36.1223
optionA_tie_0.05,carbonscaler_price_tiebreak,texas,85,0,270.0,27.6064,28.8588
optionA_tie_0.05,carbonscaler_price_tiebreak,texas,86,0,202.0,32.4517,42.6745
optionA_tie_0.05,carbonscaler_price_tiebreak,texas,87,1,175.0,40.2416,32.6834
optionA_tie_0.05,carbonscaler_price_tiebreak,texas,88,1,172.0,53.0439,42.1723
optionA_tie_0.05,carbonscaler_price_tiebreak,texas,89,1,174.0,69.9053,85.9597
optionA_tie_0.05,carbonscaler_price_tiebreak,texas,90,1,182.0,74.5283,48.914
optionA_tie_0.05,carbonscaler_price_tiebreak,texas,91,1,178.0,71.9282,69.4357
optionA_tie_0.05,carbonscaler_price_tiebreak,texas,92,1,185.0,56.4093,34.4017
optionA_tie_0.05,carbonscaler_price_tiebreak,texas,93,0,194.0,41.7628,65.359
optionA_tie_0.05,carbonscaler_price_tiebreak,texas,94,0,203.0,34.5555,9.0625
optionA_tie_0.05,carbonscaler_price_tiebreak,texas,95,0,255.0,29.5876,30.7059
optionA_tie_0.05,carbonscaler_price_tiebreak,texas,96,0,318.0,15.8476,38.6492
optionA_tie_0.05,carbonscaler_price_tiebreak,texas,97,0,321.0,16.7486,15.6193
optionA_tie_0.05,carbonscaler_price_tiebreak,texas,98,0,320.0,20.1301,24.4951
optionA_tie_0.05,carbonscaler_price_tiebreak,texas,99,0,314.0,18.2408,22.7785
optionA_tie_0.05,carbonscaler_price_tiebreak,texas,100,0,296.0,23.1163,13.6666
optionA_tie_0.05,carbonscaler_price_tiebreak,texas,101,0,283.0,26.2878,23.1784
optionA_tie_0.05,carbonscaler_price_tiebreak,texas,102,0,278.0,56.0265,61.7002
optionA_tie_0.05,carbonscaler_price_tiebreak,texas,103,0,280.0,60.9573,49.7274
optionA_tie_0.05,carbonscaler_price_tiebreak,texas,104,0,288.0,45.9952,41.5203
optionA_tie_0.05,carbonscaler_price_tiebreak,texas,105,0,306.0,44.8534,39.8341
optionA_tie_0.05,carbonscaler_price_tiebreak,texas,106,0,317.0,37.8107,36.8132
optionA_tie_0.05,carbonscaler_price_tiebreak,texas,107,0,315.0,35.2101,32.7381
optionA_tie_0.05,carbonscaler_price_tiebreak,texas,108,0,304.0,33.1797,35.1742
optionA_tie_0.05,carbonscaler_price_tiebreak,texas,109,0,248.0,31.4548,24.6765
optionA_tie_0.05,carbonscaler_price_tiebreak,texas,110,1,184.0,38.305,46.8454
optionA_tie_0.05,carbonscaler_price_tiebreak,texas,111,1,174.0,44.6788,51.8874
optionA_tie_0.05,carbonscaler_price_tiebreak,texas,112,1,177.0,71.7543,79.6828
optionA_tie_0.05,carbonscaler_price_tiebreak,texas,113,0,196.0,79.5829,82.3547
optionA_tie_0.05,carbonscaler_price_tiebreak,texas,114,0,213.0,84.6147,97.1739
optionA_tie_0.05,carbonscaler_price_tiebreak,texas,115,0,226.0,90.7311,97.586
optionA_tie_0.05,carbonscaler_price_tiebreak,texas,116,0,248.0,72.6597,75.9426
optionA_tie_0.05,carbonscaler_price_tiebreak,texas,117,0,261.0,58.4517,48.183
optionA_tie_0.05,carbonscaler_price_tiebreak,texas,118,0,261.0,47.6005,21.6266
optionA_tie_0.05,carbonscaler_price_tiebreak,texas,119,0,298.0,35.7758,45.0111
optionA_tie_0.05,carbonscaler_price_tiebreak,texas,120,0,322.0,34.4184,3.1802
optionA_tie_0.05,carbonscaler_price_tiebreak,texas,121,0,323.0,26.6931,33.8542
optionA_tie_0.05,carbonscaler_price_tiebreak,texas,122,0,326.0,27.0471,39.854
optionA_tie_0.05,carbonscaler_price_tiebreak,texas,123,0,329.0,27.4566,35.9491
optionA_tie_0.05,carbonscaler_price_tiebreak,texas,124,0,336.0,27.0468,15.8623
optionA_tie_0.05,carbonscaler_price_tiebreak,texas,125,0,351.0,33.5566,33.7048
optionA_tie_0.05,carbonscaler_price_tiebreak,texas,126,0,372.0,52.3004,46.225
optionA_tie_0.05,carbonscaler_price_tiebreak,texas,127,0,403.0,41.1263,54.341
optionA_tie_0.05,carbonscaler_price_tiebreak,texas,128,0,410.0,40.5935,25.8551
optionA_tie_0.05,carbonscaler_price_tiebreak,texas,129,0,428.0,34.9955,29.5548
optionA_tie_0.05,carbonscaler_price_tiebreak,texas,130,0,458.0,34.4782,17.3617
optionA_tie_0.05,carbonscaler_price_tiebreak,texas,131,0,459.0,35.3146,34.5319
optionA_tie_0.05,carbonscaler_price_tiebreak,texas,132,0,460.0,30.2066,21.6721
optionA_tie_0.05,carbonscaler_price_tiebreak,texas,133,0,446.0,32.2738,10.2045
optionA_tie_0.05,carbonscaler_price_tiebreak,texas,134,0,422.0,37.2785,55.1661
optionA_tie_0.05,carbonscaler_price_tiebreak,texas,135,0,391.0,39.925,41.3759
optionA_tie_0.05,carbonscaler_price_tiebreak,texas,136,0,330.0,48.562,43.6064
optionA_tie_0.05,carbonscaler_price_tiebreak,texas,137,0,286.0,69.0366,69.9293
optionA_tie_0.05,carbonscaler_price_tiebreak,texas,138,0,268.0,83.8074,97.6167
optionA_tie_0.05,carbonscaler_price_tiebreak,texas,139,0,271.0,86.8532,74.6391
optionA_tie_0.05,carbonscaler_price_tiebreak,texas,140,0,272.0,63.0653,47.1049
optionA_tie_0.05,carbonscaler_price_tiebreak,texas,141,0,268.0,42.7586,58.1839
optionA_tie_0.05,carbonscaler_price_tiebreak,texas,142,0,288.0,37.4293,26.3516
optionA_tie_0.05,carbonscaler_price_tiebreak,texas,143,0,350.0,32.009,38.8331
optionA_tie_0.05,carbonscaler_price_tiebreak,texas,144,0,430.0,24.7798,32.6589
optionA_tie_0.05,carbonscaler_price_tiebreak,texas,145,0,433.0,21.8683,2.6208
optionA_tie_0.05,carbonscaler_price_tiebreak,texas,146,0,397.0,22.2148,36.13
optionA_tie_0.05,carbonscaler_price_tiebreak,texas,147,0,351.0,18.3983,23.1044
optionA_tie_0.05,carbonscaler_price_tiebreak,texas,148,0,328.0,32.3717,29.3217
optionA_tie_0.05,carbonscaler_price_tiebreak,texas,149,0,306.0,34.6748,39.3135
optionA_tie_0.05,carbonscaler_price_tiebreak,texas,150,0,296.0,42.6753,35.151
optionA_tie_0.05,carbonscaler_price_tiebreak,texas,151,0,284.0,38.7331,28.6715
optionA_tie_0.05,carbonscaler_price_tiebreak,texas,152,0,273.0,29.6649,11.5294
optionA_tie_0.05,carbonscaler_price_tiebreak,texas,153,0,282.0,31.2479,35.5552
optionA_tie_0.05,carbonscaler_price_tiebreak,texas,154,0,284.0,25.1636,23.4749
optionA_tie_0.05,carbonscaler_price_tiebreak,texas,155,0,286.0,29.8553,16.953
optionA_tie_0.05,carbonscaler_price_tiebreak,texas,156,0,281.0,23.7051,27.1849
optionA_tie_0.05,carbonscaler_price_tiebreak,texas,157,0,229.0,18.5874,29.3418
optionA_tie_0.05,carbonscaler_price_tiebreak,texas,158,1,195.0,22.3155,29.4613
optionA_tie_0.05,carbonscaler_price_tiebreak,texas,159,2,176.0,33.9523,38.8842
optionA_tie_0.05,carbonscaler_price_tiebreak,texas,160,2,166.0,49.2018,37.4999
optionA_tie_0.05,carbonscaler_price_tiebreak,texas,161,2,161.0,70.3761,84.3554
optionA_tie_0.05,carbonscaler_price_tiebreak,texas,162,2,160.0,82.5323,315.8753
optionA_tie_0.05,carbonscaler_price_tiebreak,texas,163,2,156.0,77.9932,55.3274
optionA_tie_0.05,carbonscaler_price_tiebreak,texas,164,2,152.0,56.4896,65.504
optionA_tie_0.05,carbonscaler_price_tiebreak,texas,165,2,157.0,40.4494,40.6216
optionA_tie_0.05,carbonscaler_price_tiebreak,texas,166,1,172.0,35.5752,57.7525
optionA_tie_0.05,carbonscaler_price_tiebreak,texas,167,0,225.0,34.5751,21.7347
optionA_tie_0.10,carbonscaler_price_tiebreak,texas,0,0,328.0,19.2775,17.8248
optionA_tie_0.10,carbonscaler_price_tiebreak,texas,1,0,334.0,16.6164,15.7787
optionA_tie_0.10,carbonscaler_price_tiebreak,texas,2,0,335.0,20.7381,1.8708
optionA_tie_0.10,carbonscaler_price_tiebreak,texas,3,0,317.0,23.2364,28.2329
optionA_tie_0.10,carbonscaler_price_tiebreak,texas,4,0,301.0,20.06,14.8483
optionA_tie_0.10,carbonscaler_price_tiebreak,texas,5,0,296.0,29.3968,51.5483
optionA_tie_0.10,carbonscaler_price_tiebreak,texas,6,0,316.0,43.8936,31.8114
optionA_tie_0.10,carbonscaler_price_tiebreak,texas,7,0,308.0,62.7105,45.1646
optionA_tie_0.10,carbonscaler_price_tiebreak,texas,8,0,296.0,54.451,60.3267
optionA_tie_0.10,carbonscaler_price_tiebreak,texas,9,0,288.0,38.887,43.8311
optionA_tie_0.10,carbonscaler_price_tiebreak,texas,10,0,298.0,27.1267,31.5591
optionA_tie_0.10,carbonscaler_price_tiebreak,texas,11,0,338.0,28.9764,30.0482
optionA_tie_0.10,carbonscaler_price_tiebreak,texas,12,0,355.0,38.0115,29.9228
optionA_tie_0.10,carbonscaler_price_tiebreak,texas,13,0,291.0,29.9031,38.8508
optionA_tie_0.10,carbonscaler_price_tiebreak,texas,14,0,212.0,33.1116,32.2559
optionA_tie_0.10,carbonscaler_price_tiebreak,texas,15,0,206.0,41.568,16.529
optionA_tie_0.10,carbonscaler_price_tiebreak,texas,16,0,210.0,45.7167,25.4052
optionA_tie_0.10,carbonscaler_price_tiebreak,texas,17,0,221.0,78.5971,82.9235
optionA_tie_0.10,carbonscaler_price_tiebreak,texas,18,0,244.0,101.4019,117.31
optionA_tie_0.10,carbonscaler_price_tiebreak,texas,19,0,262.0,103.407,103.1499
optionA_tie_0.10,carbonscaler_price_tiebreak,texas,20,0,273.0,66.1658,63.0775
optionA_tie_0.10,carbonscaler_price_tiebreak,texas,21,0,285.0,57.144,46.6209
optionA_tie_0.10,carbonscaler_price_tiebreak,texas,22,0,317.0,45.2341,44.1106
optionA_tie_0.10,carbonscaler_price_tiebreak,texas,23,0,396.0,36.8464,27.4255
optionA_tie_0.10,carbonscaler_price_tiebreak,texas,24,0,478.0,32.591,36.2471
optionA_tie_0.10,carbonscaler_price_tiebreak,texas,25,0,490.0,32.1319,50.6746
optionA_tie_0.10,carbonscaler_price_tiebreak,texas,26,0,499.0,31.3126,26.8969
optionA_tie_0.10,carbonscaler_price_tiebreak,texas,27,0,501.0,32.5465,25.013
optionA_tie_0.10,carbonscaler_price_tiebreak,texas,28,0,488.0,37.1626,45.4781
optionA_tie_0.10,carbonscaler_price_tiebreak,texas,29,0,480.0,39.1023,54.8141
optionA_tie_0.10,carbonscaler_price_tiebreak,texas,30,0,473.0,85.3805,100.8457
optionA_tie_0.10,carbonscaler_price_tiebreak,texas,31,0,468.0,72.0049,72.4015
optionA_tie_0.10,carbonscaler_price_tiebreak,texas,32,0,474.0,54.2857,58.8232
optionA_tie_0.10,carbonscaler_price_tiebreak,texas,33,0,482.0,32.528,38.5596
optionA_tie_0.10,carbonscaler_price_tiebreak,texas,34,0,484.0,27.67,12.9177
optionA_tie_0.10,carbonscaler_price_tiebreak,texas,35,0,477.0,20.791,6.3943
optionA_tie_0.10,carbonscaler_price_tiebreak,texas,36,0,476.0,25.4165,35.1304
optionA_tie_0.10,carbonscaler_price_tiebreak,texas,37,0,412.0,24.4097,49.4509
optionA_tie_0.10,carbonscaler_price_tiebreak,texas,38,0,326.0,27.614,23.2625
optionA_tie_0.10,carbonscaler_price_tiebreak,texas,39,0,252.0,42.2607,50.5134
optionA_tie_0.10,carbonscaler_price_tiebreak,texas,40,0,235.0,54.7619,38.9519
optionA_tie_0.10,carbonscaler_price_tiebreak,texas,41,0,247.0,80.7979,83.5923
optionA_tie_0.10,carbonscaler_price_tiebreak,texas,42,0,258.0,107.434,126.0267
optionA_tie_0.10,carbonscaler_price_tiebreak,texas,43,0,264.0,103.5981,103.2799
optionA_tie_0.10,carbonscaler_price_tiebreak,texas,44,0,258.0,72.0962,77.7264
optionA_tie_0.10,carbonscaler_price_tiebreak,texas,45,0,253.0,48.587,30.7592
optionA_tie_0.10,carbonscaler_price_tiebreak,texas,46,0,255.0,44.4117,57.8934
optionA_tie_0.10,carbonscaler_price_tiebreak,texas,47,0,314.0,38.6266,26.3231
optionA_tie_0.10,carbonscaler_price_tiebreak,texas,48,0,392.0,32.0924,28.8717
optionA_tie_0.10,carbonscaler_price_tiebreak,texas,49,0,385.0,28.8055,26.071
optionA_tie_0.10,carbonscaler_price_tiebreak,texas,50,0,365.0,33.5914,35.4776
optionA_tie_0.10,carbonscaler_price_tiebreak,texas,51,0,353.0,32.3168,50.0175
optionA_tie_0.10,carbonscaler_price_tiebreak,texas,52,0,329.0,33.1141,13.8613
optionA_tie_0.10,carbonscaler_price_tiebreak,texas,53,0,316.0,42.9691,1.7233
optionA_tie_0.10,carbonscaler_price_tiebreak,texas,54,0,313.0,88.436,76.0777
optionA_tie_0.10,carbonscaler_price_tiebreak,texas,55,0,310.0,78.5756,57.0641
optionA_tie_0.10,carbonscaler_price_tiebreak,texas,56,0,304.0,53.6439,42.7179
optionA_tie_0.10,carbonscaler_price_tiebreak,texas,57,0,302.0,49.4488,32.4688
optionA_tie_0.10,carbonscaler_price_tiebreak,texas,58,0,314.0,44.3883,36.629
optionA_tie_0.10,carbonscaler_price_tiebreak,texas,59,0,329.0,37.6079,38.8651
optionA_tie_0.10,carbonscaler_price_tiebreak,texas,60,0,331.0,38.3759,19.3692
optionA_tie_0.10,carbonscaler_price_tiebreak,texas,61,0,280.0,33.4808,34.7665
optionA_tie_0.10,carbonscaler_price_tiebreak,texas,62,0,217.0,36.7459,51.8435
optionA_tie_0.10,carbonscaler_price_tiebreak,texas,63,0,200.0,43.8455,48.4703
optionA_tie_0.10,carbonscaler_price_tiebreak,texas,64,0,195.0,66.6336,71.2876
optionA_tie_0.10,carbonscaler_price_tiebreak,texas,65,0,196.0,77.8332,74.0469
optionA_tie_0.10,carbonscaler_price_tiebreak,texas,66,0,199.0,88.0436,74.759
optionA_tie_0.10,carbonscaler_price_tiebreak,texas,67,0,189.0,74.654,69.5679
optionA_tie_0.10,carbonscaler_price_tiebreak,texas,68,0,195.0,59.6448,52.51
optionA_tie_0.10,carbonscaler_price_tiebreak,texas,69,0,205.0,42.9124,23.1283
optionA_tie_0.10,carbonscaler_price_tiebreak,texas,70,0,223.0,39.0859,51.1288
optionA_tie_0.10,carbonscaler_price_tiebreak,texas,71,0,270.0,33.9994,48.4275
optionA_tie_0.10,carbonscaler_price_tiebreak,texas,72,0,327.0,18.5248,12.2567
optionA_tie_0.10,carbonscaler_price_tiebreak,texas,73,0,337.0,14.984,13.8198
optionA_tie_0.10,carbonscaler_price_tiebreak,texas,74,0,334.0,22.1906,10.8001
optionA_tie_0.10,carbonscaler_price_tiebreak,texas,75,0,328.0,19.435,15.7472
optionA_tie_0.10,carbonscaler_price_tiebreak,texas,76,0,317.0,22.2038,21.4563
optionA_tie_0.10,carbonscaler_price_tiebreak,texas,77,0,308.0,24.7532,50.8865
optionA_tie_0.10,carbonscaler_price_tiebreak,texas,78,0,295.0,44.9286,55.3287
optionA_tie_0.10,carbonscaler_price_tiebreak,texas,79,0,288.0,44.1536,48.3785
optionA_tie_0.10,carbonscaler_price_tiebreak,texas,80,0,287.0,36.1665,43.6827
optionA_tie_0.10,carbonscaler_price_tiebreak,texas,81,0,286.0,25.3298,45.2417
optionA_tie_0.10,carbonscaler_price_tiebreak,texas,82,0,298.0,33.193,46.2954
optionA_tie_0.10,carbonscaler_price_tiebreak,texas,83,0,310.0,26.7276,44.2469
optionA_tie_0.10,carbonscaler_price_tiebreak,texas,84,0,310.0,33.9512,36.1223
optionA_tie_0.10,carbonscaler_price_tiebreak,texas,85,0,270.0,27.6064,28.8588
optionA_tie_0.10,carbonscaler_price_tiebreak,texas,86,0,202.0,32.4517,42.6745
optionA_tie_0.10,carbonscaler_price_tiebreak,texas,87,2,175.0,40.2416,32.6834
optionA_tie_0.10,carbonscaler_price_tiebreak,texas,88,2,172.0,53.0439,42.1723
optionA_tie_0.10,carbonscaler_price_tiebreak,texas,89,1,174.0,69.9053,85.9597
optionA_tie_0.10,carbonscaler_price_tiebreak,texas,90,0,182.0,74.5283,48.914
optionA_tie_0.10,carbonscaler_price_tiebreak,texas,91,0,178.0,71.9282,69.4357
optionA_tie_0.10,carbonscaler_price_tiebreak,texas,92,1,185.0,56.4093,34.4017
optionA_tie_0.10,carbonscaler_price_tiebreak,texas,93,1,194.0,41.7628,65.359
optionA_tie_0.10,carbonscaler_price_tiebreak,texas,94,0,203.0,34.5555,9.0625
optionA_tie_0.10,carbonscaler_price_tiebreak,texas,95,0,255.0,29.5876,30.7059
optionA_tie_0.10,carbonscaler_price_tiebreak,texas,96,0,318.0,15.8476,38.6492
optionA_tie_0.10,carbonscaler_price_tiebreak,texas,97,0,321.0,16.7486,15.6193
optionA_tie_0.10,carbonscaler_price_tiebreak,texas,98,0,320.0,20.1301,24.4951
optionA_tie_0.10,carbonscaler_price_tiebreak,texas,99,0,314.0,18.2408,22.7785
optionA_tie_0.10,carbonscaler_price_tiebreak,texas,100,0,296.0,23.1163,13.6666
optionA_tie_0.10,carbonscaler_price_tiebreak,texas,101,0,283.0,26.2878,23.1784
optionA_tie_0.10,carbonscaler_price_tiebreak,texas,102,0,278.0,56.0265,61.7002
optionA_tie_0.10,carbonscaler_price_tiebreak,texas,103,0,280.0,60.9573,49.7274
optionA_tie_0.10,carbonscaler_price_tiebreak,texas,104,0,288.0,45.9952,41.5203
optionA_tie_0.10,carbonscaler_price_tiebreak,texas,105,0,306.0,44.8534,39.8341
optionA_tie_0.10,carbonscaler_price_tiebreak,texas,106,0,317.0,37.8107,36.8132
optionA_tie_0.10,carbonscaler_price_tiebreak,texas,107,0,315.0,35.2101,32.7381
optionA_tie_0.10,carbonscaler_price_tiebreak,texas,108,0,304.0,33.1797,35.1742
optionA_tie_0.10,carbonscaler_price_tiebreak,texas,109,0,248.0,31.4548,24.6765
optionA_tie_0.10,carbonscaler_price_tiebreak,texas,110,1,184.0,38.305,46.8454
optionA_tie_0.10,carbonscaler_price_tiebreak,texas,111,2,174.0,44.6788,51.8874
optionA_tie_0.10,carbonscaler_price_tiebreak,texas,112,1,177.0,71.7543,79.6828
optionA_tie_0.10,carbonscaler_price_tiebreak,texas,113,0,196.0,79.5829,82.3547
optionA_tie_0.10,carbonscaler_price_tiebreak,texas,114,0,213.0,84.6147,97.1739
optionA_tie_0.10,carbonscaler_price_tiebreak,texas,115,0,226.0,90.7311,97.586
optionA_tie_0.10,carbonscaler_price_tiebreak,texas,116,0,248.0,72.6597,75.9426
optionA_tie_0.10,carbonscaler_price_tiebreak,texas,117,0,261.0,58.4517,48.183
optionA_tie_0.10,carbonscaler_price_tiebreak,texas,118,0,261.0,47.6005,21.6266
optionA_tie_0.10,carbonscaler_price_tiebreak,texas,119,0,298.0,35.7758,45.0111
optionA_tie_0.10,carbonscaler_price_tiebreak,texas,120,0,322.0,34.4184,3.1802
optionA_tie_0.10,carbonscaler_price_tiebreak,texas,121,0,323.0,26.6931,33.8542
optionA_tie_0.10,carbonscaler_price_tiebreak,texas,122,0,326.0,27.0471,39.854
optionA_tie_0.10,carbonscaler_price_tiebreak,texas,123,0,329.0,27.4566,35.9491
optionA_tie_0.10,carbonscaler_price_tiebreak,texas,124,0,336.0,27.0468,15.8623
optionA_tie_0.10,carbonscaler_price_tiebreak,texas,125,0,351.0,33.5566,33.7048
optionA_tie_0.10,carbonscaler_price_tiebreak,texas,126,0,372.0,52.3004,46.225
optionA_tie_0.10,carbonscaler_price_tiebreak,texas,127,0,403.0,41.1263,54.341
optionA_tie_0.10,carbonscaler_price_tiebreak,texas,128,0,410.0,40.5935,25.8551
optionA_tie_0.10,carbonscaler_price_tiebreak,texas,129,0,428.0,34.9955,29.5548
optionA_tie_0.10,carbonscaler_price_tiebreak,texas,130,0,458.0,34.4782,17.3617
optionA_tie_0.10,carbonscaler_price_tiebreak,texas,131,0,459.0,35.3146,34.5319
optionA_tie_0.10,carbonscaler_price_tiebreak,texas,132,0,460.0,30.2066,21.6721
optionA_tie_0.10,carbonscaler_price_tiebreak,texas,133,0,446.0,32.2738,10.2045
optionA_tie_0.10,carbonscaler_price_tiebreak,texas,134,0,422.0,37.2785,55.1661
optionA_tie_0.10,carbonscaler_price_tiebreak,texas,135,0,391.0,39.925,41.3759
optionA_tie_0.10,carbonscaler_price_tiebreak,texas,136,0,330.0,48.562,43.6064
optionA_tie_0.10,carbonscaler_price_tiebreak,texas,137,0,286.0,69.0366,69.9293
optionA_tie_0.10,carbonscaler_price_tiebreak,texas,138,0,268.0,83.8074,97.6167
optionA_tie_0.10,carbonscaler_price_tiebreak,texas,139,0,271.0,86.8532,74.6391
optionA_tie_0.10,carbonscaler_price_tiebreak,texas,140,0,272.0,63.0653,47.1049
optionA_tie_0.10,carbonscaler_price_tiebreak,texas,141,0,268.0,42.7586,58.1839
optionA_tie_0.10,carbonscaler_price_tiebreak,texas,142,0,288.0,37.4293,26.3516
optionA_tie_0.10,carbonscaler_price_tiebreak,texas,143,0,350.0,32.009,38.8331
optionA_tie_0.10,carbonscaler_price_tiebreak,texas,144,0,430.0,24.7798,32.6589
optionA_tie_0.10,carbonscaler_price_tiebreak,texas,145,0,433.0,21.8683,2.6208
optionA_tie_0.10,carbonscaler_price_tiebreak,texas,146,0,397.0,22.2148,36.13
optionA_tie_0.10,carbonscaler_price_tiebreak,texas,147,0,351.0,18.3983,23.1044
optionA_tie_0.10,carbonscaler_price_tiebreak,texas,148,0,328.0,32.3717,29.3217
optionA_tie_0.10,carbonscaler_price_tiebreak,texas,149,0,306.0,34.6748,39.3135
optionA_tie_0.10,carbonscaler_price_tiebreak,texas,150,0,296.0,42.6753,35.151
optionA_tie_0.10,carbonscaler_price_tiebreak,texas,151,0,284.0,38.7331,28.6715
optionA_tie_0.10,carbonscaler_price_tiebreak,texas,152,0,273.0,29.6649,11.5294
optionA_tie_0.10,carbonscaler_price_tiebreak,texas,153,0,282.0,31.2479,35.5552
optionA_tie_0.10,carbonscaler_price_tiebreak,texas,154,0,284.0,25.1636,23.4749
optionA_tie_0.10,carbonscaler_price_tiebreak,texas,155,0,286.0,29.8553,16.953
optionA_tie_0.10,carbonscaler_price_tiebreak,texas,156,0,281.0,23.7051,27.1849
optionA_tie_0.10,carbonscaler_price_tiebreak,texas,157,0,229.0,18.5874,29.3418
optionA_tie_0.10,carbonscaler_price_tiebreak,texas,158,1,195.0,22.3155,29.4613
optionA_tie_0.10,carbonscaler_price_tiebreak,texas,159,2,176.0,33.9523,38.8842
optionA_tie_0.10,carbonscaler_price_tiebreak,texas,160,2,166.0,49.2018,37.4999
optionA_tie_0.10,carbonscaler_price_tiebreak,texas,161,1,161.0,70.3761,84.3554
optionA_tie_0.10,carbonscaler_price_tiebreak,texas,162,1,160.0,82.5323,315.8753
optionA_tie_0.10,carbonscaler_price_tiebreak,texas,163,2,156.0,77.9932,55.3274
optionA_tie_0.10,carbonscaler_price_tiebreak,texas,164,2,152.0,56.4896,65.504
optionA_tie_0.10,carbonscaler_price_tiebreak,texas,165,2,157.0,40.4494,40.6216
optionA_tie_0.10,carbonscaler_price_tiebreak,texas,166,2,172.0,35.5752,57.7525
optionA_tie_0.10,carbonscaler_price_tiebreak,texas,167,0,225.0,34.5751,21.7347
optionA_tie_0.20,carbonscaler_price_tiebreak,texas,0,0,328.0,19.2775,17.8248
optionA_tie_0.20,carbonscaler_price_tiebreak,texas,1,0,334.0,16.6164,15.7787
optionA_tie_0.20,carbonscaler_price_tiebreak,texas,2,0,335.0,20.7381,1.8708
optionA_tie_0.20,carbonscaler_price_tiebreak,texas,3,0,317.0,23.2364,28.2329
optionA_tie_0.20,carbonscaler_price_tiebreak,texas,4,0,301.0,20.06,14.8483
optionA_tie_0.20,carbonscaler_price_tiebreak,texas,5,0,296.0,29.3968,51.5483
optionA_tie_0.20,carbonscaler_price_tiebreak,texas,6,0,316.0,43.8936,31.8114
optionA_tie_0.20,carbonscaler_price_tiebreak,texas,7,0,308.0,62.7105,45.1646
optionA_tie_0.20,carbonscaler_price_tiebreak,texas,8,0,296.0,54.451,60.3267
optionA_tie_0.20,carbonscaler_price_tiebreak,texas,9,0,288.0,38.887,43.8311
optionA_tie_0.20,carbonscaler_price_tiebreak,texas,10,0,298.0,27.1267,31.5591
optionA_tie_0.20,carbonscaler_price_tiebreak,texas,11,0,338.0,28.9764,30.0482
optionA_tie_0.20,carbonscaler_price_tiebreak,texas,12,0,355.0,38.0115,29.9228
optionA_tie_0.20,carbonscaler_price_tiebreak,texas,13,0,291.0,29.9031,38.8508
optionA_tie_0.20,carbonscaler_price_tiebreak,texas,14,0,212.0,33.1116,32.2559
optionA_tie_0.20,carbonscaler_price_tiebreak,texas,15,0,206.0,41.568,16.529
optionA_tie_0.20,carbonscaler_price_tiebreak,texas,16,0,210.0,45.7167,25.4052
optionA_tie_0.20,carbonscaler_price_tiebreak,texas,17,0,221.0,78.5971,82.9235
optionA_tie_0.20,carbonscaler_price_tiebreak,texas,18,0,244.0,101.4019,117.31
optionA_tie_0.20,carbonscaler_price_tiebreak,texas,19,0,262.0,103.407,103.1499
optionA_tie_0.20,carbonscaler_price_tiebreak,texas,20,0,273.0,66.1658,63.0775
optionA_tie_0.20,carbonscaler_price_tiebreak,texas,21,0,285.0,57.144,46.6209
optionA_tie_0.20,carbonscaler_price_tiebreak,texas,22,0,317.0,45.2341,44.1106
optionA_tie_0.20,carbonscaler_price_tiebreak,texas,23,0,396.0,36.8464,27.4255
optionA_tie_0.20,carbonscaler_price_tiebreak,texas,24,0,478.0,32.591,36.2471
optionA_tie_0.20,carbonscaler_price_tiebreak,texas,25,0,490.0,32.1319,50.6746
optionA_tie_0.20,carbonscaler_price_tiebreak,texas,26,0,499.0,31.3126,26.8969
optionA_tie_0.20,carbonscaler_price_tiebreak,texas,27,0,501.0,32.5465,25.013
optionA_tie_0.20,carbonscaler_price_tiebreak,texas,28,0,488.0,37.1626,45.4781
optionA_tie_0.20,carbonscaler_price_tiebreak,texas,29,0,480.0,39.1023,54.8141
optionA_tie_0.20,carbonscaler_price_tiebreak,texas,30,0,473.0,85.3805,100.8457
optionA_tie_0.20,carbonscaler_price_tiebreak,texas,31,0,468.0,72.0049,72.4015
optionA_tie_0.20,carbonscaler_price_tiebreak,texas,32,0,474.0,54.2857,58.8232
optionA_tie_0.20,carbonscaler_price_tiebreak,texas,33,0,482.0,32.528,38.5596
optionA_tie_0.20,carbonscaler_price_tiebreak,texas,34,0,484.0,27.67,12.9177
optionA_tie_0.20,carbonscaler_price_tiebreak,texas,35,0,477.0,20.791,6.3943
optionA_tie_0.20,carbonscaler_price_tiebreak,texas,36,0,476.0,25.4165,35.1304
optionA_tie_0.20,carbonscaler_price_tiebreak,texas,37,0,412.0,24.4097,49.4509
optionA_tie_0.20,carbonscaler_price_tiebreak,texas,38,0,326.0,27.614,23.2625
optionA_tie_0.20,carbonscaler_price_tiebreak,texas,39,0,252.0,42.2607,50.5134
optionA_tie_0.20,carbonscaler_price_tiebreak,texas,40,0,235.0,54.7619,38.9519
optionA_tie_0.20,carbonscaler_price_tiebreak,texas,41,0,247.0,80.7979,83.5923
optionA_tie_0.20,carbonscaler_price_tiebreak,texas,42,0,258.0,107.434,126.0267
optionA_tie_0.20,carbonscaler_price_tiebreak,texas,43,0,264.0,103.5981,103.2799
optionA_tie_0.20,carbonscaler_price_tiebreak,texas,44,0,258.0,72.0962,77.7264
optionA_tie_0.20,carbonscaler_price_tiebreak,texas,45,0,253.0,48.587,30.7592
optionA_tie_0.20,carbonscaler_price_tiebreak,texas,46,0,255.0,44.4117,57.8934
optionA_tie_0.20,carbonscaler_price_tiebreak,texas,47,0,314.0,38.6266,26.3231
optionA_tie_0.20,carbonscaler_price_tiebreak,texas,48,0,392.0,32.0924,28.8717
optionA_tie_0.20,carbonscaler_price_tiebreak,texas,49,0,385.0,28.8055,26.071
optionA_tie_0.20,carbonscaler_price_tiebreak,texas,50,0,365.0,33.5914,35.4776
optionA_tie_0.20,carbonscaler_price_tiebreak,texas,51,0,353.0,32.3168,50.0175
optionA_tie_0.20,carbonscaler_price_tiebreak,texas,52,0,329.0,33.1141,13.8613
optionA_tie_0.20,carbonscaler_price_tiebreak,texas,53,0,316.0,42.9691,1.7233
optionA_tie_0.20,carbonscaler_price_tiebreak,texas,54,0,313.0,88.436,76.0777
optionA_tie_0.20,carbonscaler_price_tiebreak,texas,55,0,310.0,78.5756,57.0641
optionA_tie_0.20,carbonscaler_price_tiebreak,texas,56,0,304.0,53.6439,42.7179
optionA_tie_0.20,carbonscaler_price_tiebreak,texas,57,0,302.0,49.4488,32.4688
optionA_tie_0.20,carbonscaler_price_tiebreak,texas,58,0,314.0,44.3883,36.629
optionA_tie_0.20,carbonscaler_price_tiebreak,texas,59,0,329.0,37.6079,38.8651
optionA_tie_0.20,carbonscaler_price_tiebreak,texas,60,0,331.0,38.3759,19.3692
optionA_tie_0.20,carbonscaler_price_tiebreak,texas,61,0,280.0,33.4808,34.7665
optionA_tie_0.20,carbonscaler_price_tiebreak,texas,62,0,217.0,36.7459,51.8435
optionA_tie_0.20,carbonscaler_price_tiebreak,texas,63,0,200.0,43.8455,48.4703
optionA_tie_0.20,carbonscaler_price_tiebreak,texas,64,0,195.0,66.6336,71.2876
optionA_tie_0.20,carbonscaler_price_tiebreak,texas,65,0,196.0,77.8332,74.0469
optionA_tie_0.20,carbonscaler_price_tiebreak,texas,66,0,199.0,88.0436,74.759
optionA_tie_0.20,carbonscaler_price_tiebreak,texas,67,1,189.0,74.654,69.5679
optionA_tie_0.20,carbonscaler_price_tiebreak,texas,68,0,195.0,59.6448,52.51
optionA_tie_0.20,carbonscaler_price_tiebreak,texas,69,0,205.0,42.9124,23.1283
optionA_tie_0.20,carbonscaler_price_tiebreak,texas,70,0,223.0,39.0859,51.1288
optionA_tie_0.20,carbonscaler_price_tiebreak,texas,71,0,270.0,33.9994,48.4275
optionA_tie_0.20,carbonscaler_price_tiebreak,texas,72,0,327.0,18.5248,12.2567
optionA_tie_0.20,carbonscaler_price_tiebreak,texas,73,0,337.0,14.984,13.8198
optionA_tie_0.20,carbonscaler_price_tiebreak,texas,74,0,334.0,22.1906,10.8001
optionA_tie_0.20,carbonscaler_price_tiebreak,texas,75,0,328.0,19.435,15.7472
optionA_tie_0.20,carbonscaler_price_tiebreak,texas,76,0,317.0,22.2038,21.4563
optionA_tie_0.20,carbonscaler_price_tiebreak,texas,77,0,308.0,24.7532,50.8865
optionA_tie_0.20,carbonscaler_price_tiebreak,texas,78,0,295.0,44.9286,55.3287
optionA_tie_0.20,carbonscaler_price_tiebreak,texas,79,0,288.0,44.1536,48.3785
optionA_tie_0.20,carbonscaler_price_tiebreak,texas,80,0,287.0,36.1665,43.6827
optionA_tie_0.20,carbonscaler_price_tiebreak,texas,81,0,286.0,25.3298,45.2417
optionA_tie_0.20,carbonscaler_price_tiebreak,texas,82,0,298.0,33.193,46.2954
optionA_tie_0.20,carbonscaler_price_tiebreak,texas,83,0,310.0,26.7276,44.2469
optionA_tie_0.20,carbonscaler_price_tiebreak,texas,84,0,310.0,33.9512,36.1223
optionA_tie_0.20,carbonscaler_price_tiebreak,texas,85,0,270.0,27.6064,28.8588
optionA_tie_0.20,carbonscaler_price_tiebreak,texas,86,0,202.0,32.4517,42.6745
optionA_tie_0.20,carbonscaler_price_tiebreak,texas,87,1,175.0,40.2416,32.6834
optionA_tie_0.20,carbonscaler_price_tiebreak,texas,88,2,172.0,53.0439,42.1723
optionA_tie_0.20,carbonscaler_price_tiebreak,texas,89,2,174.0,69.9053,85.9597
optionA_tie_0.20,carbonscaler_price_tiebreak,texas,90,1,182.0,74.5283,48.914
optionA_tie_0.20,carbonscaler_price_tiebreak,texas,91,1,178.0,71.9282,69.4357
optionA_tie_0.20,carbonscaler_price_tiebreak,texas,92,1,185.0,56.4093,34.4017
optionA_tie_0.20,carbonscaler_price_tiebreak,texas,93,1,194.0,41.7628,65.359
optionA_tie_0.20,carbonscaler_price_tiebreak,texas,94,0,203.0,34.5555,9.0625
optionA_tie_0.20,carbonscaler_price_tiebreak,texas,95,0,255.0,29.5876,30.7059
optionA_tie_0.20,carbonscaler_price_tiebreak,texas,96,0,318.0,15.8476,38.6492
optionA_tie_0.20,carbonscaler_price_tiebreak,texas,97,0,321.0,16.7486,15.6193
optionA_tie_0.20,carbonscaler_price_tiebreak,texas,98,0,320.0,20.1301,24.4951
optionA_tie_0.20,carbonscaler_price_tiebreak,texas,99,0,314.0,18.2408,22.7785
optionA_tie_0.20,carbonscaler_price_tiebreak,texas,100,0,296.0,23.1163,13.6666
optionA_tie_0.20,carbonscaler_price_tiebreak,texas,101,0,283.0,26.2878,23.1784
optionA_tie_0.20,carbonscaler_price_tiebreak,texas,102,0,278.0,56.0265,61.7002
optionA_tie_0.20,carbonscaler_price_tiebreak,texas,103,0,280.0,60.9573,49.7274
optionA_tie_0.20,carbonscaler_price_tiebreak,texas,104,0,288.0,45.9952,41.5203
optionA_tie_0.20,carbonscaler_price_tiebreak,texas,105,0,306.0,44.8534,39.8341
optionA_tie_0.20,carbonscaler_price_tiebreak,texas,106,0,317.0,37.8107,36.8132
optionA_tie_0.20,carbonscaler_price_tiebreak,texas,107,0,315.0,35.2101,32.7381
optionA_tie_0.20,carbonscaler_price_tiebreak,texas,108,0,304.0,33.1797,35.1742
optionA_tie_0.20,carbonscaler_price_tiebreak,texas,109,0,248.0,31.4548,24.6765
optionA_tie_0.20,carbonscaler_price_tiebreak,texas,110,1,184.0,38.305,46.8454
optionA_tie_0.20,carbonscaler_price_tiebreak,texas,111,2,174.0,44.6788,51.8874
optionA_tie_0.20,carbonscaler_price_tiebreak,texas,112,1,177.0,71.7543,79.6828
optionA_tie_0.20,carbonscaler_price_tiebreak,texas,113,0,196.0,79.5829,82.3547
optionA_tie_0.20,carbonscaler_price_tiebreak,texas,114,0,213.0,84.6147,97.1739
optionA_tie_0.20,carbonscaler_price_tiebreak,texas,115,0,226.0,90.7311,97.586
optionA_tie_0.20,carbonscaler_price_tiebreak,texas,116,0,248.0,72.6597,75.9426
optionA_tie_0.20,carbonscaler_price_tiebreak,texas,117,0,261.0,58.4517,48.183
optionA_tie_0.20,carbonscaler_price_tiebreak,texas,118,0,261.0,47.6005,21.6266
optionA_tie_0.20,carbonscaler_price_tiebreak,texas,119,0,298.0,35.7758,45.0111
optionA_tie_0.20,carbonscaler_price_tiebreak,texas,120,0,322.0,34.4184,3.1802
optionA_tie_0.20,carbonscaler_price_tiebreak,texas,121,0,323.0,26.6931,33.8542
optionA_tie_0.20,carbonscaler_price_tiebreak,texas,122,0,326.0,27.0471,39.854
optionA_tie_0.20,carbonscaler_price_tiebreak,texas,123,0,329.0,27.4566,35.9491
optionA_tie_0.20,carbonscaler_price_tiebreak,texas,124,0,336.0,27.0468,15.8623
optionA_tie_0.20,carbonscaler_price_tiebreak,texas,125,0,351.0,33.5566,33.7048
optionA_tie_0.20,carbonscaler_price_tiebreak,texas,126,0,372.0,52.3004,46.225
optionA_tie_0.20,carbonscaler_price_tiebreak,texas,127,0,403.0,41.1263,54.341
optionA_tie_0.20,carbonscaler_price_tiebreak,texas,128,0,410.0,40.5935,25.8551
optionA_tie_0.20,carbonscaler_price_tiebreak,texas,129,0,428.0,34.9955,29.5548
optionA_tie_0.20,carbonscaler_price_tiebreak,texas,130,0,458.0,34.4782,17.3617
optionA_tie_0.20,carbonscaler_price_tiebreak,texas,131,0,459.0,35.3146,34.5319
optionA_tie_0.20,carbonscaler_price_tiebreak,texas,132,0,460.0,30.2066,21.6721
optionA_tie_0.20,carbonscaler_price_tiebreak,texas,133,0,446.0,32.2738,10.2045
optionA_tie_0.20,carbonscaler_price_tiebreak,texas,134,0,422.0,37.2785,55.1661
optionA_tie_0.20,carbonscaler_price_tiebreak,texas,135,0,391.0,39.925,41.3759
optionA_tie_0.20,carbonscaler_price_tiebreak,texas,136,0,330.0,48.562,43.6064
optionA_tie_0.20,carbonscaler_price_tiebreak,texas,137,0,286.0,69.0366,69.9293
optionA_tie_0.20,carbonscaler_price_tiebreak,texas,138,0,268.0,83.8074,97.6167
optionA_tie_0.20,carbonscaler_price_tiebreak,texas,139,0,271.0,86.8532,74.6391
optionA_tie_0.20,carbonscaler_price_tiebreak,texas,140,0,272.0,63.0653,47.1049
optionA_tie_0.20,carbonscaler_price_tiebreak,texas,141,0,268.0,42.7586,58.1839
optionA_tie_0.20,carbonscaler_price_tiebreak,texas,142,0,288.0,37.4293,26.3516
optionA_tie_0.20,carbonscaler_price_tiebreak,texas,143,0,350.0,32.009,38.8331
optionA_tie_0.20,carbonscaler_price_tiebreak,texas,144,0,430.0,24.7798,32.6589
optionA_tie_0.20,carbonscaler_price_tiebreak,texas,145,0,433.0,21.8683,2.6208
optionA_tie_0.20,carbonscaler_price_tiebreak,texas,146,0,397.0,22.2148,36.13
optionA_tie_0.20,carbonscaler_price_tiebreak,texas,147,0,351.0,18.3983,23.1044
optionA_tie_0.20,carbonscaler_price_tiebreak,texas,148,0,328.0,32.3717,29.3217
optionA_tie_0.20,carbonscaler_price_tiebreak,texas,149,0,306.0,34.6748,39.3135
optionA_tie_0.20,carbonscaler_price_tiebreak,texas,150,0,296.0,42.6753,35.151
optionA_tie_0.20,carbonscaler_price_tiebreak,texas,151,0,284.0,38.7331,28.6715
optionA_tie_0.20,carbonscaler_price_tiebreak,texas,152,0,273.0,29.6649,11.5294
optionA_tie_0.20,carbonscaler_price_tiebreak,texas,153,0,282.0,31.2479,35.5552
optionA_tie_0.20,carbonscaler_price_tiebreak,texas,154,0,284.0,25.1636,23.4749
optionA_tie_0.20,carbonscaler_price_tiebreak,texas,155,0,286.0,29.8553,16.953
optionA_tie_0.20,carbonscaler_price_tiebreak,texas,156,0,281.0,23.7051,27.1849
optionA_tie_0.20,carbonscaler_price_tiebreak,texas,157,0,229.0,18.5874,29.3418
optionA_tie_0.20,carbonscaler_price_tiebreak,texas,158,0,195.0,22.3155,29.4613
optionA_tie_0.20,carbonscaler_price_tiebreak,texas,159,1,176.0,33.9523,38.8842
optionA_tie_0.20,carbonscaler_price_tiebreak,texas,160,2,166.0,49.2018,37.4999
optionA_tie_0.20,carbonscaler_price_tiebreak,texas,161,2,161.0,70.3761,84.3554
optionA_tie_0.20,carbonscaler_price_tiebreak,texas,162,0,160.0,82.5323,315.8753
optionA_tie_0.20,carbonscaler_price_tiebreak,texas,163,1,156.0,77.9932,55.3274
optionA_tie_0.20,carbonscaler_price_tiebreak,texas,164,2,152.0,56.4896,65.504
optionA_tie_0.20,carbonscaler_price_tiebreak,texas,165,2,157.0,40.4494,40.6216
optionA_tie_0.20,carbonscaler_price_tiebreak,texas,166,2,172.0,35.5752,57.7525
optionA_tie_0.20,carbonscaler_price_tiebreak,texas,167,0,225.0,34.5751,21.7347
optionB_budget0.80_beta0.01_gamma0.50,carbonscaler_budget,texas,0,0,328.0,19.2775,17.8248
optionB_budget0.80_beta0.01_gamma0.50,carbonscaler_budget,texas,1,0,334.0,16.6164,15.7787
optionB_budget0.80_beta0.01_gamma0.50,carbonscaler_budget,texas,2,0,335.0,20.7381,1.8708
optionB_budget0.80_beta0.01_gamma0.50,carbonscaler_budget,texas,3,0,317.0,23.2364,28.2329
optionB_budget0.80_beta0.01_gamma0.50,carbonscaler_budget,texas,4,0,301.0,20.06,14.8483
optionB_budget0.80_beta0.01_gamma0.50,carbonscaler_budget,texas,5,0,296.0,29.3968,51.5483
optionB_budget0.80_beta0.01_gamma0.50,carbonscaler_budget,texas,6,0,316.0,43.8936,31.8114
optionB_budget0.80_beta0.01_gamma0.50,carbonscaler_budget,texas,7,0,308.0,62.7105,45.1646
optionB_budget0.80_beta0.01_gamma0.50,carbonscaler_budget,texas,8,0,296.0,54.451,60.3267
optionB_budget0.80_beta0.01_gamma0.50,carbonscaler_budget,texas,9,0,288.0,38.887,43.8311
optionB_budget0.80_beta0.01_gamma0.50,carbonscaler_budget,texas,10,0,298.0,27.1267,31.5591
optionB_budget0.80_beta0.01_gamma0.50,carbonscaler_budget,texas,11,0,338.0,28.9764,30.0482
optionB_budget0.80_beta0.01_gamma0.50,carbonscaler_budget,texas,12,0,355.0,38.0115,29.9228
optionB_budget0.80_beta0.01_gamma0.50,carbonscaler_budget,texas,13,0,291.0,29.9031,38.8508
optionB_budget0.80_beta0.01_gamma0.50,carbonscaler_budget,texas,14,0,212.0,33.1116,32.2559
optionB_budget0.80_beta0.01_gamma0.50,carbonscaler_budget,texas,15,0,206.0,41.568,16.529
optionB_budget0.80_beta0.01_gamma0.50,carbonscaler_budget,texas,16,0,210.0,45.7167,25.4052
optionB_budget0.80_beta0.01_gamma0.50,carbonscaler_budget,texas,17,0,221.0,78.5971,82.9235
optionB_budget0.80_beta0.01_gamma0.50,carbonscaler_budget,texas,18,0,244.0,101.4019,117.31
optionB_budget0.80_beta0.01_gamma0.50,carbonscaler_budget,texas,19,0,262.0,103.407,103.1499
optionB_budget0.80_beta0.01_gamma0.50,carbonscaler_budget,texas,20,0,273.0,66.1658,63.0775
optionB_budget0.80_beta0.01_gamma0.50,carbonscaler_budget,texas,21,0,285.0,57.144,46.6209
optionB_budget0.80_beta0.01_gamma0.50,carbonscaler_budget,texas,22,0,317.0,45.2341,44.1106
optionB_budget0.80_beta0.01_gamma0.50,carbonscaler_budget,texas,23,0,396.0,36.8464,27.4255
optionB_budget0.80_beta0.01_gamma0.50,carbonscaler_budget,texas,24,0,478.0,32.591,36.2471
optionB_budget0.80_beta0.01_gamma0.50,carbonscaler_budget,texas,25,0,490.0,32.1319,50.6746
optionB_budget0.80_beta0.01_gamma0.50,carbonscaler_budget,texas,26,0,499.0,31.3126,26.8969
optionB_budget0.80_beta0.01_gamma0.50,carbonscaler_budget,texas,27,0,501.0,32.5465,25.013
optionB_budget0.80_beta0.01_gamma0.50,carbonscaler_budget,texas,28,0,488.0,37.1626,45.4781
optionB_budget0.80_beta0.01_gamma0.50,carbonscaler_budget,texas,29,0,480.0,39.1023,54.8141
optionB_budget0.80_beta0.01_gamma0.50,carbonscaler_budget,texas,30,0,473.0,85.3805,100.8457
optionB_budget0.80_beta0.01_gamma0.50,carbonscaler_budget,texas,31,0,468.0,72.0049,72.4015
optionB_budget0.80_beta0.01_gamma0.50,carbonscaler_budget,texas,32,0,474.0,54.2857,58.8232
optionB_budget0.80_beta0.01_gamma0.50,carbonscaler_budget,texas,33,0,482.0,32.528,38.5596
optionB_budget0.80_beta0.01_gamma0.50,carbonscaler_budget,texas,34,0,484.0,27.67,12.9177
optionB_budget0.80_beta0.01_gamma0.50,carbonscaler_budget,texas,35,0,477.0,20.791,6.3943
optionB_budget0.80_beta0.01_gamma0.50,carbonscaler_budget,texas,36,0,476.0,25.4165,35.1304
optionB_budget0.80_beta0.01_gamma0.50,carbonscaler_budget,texas,37,0,412.0,24.4097,49.4509
optionB_budget0.80_beta0.01_gamma0.50,carbonscaler_budget,texas,38,0,326.0,27.614,23.2625
optionB_budget0.80_beta0.01_gamma0.50,carbonscaler_budget,texas,39,0,252.0,42.2607,50.5134
optionB_budget0.80_beta0.01_gamma0.50,carbonscaler_budget,texas,40,0,235.0,54.7619,38.9519
optionB_budget0.80_beta0.01_gamma0.50,carbonscaler_budget,texas,41,0,247.0,80.7979,83.5923
optionB_budget0.80_beta0.01_gamma0.50,carbonscaler_budget,texas,42,0,258.0,107.434,126.0267
optionB_budget0.80_beta0.01_gamma0.50,carbonscaler_budget,texas,43,0,264.0,103.5981,103.2799
optionB_budget0.80_beta0.01_gamma0.50,carbonscaler_budget,texas,44,0,258.0,72.0962,77.7264
optionB_budget0.80_beta0.01_gamma0.50,carbonscaler_budget,texas,45,0,253.0,48.587,30.7592
optionB_budget0.80_beta0.01_gamma0.50,carbonscaler_budget,texas,46,0,255.0,44.4117,57.8934
optionB_budget0.80_beta0.01_gamma0.50,carbonscaler_budget,texas,47,0,314.0,38.6266,26.3231
optionB_budget0.80_beta0.01_gamma0.50,carbonscaler_budget,texas,48,0,392.0,32.0924,28.8717
optionB_budget0.80_beta0.01_gamma0.50,carbonscaler_budget,texas,49,0,385.0,28.8055,26.071
optionB_budget0.80_beta0.01_gamma0.50,carbonscaler_budget,texas,50,0,365.0,33.5914,35.4776
optionB_budget0.80_beta0.01_gamma0.50,carbonscaler_budget,texas,51,0,353.0,32.3168,50.0175
optionB_budget0.80_beta0.01_gamma0.50,carbonscaler_budget,texas,52,0,329.0,33.1141,13.8613
optionB_budget0.80_beta0.01_gamma0.50,carbonscaler_budget,texas,53,0,316.0,42.9691,1.7233
optionB_budget0.80_beta0.01_gamma0.50,carbonscaler_budget,texas,54,0,313.0,88.436,76.0777
optionB_budget0.80_beta0.01_gamma0.50,carbonscaler_budget,texas,55,0,310.0,78.5756,57.0641
optionB_budget0.80_beta0.01_gamma0.50,carbonscaler_budget,texas,56,0,304.0,53.6439,42.7179
optionB_budget0.80_beta0.01_gamma0.50,carbonscaler_budget,texas,57,0,302.0,49.4488,32.4688
optionB_budget0.80_beta0.01_gamma0.50,carbonscaler_budget,texas,58,0,314.0,44.3883,36.629
optionB_budget0.80_beta0.01_gamma0.50,carbonscaler_budget,texas,59,0,329.0,37.6079,38.8651
optionB_budget0.80_beta0.01_gamma0.50,carbonscaler_budget,texas,60,0,331.0,38.3759,19.3692
optionB_budget0.80_beta0.01_gamma0.50,carbonscaler_budget,texas,61,0,280.0,33.4808,34.7665
optionB_budget0.80_beta0.01_gamma0.50,carbonscaler_budget,texas,62,0,217.0,36.7459,51.8435
optionB_budget0.80_beta0.01_gamma0.50,carbonscaler_budget,texas,63,0,200.0,43.8455,48.4703
optionB_budget0.80_beta0.01_gamma0.50,carbonscaler_budget,texas,64,0,195.0,66.6336,71.2876
optionB_budget0.80_beta0.01_gamma0.50,carbonscaler_budget,texas,65,0,196.0,77.8332,74.0469
optionB_budget0.80_beta0.01_gamma0.50,carbonscaler_budget,texas,66,0,199.0,88.0436,74.759
optionB_budget0.80_beta0.01_gamma0.50,carbonscaler_budget,texas,67,0,189.0,74.654,69.5679
optionB_budget0.80_beta0.01_gamma0.50,carbonscaler_budget,texas,68,0,195.0,59.6448,52.51
optionB_budget0.80_beta0.01_gamma0.50,carbonscaler_budget,texas,69,0,205.0,42.9124,23.1283
optionB_budget0.80_beta0.01_gamma0.50,carbonscaler_budget,texas,70,0,223.0,39.0859,51.1288
optionB_budget0.80_beta0.01_gamma0.50,carbonscaler_budget,texas,71,0,270.0,33.9994,48.4275
optionB_budget0.80_beta0.01_gamma0.50,carbonscaler_budget,texas,72,0,327.0,18.5248,12.2567
optionB_budget0.80_beta0.01_gamma0.50,carbonscaler_budget,texas,73,0,337.0,14.984,13.8198
optionB_budget0.80_beta0.01_gamma0.50,carbonscaler_budget,texas,74,0,334.0,22.1906,10.8001
optionB_budget0.80_beta0.01_gamma0.50,carbonscaler_budget,texas,75,0,328.0,19.435,15.7472
optionB_budget0.80_beta0.01_gamma0.50,carbonscaler_budget,texas,76,0,317.0,22.2038,21.4563
optionB_budget0.80_beta0.01_gamma0.50,carbonscaler_budget,texas,77,0,308.0,24.7532,50.8865
optionB_budget0.80_beta0.01_gamma0.50,carbonscaler_budget,texas,78,0,295.0,44.9286,55.3287
optionB_budget0.80_beta0.01_gamma0.50,carbonscaler_budget,texas,79,0,288.0,44.1536,48.3785
optionB_budget0.80_beta0.01_gamma0.50,carbonscaler_budget,texas,80,0,287.0,36.1665,43.6827
optionB_budget0.80_beta0.01_gamma0.50,carbonscaler_budget,texas,81,0,286.0,25.3298,45.2417
optionB_budget0.80_beta0.01_gamma0.50,carbonscaler_budget,texas,82,0,298.0,33.193,46.2954
optionB_budget0.80_beta0.01_gamma0.50,carbonscaler_budget,texas,83,0,310.0,26.7276,44.2469
optionB_budget0.80_beta0.01_gamma0.50,carbonscaler_budget,texas,84,0,310.0,33.9512,36.1223
optionB_budget0.80_beta0.01_gamma0.50,carbonscaler_budget,texas,85,0,270.0,27.6064,28.8588
optionB_budget0.80_beta0.01_gamma0.50,carbonscaler_budget,texas,86,1,202.0,32.4517,42.6745
optionB_budget0.80_beta0.01_gamma0.50,carbonscaler_budget,texas,87,1,175.0,40.2416,32.6834
optionB_budget0.80_beta0.01_gamma0.50,carbonscaler_budget,texas,88,1,172.0,53.0439,42.1723
optionB_budget0.80_beta0.01_gamma0.50,carbonscaler_budget,texas,89,1,174.0,69.9053,85.9597
optionB_budget0.80_beta0.01_gamma0.50,carbonscaler_budget,texas,90,1,182.0,74.5283,48.914
optionB_budget0.80_beta0.01_gamma0.50,carbonscaler_budget,texas,91,1,178.0,71.9282,69.4357
optionB_budget0.80_beta0.01_gamma0.50,carbonscaler_budget,texas,92,1,185.0,56.4093,34.4017
optionB_budget0.80_beta0.01_gamma0.50,carbonscaler_budget,texas,93,1,194.0,41.7628,65.359
optionB_budget0.80_beta0.01_gamma0.50,carbonscaler_budget,texas,94,0,203.0,34.5555,9.0625
optionB_budget0.80_beta0.01_gamma0.50,carbonscaler_budget,texas,95,0,255.0,29.5876,30.7059
optionB_budget0.80_beta0.01_gamma0.50,carbonscaler_budget,texas,96,0,318.0,15.8476,38.6492
optionB_budget0.80_beta0.01_gamma0.50,carbonscaler_budget,texas,97,0,321.0,16.7486,15.6193
optionB_budget0.80_beta0.01_gamma0.50,carbonscaler_budget,texas,98,0,320.0,20.1301,24.4951
optionB_budget0.80_beta0.01_gamma0.50,carbonscaler_budget,texas,99,0,314.0,18.2408,22.7785
optionB_budget0.80_beta0.01_gamma0.50,carbonscaler_budget,texas,100,0,296.0,23.1163,13.6666
optionB_budget0.80_beta0.01_gamma0.50,carbonscaler_budget,texas,101,0,283.0,26.2878,23.1784
optionB_budget0.80_beta0.01_gamma0.50,carbonscaler_budget,texas,102,0,278.0,56.0265,61.7002
optionB_budget0.80_beta0.01_gamma0.50,carbonscaler_budget,texas,103,0,280.0,60.9573,49.7274
optionB_budget0.80_beta0.01_gamma0.50,carbonscaler_budget,texas,104,0,288.0,45.9952,41.5203
optionB_budget0.80_beta0.01_gamma0.50,carbonscaler_budget,texas,105,0,306.0,44.8534,39.8341
optionB_budget0.80_beta0.01_gamma0.50,carbonscaler_budget,texas,106,0,317.0,37.8107,36.8132
optionB_budget0.80_beta0.01_gamma0.50,carbonscaler_budget,texas,107,0,315.0,35.2101,32.7381
optionB_budget0.80_beta0.01_gamma0.50,carbonscaler_budget,texas,108,0,304.0,33.1797,35.1742
optionB_budget0.80_beta0.01_gamma0.50,carbonscaler_budget,texas,109,0,248.0,31.4548,24.6765
optionB_budget0.80_beta0.01_gamma0.50,carbonscaler_budget,texas,110,1,184.0,38.305,46.8454
optionB_budget0.80_beta0.01_gamma0.50,carbonscaler_budget,texas,111,1,174.0,44.6788,51.8874
optionB_budget0.80_beta0.01_gamma0.50,carbonscaler_budget,texas,112,1,177.0,71.7543,79.6828
optionB_budget0.80_beta0.01_gamma0.50,carbonscaler_budget,texas,113,0,196.0,79.5829,82.3547
optionB_budget0.80_beta0.01_gamma0.50,carbonscaler_budget,texas,114,0,213.0,84.6147,97.1739
optionB_budget0.80_beta0.01_gamma0.50,carbonscaler_budget,texas,115,0,226.0,90.7311,97.586
optionB_budget0.80_beta0.01_gamma0.50,carbonscaler_budget,texas,116,0,248.0,72.6597,75.9426
optionB_budget0.80_beta0.01_gamma0.50,carbonscaler_budget,texas,117,0,261.0,58.4517,48.183
optionB_budget0.80_beta0.01_gamma0.50,carbonscaler_budget,texas,118,0,261.0,47.6005,21.6266
optionB_budget0.80_beta0.01_gamma0.50,carbonscaler_budget,texas,119,0,298.0,35.7758,45.0111
optionB_budget0.80_beta0.01_gamma0.50,carbonscaler_budget,texas,120,0,322.0,34.4184,3.1802
optionB_budget0.80_beta0.01_gamma0.50,carbonscaler_budget,texas,121,0,323.0,26.6931,33.8542
optionB_budget0.80_beta0.01_gamma0.50,carbonscaler_budget,texas,122,0,326.0,27.0471,39.854
optionB_budget0.80_beta0.01_gamma0.50,carbonscaler_budget,texas,123,0,329.0,27.4566,35.9491
optionB_budget0.80_beta0.01_gamma0.50,carbonscaler_budget,texas,124,0,336.0,27.0468,15.8623
optionB_budget0.80_beta0.01_gamma0.50,carbonscaler_budget,texas,125,0,351.0,33.5566,33.7048
optionB_budget0.80_beta0.01_gamma0.50,carbonscaler_budget,texas,126,0,372.0,52.3004,46.225
optionB_budget0.80_beta0.01_gamma0.50,carbonscaler_budget,texas,127,0,403.0,41.1263,54.341
optionB_budget0.80_beta0.01_gamma0.50,carbonscaler_budget,texas,128,0,410.0,40.5935,25.8551
optionB_budget0.80_beta0.01_gamma0.50,carbonscaler_budget,texas,129,0,428.0,34.9955,29.5548
optionB_budget0.80_beta0.01_gamma0.50,carbonscaler_budget,texas,130,0,458.0,34.4782,17.3617
optionB_budget0.80_beta0.01_gamma0.50,carbonscaler_budget,texas,131,0,459.0,35.3146,34.5319
optionB_budget0.80_beta0.01_gamma0.50,carbonscaler_budget,texas,132,0,460.0,30.2066,21.6721
optionB_budget0.80_beta0.01_gamma0.50,carbonscaler_budget,texas,133,0,446.0,32.2738,10.2045
optionB_budget0.80_beta0.01_gamma0.50,carbonscaler_budget,texas,134,0,422.0,37.2785,55.1661
optionB_budget0.80_beta0.01_gamma0.50,carbonscaler_budget,texas,135,0,391.0,39.925,41.3759
optionB_budget0.80_beta0.01_gamma0.50,carbonscaler_budget,texas,136,0,330.0,48.562,43.6064
optionB_budget0.80_beta0.01_gamma0.50,carbonscaler_budget,texas,137,0,286.0,69.0366,69.9293
optionB_budget0.80_beta0.01_gamma0.50,carbonscaler_budget,texas,138,0,268.0,83.8074,97.6167
optionB_budget0.80_beta0.01_gamma0.50,carbonscaler_budget,texas,139,0,271.0,86.8532,74.6391
optionB_budget0.80_beta0.01_gamma0.50,carbonscaler_budget,texas,140,0,272.0,63.0653,47.1049
optionB_budget0.80_beta0.01_gamma0.50,carbonscaler_budget,texas,141,0,268.0,42.7586,58.1839
optionB_budget0.80_beta0.01_gamma0.50,carbonscaler_budget,texas,142,0,288.0,37.4293,26.3516
optionB_budget0.80_beta0.01_gamma0.50,carbonscaler_budget,texas,143,0,350.0,32.009,38.8331
optionB_budget0.80_beta0.01_gamma0.50,carbonscaler_budget,texas,144,0,430.0,24.7798,32.6589
optionB_budget0.80_beta0.01_gamma0.50,carbonscaler_budget,texas,145,0,433.0,21.8683,2.6208
optionB_budget0.80_beta0.01_gamma0.50,carbonscaler_budget,texas,146,0,397.0,22.2148,36.13
optionB_budget0.80_beta0.01_gamma0.50,carbonscaler_budget,texas,147,0,351.0,18.3983,23.1044
optionB_budget0.80_beta0.01_gamma0.50,carbonscaler_budget,texas,148,0,328.0,32.3717,29.3217
optionB_budget0.80_beta0.01_gamma0.50,carbonscaler_budget,texas,149,0,306.0,34.6748,39.3135
optionB_budget0.80_beta0.01_gamma0.50,carbonscaler_budget,texas,150,0,296.0,42.6753,35.151
optionB_budget0.80_beta0.01_gamma0.50,carbonscaler_budget,texas,151,0,284.0,38.7331,28.6715
optionB_budget0.80_beta0.01_gamma0.50,carbonscaler_budget,texas,152,0,273.0,29.6649,11.5294
optionB_budget0.80_beta0.01_gamma0.50,carbonscaler_budget,texas,153,0,282.0,31.2479,35.5552
optionB_budget0.80_beta0.01_gamma0.50,carbonscaler_budget,texas,154,0,284.0,25.1636,23.4749
optionB_budget0.80_beta0.01_gamma0.50,carbonscaler_budget,texas,155,0,286.0,29.8553,16.953
optionB_budget0.80_beta0.01_gamma0.50,carbonscaler_budget,texas,156,0,281.0,23.7051,27.1849
optionB_budget0.80_beta0.01_gamma0.50,carbonscaler_budget,texas,157,0,229.0,18.5874,29.3418
optionB_budget0.80_beta0.01_gamma0.50,carbonscaler_budget,texas,158,1,195.0,22.3155,29.4613
optionB_budget0.80_beta0.01_gamma0.50,carbonscaler_budget,texas,159,1,176.0,33.9523,38.8842
optionB_budget0.80_beta0.01_gamma0.50,carbonscaler_budget,texas,160,1,166.0,49.2018,37.4999
optionB_budget0.80_beta0.01_gamma0.50,carbonscaler_budget,texas,161,1,161.0,70.3761,84.3554
optionB_budget0.80_beta0.01_gamma0.50,carbonscaler_budget,texas,162,1,160.0,82.5323,315.8753
optionB_budget0.80_beta0.01_gamma0.50,carbonscaler_budget,texas,163,1,156.0,77.9932,55.3274
optionB_budget0.80_beta0.01_gamma0.50,carbonscaler_budget,texas,164,2,152.0,56.4896,65.504
optionB_budget0.80_beta0.01_gamma0.50,carbonscaler_budget,texas,165,2,157.0,40.4494,40.6216
optionB_budget0.80_beta0.01_gamma0.50,carbonscaler_budget,texas,166,1,172.0,35.5752,57.7525
optionB_budget0.80_beta0.01_gamma0.50,carbonscaler_budget,texas,167,0,225.0,34.5751,21.7347
optionB_budget0.85_beta0.01_gamma0.50,carbonscaler_budget,texas,0,0,328.0,19.2775,17.8248
optionB_budget0.85_beta0.01_gamma0.50,carbonscaler_budget,texas,1,0,334.0,16.6164,15.7787
optionB_budget0.85_beta0.01_gamma0.50,carbonscaler_budget,texas,2,0,335.0,20.7381,1.8708
optionB_budget0.85_beta0.01_gamma0.50,carbonscaler_budget,texas,3,0,317.0,23.2364,28.2329
optionB_budget0.85_beta0.01_gamma0.50,carbonscaler_budget,texas,4,0,301.0,20.06,14.8483
optionB_budget0.85_beta0.01_gamma0.50,carbonscaler_budget,texas,5,0,296.0,29.3968,51.5483
optionB_budget0.85_beta0.01_gamma0.50,carbonscaler_budget,texas,6,0,316.0,43.8936,31.8114
optionB_budget0.85_beta0.01_gamma0.50,carbonscaler_budget,texas,7,0,308.0,62.7105,45.1646
optionB_budget0.85_beta0.01_gamma0.50,carbonscaler_budget,texas,8,0,296.0,54.451,60.3267
optionB_budget0.85_beta0.01_gamma0.50,carbonscaler_budget,texas,9,0,288.0,38.887,43.8311
optionB_budget0.85_beta0.01_gamma0.50,carbonscaler_budget,texas,10,0,298.0,27.1267,31.5591
optionB_budget0.85_beta0.01_gamma0.50,carbonscaler_budget,texas,11,0,338.0,28.9764,30.0482
optionB_budget0.85_beta0.01_gamma0.50,carbonscaler_budget,texas,12,0,355.0,38.0115,29.9228
optionB_budget0.85_beta0.01_gamma0.50,carbonscaler_budget,texas,13,0,291.0,29.9031,38.8508
optionB_budget0.85_beta0.01_gamma0.50,carbonscaler_budget,texas,14,0,212.0,33.1116,32.2559
optionB_budget0.85_beta0.01_gamma0.50,carbonscaler_budget,texas,15,0,206.0,41.568,16.529
optionB_budget0.85_beta0.01_gamma0.50,carbonscaler_budget,texas,16,0,210.0,45.7167,25.4052
optionB_budget0.85_beta0.01_gamma0.50,carbonscaler_budget,texas,17,0,221.0,78.5971,82.9235
optionB_budget0.85_beta0.01_gamma0.50,carbonscaler_budget,texas,18,0,244.0,101.4019,117.31
optionB_budget0.85_beta0.01_gamma0.50,carbonscaler_budget,texas,19,0,262.0,103.407,103.1499
optionB_budget0.85_beta0.01_gamma0.50,carbonscaler_budget,texas,20,0,273.0,66.1658,63.0775
optionB_budget0.85_beta0.01_gamma0.50,carbonscaler_budget,texas,21,0,285.0,57.144,46.6209
optionB_budget0.85_beta0.01_gamma0.50,carbonscaler_budget,texas,22,0,317.0,45.2341,44.1106
optionB_budget0.85_beta0.01_gamma0.50,carbonscaler_budget,texas,23,0,396.0,36.8464,27.4255
optionB_budget0.85_beta0.01_gamma0.50,carbonscaler_budget,texas,24,0,478.0,32.591,36.2471
optionB_budget0.85_beta0.01_gamma0.50,carbonscaler_budget,texas,25,0,490.0,32.1319,50.6746
optionB_budget0.85_beta0.01_gamma0.50,carbonscaler_budget,texas,26,0,499.0,31.3126,26.8969
optionB_budget0.85_beta0.01_gamma0.50,carbonscaler_budget,texas,27,0,501.0,32.5465,25.013
optionB_budget0.85_beta0.01_gamma0.50,carbonscaler_budget,texas,28,0,488.0,37.1626,45.4781
optionB_budget0.85_beta0.01_gamma0.50,carbonscaler_budget,texas,29,0,480.0,39.1023,54.8141
optionB_budget0.85_beta0.01_gamma0.50,carbonscaler_budget,texas,30,0,473.0,85.3805,100.8457
optionB_budget0.85_beta0.01_gamma0.50,carbonscaler_budget,texas,31,0,468.0,72.0049,72.4015
optionB_budget0.85_beta0.01_gamma0.50,carbonscaler_budget,texas,32,0,474.0,54.2857,58.8232
optionB_budget0.85_beta0.01_gamma0.50,carbonscaler_budget,texas,33,0,482.0,32.528,38.5596
optionB_budget0.85_beta0.01_gamma0.50,carbonscaler_budget,texas,34,0,484.0,27.67,12.9177
optionB_budget0.85_beta0.01_gamma0.50,carbonscaler_budget,texas,35,0,477.0,20.791,6.3943
optionB_budget0.85_beta0.01_gamma0.50,carbonscaler_budget,texas,36,0,476.0,25.4165,35.1304
optionB_budget0.85_beta0.01_gamma0.50,carbonscaler_budget,texas,37,0,412.0,24.4097,49.4509
optionB_budget0.85_beta0.01_gamma0.50,carbonscaler_budget,texas,38,0,326.0,27.614,23.2625
optionB_budget0.85_beta0.01_gamma0.50,carbonscaler_budget,texas,39,0,252.0,42.2607,50.5134
optionB_budget0.85_beta0.01_gamma0.50,carbonscaler_budget,texas,40,0,235.0,54.7619,38.9519
optionB_budget0.85_beta0.01_gamma0.50,carbonscaler_budget,texas,41,0,247.0,80.7979,83.5923
optionB_budget0.85_beta0.01_gamma0.50,carbonscaler_budget,texas,42,0,258.0,107.434,126.0267
optionB_budget0.85_beta0.01_gamma0.50,carbonscaler_budget,texas,43,0,264.0,103.5981,103.2799
optionB_budget0.85_beta0.01_gamma0.50,carbonscaler_budget,texas,44,0,258.0,72.0962,77.7264
optionB_budget0.85_beta0.01_gamma0.50,carbonscaler_budget,texas,45,0,253.0,48.587,30.7592
optionB_budget0.85_beta0.01_gamma0.50,carbonscaler_budget,texas,46,0,255.0,44.4117,57.8934
optionB_budget0.85_beta0.01_gamma0.50,carbonscaler_budget,texas,47,0,314.0,38.6266,26.3231
optionB_budget0.85_beta0.01_gamma0.50,carbonscaler_budget,texas,48,0,392.0,32.0924,28.8717
optionB_budget0.85_beta0.01_gamma0.50,carbonscaler_budget,texas,49,0,385.0,28.8055,26.071
optionB_budget0.85_beta0.01_gamma0.50,carbonscaler_budget,texas,50,0,365.0,33.5914,35.4776
optionB_budget0.85_beta0.01_gamma0.50,carbonscaler_budget,texas,51,0,353.0,32.3168,50.0175
optionB_budget0.85_beta0.01_gamma0.50,carbonscaler_budget,texas,52,0,329.0,33.1141,13.8613
optionB_budget0.85_beta0.01_gamma0.50,carbonscaler_budget,texas,53,0,316.0,42.9691,1.7233
optionB_budget0.85_beta0.01_gamma0.50,carbonscaler_budget,texas,54,0,313.0,88.436,76.0777
optionB_budget0.85_beta0.01_gamma0.50,carbonscaler_budget,texas,55,0,310.0,78.5756,57.0641
optionB_budget0.85_beta0.01_gamma0.50,carbonscaler_budget,texas,56,0,304.0,53.6439,42.7179
optionB_budget0.85_beta0.01_gamma0.50,carbonscaler_budget,texas,57,0,302.0,49.4488,32.4688
optionB_budget0.85_beta0.01_gamma0.50,carbonscaler_budget,texas,58,0,314.0,44.3883,36.629
optionB_budget0.85_beta0.01_gamma0.50,carbonscaler_budget,texas,59,0,329.0,37.6079,38.8651
optionB_budget0.85_beta0.01_gamma0.50,carbonscaler_budget,texas,60,0,331.0,38.3759,19.3692
optionB_budget0.85_beta0.01_gamma0.50,carbonscaler_budget,texas,61,0,280.0,33.4808,34.7665
optionB_budget0.85_beta0.01_gamma0.50,carbonscaler_budget,texas,62,0,217.0,36.7459,51.8435
optionB_budget0.85_beta0.01_gamma0.50,carbonscaler_budget,texas,63,1,200.0,43.8455,48.4703
optionB_budget0.85_beta0.01_gamma0.50,carbonscaler_budget,texas,64,0,195.0,66.6336,71.2876
optionB_budget0.85_beta0.01_gamma0.50,carbonscaler_budget,texas,65,0,196.0,77.8332,74.0469
optionB_budget0.85_beta0.01_gamma0.50,carbonscaler_budget,texas,66,0,199.0,88.0436,74.759
optionB_budget0.85_beta0.01_gamma0.50,carbonscaler_budget,texas,67,0,189.0,74.654,69.5679
optionB_budget0.85_beta0.01_gamma0.50,carbonscaler_budget,texas,68,0,195.0,59.6448,52.51
optionB_budget0.85_beta0.01_gamma0.50,carbonscaler_budget,texas,69,0,205.0,42.9124,23.1283
optionB_budget0.85_beta0.01_gamma0.50,carbonscaler_budget,texas,70,0,223.0,39.0859,51.1288
optionB_budget0.85_beta0.01_gamma0.50,carbonscaler_budget,texas,71,0,270.0,33.9994,48.4275
optionB_budget0.85_beta0.01_gamma0.50,carbonscaler_budget,texas,72,0,327.0,18.5248,12.2567
optionB_budget0.85_beta0.01_gamma0.50,carbonscaler_budget,texas,73,0,337.0,14.984,13.8198
optionB_budget0.85_beta0.01_gamma0.50,carbonscaler_budget,texas,74,0,334.0,22.1906,10.8001
optionB_budget0.85_beta0.01_gamma0.50,carbonscaler_budget,texas,75,0,328.0,19.435,15.7472
optionB_budget0.85_beta0.01_gamma0.50,carbonscaler_budget,texas,76,0,317.0,22.2038,21.4563
optionB_budget0.85_beta0.01_gamma0.50,carbonscaler_budget,texas,77,0,308.0,24.7532,50.8865
optionB_budget0.85_beta0.01_gamma0.50,carbonscaler_budget,texas,78,0,295.0,44.9286,55.3287
optionB_budget0.85_beta0.01_gamma0.50,carbonscaler_budget,texas,79,0,288.0,44.1536,48.3785
optionB_budget0.85_beta0.01_gamma0.50,carbonscaler_budget,texas,80,0,287.0,36.1665,43.6827
optionB_budget0.85_beta0.01_gamma0.50,carbonscaler_budget,texas,81,0,286.0,25.3298,45.2417
optionB_budget0.85_beta0.01_gamma0.50,carbonscaler_budget,texas,82,0,298.0,33.193,46.2954
optionB_budget0.85_beta0.01_gamma0.50,carbonscaler_budget,texas,83,0,310.0,26.7276,44.2469
optionB_budget0.85_beta0.01_gamma0.50,carbonscaler_budget,texas,84,0,310.0,33.9512,36.1223
optionB_budget0.85_beta0.01_gamma0.50,carbonscaler_budget,texas,85,0,270.0,27.6064,28.8588
optionB_budget0.85_beta0.01_gamma0.50,carbonscaler_budget,texas,86,1,202.0,32.4517,42.6745
optionB_budget0.85_beta0.01_gamma0.50,carbonscaler_budget,texas,87,1,175.0,40.2416,32.6834
optionB_budget0.85_beta0.01_gamma0.50,carbonscaler_budget,texas,88,1,172.0,53.0439,42.1723
optionB_budget0.85_beta0.01_gamma0.50,carbonscaler_budget,texas,89,1,174.0,69.9053,85.9597
optionB_budget0.85_beta0.01_gamma0.50,carbonscaler_budget,texas,90,1,182.0,74.5283,48.914
optionB_budget0.85_beta0.01_gamma0.50,carbonscaler_budget,texas,91,1,178.0,71.9282,69.4357
optionB_budget0.85_beta0.01_gamma0.50,carbonscaler_budget,texas,92,1,185.0,56.4093,34.4017
optionB_budget0.85_beta0.01_gamma0.50,carbonscaler_budget,texas,93,1,194.0,41.7628,65.359
optionB_budget0.85_beta0.01_gamma0.50,carbonscaler_budget,texas,94,1,203.0,34.5555,9.0625
optionB_budget0.85_beta0.01_gamma0.50,carbonscaler_budget,texas,95,0,255.0,29.5876,30.7059
optionB_budget0.85_beta0.01_gamma0.50,carbonscaler_budget,texas,96,0,318.0,15.8476,38.6492
optionB_budget0.85_beta0.01_gamma0.50,carbonscaler_budget,texas,97,0,321.0,16.7486,15.6193
optionB_budget0.85_beta0.01_gamma0.50,carbonscaler_budget,texas,98,0,320.0,20.1301,24.4951
optionB_budget0.85_beta0.01_gamma0.50,carbonscaler_budget,texas,99,0,314.0,18.2408,22.7785
optionB_budget0.85_beta0.01_gamma0.50,carbonscaler_budget,texas,100,0,296.0,23.1163,13.6666
optionB_budget0.85_beta0.01_gamma0.50,carbonscaler_budget,texas,101,0,283.0,26.2878,23.1784
optionB_budget0.85_beta0.01_gamma0.50,carbonscaler_budget,texas,102,0,278.0,56.0265,61.7002
optionB_budget0.85_beta0.01_gamma0.50,carbonscaler_budget,texas,103,0,280.0,60.9573,49.7274
optionB_budget0.85_beta0.01_gamma0.50,carbonscaler_budget,texas,104,0,288.0,45.9952,41.5203
optionB_budget0.85_beta0.01_gamma0.50,carbonscaler_budget,texas,105,0,306.0,44.8534,39.8341
optionB_budget0.85_beta0.01_gamma0.50,carbonscaler_budget,texas,106,0,317.0,37.8107,36.8132
optionB_budget0.85_beta0.01_gamma0.50,carbonscaler_budget,texas,107,0,315.0,35.2101,32.7381
optionB_budget0.85_beta0.01_gamma0.50,carbonscaler_budget,texas,108,0,304.0,33.1797,35.1742
optionB_budget0.85_beta0.01_gamma0.50,carbonscaler_budget,texas,109,0,248.0,31.4548,24.6765
optionB_budget0.85_beta0.01_gamma0.50,carbonscaler_budget,texas,110,1,184.0,38.305,46.8454
optionB_budget0.85_beta0.01_gamma0.50,carbonscaler_budget,texas,111,1,174.0,44.6788,51.8874
optionB_budget0.85_beta0.01_gamma0.50,carbonscaler_budget,texas,112,1,177.0,71.7543,79.6828
optionB_budget0.85_beta0.01_gamma0.50,carbonscaler_budget,texas,113,0,196.0,79.5829,82.3547
optionB_budget0.85_beta0.01_gamma0.50,carbonscaler_budget,texas,114,0,213.0,84.6147,97.1739
optionB_budget0.85_beta0.01_gamma0.50,carbonscaler_budget,texas,115,0,226.0,90.7311,97.586
optionB_budget0.85_beta0.01_gamma0.50,carbonscaler_budget,texas,116,0,248.0,72.6597,75.9426
optionB_budget0.85_beta0.01_gamma0.50,carbonscaler_budget,texas,117,0,261.0,58.4517,48.183
optionB_budget0.85_beta0.01_gamma0.50,carbonscaler_budget,texas,118,0,261.0,47.6005,21.6266
optionB_budget0.85_beta0.01_gamma0.50,carbonscaler_budget,texas,119,0,298.0,35.7758,45.0111
optionB_budget0.85_beta0.01_gamma0.50,carbonscaler_budget,texas,120,0,322.0,34.4184,3.1802
optionB_budget0.85_beta0.01_gamma0.50,carbonscaler_budget,texas,121,0,323.0,26.6931,33.8542
optionB_budget0.85_beta0.01_gamma0.50,carbonscaler_budget,texas,122,0,326.0,27.0471,39.854
optionB_budget0.85_beta0.01_gamma0.50,carbonscaler_budget,texas,123,0,329.0,27.4566,35.9491
optionB_budget0.85_beta0.01_gamma0.50,carbonscaler_budget,texas,124,0,336.0,27.0468,15.8623
optionB_budget0.85_beta0.01_gamma0.50,carbonscaler_budget,texas,125,0,351.0,33.5566,33.7048
optionB_budget0.85_beta0.01_gamma0.50,carbonscaler_budget,texas,126,0,372.0,52.3004,46.225
optionB_budget0.85_beta0.01_gamma0.50,carbonscaler_budget,texas,127,0,403.0,41.1263,54.341
optionB_budget0.85_beta0.01_gamma0.50,carbonscaler_budget,texas,128,0,410.0,40.5935,25.8551
optionB_budget0.85_beta0.01_gamma0.50,carbonscaler_budget,texas,129,0,428.0,34.9955,29.5548
optionB_budget0.85_beta0.01_gamma0.50,carbonscaler_budget,texas,130,0,458.0,34.4782,17.3617
optionB_budget0.85_beta0.01_gamma0.50,carbonscaler_budget,texas,131,0,459.0,35.3146,34.5319
optionB_budget0.85_beta0.01_gamma0.50,carbonscaler_budget,texas,132,0,460.0,30.2066,21.6721
optionB_budget0.85_beta0.01_gamma0.50,carbonscaler_budget,texas,133,0,446.0,32.2738,10.2045
optionB_budget0.85_beta0.01_gamma0.50,carbonscaler_budget,texas,134,0,422.0,37.2785,55.1661
optionB_budget0.85_beta0.01_gamma0.50,carbonscaler_budget,texas,135,0,391.0,39.925,41.3759
optionB_budget0.85_beta0.01_gamma0.50,carbonscaler_budget,texas,136,0,330.0,48.562,43.6064
optionB_budget0.85_beta0.01_gamma0.50,carbonscaler_budget,texas,137,0,286.0,69.0366,69.9293
optionB_budget0.85_beta0.01_gamma0.50,carbonscaler_budget,texas,138,0,268.0,83.8074,97.6167
optionB_budget0.85_beta0.01_gamma0.50,carbonscaler_budget,texas,139,0,271.0,86.8532,74.6391
optionB_budget0.85_beta0.01_gamma0.50,carbonscaler_budget,texas,140,0,272.0,63.0653,47.1049
optionB_budget0.85_beta0.01_gamma0.50,carbonscaler_budget,texas,141,0,268.0,42.7586,58.1839
optionB_budget0.85_beta0.01_gamma0.50,carbonscaler_budget,texas,142,0,288.0,37.4293,26.3516
optionB_budget0.85_beta0.01_gamma0.50,carbonscaler_budget,texas,143,0,350.0,32.009,38.8331
optionB_budget0.85_beta0.01_gamma0.50,carbonscaler_budget,texas,144,0,430.0,24.7798,32.6589
optionB_budget0.85_beta0.01_gamma0.50,carbonscaler_budget,texas,145,0,433.0,21.8683,2.6208
optionB_budget0.85_beta0.01_gamma0.50,carbonscaler_budget,texas,146,0,397.0,22.2148,36.13
optionB_budget0.85_beta0.01_gamma0.50,carbonscaler_budget,texas,147,0,351.0,18.3983,23.1044
optionB_budget0.85_beta0.01_gamma0.50,carbonscaler_budget,texas,148,0,328.0,32.3717,29.3217
optionB_budget0.85_beta0.01_gamma0.50,carbonscaler_budget,texas,149,0,306.0,34.6748,39.3135
optionB_budget0.85_beta0.01_gamma0.50,carbonscaler_budget,texas,150,0,296.0,42.6753,35.151
optionB_budget0.85_beta0.01_gamma0.50,carbonscaler_budget,texas,151,0,284.0,38.7331,28.6715
optionB_budget0.85_beta0.01_gamma0.50,carbonscaler_budget,texas,152,0,273.0,29.6649,11.5294
optionB_budget0.85_beta0.01_gamma0.50,carbonscaler_budget,texas,153,0,282.0,31.2479,35.5552
optionB_budget0.85_beta0.01_gamma0.50,carbonscaler_budget,texas,154,0,284.0,25.1636,23.4749
optionB_budget0.85_beta0.01_gamma0.50,carbonscaler_budget,texas,155,0,286.0,29.8553,16.953
optionB_budget0.85_beta0.01_gamma0.50,carbonscaler_budget,texas,156,0,281.0,23.7051,27.1849
optionB_budget0.85_beta0.01_gamma0.50,carbonscaler_budget,texas,157,0,229.0,18.5874,29.3418
optionB_budget0.85_beta0.01_gamma0.50,carbonscaler_budget,texas,158,1,195.0,22.3155,29.4613
optionB_budget0.85_beta0.01_gamma0.50,carbonscaler_budget,texas,159,1,176.0,33.9523,38.8842
optionB_budget0.85_beta0.01_gamma0.50,carbonscaler_budget,texas,160,1,166.0,49.2018,37.4999
optionB_budget0.85_beta0.01_gamma0.50,carbonscaler_budget,texas,161,1,161.0,70.3761,84.3554
optionB_budget0.85_beta0.01_gamma0.50,carbonscaler_budget,texas,162,1,160.0,82.5323,315.8753
optionB_budget0.85_beta0.01_gamma0.50,carbonscaler_budget,texas,163,1,156.0,77.9932,55.3274
optionB_budget0.85_beta0.01_gamma0.50,carbonscaler_budget,texas,164,2,152.0,56.4896,65.504
optionB_budget0.85_beta0.01_gamma0.50,carbonscaler_budget,texas,165,2,157.0,40.4494,40.6216
optionB_budget0.85_beta0.01_gamma0.50,carbonscaler_budget,texas,166,1,172.0,35.5752,57.7525
optionB_budget0.85_beta0.01_gamma0.50,carbonscaler_budget,texas,167,0,225.0,34.5751,21.7347
optionB_budget0.90_beta0.01_gamma0.50,carbonscaler_budget,texas,0,0,328.0,19.2775,17.8248
optionB_budget0.90_beta0.01_gamma0.50,carbonscaler_budget,texas,1,0,334.0,16.6164,15.7787
optionB_budget0.90_beta0.01_gamma0.50,carbonscaler_budget,texas,2,0,335.0,20.7381,1.8708
optionB_budget0.90_beta0.01_gamma0.50,carbonscaler_budget,texas,3,0,317.0,23.2364,28.2329
optionB_budget0.90_beta0.01_gamma0.50,carbonscaler_budget,texas,4,0,301.0,20.06,14.8483
optionB_budget0.90_beta0.01_gamma0.50,carbonscaler_budget,texas,5,0,296.0,29.3968,51.5483
optionB_budget0.90_beta0.01_gamma0.50,carbonscaler_budget,texas,6,0,316.0,43.8936,31.8114
optionB_budget0.90_beta0.01_gamma0.50,carbonscaler_budget,texas,7,0,308.0,62.7105,45.1646
optionB_budget0.90_beta0.01_gamma0.50,carbonscaler_budget,texas,8,0,296.0,54.451,60.3267
optionB_budget0.90_beta0.01_gamma0.50,carbonscaler_budget,texas,9,0,288.0,38.887,43.8311
optionB_budget0.90_beta0.01_gamma0.50,carbonscaler_budget,texas,10,0,298.0,27.1267,31.5591
optionB_budget0.90_beta0.01_gamma0.50,carbonscaler_budget,texas,11,0,338.0,28.9764,30.0482
optionB_budget0.90_beta0.01_gamma0.50,carbonscaler_budget,texas,12,0,355.0,38.0115,29.9228
optionB_budget0.90_beta0.01_gamma0.50,carbonscaler_budget,texas,13,0,291.0,29.9031,38.8508
optionB_budget0.90_beta0.01_gamma0.50,carbonscaler_budget,texas,14,0,212.0,33.1116,32.2559
optionB_budget0.90_beta0.01_gamma0.50,carbonscaler_budget,texas,15,0,206.0,41.568,16.529
optionB_budget0.90_beta0.01_gamma0.50,carbonscaler_budget,texas,16,0,210.0,45.7167,25.4052
optionB_budget0.90_beta0.01_gamma0.50,carbonscaler_budget,texas,17,0,221.0,78.5971,82.9235
optionB_budget0.90_beta0.01_gamma0.50,carbonscaler_budget,texas,18,0,244.0,101.4019,117.31
optionB_budget0.90_beta0.01_gamma0.50,carbonscaler_budget,texas,19,0,262.0,103.407,103.1499
optionB_budget0.90_beta0.01_gamma0.50,carbonscaler_budget,texas,20,0,273.0,66.1658,63.0775
optionB_budget0.90_beta0.01_gamma0.50,carbonscaler_budget,texas,21,0,285.0,57.144,46.6209
optionB_budget0.90_beta0.01_gamma0.50,carbonscaler_budget,texas,22,0,317.0,45.2341,44.1106
optionB_budget0.90_beta0.01_gamma0.50,carbonscaler_budget,texas,23,0,396.0,36.8464,27.4255
optionB_budget0.90_beta0.01_gamma0.50,carbonscaler_budget,texas,24,0,478.0,32.591,36.2471
optionB_budget0.90_beta0.01_gamma0.50,carbonscaler_budget,texas,25,0,490.0,32.1319,50.6746
optionB_budget0.90_beta0.01_gamma0.50,carbonscaler_budget,texas,26,0,499.0,31.3126,26.8969
optionB_budget0.90_beta0.01_gamma0.50,carbonscaler_budget,texas,27,0,501.0,32.5465,25.013
optionB_budget0.90_beta0.01_gamma0.50,carbonscaler_budget,texas,28,0,488.0,37.1626,45.4781
optionB_budget0.90_beta0.01_gamma0.50,carbonscaler_budget,texas,29,0,480.0,39.1023,54.8141
optionB_budget0.90_beta0.01_gamma0.50,carbonscaler_budget,texas,30,0,473.0,85.3805,100.8457
optionB_budget0.90_beta0.01_gamma0.50,carbonscaler_budget,texas,31,0,468.0,72.0049,72.4015
optionB_budget0.90_beta0.01_gamma0.50,carbonscaler_budget,texas,32,0,474.0,54.2857,58.8232
optionB_budget0.90_beta0.01_gamma0.50,carbonscaler_budget,texas,33,0,482.0,32.528,38.5596
optionB_budget0.90_beta0.01_gamma0.50,carbonscaler_budget,texas,34,0,484.0,27.67,12.9177
optionB_budget0.90_beta0.01_gamma0.50,carbonscaler_budget,texas,35,0,477.0,20.791,6.3943
optionB_budget0.90_beta0.01_gamma0.50,carbonscaler_budget,texas,36,0,476.0,25.4165,35.1304
optionB_budget0.90_beta0.01_gamma0.50,carbonscaler_budget,texas,37,0,412.0,24.4097,49.4509
optionB_budget0.90_beta0.01_gamma0.50,carbonscaler_budget,texas,38,0,326.0,27.614,23.2625
optionB_budget0.90_beta0.01_gamma0.50,carbonscaler_budget,texas,39,0,252.0,42.2607,50.5134
optionB_budget0.90_beta0.01_gamma0.50,carbonscaler_budget,texas,40,0,235.0,54.7619,38.9519
optionB_budget0.90_beta0.01_gamma0.50,carbonscaler_budget,texas,41,0,247.0,80.7979,83.5923
optionB_budget0.90_beta0.01_gamma0.50,carbonscaler_budget,texas,42,0,258.0,107.434,126.0267
optionB_budget0.90_beta0.01_gamma0.50,carbonscaler_budget,texas,43,0,264.0,103.5981,103.2799
optionB_budget0.90_beta0.01_gamma0.50,carbonscaler_budget,texas,44,0,258.0,72.0962,77.7264
optionB_budget0.90_beta0.01_gamma0.50,carbonscaler_budget,texas,45,0,253.0,48.587,30.7592
optionB_budget0.90_beta0.01_gamma0.50,carbonscaler_budget,texas,46,0,255.0,44.4117,57.8934
optionB_budget0.90_beta0.01_gamma0.50,carbonscaler_budget,texas,47,0,314.0,38.6266,26.3231
optionB_budget0.90_beta0.01_gamma0.50,carbonscaler_budget,texas,48,0,392.0,32.0924,28.8717
optionB_budget0.90_beta0.01_gamma0.50,carbonscaler_budget,texas,49,0,385.0,28.8055,26.071
optionB_budget0.90_beta0.01_gamma0.50,carbonscaler_budget,texas,50,0,365.0,33.5914,35.4776
optionB_budget0.90_beta0.01_gamma0.50,carbonscaler_budget,texas,51,0,353.0,32.3168,50.0175
optionB_budget0.90_beta0.01_gamma0.50,carbonscaler_budget,texas,52,0,329.0,33.1141,13.8613
optionB_budget0.90_beta0.01_gamma0.50,carbonscaler_budget,texas,53,0,316.0,42.9691,1.7233
optionB_budget0.90_beta0.01_gamma0.50,carbonscaler_budget,texas,54,0,313.0,88.436,76.0777
optionB_budget0.90_beta0.01_gamma0.50,carbonscaler_budget,texas,55,0,310.0,78.5756,57.0641
optionB_budget0.90_beta0.01_gamma0.50,carbonscaler_budget,texas,56,0,304.0,53.6439,42.7179
optionB_budget0.90_beta0.01_gamma0.50,carbonscaler_budget,texas,57,0,302.0,49.4488,32.4688
optionB_budget0.90_beta0.01_gamma0.50,carbonscaler_budget,texas,58,0,314.0,44.3883,36.629
optionB_budget0.90_beta0.01_gamma0.50,carbonscaler_budget,texas,59,0,329.0,37.6079,38.8651
optionB_budget0.90_beta0.01_gamma0.50,carbonscaler_budget,texas,60,0,331.0,38.3759,19.3692
optionB_budget0.90_beta0.01_gamma0.50,carbonscaler_budget,texas,61,0,280.0,33.4808,34.7665
optionB_budget0.90_beta0.01_gamma0.50,carbonscaler_budget,texas,62,0,217.0,36.7459,51.8435
optionB_budget0.90_beta0.01_gamma0.50,carbonscaler_budget,texas,63,1,200.0,43.8455,48.4703
optionB_budget0.90_beta0.01_gamma0.50,carbonscaler_budget,texas,64,0,195.0,66.6336,71.2876
optionB_budget0.90_beta0.01_gamma0.50,carbonscaler_budget,texas,65,0,196.0,77.8332,74.0469
optionB_budget0.90_beta0.01_gamma0.50,carbonscaler_budget,texas,66,0,199.0,88.0436,74.759
optionB_budget0.90_beta0.01_gamma0.50,carbonscaler_budget,texas,67,1,189.0,74.654,69.5679
optionB_budget0.90_beta0.01_gamma0.50,carbonscaler_budget,texas,68,0,195.0,59.6448,52.51
optionB_budget0.90_beta0.01_gamma0.50,carbonscaler_budget,texas,69,0,205.0,42.9124,23.1283
optionB_budget0.90_beta0.01_gamma0.50,carbonscaler_budget,texas,70,0,223.0,39.0859,51.1288
optionB_budget0.90_beta0.01_gamma0.50,carbonscaler_budget,texas,71,0,270.0,33.9994,48.4275
optionB_budget0.90_beta0.01_gamma0.50,carbonscaler_budget,texas,72,0,327.0,18.5248,12.2567
optionB_budget0.90_beta0.01_gamma0.50,carbonscaler_budget,texas,73,0,337.0,14.984,13.8198
optionB_budget0.90_beta0.01_gamma0.50,carbonscaler_budget,texas,74,0,334.0,22.1906,10.8001
optionB_budget0.90_beta0.01_gamma0.50,carbonscaler_budget,texas,75,0,328.0,19.435,15.7472
optionB_budget0.90_beta0.01_gamma0.50,carbonscaler_budget,texas,76,0,317.0,22.2038,21.4563
optionB_budget0.90_beta0.01_gamma0.50,carbonscaler_budget,texas,77,0,308.0,24.7532,50.8865
optionB_budget0.90_beta0.01_gamma0.50,carbonscaler_budget,texas,78,0,295.0,44.9286,55.3287
optionB_budget0.90_beta0.01_gamma0.50,carbonscaler_budget,texas,79,0,288.0,44.1536,48.3785
optionB_budget0.90_beta0.01_gamma0.50,carbonscaler_budget,texas,80,0,287.0,36.1665,43.6827
optionB_budget0.90_beta0.01_gamma0.50,carbonscaler_budget,texas,81,0,286.0,25.3298,45.2417
optionB_budget0.90_beta0.01_gamma0.50,carbonscaler_budget,texas,82,0,298.0,33.193,46.2954
optionB_budget0.90_beta0.01_gamma0.50,carbonscaler_budget,texas,83,0,310.0,26.7276,44.2469
optionB_budget0.90_beta0.01_gamma0.50,carbonscaler_budget,texas,84,0,310.0,33.9512,36.1223
optionB_budget0.90_beta0.01_gamma0.50,carbonscaler_budget,texas,85,0,270.0,27.6064,28.8588
optionB_budget0.90_beta0.01_gamma0.50,carbonscaler_budget,texas,86,1,202.0,32.4517,42.6745
optionB_budget0.90_beta0.01_gamma0.50,carbonscaler_budget,texas,87,1,175.0,40.2416,32.6834
optionB_budget0.90_beta0.01_gamma0.50,carbonscaler_budget,texas,88,1,172.0,53.0439,42.1723
optionB_budget0.90_beta0.01_gamma0.50,carbonscaler_budget,texas,89,1,174.0,69.9053,85.9597
optionB_budget0.90_beta0.01_gamma0.50,carbonscaler_budget,texas,90,1,182.0,74.5283,48.914
optionB_budget0.90_beta0.01_gamma0.50,carbonscaler_budget,texas,91,1,178.0,71.9282,69.4357
optionB_budget0.90_beta0.01_gamma0.50,carbonscaler_budget,texas,92,1,185.0,56.4093,34.4017
optionB_budget0.90_beta0.01_gamma0.50,carbonscaler_budget,texas,93,1,194.0,41.7628,65.359
optionB_budget0.90_beta0.01_gamma0.50,carbonscaler_budget,texas,94,1,203.0,34.5555,9.0625
optionB_budget0.90_beta0.01_gamma0.50,carbonscaler_budget,texas,95,0,255.0,29.5876,30.7059
optionB_budget0.90_beta0.01_gamma0.50,carbonscaler_budget,texas,96,0,318.0,15.8476,38.6492
optionB_budget0.90_beta0.01_gamma0.50,carbonscaler_budget,texas,97,0,321.0,16.7486,15.6193
optionB_budget0.90_beta0.01_gamma0.50,carbonscaler_budget,texas,98,0,320.0,20.1301,24.4951
optionB_budget0.90_beta0.01_gamma0.50,carbonscaler_budget,texas,99,0,314.0,18.2408,22.7785
optionB_budget0.90_beta0.01_gamma0.50,carbonscaler_budget,texas,100,0,296.0,23.1163,13.6666
optionB_budget0.90_beta0.01_gamma0.50,carbonscaler_budget,texas,101,0,283.0,26.2878,23.1784
optionB_budget0.90_beta0.01_gamma0.50,carbonscaler_budget,texas,102,0,278.0,56.0265,61.7002
optionB_budget0.90_beta0.01_gamma0.50,carbonscaler_budget,texas,103,0,280.0,60.9573,49.7274
optionB_budget0.90_beta0.01_gamma0.50,carbonscaler_budget,texas,104,0,288.0,45.9952,41.5203
optionB_budget0.90_beta0.01_gamma0.50,carbonscaler_budget,texas,105,0,306.0,44.8534,39.8341
optionB_budget0.90_beta0.01_gamma0.50,carbonscaler_budget,texas,106,0,317.0,37.8107,36.8132
optionB_budget0.90_beta0.01_gamma0.50,carbonscaler_budget,texas,107,0,315.0,35.2101,32.7381
optionB_budget0.90_beta0.01_gamma0.50,carbonscaler_budget,texas,108,0,304.0,33.1797,35.1742
optionB_budget0.90_beta0.01_gamma0.50,carbonscaler_budget,texas,109,0,248.0,31.4548,24.6765
optionB_budget0.90_beta0.01_gamma0.50,carbonscaler_budget,texas,110,1,184.0,38.305,46.8454
optionB_budget0.90_beta0.01_gamma0.50,carbonscaler_budget,texas,111,1,174.0,44.6788,51.8874
optionB_budget0.90_beta0.01_gamma0.50,carbonscaler_budget,texas,112,1,177.0,71.7543,79.6828
optionB_budget0.90_beta0.01_gamma0.50,carbonscaler_budget,texas,113,0,196.0,79.5829,82.3547
optionB_budget0.90_beta0.01_gamma0.50,carbonscaler_budget,texas,114,0,213.0,84.6147,97.1739
optionB_budget0.90_beta0.01_gamma0.50,carbonscaler_budget,texas,115,0,226.0,90.7311,97.586
optionB_budget0.90_beta0.01_gamma0.50,carbonscaler_budget,texas,116,0,248.0,72.6597,75.9426
optionB_budget0.90_beta0.01_gamma0.50,carbonscaler_budget,texas,117,0,261.0,58.4517,48.183
optionB_budget0.90_beta0.01_gamma0.50,carbonscaler_budget,texas,118,0,261.0,47.6005,21.6266
optionB_budget0.90_beta0.01_gamma0.50,carbonscaler_budget,texas,119,0,298.0,35.7758,45.0111
optionB_budget0.90_beta0.01_gamma0.50,carbonscaler_budget,texas,120,0,322.0,34.4184,3.1802
optionB_budget0.90_beta0.01_gamma0.50,carbonscaler_budget,texas,121,0,323.0,26.6931,33.8542
optionB_budget0.90_beta0.01_gamma0.50,carbonscaler_budget,texas,122,0,326.0,27.0471,39.854
optionB_budget0.90_beta0.01_gamma0.50,carbonscaler_budget,texas,123,0,329.0,27.4566,35.9491
optionB_budget0.90_beta0.01_gamma0.50,carbonscaler_budget,texas,124,0,336.0,27.0468,15.8623
optionB_budget0.90_beta0.01_gamma0.50,carbonscaler_budget,texas,125,0,351.0,33.5566,33.7048
optionB_budget0.90_beta0.01_gamma0.50,carbonscaler_budget,texas,126,0,372.0,52.3004,46.225
optionB_budget0.90_beta0.01_gamma0.50,carbonscaler_budget,texas,127,0,403.0,41.1263,54.341
optionB_budget0.90_beta0.01_gamma0.50,carbonscaler_budget,texas,128,0,410.0,40.5935,25.8551
optionB_budget0.90_beta0.01_gamma0.50,carbonscaler_budget,texas,129,0,428.0,34.9955,29.5548
optionB_budget0.90_beta0.01_gamma0.50,carbonscaler_budget,texas,130,0,458.0,34.4782,17.3617
optionB_budget0.90_beta0.01_gamma0.50,carbonscaler_budget,texas,131,0,459.0,35.3146,34.5319
optionB_budget0.90_beta0.01_gamma0.50,carbonscaler_budget,texas,132,0,460.0,30.2066,21.6721
optionB_budget0.90_beta0.01_gamma0.50,carbonscaler_budget,texas,133,0,446.0,32.2738,10.2045
optionB_budget0.90_beta0.01_gamma0.50,carbonscaler_budget,texas,134,0,422.0,37.2785,55.1661
optionB_budget0.90_beta0.01_gamma0.50,carbonscaler_budget,texas,135,0,391.0,39.925,41.3759
optionB_budget0.90_beta0.01_gamma0.50,carbonscaler_budget,texas,136,0,330.0,48.562,43.6064
optionB_budget0.90_beta0.01_gamma0.50,carbonscaler_budget,texas,137,0,286.0,69.0366,69.9293
optionB_budget0.90_beta0.01_gamma0.50,carbonscaler_budget,texas,138,0,268.0,83.8074,97.6167
optionB_budget0.90_beta0.01_gamma0.50,carbonscaler_budget,texas,139,0,271.0,86.8532,74.6391
optionB_budget0.90_beta0.01_gamma0.50,carbonscaler_budget,texas,140,0,272.0,63.0653,47.1049
optionB_budget0.90_beta0.01_gamma0.50,carbonscaler_budget,texas,141,0,268.0,42.7586,58.1839
optionB_budget0.90_beta0.01_gamma0.50,carbonscaler_budget,texas,142,0,288.0,37.4293,26.3516
optionB_budget0.90_beta0.01_gamma0.50,carbonscaler_budget,texas,143,0,350.0,32.009,38.8331
optionB_budget0.90_beta0.01_gamma0.50,carbonscaler_budget,texas,144,0,430.0,24.7798,32.6589
optionB_budget0.90_beta0.01_gamma0.50,carbonscaler_budget,texas,145,0,433.0,21.8683,2.6208
optionB_budget0.90_beta0.01_gamma0.50,carbonscaler_budget,texas,146,0,397.0,22.2148,36.13
optionB_budget0.90_beta0.01_gamma0.50,carbonscaler_budget,texas,147,0,351.0,18.3983,23.1044
optionB_budget0.90_beta0.01_gamma0.50,carbonscaler_budget,texas,148,0,328.0,32.3717,29.3217
optionB_budget0.90_beta0.01_gamma0.50,carbonscaler_budget,texas,149,0,306.0,34.6748,39.3135
optionB_budget0.90_beta0.01_gamma0.50,carbonscaler_budget,texas,150,0,296.0,42.6753,35.151
optionB_budget0.90_beta0.01_gamma0.50,carbonscaler_budget,texas,151,0,284.0,38.7331,28.6715
optionB_budget0.90_beta0.01_gamma0.50,carbonscaler_budget,texas,152,0,273.0,29.6649,11.5294
optionB_budget0.90_beta0.01_gamma0.50,carbonscaler_budget,texas,153,0,282.0,31.2479,35.5552
optionB_budget0.90_beta0.01_gamma0.50,carbonscaler_budget,texas,154,0,284.0,25.1636,23.4749
optionB_budget0.90_beta0.01_gamma0.50,carbonscaler_budget,texas,155,0,286.0,29.8553,16.953
optionB_budget0.90_beta0.01_gamma0.50,carbonscaler_budget,texas,156,0,281.0,23.7051,27.1849
optionB_budget0.90_beta0.01_gamma0.50,carbonscaler_budget,texas,157,0,229.0,18.5874,29.3418
optionB_budget0.90_beta0.01_gamma0.50,carbonscaler_budget,texas,158,1,195.0,22.3155,29.4613
optionB_budget0.90_beta0.01_gamma0.50,carbonscaler_budget,texas,159,1,176.0,33.9523,38.8842
optionB_budget0.90_beta0.01_gamma0.50,carbonscaler_budget,texas,160,1,166.0,49.2018,37.4999
optionB_budget0.90_beta0.01_gamma0.50,carbonscaler_budget,texas,161,1,161.0,70.3761,84.3554
optionB_budget0.90_beta0.01_gamma0.50,carbonscaler_budget,texas,162,1,160.0,82.5323,315.8753
optionB_budget0.90_beta0.01_gamma0.50,carbonscaler_budget,texas,163,1,156.0,77.9932,55.3274
optionB_budget0.90_beta0.01_gamma0.50,carbonscaler_budget,texas,164,2,152.0,56.4896,65.504
optionB_budget0.90_beta0.01_gamma0.50,carbonscaler_budget,texas,165,2,157.0,40.4494,40.6216
optionB_budget0.90_beta0.01_gamma0.50,carbonscaler_budget,texas,166,1,172.0,35.5752,57.7525
optionB_budget0.90_beta0.01_gamma0.50,carbonscaler_budget,texas,167,0,225.0,34.5751,21.7347
optionB_budget1.00_beta0.01_gamma0.50,carbonscaler_budget,texas,0,0,328.0,19.2775,17.8248
optionB_budget1.00_beta0.01_gamma0.50,carbonscaler_budget,texas,1,0,334.0,16.6164,15.7787
optionB_budget1.00_beta0.01_gamma0.50,carbonscaler_budget,texas,2,0,335.0,20.7381,1.8708
optionB_budget1.00_beta0.01_gamma0.50,carbonscaler_budget,texas,3,0,317.0,23.2364,28.2329
optionB_budget1.00_beta0.01_gamma0.50,carbonscaler_budget,texas,4,0,301.0,20.06,14.8483
optionB_budget1.00_beta0.01_gamma0.50,carbonscaler_budget,texas,5,0,296.0,29.3968,51.5483
optionB_budget1.00_beta0.01_gamma0.50,carbonscaler_budget,texas,6,0,316.0,43.8936,31.8114
optionB_budget1.00_beta0.01_gamma0.50,carbonscaler_budget,texas,7,0,308.0,62.7105,45.1646
optionB_budget1.00_beta0.01_gamma0.50,carbonscaler_budget,texas,8,0,296.0,54.451,60.3267
optionB_budget1.00_beta0.01_gamma0.50,carbonscaler_budget,texas,9,0,288.0,38.887,43.8311
optionB_budget1.00_beta0.01_gamma0.50,carbonscaler_budget,texas,10,0,298.0,27.1267,31.5591
optionB_budget1.00_beta0.01_gamma0.50,carbonscaler_budget,texas,11,0,338.0,28.9764,30.0482
optionB_budget1.00_beta0.01_gamma0.50,carbonscaler_budget,texas,12,0,355.0,38.0115,29.9228
optionB_budget1.00_beta0.01_gamma0.50,carbonscaler_budget,texas,13,0,291.0,29.9031,38.8508
optionB_budget1.00_beta0.01_gamma0.50,carbonscaler_budget,texas,14,0,212.0,33.1116,32.2559
optionB_budget1.00_beta0.01_gamma0.50,carbonscaler_budget,texas,15,0,206.0,41.568,16.529
optionB_budget1.00_beta0.01_gamma0.50,carbonscaler_budget,texas,16,0,210.0,45.7167,25.4052
optionB_budget1.00_beta0.01_gamma0.50,carbonscaler_budget,texas,17,0,221.0,78.5971,82.9235
optionB_budget1.00_beta0.01_gamma0.50,carbonscaler_budget,texas,18,0,244.0,101.4019,117.31
optionB_budget1.00_beta0.01_gamma0.50,carbonscaler_budget,texas,19,0,262.0,103.407,103.1499
optionB_budget1.00_beta0.01_gamma0.50,carbonscaler_budget,texas,20,0,273.0,66.1658,63.0775
optionB_budget1.00_beta0.01_gamma0.50,carbonscaler_budget,texas,21,0,285.0,57.144,46.6209
optionB_budget1.00_beta0.01_gamma0.50,carbonscaler_budget,texas,22,0,317.0,45.2341,44.1106
optionB_budget1.00_beta0.01_gamma0.50,carbonscaler_budget,texas,23,0,396.0,36.8464,27.4255
optionB_budget1.00_beta0.01_gamma0.50,carbonscaler_budget,texas,24,0,478.0,32.591,36.2471
optionB_budget1.00_beta0.01_gamma0.50,carbonscaler_budget,texas,25,0,490.0,32.1319,50.6746
optionB_budget1.00_beta0.01_gamma0.50,carbonscaler_budget,texas,26,0,499.0,31.3126,26.8969
optionB_budget1.00_beta0.01_gamma0.50,carbonscaler_budget,texas,27,0,501.0,32.5465,25.013
optionB_budget1.00_beta0.01_gamma0.50,carbonscaler_budget,texas,28,0,488.0,37.1626,45.4781
optionB_budget1.00_beta0.01_gamma0.50,carbonscaler_budget,texas,29,0,480.0,39.1023,54.8141
optionB_budget1.00_beta0.01_gamma0.50,carbonscaler_budget,texas,30,0,473.0,85.3805,100.8457
optionB_budget1.00_beta0.01_gamma0.50,carbonscaler_budget,texas,31,0,468.0,72.0049,72.4015
optionB_budget1.00_beta0.01_gamma0.50,carbonscaler_budget,texas,32,0,474.0,54.2857,58.8232
optionB_budget1.00_beta0.01_gamma0.50,carbonscaler_budget,texas,33,0,482.0,32.528,38.5596
optionB_budget1.00_beta0.01_gamma0.50,carbonscaler_budget,texas,34,0,484.0,27.67,12.9177
optionB_budget1.00_beta0.01_gamma0.50,carbonscaler_budget,texas,35,0,477.0,20.791,6.3943
optionB_budget1.00_beta0.01_gamma0.50,carbonscaler_budget,texas,36,0,476.0,25.4165,35.1304
optionB_budget1.00_beta0.01_gamma0.50,carbonscaler_budget,texas,37,0,412.0,24.4097,49.4509
optionB_budget1.00_beta0.01_gamma0.50,carbonscaler_budget,texas,38,0,326.0,27.614,23.2625
optionB_budget1.00_beta0.01_gamma0.50,carbonscaler_budget,texas,39,0,252.0,42.2607,50.5134
optionB_budget1.00_beta0.01_gamma0.50,carbonscaler_budget,texas,40,0,235.0,54.7619,38.9519
optionB_budget1.00_beta0.01_gamma0.50,carbonscaler_budget,texas,41,0,247.0,80.7979,83.5923
optionB_budget1.00_beta0.01_gamma0.50,carbonscaler_budget,texas,42,0,258.0,107.434,126.0267
optionB_budget1.00_beta0.01_gamma0.50,carbonscaler_budget,texas,43,0,264.0,103.5981,103.2799
optionB_budget1.00_beta0.01_gamma0.50,carbonscaler_budget,texas,44,0,258.0,72.0962,77.7264
optionB_budget1.00_beta0.01_gamma0.50,carbonscaler_budget,texas,45,0,253.0,48.587,30.7592
optionB_budget1.00_beta0.01_gamma0.50,carbonscaler_budget,texas,46,0,255.0,44.4117,57.8934
optionB_budget1.00_beta0.01_gamma0.50,carbonscaler_budget,texas,47,0,314.0,38.6266,26.3231
optionB_budget1.00_beta0.01_gamma0.50,carbonscaler_budget,texas,48,0,392.0,32.0924,28.8717
optionB_budget1.00_beta0.01_gamma0.50,carbonscaler_budget,texas,49,0,385.0,28.8055,26.071
optionB_budget1.00_beta0.01_gamma0.50,carbonscaler_budget,texas,50,0,365.0,33.5914,35.4776
optionB_budget1.00_beta0.01_gamma0.50,carbonscaler_budget,texas,51,0,353.0,32.3168,50.0175
optionB_budget1.00_beta0.01_gamma0.50,carbonscaler_budget,texas,52,0,329.0,33.1141,13.8613
optionB_budget1.00_beta0.01_gamma0.50,carbonscaler_budget,texas,53,0,316.0,42.9691,1.7233
optionB_budget1.00_beta0.01_gamma0.50,carbonscaler_budget,texas,54,0,313.0,88.436,76.0777
optionB_budget1.00_beta0.01_gamma0.50,carbonscaler_budget,texas,55,0,310.0,78.5756,57.0641
optionB_budget1.00_beta0.01_gamma0.50,carbonscaler_budget,texas,56,0,304.0,53.6439,42.7179
optionB_budget1.00_beta0.01_gamma0.50,carbonscaler_budget,texas,57,0,302.0,49.4488,32.4688
optionB_budget1.00_beta0.01_gamma0.50,carbonscaler_budget,texas,58,0,314.0,44.3883,36.629
optionB_budget1.00_beta0.01_gamma0.50,carbonscaler_budget,texas,59,0,329.0,37.6079,38.8651
optionB_budget1.00_beta0.01_gamma0.50,carbonscaler_budget,texas,60,0,331.0,38.3759,19.3692
optionB_budget1.00_beta0.01_gamma0.50,carbonscaler_budget,texas,61,0,280.0,33.4808,34.7665
optionB_budget1.00_beta0.01_gamma0.50,carbonscaler_budget,texas,62,0,217.0,36.7459,51.8435
optionB_budget1.00_beta0.01_gamma0.50,carbonscaler_budget,texas,63,1,200.0,43.8455,48.4703
optionB_budget1.00_beta0.01_gamma0.50,carbonscaler_budget,texas,64,0,195.0,66.6336,71.2876
optionB_budget1.00_beta0.01_gamma0.50,carbonscaler_budget,texas,65,0,196.0,77.8332,74.0469
optionB_budget1.00_beta0.01_gamma0.50,carbonscaler_budget,texas,66,0,199.0,88.0436,74.759
optionB_budget1.00_beta0.01_gamma0.50,carbonscaler_budget,texas,67,1,189.0,74.654,69.5679
optionB_budget1.00_beta0.01_gamma0.50,carbonscaler_budget,texas,68,0,195.0,59.6448,52.51
optionB_budget1.00_beta0.01_gamma0.50,carbonscaler_budget,texas,69,0,205.0,42.9124,23.1283
optionB_budget1.00_beta0.01_gamma0.50,carbonscaler_budget,texas,70,0,223.0,39.0859,51.1288
optionB_budget1.00_beta0.01_gamma0.50,carbonscaler_budget,texas,71,0,270.0,33.9994,48.4275
optionB_budget1.00_beta0.01_gamma0.50,carbonscaler_budget,texas,72,0,327.0,18.5248,12.2567
optionB_budget1.00_beta0.01_gamma0.50,carbonscaler_budget,texas,73,0,337.0,14.984,13.8198
optionB_budget1.00_beta0.01_gamma0.50,carbonscaler_budget,texas,74,0,334.0,22.1906,10.8001
optionB_budget1.00_beta0.01_gamma0.50,carbonscaler_budget,texas,75,0,328.0,19.435,15.7472
optionB_budget1.00_beta0.01_gamma0.50,carbonscaler_budget,texas,76,0,317.0,22.2038,21.4563
optionB_budget1.00_beta0.01_gamma0.50,carbonscaler_budget,texas,77,0,308.0,24.7532,50.8865
optionB_budget1.00_beta0.01_gamma0.50,carbonscaler_budget,texas,78,0,295.0,44.9286,55.3287
optionB_budget1.00_beta0.01_gamma0.50,carbonscaler_budget,texas,79,0,288.0,44.1536,48.3785
optionB_budget1.00_beta0.01_gamma0.50,carbonscaler_budget,texas,80,0,287.0,36.1665,43.6827
optionB_budget1.00_beta0.01_gamma0.50,carbonscaler_budget,texas,81,0,286.0,25.3298,45.2417
optionB_budget1.00_beta0.01_gamma0.50,carbonscaler_budget,texas,82,0,298.0,33.193,46.2954
optionB_budget1.00_beta0.01_gamma0.50,carbonscaler_budget,texas,83,0,310.0,26.7276,44.2469
optionB_budget1.00_beta0.01_gamma0.50,carbonscaler_budget,texas,84,0,310.0,33.9512,36.1223
optionB_budget1.00_beta0.01_gamma0.50,carbonscaler_budget,texas,85,0,270.0,27.6064,28.8588
optionB_budget1.00_beta0.01_gamma0.50,carbonscaler_budget,texas,86,1,202.0,32.4517,42.6745
optionB_budget1.00_beta0.01_gamma0.50,carbonscaler_budget,texas,87,1,175.0,40.2416,32.6834
optionB_budget1.00_beta0.01_gamma0.50,carbonscaler_budget,texas,88,1,172.0,53.0439,42.1723
optionB_budget1.00_beta0.01_gamma0.50,carbonscaler_budget,texas,89,1,174.0,69.9053,85.9597
optionB_budget1.00_beta0.01_gamma0.50,carbonscaler_budget,texas,90,1,182.0,74.5283,48.914
optionB_budget1.00_beta0.01_gamma0.50,carbonscaler_budget,texas,91,1,178.0,71.9282,69.4357
optionB_budget1.00_beta0.01_gamma0.50,carbonscaler_budget,texas,92,1,185.0,56.4093,34.4017
optionB_budget1.00_beta0.01_gamma0.50,carbonscaler_budget,texas,93,1,194.0,41.7628,65.359
optionB_budget1.00_beta0.01_gamma0.50,carbonscaler_budget,texas,94,1,203.0,34.5555,9.0625
optionB_budget1.00_beta0.01_gamma0.50,carbonscaler_budget,texas,95,0,255.0,29.5876,30.7059
optionB_budget1.00_beta0.01_gamma0.50,carbonscaler_budget,texas,96,0,318.0,15.8476,38.6492
optionB_budget1.00_beta0.01_gamma0.50,carbonscaler_budget,texas,97,0,321.0,16.7486,15.6193
optionB_budget1.00_beta0.01_gamma0.50,carbonscaler_budget,texas,98,0,320.0,20.1301,24.4951
optionB_budget1.00_beta0.01_gamma0.50,carbonscaler_budget,texas,99,0,314.0,18.2408,22.7785
optionB_budget1.00_beta0.01_gamma0.50,carbonscaler_budget,texas,100,0,296.0,23.1163,13.6666
optionB_budget1.00_beta0.01_gamma0.50,carbonscaler_budget,texas,101,0,283.0,26.2878,23.1784
optionB_budget1.00_beta0.01_gamma0.50,carbonscaler_budget,texas,102,0,278.0,56.0265,61.7002
optionB_budget1.00_beta0.01_gamma0.50,carbonscaler_budget,texas,103,0,280.0,60.9573,49.7274
optionB_budget1.00_beta0.01_gamma0.50,carbonscaler_budget,texas,104,0,288.0,45.9952,41.5203
optionB_budget1.00_beta0.01_gamma0.50,carbonscaler_budget,texas,105,0,306.0,44.8534,39.8341
optionB_budget1.00_beta0.01_gamma0.50,carbonscaler_budget,texas,106,0,317.0,37.8107,36.8132
optionB_budget1.00_beta0.01_gamma0.50,carbonscaler_budget,texas,107,0,315.0,35.2101,32.7381
optionB_budget1.00_beta0.01_gamma0.50,carbonscaler_budget,texas,108,0,304.0,33.1797,35.1742
optionB_budget1.00_beta0.01_gamma0.50,carbonscaler_budget,texas,109,0,248.0,31.4548,24.6765
optionB_budget1.00_beta0.01_gamma0.50,carbonscaler_budget,texas,110,1,184.0,38.305,46.8454
optionB_budget1.00_beta0.01_gamma0.50,carbonscaler_budget,texas,111,1,174.0,44.6788,51.8874
optionB_budget1.00_beta0.01_gamma0.50,carbonscaler_budget,texas,112,1,177.0,71.7543,79.6828
optionB_budget1.00_beta0.01_gamma0.50,carbonscaler_budget,texas,113,0,196.0,79.5829,82.3547
optionB_budget1.00_beta0.01_gamma0.50,carbonscaler_budget,texas,114,0,213.0,84.6147,97.1739
optionB_budget1.00_beta0.01_gamma0.50,carbonscaler_budget,texas,115,0,226.0,90.7311,97.586
optionB_budget1.00_beta0.01_gamma0.50,carbonscaler_budget,texas,116,0,248.0,72.6597,75.9426
optionB_budget1.00_beta0.01_gamma0.50,carbonscaler_budget,texas,117,0,261.0,58.4517,48.183
optionB_budget1.00_beta0.01_gamma0.50,carbonscaler_budget,texas,118,0,261.0,47.6005,21.6266
optionB_budget1.00_beta0.01_gamma0.50,carbonscaler_budget,texas,119,0,298.0,35.7758,45.0111
optionB_budget1.00_beta0.01_gamma0.50,carbonscaler_budget,texas,120,0,322.0,34.4184,3.1802
optionB_budget1.00_beta0.01_gamma0.50,carbonscaler_budget,texas,121,0,323.0,26.6931,33.8542
optionB_budget1.00_beta0.01_gamma0.50,carbonscaler_budget,texas,122,0,326.0,27.0471,39.854
optionB_budget1.00_beta0.01_gamma0.50,carbonscaler_budget,texas,123,0,329.0,27.4566,35.9491
optionB_budget1.00_beta0.01_gamma0.50,carbonscaler_budget,texas,124,0,336.0,27.0468,15.8623
optionB_budget1.00_beta0.01_gamma0.50,carbonscaler_budget,texas,125,0,351.0,33.5566,33.7048
optionB_budget1.00_beta0.01_gamma0.50,carbonscaler_budget,texas,126,0,372.0,52.3004,46.225
optionB_budget1.00_beta0.01_gamma0.50,carbonscaler_budget,texas,127,0,403.0,41.1263,54.341
optionB_budget1.00_beta0.01_gamma0.50,carbonscaler_budget,texas,128,0,410.0,40.5935,25.8551
optionB_budget1.00_beta0.01_gamma0.50,carbonscaler_budget,texas,129,0,428.0,34.9955,29.5548
optionB_budget1.00_beta0.01_gamma0.50,carbonscaler_budget,texas,130,0,458.0,34.4782,17.3617
optionB_budget1.00_beta0.01_gamma0.50,carbonscaler_budget,texas,131,0,459.0,35.3146,34.5319
optionB_budget1.00_beta0.01_gamma0.50,carbonscaler_budget,texas,132,0,460.0,30.2066,21.6721
optionB_budget1.00_beta0.01_gamma0.50,carbonscaler_budget,texas,133,0,446.0,32.2738,10.2045
optionB_budget1.00_beta0.01_gamma0.50,carbonscaler_budget,texas,134,0,422.0,37.2785,55.1661
optionB_budget1.00_beta0.01_gamma0.50,carbonscaler_budget,texas,135,0,391.0,39.925,41.3759
optionB_budget1.00_beta0.01_gamma0.50,carbonscaler_budget,texas,136,0,330.0,48.562,43.6064
optionB_budget1.00_beta0.01_gamma0.50,carbonscaler_budget,texas,137,0,286.0,69.0366,69.9293
optionB_budget1.00_beta0.01_gamma0.50,carbonscaler_budget,texas,138,0,268.0,83.8074,97.6167
optionB_budget1.00_beta0.01_gamma0.50,carbonscaler_budget,texas,139,0,271.0,86.8532,74.6391
optionB_budget1.00_beta0.01_gamma0.50,carbonscaler_budget,texas,140,0,272.0,63.0653,47.1049
optionB_budget1.00_beta0.01_gamma0.50,carbonscaler_budget,texas,141,0,268.0,42.7586,58.1839
optionB_budget1.00_beta0.01_gamma0.50,carbonscaler_budget,texas,142,0,288.0,37.4293,26.3516
optionB_budget1.00_beta0.01_gamma0.50,carbonscaler_budget,texas,143,0,350.0,32.009,38.8331
optionB_budget1.00_beta0.01_gamma0.50,carbonscaler_budget,texas,144,0,430.0,24.7798,32.6589
optionB_budget1.00_beta0.01_gamma0.50,carbonscaler_budget,texas,145,0,433.0,21.8683,2.6208
optionB_budget1.00_beta0.01_gamma0.50,carbonscaler_budget,texas,146,0,397.0,22.2148,36.13
optionB_budget1.00_beta0.01_gamma0.50,carbonscaler_budget,texas,147,0,351.0,18.3983,23.1044
optionB_budget1.00_beta0.01_gamma0.50,carbonscaler_budget,texas,148,0,328.0,32.3717,29.3217
optionB_budget1.00_beta0.01_gamma0.50,carbonscaler_budget,texas,149,0,306.0,34.6748,39.3135
optionB_budget1.00_beta0.01_gamma0.50,carbonscaler_budget,texas,150,0,296.0,42.6753,35.151
optionB_budget1.00_beta0.01_gamma0.50,carbonscaler_budget,texas,151,0,284.0,38.7331,28.6715
optionB_budget1.00_beta0.01_gamma0.50,carbonscaler_budget,texas,152,0,273.0,29.6649,11.5294
optionB_budget1.00_beta0.01_gamma0.50,carbonscaler_budget,texas,153,0,282.0,31.2479,35.5552
optionB_budget1.00_beta0.01_gamma0.50,carbonscaler_budget,texas,154,0,284.0,25.1636,23.4749
optionB_budget1.00_beta0.01_gamma0.50,carbonscaler_budget,texas,155,0,286.0,29.8553,16.953
optionB_budget1.00_beta0.01_gamma0.50,carbonscaler_budget,texas,156,0,281.0,23.7051,27.1849
optionB_budget1.00_beta0.01_gamma0.50,carbonscaler_budget,texas,157,0,229.0,18.5874,29.3418
optionB_budget1.00_beta0.01_gamma0.50,carbonscaler_budget,texas,158,1,195.0,22.3155,29.4613
optionB_budget1.00_beta0.01_gamma0.50,carbonscaler_budget,texas,159,1,176.0,33.9523,38.8842
optionB_budget1.00_beta0.01_gamma0.50,carbonscaler_budget,texas,160,1,166.0,49.2018,37.4999
optionB_budget1.00_beta0.01_gamma0.50,carbonscaler_budget,texas,161,1,161.0,70.3761,84.3554
optionB_budget1.00_beta0.01_gamma0.50,carbonscaler_budget,texas,162,1,160.0,82.5323,315.8753
optionB_budget1.00_beta0.01_gamma0.50,carbonscaler_budget,texas,163,1,156.0,77.9932,55.3274
optionB_budget1.00_beta0.01_gamma0.50,carbonscaler_budget,texas,164,2,152.0,56.4896,65.504
optionB_budget1.00_beta0.01_gamma0.50,carbonscaler_budget,texas,165,2,157.0,40.4494,40.6216
optionB_budget1.00_beta0.01_gamma0.50,carbonscaler_budget,texas,166,1,172.0,35.5752,57.7525
optionB_budget1.00_beta0.01_gamma0.50,carbonscaler_budget,texas,167,0,225.0,34.5751,21.7347
optionB_budget1.10_beta0.01_gamma0.50,carbonscaler_budget,texas,0,0,328.0,19.2775,17.8248
optionB_budget1.10_beta0.01_gamma0.50,carbonscaler_budget,texas,1,0,334.0,16.6164,15.7787
optionB_budget1.10_beta0.01_gamma0.50,carbonscaler_budget,texas,2,0,335.0,20.7381,1.8708
optionB_budget1.10_beta0.01_gamma0.50,carbonscaler_budget,texas,3,0,317.0,23.2364,28.2329
optionB_budget1.10_beta0.01_gamma0.50,carbonscaler_budget,texas,4,0,301.0,20.06,14.8483
optionB_budget1.10_beta0.01_gamma0.50,carbonscaler_budget,texas,5,0,296.0,29.3968,51.5483
optionB_budget1.10_beta0.01_gamma0.50,carbonscaler_budget,texas,6,0,316.0,43.8936,31.8114
optionB_budget1.10_beta0.01_gamma0.50,carbonscaler_budget,texas,7,0,308.0,62.7105,45.1646
optionB_budget1.10_beta0.01_gamma0.50,carbonscaler_budget,texas,8,0,296.0,54.451,60.3267
optionB_budget1.10_beta0.01_gamma0.50,carbonscaler_budget,texas,9,0,288.0,38.887,43.8311
optionB_budget1.10_beta0.01_gamma0.50,carbonscaler_budget,texas,10,0,298.0,27.1267,31.5591
optionB_budget1.10_beta0.01_gamma0.50,carbonscaler_budget,texas,11,0,338.0,28.9764,30.0482
optionB_budget1.10_beta0.01_gamma0.50,carbonscaler_budget,texas,12,0,355.0,38.0115,29.9228
optionB_budget1.10_beta0.01_gamma0.50,carbonscaler_budget,texas,13,0,291.0,29.9031,38.8508
optionB_budget1.10_beta0.01_gamma0.50,carbonscaler_budget,texas,14,0,212.0,33.1116,32.2559
optionB_budget1.10_beta0.01_gamma0.50,carbonscaler_budget,texas,15,0,206.0,41.568,16.529
optionB_budget1.10_beta0.01_gamma0.50,carbonscaler_budget,texas,16,0,210.0,45.7167,25.4052
optionB_budget1.10_beta0.01_gamma0.50,carbonscaler_budget,texas,17,0,221.0,78.5971,82.9235
optionB_budget1.10_beta0.01_gamma0.50,carbonscaler_budget,texas,18,0,244.0,101.4019,117.31
optionB_budget1.10_beta0.01_gamma0.50,carbonscaler_budget,texas,19,0,262.0,103.407,103.1499
optionB_budget1.10_beta0.01_gamma0.50,carbonscaler_budget,texas,20,0,273.0,66.1658,63.0775
optionB_budget1.10_beta0.01_gamma0.50,carbonscaler_budget,texas,21,0,285.0,57.144,46.6209
optionB_budget1.10_beta0.01_gamma0.50,carbonscaler_budget,texas,22,0,317.0,45.2341,44.1106
optionB_budget1.10_beta0.01_gamma0.50,carbonscaler_budget,texas,23,0,396.0,36.8464,27.4255
optionB_budget1.10_beta0.01_gamma0.50,carbonscaler_budget,texas,24,0,478.0,32.591,36.2471
optionB_budget1.10_beta0.01_gamma0.50,carbonscaler_budget,texas,25,0,490.0,32.1319,50.6746
optionB_budget1.10_beta0.01_gamma0.50,carbonscaler_budget,texas,26,0,499.0,31.3126,26.8969
optionB_budget1.10_beta0.01_gamma0.50,carbonscaler_budget,texas,27,0,501.0,32.5465,25.013
optionB_budget1.10_beta0.01_gamma0.50,carbonscaler_budget,texas,28,0,488.0,37.1626,45.4781
optionB_budget1.10_beta0.01_gamma0.50,carbonscaler_budget,texas,29,0,480.0,39.1023,54.8141
optionB_budget1.10_beta0.01_gamma0.50,carbonscaler_budget,texas,30,0,473.0,85.3805,100.8457
optionB_budget1.10_beta0.01_gamma0.50,carbonscaler_budget,texas,31,0,468.0,72.0049,72.4015
optionB_budget1.10_beta0.01_gamma0.50,carbonscaler_budget,texas,32,0,474.0,54.2857,58.8232
optionB_budget1.10_beta0.01_gamma0.50,carbonscaler_budget,texas,33,0,482.0,32.528,38.5596
optionB_budget1.10_beta0.01_gamma0.50,carbonscaler_budget,texas,34,0,484.0,27.67,12.9177
optionB_budget1.10_beta0.01_gamma0.50,carbonscaler_budget,texas,35,0,477.0,20.791,6.3943
optionB_budget1.10_beta0.01_gamma0.50,carbonscaler_budget,texas,36,0,476.0,25.4165,35.1304
optionB_budget1.10_beta0.01_gamma0.50,carbonscaler_budget,texas,37,0,412.0,24.4097,49.4509
optionB_budget1.10_beta0.01_gamma0.50,carbonscaler_budget,texas,38,0,326.0,27.614,23.2625
optionB_budget1.10_beta0.01_gamma0.50,carbonscaler_budget,texas,39,0,252.0,42.2607,50.5134
optionB_budget1.10_beta0.01_gamma0.50,carbonscaler_budget,texas,40,0,235.0,54.7619,38.9519
optionB_budget1.10_beta0.01_gamma0.50,carbonscaler_budget,texas,41,0,247.0,80.7979,83.5923
optionB_budget1.10_beta0.01_gamma0.50,carbonscaler_budget,texas,42,0,258.0,107.434,126.0267
optionB_budget1.10_beta0.01_gamma0.50,carbonscaler_budget,texas,43,0,264.0,103.5981,103.2799
optionB_budget1.10_beta0.01_gamma0.50,carbonscaler_budget,texas,44,0,258.0,72.0962,77.7264
optionB_budget1.10_beta0.01_gamma0.50,carbonscaler_budget,texas,45,0,253.0,48.587,30.7592
optionB_budget1.10_beta0.01_gamma0.50,carbonscaler_budget,texas,46,0,255.0,44.4117,57.8934
optionB_budget1.10_beta0.01_gamma0.50,carbonscaler_budget,texas,47,0,314.0,38.6266,26.3231
optionB_budget1.10_beta0.01_gamma0.50,carbonscaler_budget,texas,48,0,392.0,32.0924,28.8717
optionB_budget1.10_beta0.01_gamma0.50,carbonscaler_budget,texas,49,0,385.0,28.8055,26.071
optionB_budget1.10_beta0.01_gamma0.50,carbonscaler_budget,texas,50,0,365.0,33.5914,35.4776
optionB_budget1.10_beta0.01_gamma0.50,carbonscaler_budget,texas,51,0,353.0,32.3168,50.0175
optionB_budget1.10_beta0.01_gamma0.50,carbonscaler_budget,texas,52,0,329.0,33.1141,13.8613
optionB_budget1.10_beta0.01_gamma0.50,carbonscaler_budget,texas,53,0,316.0,42.9691,1.7233
optionB_budget1.10_beta0.01_gamma0.50,carbonscaler_budget,texas,54,0,313.0,88.436,76.0777
optionB_budget1.10_beta0.01_gamma0.50,carbonscaler_budget,texas,55,0,310.0,78.5756,57.0641
optionB_budget1.10_beta0.01_gamma0.50,carbonscaler_budget,texas,56,0,304.0,53.6439,42.7179
optionB_budget1.10_beta0.01_gamma0.50,carbonscaler_budget,texas,57,0,302.0,49.4488,32.4688
optionB_budget1.10_beta0.01_gamma0.50,carbonscaler_budget,texas,58,0,314.0,44.3883,36.629
optionB_budget1.10_beta0.01_gamma0.50,carbonscaler_budget,texas,59,0,329.0,37.6079,38.8651
optionB_budget1.10_beta0.01_gamma0.50,carbonscaler_budget,texas,60,0,331.0,38.3759,19.3692
optionB_budget1.10_beta0.01_gamma0.50,carbonscaler_budget,texas,61,0,280.0,33.4808,34.7665
optionB_budget1.10_beta0.01_gamma0.50,carbonscaler_budget,texas,62,0,217.0,36.7459,51.8435
optionB_budget1.10_beta0.01_gamma0.50,carbonscaler_budget,texas,63,1,200.0,43.8455,48.4703
optionB_budget1.10_beta0.01_gamma0.50,carbonscaler_budget,texas,64,0,195.0,66.6336,71.2876
optionB_budget1.10_beta0.01_gamma0.50,carbonscaler_budget,texas,65,0,196.0,77.8332,74.0469
optionB_budget1.10_beta0.01_gamma0.50,carbonscaler_budget,texas,66,0,199.0,88.0436,74.759
optionB_budget1.10_beta0.01_gamma0.50,carbonscaler_budget,texas,67,1,189.0,74.654,69.5679
optionB_budget1.10_beta0.01_gamma0.50,carbonscaler_budget,texas,68,0,195.0,59.6448,52.51
optionB_budget1.10_beta0.01_gamma0.50,carbonscaler_budget,texas,69,0,205.0,42.9124,23.1283
optionB_budget1.10_beta0.01_gamma0.50,carbonscaler_budget,texas,70,0,223.0,39.0859,51.1288
optionB_budget1.10_beta0.01_gamma0.50,carbonscaler_budget,texas,71,0,270.0,33.9994,48.4275
optionB_budget1.10_beta0.01_gamma0.50,carbonscaler_budget,texas,72,0,327.0,18.5248,12.2567
optionB_budget1.10_beta0.01_gamma0.50,carbonscaler_budget,texas,73,0,337.0,14.984,13.8198
optionB_budget1.10_beta0.01_gamma0.50,carbonscaler_budget,texas,74,0,334.0,22.1906,10.8001
optionB_budget1.10_beta0.01_gamma0.50,carbonscaler_budget,texas,75,0,328.0,19.435,15.7472
optionB_budget1.10_beta0.01_gamma0.50,carbonscaler_budget,texas,76,0,317.0,22.2038,21.4563
optionB_budget1.10_beta0.01_gamma0.50,carbonscaler_budget,texas,77,0,308.0,24.7532,50.8865
optionB_budget1.10_beta0.01_gamma0.50,carbonscaler_budget,texas,78,0,295.0,44.9286,55.3287
optionB_budget1.10_beta0.01_gamma0.50,carbonscaler_budget,texas,79,0,288.0,44.1536,48.3785
optionB_budget1.10_beta0.01_gamma0.50,carbonscaler_budget,texas,80,0,287.0,36.1665,43.6827
optionB_budget1.10_beta0.01_gamma0.50,carbonscaler_budget,texas,81,0,286.0,25.3298,45.2417
optionB_budget1.10_beta0.01_gamma0.50,carbonscaler_budget,texas,82,0,298.0,33.193,46.2954
optionB_budget1.10_beta0.01_gamma0.50,carbonscaler_budget,texas,83,0,310.0,26.7276,44.2469
optionB_budget1.10_beta0.01_gamma0.50,carbonscaler_budget,texas,84,0,310.0,33.9512,36.1223
optionB_budget1.10_beta0.01_gamma0.50,carbonscaler_budget,texas,85,0,270.0,27.6064,28.8588
optionB_budget1.10_beta0.01_gamma0.50,carbonscaler_budget,texas,86,1,202.0,32.4517,42.6745
optionB_budget1.10_beta0.01_gamma0.50,carbonscaler_budget,texas,87,1,175.0,40.2416,32.6834
optionB_budget1.10_beta0.01_gamma0.50,carbonscaler_budget,texas,88,1,172.0,53.0439,42.1723
optionB_budget1.10_beta0.01_gamma0.50,carbonscaler_budget,texas,89,1,174.0,69.9053,85.9597
optionB_budget1.10_beta0.01_gamma0.50,carbonscaler_budget,texas,90,1,182.0,74.5283,48.914
optionB_budget1.10_beta0.01_gamma0.50,carbonscaler_budget,texas,91,1,178.0,71.9282,69.4357
optionB_budget1.10_beta0.01_gamma0.50,carbonscaler_budget,texas,92,1,185.0,56.4093,34.4017
optionB_budget1.10_beta0.01_gamma0.50,carbonscaler_budget,texas,93,1,194.0,41.7628,65.359
optionB_budget1.10_beta0.01_gamma0.50,carbonscaler_budget,texas,94,1,203.0,34.5555,9.0625
optionB_budget1.10_beta0.01_gamma0.50,carbonscaler_budget,texas,95,0,255.0,29.5876,30.7059
optionB_budget1.10_beta0.01_gamma0.50,carbonscaler_budget,texas,96,0,318.0,15.8476,38.6492
optionB_budget1.10_beta0.01_gamma0.50,carbonscaler_budget,texas,97,0,321.0,16.7486,15.6193
optionB_budget1.10_beta0.01_gamma0.50,carbonscaler_budget,texas,98,0,320.0,20.1301,24.4951
optionB_budget1.10_beta0.01_gamma0.50,carbonscaler_budget,texas,99,0,314.0,18.2408,22.7785
optionB_budget1.10_beta0.01_gamma0.50,carbonscaler_budget,texas,100,0,296.0,23.1163,13.6666
optionB_budget1.10_beta0.01_gamma0.50,carbonscaler_budget,texas,101,0,283.0,26.2878,23.1784
optionB_budget1.10_beta0.01_gamma0.50,carbonscaler_budget,texas,102,0,278.0,56.0265,61.7002
optionB_budget1.10_beta0.01_gamma0.50,carbonscaler_budget,texas,103,0,280.0,60.9573,49.7274
optionB_budget1.10_beta0.01_gamma0.50,carbonscaler_budget,texas,104,0,288.0,45.9952,41.5203
optionB_budget1.10_beta0.01_gamma0.50,carbonscaler_budget,texas,105,0,306.0,44.8534,39.8341
optionB_budget1.10_beta0.01_gamma0.50,carbonscaler_budget,texas,106,0,317.0,37.8107,36.8132
optionB_budget1.10_beta0.01_gamma0.50,carbonscaler_budget,texas,107,0,315.0,35.2101,32.7381
optionB_budget1.10_beta0.01_gamma0.50,carbonscaler_budget,texas,108,0,304.0,33.1797,35.1742
optionB_budget1.10_beta0.01_gamma0.50,carbonscaler_budget,texas,109,0,248.0,31.4548,24.6765
optionB_budget1.10_beta0.01_gamma0.50,carbonscaler_budget,texas,110,1,184.0,38.305,46.8454
optionB_budget1.10_beta0.01_gamma0.50,carbonscaler_budget,texas,111,1,174.0,44.6788,51.8874
optionB_budget1.10_beta0.01_gamma0.50,carbonscaler_budget,texas,112,1,177.0,71.7543,79.6828
optionB_budget1.10_beta0.01_gamma0.50,carbonscaler_budget,texas,113,0,196.0,79.5829,82.3547
optionB_budget1.10_beta0.01_gamma0.50,carbonscaler_budget,texas,114,0,213.0,84.6147,97.1739
optionB_budget1.10_beta0.01_gamma0.50,carbonscaler_budget,texas,115,0,226.0,90.7311,97.586
optionB_budget1.10_beta0.01_gamma0.50,carbonscaler_budget,texas,116,0,248.0,72.6597,75.9426
optionB_budget1.10_beta0.01_gamma0.50,carbonscaler_budget,texas,117,0,261.0,58.4517,48.183
optionB_budget1.10_beta0.01_gamma0.50,carbonscaler_budget,texas,118,0,261.0,47.6005,21.6266
optionB_budget1.10_beta0.01_gamma0.50,carbonscaler_budget,texas,119,0,298.0,35.7758,45.0111
optionB_budget1.10_beta0.01_gamma0.50,carbonscaler_budget,texas,120,0,322.0,34.4184,3.1802
optionB_budget1.10_beta0.01_gamma0.50,carbonscaler_budget,texas,121,0,323.0,26.6931,33.8542
optionB_budget1.10_beta0.01_gamma0.50,carbonscaler_budget,texas,122,0,326.0,27.0471,39.854
optionB_budget1.10_beta0.01_gamma0.50,carbonscaler_budget,texas,123,0,329.0,27.4566,35.9491
optionB_budget1.10_beta0.01_gamma0.50,carbonscaler_budget,texas,124,0,336.0,27.0468,15.8623
optionB_budget1.10_beta0.01_gamma0.50,carbonscaler_budget,texas,125,0,351.0,33.5566,33.7048
optionB_budget1.10_beta0.01_gamma0.50,carbonscaler_budget,texas,126,0,372.0,52.3004,46.225
optionB_budget1.10_beta0.01_gamma0.50,carbonscaler_budget,texas,127,0,403.0,41.1263,54.341
optionB_budget1.10_beta0.01_gamma0.50,carbonscaler_budget,texas,128,0,410.0,40.5935,25.8551
optionB_budget1.10_beta0.01_gamma0.50,carbonscaler_budget,texas,129,0,428.0,34.9955,29.5548
optionB_budget1.10_beta0.01_gamma0.50,carbonscaler_budget,texas,130,0,458.0,34.4782,17.3617
optionB_budget1.10_beta0.01_gamma0.50,carbonscaler_budget,texas,131,0,459.0,35.3146,34.5319
optionB_budget1.10_beta0.01_gamma0.50,carbonscaler_budget,texas,132,0,460.0,30.2066,21.6721
optionB_budget1.10_beta0.01_gamma0.50,carbonscaler_budget,texas,133,0,446.0,32.2738,10.2045
optionB_budget1.10_beta0.01_gamma0.50,carbonscaler_budget,texas,134,0,422.0,37.2785,55.1661
optionB_budget1.10_beta0.01_gamma0.50,carbonscaler_budget,texas,135,0,391.0,39.925,41.3759
optionB_budget1.10_beta0.01_gamma0.50,carbonscaler_budget,texas,136,0,330.0,48.562,43.6064
optionB_budget1.10_beta0.01_gamma0.50,carbonscaler_budget,texas,137,0,286.0,69.0366,69.9293
optionB_budget1.10_beta0.01_gamma0.50,carbonscaler_budget,texas,138,0,268.0,83.8074,97.6167
optionB_budget1.10_beta0.01_gamma0.50,carbonscaler_budget,texas,139,0,271.0,86.8532,74.6391
optionB_budget1.10_beta0.01_gamma0.50,carbonscaler_budget,texas,140,0,272.0,63.0653,47.1049
optionB_budget1.10_beta0.01_gamma0.50,carbonscaler_budget,texas,141,0,268.0,42.7586,58.1839
optionB_budget1.10_beta0.01_gamma0.50,carbonscaler_budget,texas,142,0,288.0,37.4293,26.3516
optionB_budget1.10_beta0.01_gamma0.50,carbonscaler_budget,texas,143,0,350.0,32.009,38.8331
optionB_budget1.10_beta0.01_gamma0.50,carbonscaler_budget,texas,144,0,430.0,24.7798,32.6589
optionB_budget1.10_beta0.01_gamma0.50,carbonscaler_budget,texas,145,0,433.0,21.8683,2.6208
optionB_budget1.10_beta0.01_gamma0.50,carbonscaler_budget,texas,146,0,397.0,22.2148,36.13
optionB_budget1.10_beta0.01_gamma0.50,carbonscaler_budget,texas,147,0,351.0,18.3983,23.1044
optionB_budget1.10_beta0.01_gamma0.50,carbonscaler_budget,texas,148,0,328.0,32.3717,29.3217
optionB_budget1.10_beta0.01_gamma0.50,carbonscaler_budget,texas,149,0,306.0,34.6748,39.3135
optionB_budget1.10_beta0.01_gamma0.50,carbonscaler_budget,texas,150,0,296.0,42.6753,35.151
optionB_budget1.10_beta0.01_gamma0.50,carbonscaler_budget,texas,151,0,284.0,38.7331,28.6715
optionB_budget1.10_beta0.01_gamma0.50,carbonscaler_budget,texas,152,0,273.0,29.6649,11.5294
optionB_budget1.10_beta0.01_gamma0.50,carbonscaler_budget,texas,153,0,282.0,31.2479,35.5552
optionB_budget1.10_beta0.01_gamma0.50,carbonscaler_budget,texas,154,0,284.0,25.1636,23.4749
optionB_budget1.10_beta0.01_gamma0.50,carbonscaler_budget,texas,155,0,286.0,29.8553,16.953
optionB_budget1.10_beta0.01_gamma0.50,carbonscaler_budget,texas,156,0,281.0,23.7051,27.1849
optionB_budget1.10_beta0.01_gamma0.50,carbonscaler_budget,texas,157,0,229.0,18.5874,29.3418
optionB_budget1.10_beta0.01_gamma0.50,carbonscaler_budget,texas,158,1,195.0,22.3155,29.4613
optionB_budget1.10_beta0.01_gamma0.50,carbonscaler_budget,texas,159,1,176.0,33.9523,38.8842
optionB_budget1.10_beta0.01_gamma0.50,carbonscaler_budget,texas,160,1,166.0,49.2018,37.4999
optionB_budget1.10_beta0.01_gamma0.50,carbonscaler_budget,texas,161,1,161.0,70.3761,84.3554
optionB_budget1.10_beta0.01_gamma0.50,carbonscaler_budget,texas,162,1,160.0,82.5323,315.8753
optionB_budget1.10_beta0.01_gamma0.50,carbonscaler_budget,texas,163,1,156.0,77.9932,55.3274
optionB_budget1.10_beta0.01_gamma0.50,carbonscaler_budget,texas,164,2,152.0,56.4896,65.504
optionB_budget1.10_beta0.01_gamma0.50,carbonscaler_budget,texas,165,2,157.0,40.4494,40.6216
optionB_budget1.10_beta0.01_gamma0.50,carbonscaler_budget,texas,166,1,172.0,35.5752,57.7525
optionB_budget1.10_beta0.01_gamma0.50,carbonscaler_budget,texas,167,0,225.0,34.5751,21.7347
optionB_budget1.20_beta0.01_gamma0.50,carbonscaler_budget,texas,0,0,328.0,19.2775,17.8248
optionB_budget1.20_beta0.01_gamma0.50,carbonscaler_budget,texas,1,0,334.0,16.6164,15.7787
optionB_budget1.20_beta0.01_gamma0.50,carbonscaler_budget,texas,2,0,335.0,20.7381,1.8708
optionB_budget1.20_beta0.01_gamma0.50,carbonscaler_budget,texas,3,0,317.0,23.2364,28.2329
optionB_budget1.20_beta0.01_gamma0.50,carbonscaler_budget,texas,4,0,301.0,20.06,14.8483
optionB_budget1.20_beta0.01_gamma0.50,carbonscaler_budget,texas,5,0,296.0,29.3968,51.5483
optionB_budget1.20_beta0.01_gamma0.50,carbonscaler_budget,texas,6,0,316.0,43.8936,31.8114
optionB_budget1.20_beta0.01_gamma0.50,carbonscaler_budget,texas,7,0,308.0,62.7105,45.1646
optionB_budget1.20_beta0.01_gamma0.50,carbonscaler_budget,texas,8,0,296.0,54.451,60.3267
optionB_budget1.20_beta0.01_gamma0.50,carbonscaler_budget,texas,9,0,288.0,38.887,43.8311
optionB_budget1.20_beta0.01_gamma0.50,carbonscaler_budget,texas,10,0,298.0,27.1267,31.5591
optionB_budget1.20_beta0.01_gamma0.50,carbonscaler_budget,texas,11,0,338.0,28.9764,30.0482
optionB_budget1.20_beta0.01_gamma0.50,carbonscaler_budget,texas,12,0,355.0,38.0115,29.9228
optionB_budget1.20_beta0.01_gamma0.50,carbonscaler_budget,texas,13,0,291.0,29.9031,38.8508
optionB_budget1.20_beta0.01_gamma0.50,carbonscaler_budget,texas,14,0,212.0,33.1116,32.2559
optionB_budget1.20_beta0.01_gamma0.50,carbonscaler_budget,texas,15,0,206.0,41.568,16.529
optionB_budget1.20_beta0.01_gamma0.50,carbonscaler_budget,texas,16,0,210.0,45.7167,25.4052
optionB_budget1.20_beta0.01_gamma0.50,carbonscaler_budget,texas,17,0,221.0,78.5971,82.9235
optionB_budget1.20_beta0.01_gamma0.50,carbonscaler_budget,texas,18,0,244.0,101.4019,117.31
optionB_budget1.20_beta0.01_gamma0.50,carbonscaler_budget,texas,19,0,262.0,103.407,103.1499
optionB_budget1.20_beta0.01_gamma0.50,carbonscaler_budget,texas,20,0,273.0,66.1658,63.0775
optionB_budget1.20_beta0.01_gamma0.50,carbonscaler_budget,texas,21,0,285.0,57.144,46.6209
optionB_budget1.20_beta0.01_gamma0.50,carbonscaler_budget,texas,22,0,317.0,45.2341,44.1106
optionB_budget1.20_beta0.01_gamma0.50,carbonscaler_budget,texas,23,0,396.0,36.8464,27.4255
optionB_budget1.20_beta0.01_gamma0.50,carbonscaler_budget,texas,24,0,478.0,32.591,36.2471
optionB_budget1.20_beta0.01_gamma0.50,carbonscaler_budget,texas,25,0,490.0,32.1319,50.6746
optionB_budget1.20_beta0.01_gamma0.50,carbonscaler_budget,texas,26,0,499.0,31.3126,26.8969
optionB_budget1.20_beta0.01_gamma0.50,carbonscaler_budget,texas,27,0,501.0,32.5465,25.013
optionB_budget1.20_beta0.01_gamma0.50,carbonscaler_budget,texas,28,0,488.0,37.1626,45.4781
optionB_budget1.20_beta0.01_gamma0.50,carbonscaler_budget,texas,29,0,480.0,39.1023,54.8141
optionB_budget1.20_beta0.01_gamma0.50,carbonscaler_budget,texas,30,0,473.0,85.3805,100.8457
optionB_budget1.20_beta0.01_gamma0.50,carbonscaler_budget,texas,31,0,468.0,72.0049,72.4015
optionB_budget1.20_beta0.01_gamma0.50,carbonscaler_budget,texas,32,0,474.0,54.2857,58.8232
optionB_budget1.20_beta0.01_gamma0.50,carbonscaler_budget,texas,33,0,482.0,32.528,38.5596
optionB_budget1.20_beta0.01_gamma0.50,carbonscaler_budget,texas,34,0,484.0,27.67,12.9177
optionB_budget1.20_beta0.01_gamma0.50,carbonscaler_budget,texas,35,0,477.0,20.791,6.3943
optionB_budget1.20_beta0.01_gamma0.50,carbonscaler_budget,texas,36,0,476.0,25.4165,35.1304
optionB_budget1.20_beta0.01_gamma0.50,carbonscaler_budget,texas,37,0,412.0,24.4097,49.4509
optionB_budget1.20_beta0.01_gamma0.50,carbonscaler_budget,texas,38,0,326.0,27.614,23.2625
optionB_budget1.20_beta0.01_gamma0.50,carbonscaler_budget,texas,39,0,252.0,42.2607,50.5134
optionB_budget1.20_beta0.01_gamma0.50,carbonscaler_budget,texas,40,0,235.0,54.7619,38.9519
optionB_budget1.20_beta0.01_gamma0.50,carbonscaler_budget,texas,41,0,247.0,80.7979,83.5923
optionB_budget1.20_beta0.01_gamma0.50,carbonscaler_budget,texas,42,0,258.0,107.434,126.0267
optionB_budget1.20_beta0.01_gamma0.50,carbonscaler_budget,texas,43,0,264.0,103.5981,103.2799
optionB_budget1.20_beta0.01_gamma0.50,carbonscaler_budget,texas,44,0,258.0,72.0962,77.7264
optionB_budget1.20_beta0.01_gamma0.50,carbonscaler_budget,texas,45,0,253.0,48.587,30.7592
optionB_budget1.20_beta0.01_gamma0.50,carbonscaler_budget,texas,46,0,255.0,44.4117,57.8934
optionB_budget1.20_beta0.01_gamma0.50,carbonscaler_budget,texas,47,0,314.0,38.6266,26.3231
optionB_budget1.20_beta0.01_gamma0.50,carbonscaler_budget,texas,48,0,392.0,32.0924,28.8717
optionB_budget1.20_beta0.01_gamma0.50,carbonscaler_budget,texas,49,0,385.0,28.8055,26.071
optionB_budget1.20_beta0.01_gamma0.50,carbonscaler_budget,texas,50,0,365.0,33.5914,35.4776
optionB_budget1.20_beta0.01_gamma0.50,carbonscaler_budget,texas,51,0,353.0,32.3168,50.0175
optionB_budget1.20_beta0.01_gamma0.50,carbonscaler_budget,texas,52,0,329.0,33.1141,13.8613
optionB_budget1.20_beta0.01_gamma0.50,carbonscaler_budget,texas,53,0,316.0,42.9691,1.7233
optionB_budget1.20_beta0.01_gamma0.50,carbonscaler_budget,texas,54,0,313.0,88.436,76.0777
optionB_budget1.20_beta0.01_gamma0.50,carbonscaler_budget,texas,55,0,310.0,78.5756,57.0641
optionB_budget1.20_beta0.01_gamma0.50,carbonscaler_budget,texas,56,0,304.0,53.6439,42.7179
optionB_budget1.20_beta0.01_gamma0.50,carbonscaler_budget,texas,57,0,302.0,49.4488,32.4688
optionB_budget1.20_beta0.01_gamma0.50,carbonscaler_budget,texas,58,0,314.0,44.3883,36.629
optionB_budget1.20_beta0.01_gamma0.50,carbonscaler_budget,texas,59,0,329.0,37.6079,38.8651
optionB_budget1.20_beta0.01_gamma0.50,carbonscaler_budget,texas,60,0,331.0,38.3759,19.3692
optionB_budget1.20_beta0.01_gamma0.50,carbonscaler_budget,texas,61,0,280.0,33.4808,34.7665
optionB_budget1.20_beta0.01_gamma0.50,carbonscaler_budget,texas,62,0,217.0,36.7459,51.8435
optionB_budget1.20_beta0.01_gamma0.50,carbonscaler_budget,texas,63,1,200.0,43.8455,48.4703
optionB_budget1.20_beta0.01_gamma0.50,carbonscaler_budget,texas,64,0,195.0,66.6336,71.2876
optionB_budget1.20_beta0.01_gamma0.50,carbonscaler_budget,texas,65,0,196.0,77.8332,74.0469
optionB_budget1.20_beta0.01_gamma0.50,carbonscaler_budget,texas,66,0,199.0,88.0436,74.759
optionB_budget1.20_beta0.01_gamma0.50,carbonscaler_budget,texas,67,1,189.0,74.654,69.5679
optionB_budget1.20_beta0.01_gamma0.50,carbonscaler_budget,texas,68,0,195.0,59.6448,52.51
optionB_budget1.20_beta0.01_gamma0.50,carbonscaler_budget,texas,69,0,205.0,42.9124,23.1283
optionB_budget1.20_beta0.01_gamma0.50,carbonscaler_budget,texas,70,0,223.0,39.0859,51.1288
optionB_budget1.20_beta0.01_gamma0.50,carbonscaler_budget,texas,71,0,270.0,33.9994,48.4275
optionB_budget1.20_beta0.01_gamma0.50,carbonscaler_budget,texas,72,0,327.0,18.5248,12.2567
optionB_budget1.20_beta0.01_gamma0.50,carbonscaler_budget,texas,73,0,337.0,14.984,13.8198
optionB_budget1.20_beta0.01_gamma0.50,carbonscaler_budget,texas,74,0,334.0,22.1906,10.8001
optionB_budget1.20_beta0.01_gamma0.50,carbonscaler_budget,texas,75,0,328.0,19.435,15.7472
optionB_budget1.20_beta0.01_gamma0.50,carbonscaler_budget,texas,76,0,317.0,22.2038,21.4563
optionB_budget1.20_beta0.01_gamma0.50,carbonscaler_budget,texas,77,0,308.0,24.7532,50.8865
optionB_budget1.20_beta0.01_gamma0.50,carbonscaler_budget,texas,78,0,295.0,44.9286,55.3287
optionB_budget1.20_beta0.01_gamma0.50,carbonscaler_budget,texas,79,0,288.0,44.1536,48.3785
optionB_budget1.20_beta0.01_gamma0.50,carbonscaler_budget,texas,80,0,287.0,36.1665,43.6827
optionB_budget1.20_beta0.01_gamma0.50,carbonscaler_budget,texas,81,0,286.0,25.3298,45.2417
optionB_budget1.20_beta0.01_gamma0.50,carbonscaler_budget,texas,82,0,298.0,33.193,46.2954
optionB_budget1.20_beta0.01_gamma0.50,carbonscaler_budget,texas,83,0,310.0,26.7276,44.2469
optionB_budget1.20_beta0.01_gamma0.50,carbonscaler_budget,texas,84,0,310.0,33.9512,36.1223
optionB_budget1.20_beta0.01_gamma0.50,carbonscaler_budget,texas,85,0,270.0,27.6064,28.8588
optionB_budget1.20_beta0.01_gamma0.50,carbonscaler_budget,texas,86,1,202.0,32.4517,42.6745
optionB_budget1.20_beta0.01_gamma0.50,carbonscaler_budget,texas,87,1,175.0,40.2416,32.6834
optionB_budget1.20_beta0.01_gamma0.50,carbonscaler_budget,texas,88,1,172.0,53.0439,42.1723
optionB_budget1.20_beta0.01_gamma0.50,carbonscaler_budget,texas,89,1,174.0,69.9053,85.9597
optionB_budget1.20_beta0.01_gamma0.50,carbonscaler_budget,texas,90,1,182.0,74.5283,48.914
optionB_budget1.20_beta0.01_gamma0.50,carbonscaler_budget,texas,91,1,178.0,71.9282,69.4357
optionB_budget1.20_beta0.01_gamma0.50,carbonscaler_budget,texas,92,1,185.0,56.4093,34.4017
optionB_budget1.20_beta0.01_gamma0.50,carbonscaler_budget,texas,93,1,194.0,41.7628,65.359
optionB_budget1.20_beta0.01_gamma0.50,carbonscaler_budget,texas,94,1,203.0,34.5555,9.0625
optionB_budget1.20_beta0.01_gamma0.50,carbonscaler_budget,texas,95,0,255.0,29.5876,30.7059
optionB_budget1.20_beta0.01_gamma0.50,carbonscaler_budget,texas,96,0,318.0,15.8476,38.6492
optionB_budget1.20_beta0.01_gamma0.50,carbonscaler_budget,texas,97,0,321.0,16.7486,15.6193
optionB_budget1.20_beta0.01_gamma0.50,carbonscaler_budget,texas,98,0,320.0,20.1301,24.4951
optionB_budget1.20_beta0.01_gamma0.50,carbonscaler_budget,texas,99,0,314.0,18.2408,22.7785
optionB_budget1.20_beta0.01_gamma0.50,carbonscaler_budget,texas,100,0,296.0,23.1163,13.6666
optionB_budget1.20_beta0.01_gamma0.50,carbonscaler_budget,texas,101,0,283.0,26.2878,23.1784
optionB_budget1.20_beta0.01_gamma0.50,carbonscaler_budget,texas,102,0,278.0,56.0265,61.7002
optionB_budget1.20_beta0.01_gamma0.50,carbonscaler_budget,texas,103,0,280.0,60.9573,49.7274
optionB_budget1.20_beta0.01_gamma0.50,carbonscaler_budget,texas,104,0,288.0,45.9952,41.5203
optionB_budget1.20_beta0.01_gamma0.50,carbonscaler_budget,texas,105,0,306.0,44.8534,39.8341
optionB_budget1.20_beta0.01_gamma0.50,carbonscaler_budget,texas,106,0,317.0,37.8107,36.8132
optionB_budget1.20_beta0.01_gamma0.50,carbonscaler_budget,texas,107,0,315.0,35.2101,32.7381
optionB_budget1.20_beta0.01_gamma0.50,carbonscaler_budget,texas,108,0,304.0,33.1797,35.1742
optionB_budget1.20_beta0.01_gamma0.50,carbonscaler_budget,texas,109,0,248.0,31.4548,24.6765
optionB_budget1.20_beta0.01_gamma0.50,carbonscaler_budget,texas,110,1,184.0,38.305,46.8454
optionB_budget1.20_beta0.01_gamma0.50,carbonscaler_budget,texas,111,1,174.0,44.6788,51.8874
optionB_budget1.20_beta0.01_gamma0.50,carbonscaler_budget,texas,112,1,177.0,71.7543,79.6828
optionB_budget1.20_beta0.01_gamma0.50,carbonscaler_budget,texas,113,0,196.0,79.5829,82.3547
optionB_budget1.20_beta0.01_gamma0.50,carbonscaler_budget,texas,114,0,213.0,84.6147,97.1739
optionB_budget1.20_beta0.01_gamma0.50,carbonscaler_budget,texas,115,0,226.0,90.7311,97.586
optionB_budget1.20_beta0.01_gamma0.50,carbonscaler_budget,texas,116,0,248.0,72.6597,75.9426
optionB_budget1.20_beta0.01_gamma0.50,carbonscaler_budget,texas,117,0,261.0,58.4517,48.183
optionB_budget1.20_beta0.01_gamma0.50,carbonscaler_budget,texas,118,0,261.0,47.6005,21.6266
optionB_budget1.20_beta0.01_gamma0.50,carbonscaler_budget,texas,119,0,298.0,35.7758,45.0111
optionB_budget1.20_beta0.01_gamma0.50,carbonscaler_budget,texas,120,0,322.0,34.4184,3.1802
optionB_budget1.20_beta0.01_gamma0.50,carbonscaler_budget,texas,121,0,323.0,26.6931,33.8542
optionB_budget1.20_beta0.01_gamma0.50,carbonscaler_budget,texas,122,0,326.0,27.0471,39.854
optionB_budget1.20_beta0.01_gamma0.50,carbonscaler_budget,texas,123,0,329.0,27.4566,35.9491
optionB_budget1.20_beta0.01_gamma0.50,carbonscaler_budget,texas,124,0,336.0,27.0468,15.8623
optionB_budget1.20_beta0.01_gamma0.50,carbonscaler_budget,texas,125,0,351.0,33.5566,33.7048
optionB_budget1.20_beta0.01_gamma0.50,carbonscaler_budget,texas,126,0,372.0,52.3004,46.225
optionB_budget1.20_beta0.01_gamma0.50,carbonscaler_budget,texas,127,0,403.0,41.1263,54.341
optionB_budget1.20_beta0.01_gamma0.50,carbonscaler_budget,texas,128,0,410.0,40.5935,25.8551
optionB_budget1.20_beta0.01_gamma0.50,carbonscaler_budget,texas,129,0,428.0,34.9955,29.5548
optionB_budget1.20_beta0.01_gamma0.50,carbonscaler_budget,texas,130,0,458.0,34.4782,17.3617
optionB_budget1.20_beta0.01_gamma0.50,carbonscaler_budget,texas,131,0,459.0,35.3146,34.5319
optionB_budget1.20_beta0.01_gamma0.50,carbonscaler_budget,texas,132,0,460.0,30.2066,21.6721
optionB_budget1.20_beta0.01_gamma0.50,carbonscaler_budget,texas,133,0,446.0,32.2738,10.2045
optionB_budget1.20_beta0.01_gamma0.50,carbonscaler_budget,texas,134,0,422.0,37.2785,55.1661
optionB_budget1.20_beta0.01_gamma0.50,carbonscaler_budget,texas,135,0,391.0,39.925,41.3759
optionB_budget1.20_beta0.01_gamma0.50,carbonscaler_budget,texas,136,0,330.0,48.562,43.6064
optionB_budget1.20_beta0.01_gamma0.50,carbonscaler_budget,texas,137,0,286.0,69.0366,69.9293
optionB_budget1.20_beta0.01_gamma0.50,carbonscaler_budget,texas,138,0,268.0,83.8074,97.6167
optionB_budget1.20_beta0.01_gamma0.50,carbonscaler_budget,texas,139,0,271.0,86.8532,74.6391
optionB_budget1.20_beta0.01_gamma0.50,carbonscaler_budget,texas,140,0,272.0,63.0653,47.1049
optionB_budget1.20_beta0.01_gamma0.50,carbonscaler_budget,texas,141,0,268.0,42.7586,58.1839
optionB_budget1.20_beta0.01_gamma0.50,carbonscaler_budget,texas,142,0,288.0,37.4293,26.3516
optionB_budget1.20_beta0.01_gamma0.50,carbonscaler_budget,texas,143,0,350.0,32.009,38.8331
optionB_budget1.20_beta0.01_gamma0.50,carbonscaler_budget,texas,144,0,430.0,24.7798,32.6589
optionB_budget1.20_beta0.01_gamma0.50,carbonscaler_budget,texas,145,0,433.0,21.8683,2.6208
optionB_budget1.20_beta0.01_gamma0.50,carbonscaler_budget,texas,146,0,397.0,22.2148,36.13
optionB_budget1.20_beta0.01_gamma0.50,carbonscaler_budget,texas,147,0,351.0,18.3983,23.1044
optionB_budget1.20_beta0.01_gamma0.50,carbonscaler_budget,texas,148,0,328.0,32.3717,29.3217
optionB_budget1.20_beta0.01_gamma0.50,carbonscaler_budget,texas,149,0,306.0,34.6748,39.3135
optionB_budget1.20_beta0.01_gamma0.50,carbonscaler_budget,texas,150,0,296.0,42.6753,35.151
optionB_budget1.20_beta0.01_gamma0.50,carbonscaler_budget,texas,151,0,284.0,38.7331,28.6715
optionB_budget1.20_beta0.01_gamma0.50,carbonscaler_budget,texas,152,0,273.0,29.6649,11.5294
optionB_budget1.20_beta0.01_gamma0.50,carbonscaler_budget,texas,153,0,282.0,31.2479,35.5552
optionB_budget1.20_beta0.01_gamma0.50,carbonscaler_budget,texas,154,0,284.0,25.1636,23.4749
optionB_budget1.20_beta0.01_gamma0.50,carbonscaler_budget,texas,155,0,286.0,29.8553,16.953
optionB_budget1.20_beta0.01_gamma0.50,carbonscaler_budget,texas,156,0,281.0,23.7051,27.1849
optionB_budget1.20_beta0.01_gamma0.50,carbonscaler_budget,texas,157,0,229.0,18.5874,29.3418
optionB_budget1.20_beta0.01_gamma0.50,carbonscaler_budget,texas,158,1,195.0,22.3155,29.4613
optionB_budget1.20_beta0.01_gamma0.50,carbonscaler_budget,texas,159,1,176.0,33.9523,38.8842
optionB_budget1.20_beta0.01_gamma0.50,carbonscaler_budget,texas,160,1,166.0,49.2018,37.4999
optionB_budget1.20_beta0.01_gamma0.50,carbonscaler_budget,texas,161,1,161.0,70.3761,84.3554
optionB_budget1.20_beta0.01_gamma0.50,carbonscaler_budget,texas,162,1,160.0,82.5323,315.8753
optionB_budget1.20_beta0.01_gamma0.50,carbonscaler_budget,texas,163,1,156.0,77.9932,55.3274
optionB_budget1.20_beta0.01_gamma0.50,carbonscaler_budget,texas,164,2,152.0,56.4896,65.504
optionB_budget1.20_beta0.01_gamma0.50,carbonscaler_budget,texas,165,2,157.0,40.4494,40.6216
optionB_budget1.20_beta0.01_gamma0.50,carbonscaler_budget,texas,166,1,172.0,35.5752,57.7525
optionB_budget1.20_beta0.01_gamma0.50,carbonscaler_budget,texas,167,0,225.0,34.5751,21.7347
optionB_budget0.90_beta0.0025_gamma0.50,carbonscaler_budget,texas,0,0,328.0,19.2775,17.8248
optionB_budget0.90_beta0.0025_gamma0.50,carbonscaler_budget,texas,1,0,334.0,16.6164,15.7787
optionB_budget0.90_beta0.0025_gamma0.50,carbonscaler_budget,texas,2,0,335.0,20.7381,1.8708
optionB_budget0.90_beta0.0025_gamma0.50,carbonscaler_budget,texas,3,0,317.0,23.2364,28.2329
optionB_budget0.90_beta0.0025_gamma0.50,carbonscaler_budget,texas,4,0,301.0,20.06,14.8483
optionB_budget0.90_beta0.0025_gamma0.50,carbonscaler_budget,texas,5,0,296.0,29.3968,51.5483
optionB_budget0.90_beta0.0025_gamma0.50,carbonscaler_budget,texas,6,0,316.0,43.8936,31.8114
optionB_budget0.90_beta0.0025_gamma0.50,carbonscaler_budget,texas,7,0,308.0,62.7105,45.1646
optionB_budget0.90_beta0.0025_gamma0.50,carbonscaler_budget,texas,8,0,296.0,54.451,60.3267
optionB_budget0.90_beta0.0025_gamma0.50,carbonscaler_budget,texas,9,0,288.0,38.887,43.8311
optionB_budget0.90_beta0.0025_gamma0.50,carbonscaler_budget,texas,10,0,298.0,27.1267,31.5591
optionB_budget0.90_beta0.0025_gamma0.50,carbonscaler_budget,texas,11,0,338.0,28.9764,30.0482
optionB_budget0.90_beta0.0025_gamma0.50,carbonscaler_budget,texas,12,0,355.0,38.0115,29.9228
optionB_budget0.90_beta0.0025_gamma0.50,carbonscaler_budget,texas,13,0,291.0,29.9031,38.8508
optionB_budget0.90_beta0.0025_gamma0.50,carbonscaler_budget,texas,14,0,212.0,33.1116,32.2559
optionB_budget0.90_beta0.0025_gamma0.50,carbonscaler_budget,texas,15,0,206.0,41.568,16.529
optionB_budget0.90_beta0.0025_gamma0.50,carbonscaler_budget,texas,16,0,210.0,45.7167,25.4052
optionB_budget0.90_beta0.0025_gamma0.50,carbonscaler_budget,texas,17,0,221.0,78.5971,82.9235
optionB_budget0.90_beta0.0025_gamma0.50,carbonscaler_budget,texas,18,0,244.0,101.4019,117.31
optionB_budget0.90_beta0.0025_gamma0.50,carbonscaler_budget,texas,19,0,262.0,103.407,103.1499
optionB_budget0.90_beta0.0025_gamma0.50,carbonscaler_budget,texas,20,0,273.0,66.1658,63.0775
optionB_budget0.90_beta0.0025_gamma0.50,carbonscaler_budget,texas,21,0,285.0,57.144,46.6209
optionB_budget0.90_beta0.0025_gamma0.50,carbonscaler_budget,texas,22,0,317.0,45.2341,44.1106
optionB_budget0.90_beta0.0025_gamma0.50,carbonscaler_budget,texas,23,0,396.0,36.8464,27.4255
optionB_budget0.90_beta0.0025_gamma0.50,carbonscaler_budget,texas,24,0,478.0,32.591,36.2471
optionB_budget0.90_beta0.0025_gamma0.50,carbonscaler_budget,texas,25,0,490.0,32.1319,50.6746
optionB_budget0.90_beta0.0025_gamma0.50,carbonscaler_budget,texas,26,0,499.0,31.3126,26.8969
optionB_budget0.90_beta0.0025_gamma0.50,carbonscaler_budget,texas,27,0,501.0,32.5465,25.013
optionB_budget0.90_beta0.0025_gamma0.50,carbonscaler_budget,texas,28,0,488.0,37.1626,45.4781
optionB_budget0.90_beta0.0025_gamma0.50,carbonscaler_budget,texas,29,0,480.0,39.1023,54.8141
optionB_budget0.90_beta0.0025_gamma0.50,carbonscaler_budget,texas,30,0,473.0,85.3805,100.8457
optionB_budget0.90_beta0.0025_gamma0.50,carbonscaler_budget,texas,31,0,468.0,72.0049,72.4015
optionB_budget0.90_beta0.0025_gamma0.50,carbonscaler_budget,texas,32,0,474.0,54.2857,58.8232
optionB_budget0.90_beta0.0025_gamma0.50,carbonscaler_budget,texas,33,0,482.0,32.528,38.5596
optionB_budget0.90_beta0.0025_gamma0.50,carbonscaler_budget,texas,34,0,484.0,27.67,12.9177
optionB_budget0.90_beta0.0025_gamma0.50,carbonscaler_budget,texas,35,0,477.0,20.791,6.3943
optionB_budget0.90_beta0.0025_gamma0.50,carbonscaler_budget,texas,36,0,476.0,25.4165,35.1304
optionB_budget0.90_beta0.0025_gamma0.50,carbonscaler_budget,texas,37,0,412.0,24.4097,49.4509
optionB_budget0.90_beta0.0025_gamma0.50,carbonscaler_budget,texas,38,0,326.0,27.614,23.2625
optionB_budget0.90_beta0.0025_gamma0.50,carbonscaler_budget,texas,39,0,252.0,42.2607,50.5134
optionB_budget0.90_beta0.0025_gamma0.50,carbonscaler_budget,texas,40,0,235.0,54.7619,38.9519
optionB_budget0.90_beta0.0025_gamma0.50,carbonscaler_budget,texas,41,0,247.0,80.7979,83.5923
optionB_budget0.90_beta0.0025_gamma0.50,carbonscaler_budget,texas,42,0,258.0,107.434,126.0267
optionB_budget0.90_beta0.0025_gamma0.50,carbonscaler_budget,texas,43,0,264.0,103.5981,103.2799
optionB_budget0.90_beta0.0025_gamma0.50,carbonscaler_budget,texas,44,0,258.0,72.0962,77.7264
optionB_budget0.90_beta0.0025_gamma0.50,carbonscaler_budget,texas,45,0,253.0,48.587,30.7592
optionB_budget0.90_beta0.0025_gamma0.50,carbonscaler_budget,texas,46,0,255.0,44.4117,57.8934
optionB_budget0.90_beta0.0025_gamma0.50,carbonscaler_budget,texas,47,0,314.0,38.6266,26.3231
optionB_budget0.90_beta0.0025_gamma0.50,carbonscaler_budget,texas,48,0,392.0,32.0924,28.8717
optionB_budget0.90_beta0.0025_gamma0.50,carbonscaler_budget,texas,49,0,385.0,28.8055,26.071
optionB_budget0.90_beta0.0025_gamma0.50,carbonscaler_budget,texas,50,0,365.0,33.5914,35.4776
optionB_budget0.90_beta0.0025_gamma0.50,carbonscaler_budget,texas,51,0,353.0,32.3168,50.0175
optionB_budget0.90_beta0.0025_gamma0.50,carbonscaler_budget,texas,52,0,329.0,33.1141,13.8613
optionB_budget0.90_beta0.0025_gamma0.50,carbonscaler_budget,texas,53,0,316.0,42.9691,1.7233
optionB_budget0.90_beta0.0025_gamma0.50,carbonscaler_budget,texas,54,0,313.0,88.436,76.0777
optionB_budget0.90_beta0.0025_gamma0.50,carbonscaler_budget,texas,55,0,310.0,78.5756,57.0641
optionB_budget0.90_beta0.0025_gamma0.50,carbonscaler_budget,texas,56,0,304.0,53.6439,42.7179
optionB_budget0.90_beta0.0025_gamma0.50,carbonscaler_budget,texas,57,0,302.0,49.4488,32.4688
optionB_budget0.90_beta0.0025_gamma0.50,carbonscaler_budget,texas,58,0,314.0,44.3883,36.629
optionB_budget0.90_beta0.0025_gamma0.50,carbonscaler_budget,texas,59,0,329.0,37.6079,38.8651
optionB_budget0.90_beta0.0025_gamma0.50,carbonscaler_budget,texas,60,0,331.0,38.3759,19.3692
optionB_budget0.90_beta0.0025_gamma0.50,carbonscaler_budget,texas,61,0,280.0,33.4808,34.7665
optionB_budget0.90_beta0.0025_gamma0.50,carbonscaler_budget,texas,62,0,217.0,36.7459,51.8435
optionB_budget0.90_beta0.0025_gamma0.50,carbonscaler_budget,texas,63,0,200.0,43.8455,48.4703
optionB_budget0.90_beta0.0025_gamma0.50,carbonscaler_budget,texas,64,1,195.0,66.6336,71.2876
optionB_budget0.90_beta0.0025_gamma0.50,carbonscaler_budget,texas,65,0,196.0,77.8332,74.0469
optionB_budget0.90_beta0.0025_gamma0.50,carbonscaler_budget,texas,66,0,199.0,88.0436,74.759
optionB_budget0.90_beta0.0025_gamma0.50,carbonscaler_budget,texas,67,1,189.0,74.654,69.5679
optionB_budget0.90_beta0.0025_gamma0.50,carbonscaler_budget,texas,68,1,195.0,59.6448,52.51
optionB_budget0.90_beta0.0025_gamma0.50,carbonscaler_budget,texas,69,0,205.0,42.9124,23.1283
optionB_budget0.90_beta0.0025_gamma0.50,carbonscaler_budget,texas,70,0,223.0,39.0859,51.1288
optionB_budget0.90_beta0.0025_gamma0.50,carbonscaler_budget,texas,71,0,270.0,33.9994,48.4275
optionB_budget0.90_beta0.0025_gamma0.50,carbonscaler_budget,texas,72,0,327.0,18.5248,12.2567
optionB_budget0.90_beta0.0025_gamma0.50,carbonscaler_budget,texas,73,0,337.0,14.984,13.8198
optionB_budget0.90_beta0.0025_gamma0.50,carbonscaler_budget,texas,74,0,334.0,22.1906,10.8001
optionB_budget0.90_beta0.0025_gamma0.50,carbonscaler_budget,texas,75,0,328.0,19.435,15.7472
optionB_budget0.90_beta0.0025_gamma0.50,carbonscaler_budget,texas,76,0,317.0,22.2038,21.4563
optionB_budget0.90_beta0.0025_gamma0.50,carbonscaler_budget,texas,77,0,308.0,24.7532,50.8865
optionB_budget0.90_beta0.0025_gamma0.50,carbonscaler_budget,texas,78,0,295.0,44.9286,55.3287
optionB_budget0.90_beta0.0025_gamma0.50,carbonscaler_budget,texas,79,0,288.0,44.1536,48.3785
optionB_budget0.90_beta0.0025_gamma0.50,carbonscaler_budget,texas,80,0,287.0,36.1665,43.6827
optionB_budget0.90_beta0.0025_gamma0.50,carbonscaler_budget,texas,81,0,286.0,25.3298,45.2417
optionB_budget0.90_beta0.0025_gamma0.50,carbonscaler_budget,texas,82,0,298.0,33.193,46.2954
optionB_budget0.90_beta0.0025_gamma0.50,carbonscaler_budget,texas,83,0,310.0,26.7276,44.2469
optionB_budget0.90_beta0.0025_gamma0.50,carbonscaler_budget,texas,84,0,310.0,33.9512,36.1223
optionB_budget0.90_beta0.0025_gamma0.50,carbonscaler_budget,texas,85,0,270.0,27.6064,28.8588
optionB_budget0.90_beta0.0025_gamma0.50,carbonscaler_budget,texas,86,0,202.0,32.4517,42.6745
optionB_budget0.90_beta0.0025_gamma0.50,carbonscaler_budget,texas,87,1,175.0,40.2416,32.6834
optionB_budget0.90_beta0.0025_gamma0.50,carbonscaler_budget,texas,88,1,172.0,53.0439,42.1723
optionB_budget0.90_beta0.0025_gamma0.50,carbonscaler_budget,texas,89,1,174.0,69.9053,85.9597
optionB_budget0.90_beta0.0025_gamma0.50,carbonscaler_budget,texas,90,1,182.0,74.5283,48.914
optionB_budget0.90_beta0.0025_gamma0.50,carbonscaler_budget,texas,91,1,178.0,71.9282,69.4357
optionB_budget0.90_beta0.0025_gamma0.50,carbonscaler_budget,texas,92,1,185.0,56.4093,34.4017
optionB_budget0.90_beta0.0025_gamma0.50,carbonscaler_budget,texas,93,1,194.0,41.7628,65.359
optionB_budget0.90_beta0.0025_gamma0.50,carbonscaler_budget,texas,94,0,203.0,34.5555,9.0625
optionB_budget0.90_beta0.0025_gamma0.50,carbonscaler_budget,texas,95,0,255.0,29.5876,30.7059
optionB_budget0.90_beta0.0025_gamma0.50,carbonscaler_budget,texas,96,0,318.0,15.8476,38.6492
optionB_budget0.90_beta0.0025_gamma0.50,carbonscaler_budget,texas,97,0,321.0,16.7486,15.6193
optionB_budget0.90_beta0.0025_gamma0.50,carbonscaler_budget,texas,98,0,320.0,20.1301,24.4951
optionB_budget0.90_beta0.0025_gamma0.50,carbonscaler_budget,texas,99,0,314.0,18.2408,22.7785
optionB_budget0.90_beta0.0025_gamma0.50,carbonscaler_budget,texas,100,0,296.0,23.1163,13.6666
optionB_budget0.90_beta0.0025_gamma0.50,carbonscaler_budget,texas,101,0,283.0,26.2878,23.1784
optionB_budget0.90_beta0.0025_gamma0.50,carbonscaler_budget,texas,102,0,278.0,56.0265,61.7002
optionB_budget0.90_beta0.0025_gamma0.50,carbonscaler_budget,texas,103,0,280.0,60.9573,49.7274
optionB_budget0.90_beta0.0025_gamma0.50,carbonscaler_budget,texas,104,0,288.0,45.9952,41.5203
optionB_budget0.90_beta0.0025_gamma0.50,carbonscaler_budget,texas,105,0,306.0,44.8534,39.8341
optionB_budget0.90_beta0.0025_gamma0.50,carbonscaler_budget,texas,106,0,317.0,37.8107,36.8132
optionB_budget0.90_beta0.0025_gamma0.50,carbonscaler_budget,texas,107,0,315.0,35.2101,32.7381
optionB_budget0.90_beta0.0025_gamma0.50,carbonscaler_budget,texas,108,0,304.0,33.1797,35.1742
optionB_budget0.90_beta0.0025_gamma0.50,carbonscaler_budget,texas,109,0,248.0,31.4548,24.6765
optionB_budget0.90_beta0.0025_gamma0.50,carbonscaler_budget,texas,110,1,184.0,38.305,46.8454
optionB_budget0.90_beta0.0025_gamma0.50,carbonscaler_budget,texas,111,1,174.0,44.6788,51.8874
optionB_budget0.90_beta0.0025_gamma0.50,carbonscaler_budget,texas,112,1,177.0,71.7543,79.6828
optionB_budget0.90_beta0.0025_gamma0.50,carbonscaler_budget,texas,113,0,196.0,79.5829,82.3547
optionB_budget0.90_beta0.0025_gamma0.50,carbonscaler_budget,texas,114,0,213.0,84.6147,97.1739
optionB_budget0.90_beta0.0025_gamma0.50,carbonscaler_budget,texas,115,0,226.0,90.7311,97.586
optionB_budget0.90_beta0.0025_gamma0.50,carbonscaler_budget,texas,116,0,248.0,72.6597,75.9426
optionB_budget0.90_beta0.0025_gamma0.50,carbonscaler_budget,texas,117,0,261.0,58.4517,48.183
optionB_budget0.90_beta0.0025_gamma0.50,carbonscaler_budget,texas,118,0,261.0,47.6005,21.6266
optionB_budget0.90_beta0.0025_gamma0.50,carbonscaler_budget,texas,119,0,298.0,35.7758,45.0111
optionB_budget0.90_beta0.0025_gamma0.50,carbonscaler_budget,texas,120,0,322.0,34.4184,3.1802
optionB_budget0.90_beta0.0025_gamma0.50,carbonscaler_budget,texas,121,0,323.0,26.6931,33.8542
optionB_budget0.90_beta0.0025_gamma0.50,carbonscaler_budget,texas,122,0,326.0,27.0471,39.854
optionB_budget0.90_beta0.0025_gamma0.50,carbonscaler_budget,texas,123,0,329.0,27.4566,35.9491
optionB_budget0.90_beta0.0025_gamma0.50,carbonscaler_budget,texas,124,0,336.0,27.0468,15.8623
optionB_budget0.90_beta0.0025_gamma0.50,carbonscaler_budget,texas,125,0,351.0,33.5566,33.7048
optionB_budget0.90_beta0.0025_gamma0.50,carbonscaler_budget,texas,126,0,372.0,52.3004,46.225
optionB_budget0.90_beta0.0025_gamma0.50,carbonscaler_budget,texas,127,0,403.0,41.1263,54.341
optionB_budget0.90_beta0.0025_gamma0.50,carbonscaler_budget,texas,128,0,410.0,40.5935,25.8551
optionB_budget0.90_beta0.0025_gamma0.50,carbonscaler_budget,texas,129,0,428.0,34.9955,29.5548
optionB_budget0.90_beta0.0025_gamma0.50,carbonscaler_budget,texas,130,0,458.0,34.4782,17.3617
optionB_budget0.90_beta0.0025_gamma0.50,carbonscaler_budget,texas,131,0,459.0,35.3146,34.5319
optionB_budget0.90_beta0.0025_gamma0.50,carbonscaler_budget,texas,132,0,460.0,30.2066,21.6721
optionB_budget0.90_beta0.0025_gamma0.50,carbonscaler_budget,texas,133,0,446.0,32.2738,10.2045
optionB_budget0.90_beta0.0025_gamma0.50,carbonscaler_budget,texas,134,0,422.0,37.2785,55.1661
optionB_budget0.90_beta0.0025_gamma0.50,carbonscaler_budget,texas,135,0,391.0,39.925,41.3759
optionB_budget0.90_beta0.0025_gamma0.50,carbonscaler_budget,texas,136,0,330.0,48.562,43.6064
optionB_budget0.90_beta0.0025_gamma0.50,carbonscaler_budget,texas,137,0,286.0,69.0366,69.9293
optionB_budget0.90_beta0.0025_gamma0.50,carbonscaler_budget,texas,138,0,268.0,83.8074,97.6167
optionB_budget0.90_beta0.0025_gamma0.50,carbonscaler_budget,texas,139,0,271.0,86.8532,74.6391
optionB_budget0.90_beta0.0025_gamma0.50,carbonscaler_budget,texas,140,0,272.0,63.0653,47.1049
optionB_budget0.90_beta0.0025_gamma0.50,carbonscaler_budget,texas,141,0,268.0,42.7586,58.1839
optionB_budget0.90_beta0.0025_gamma0.50,carbonscaler_budget,texas,142,0,288.0,37.4293,26.3516
optionB_budget0.90_beta0.0025_gamma0.50,carbonscaler_budget,texas,143,0,350.0,32.009,38.8331
optionB_budget0.90_beta0.0025_gamma0.50,carbonscaler_budget,texas,144,0,430.0,24.7798,32.6589
optionB_budget0.90_beta0.0025_gamma0.50,carbonscaler_budget,texas,145,0,433.0,21.8683,2.6208
optionB_budget0.90_beta0.0025_gamma0.50,carbonscaler_budget,texas,146,0,397.0,22.2148,36.13
optionB_budget0.90_beta0.0025_gamma0.50,carbonscaler_budget,texas,147,0,351.0,18.3983,23.1044
optionB_budget0.90_beta0.0025_gamma0.50,carbonscaler_budget,texas,148,0,328.0,32.3717,29.3217
optionB_budget0.90_beta0.0025_gamma0.50,carbonscaler_budget,texas,149,0,306.0,34.6748,39.3135
optionB_budget0.90_beta0.0025_gamma0.50,carbonscaler_budget,texas,150,0,296.0,42.6753,35.151
optionB_budget0.90_beta0.0025_gamma0.50,carbonscaler_budget,texas,151,0,284.0,38.7331,28.6715
optionB_budget0.90_beta0.0025_gamma0.50,carbonscaler_budget,texas,152,0,273.0,29.6649,11.5294
optionB_budget0.90_beta0.0025_gamma0.50,carbonscaler_budget,texas,153,0,282.0,31.2479,35.5552
optionB_budget0.90_beta0.0025_gamma0.50,carbonscaler_budget,texas,154,0,284.0,25.1636,23.4749
optionB_budget0.90_beta0.0025_gamma0.50,carbonscaler_budget,texas,155,0,286.0,29.8553,16.953
optionB_budget0.90_beta0.0025_gamma0.50,carbonscaler_budget,texas,156,0,281.0,23.7051,27.1849
optionB_budget0.90_beta0.0025_gamma0.50,carbonscaler_budget,texas,157,1,229.0,18.5874,29.3418
optionB_budget0.90_beta0.0025_gamma0.50,carbonscaler_budget,texas,158,1,195.0,22.3155,29.4613
optionB_budget0.90_beta0.0025_gamma0.50,carbonscaler_budget,texas,159,1,176.0,33.9523,38.8842
optionB_budget0.90_beta0.0025_gamma0.50,carbonscaler_budget,texas,160,1,166.0,49.2018,37.4999
optionB_budget0.90_beta0.0025_gamma0.50,carbonscaler_budget,texas,161,1,161.0,70.3761,84.3554
optionB_budget0.90_beta0.0025_gamma0.50,carbonscaler_budget,texas,162,1,160.0,82.5323,315.8753
optionB_budget0.90_beta0.0025_gamma0.50,carbonscaler_budget,texas,163,1,156.0,77.9932,55.3274
optionB_budget0.90_beta0.0025_gamma0.50,carbonscaler_budget,texas,164,2,152.0,56.4896,65.504
optionB_budget0.90_beta0.0025_gamma0.50,carbonscaler_budget,texas,165,1,157.0,40.4494,40.6216
optionB_budget0.90_beta0.0025_gamma0.50,carbonscaler_budget,texas,166,1,172.0,35.5752,57.7525
optionB_budget0.90_beta0.0025_gamma0.50,carbonscaler_budget,texas,167,0,225.0,34.5751,21.7347
optionB_budget0.90_beta0.0050_gamma0.50,carbonscaler_budget,texas,0,0,328.0,19.2775,17.8248
optionB_budget0.90_beta0.0050_gamma0.50,carbonscaler_budget,texas,1,0,334.0,16.6164,15.7787
optionB_budget0.90_beta0.0050_gamma0.50,carbonscaler_budget,texas,2,0,335.0,20.7381,1.8708
optionB_budget0.90_beta0.0050_gamma0.50,carbonscaler_budget,texas,3,0,317.0,23.2364,28.2329
optionB_budget0.90_beta0.0050_gamma0.50,carbonscaler_budget,texas,4,0,301.0,20.06,14.8483
optionB_budget0.90_beta0.0050_gamma0.50,carbonscaler_budget,texas,5,0,296.0,29.3968,51.5483
optionB_budget0.90_beta0.0050_gamma0.50,carbonscaler_budget,texas,6,0,316.0,43.8936,31.8114
optionB_budget0.90_beta0.0050_gamma0.50,carbonscaler_budget,texas,7,0,308.0,62.7105,45.1646
optionB_budget0.90_beta0.0050_gamma0.50,carbonscaler_budget,texas,8,0,296.0,54.451,60.3267
optionB_budget0.90_beta0.0050_gamma0.50,carbonscaler_budget,texas,9,0,288.0,38.887,43.8311
optionB_budget0.90_beta0.0050_gamma0.50,carbonscaler_budget,texas,10,0,298.0,27.1267,31.5591
optionB_budget0.90_beta0.0050_gamma0.50,carbonscaler_budget,texas,11,0,338.0,28.9764,30.0482
optionB_budget0.90_beta0.0050_gamma0.50,carbonscaler_budget,texas,12,0,355.0,38.0115,29.9228
optionB_budget0.90_beta0.0050_gamma0.50,carbonscaler_budget,texas,13,0,291.0,29.9031,38.8508
optionB_budget0.90_beta0.0050_gamma0.50,carbonscaler_budget,texas,14,0,212.0,33.1116,32.2559
optionB_budget0.90_beta0.0050_gamma0.50,carbonscaler_budget,texas,15,0,206.0,41.568,16.529
optionB_budget0.90_beta0.0050_gamma0.50,carbonscaler_budget,texas,16,0,210.0,45.7167,25.4052
optionB_budget0.90_beta0.0050_gamma0.50,carbonscaler_budget,texas,17,0,221.0,78.5971,82.9235
optionB_budget0.90_beta0.0050_gamma0.50,carbonscaler_budget,texas,18,0,244.0,101.4019,117.31
optionB_budget0.90_beta0.0050_gamma0.50,carbonscaler_budget,texas,19,0,262.0,103.407,103.1499
optionB_budget0.90_beta0.0050_gamma0.50,carbonscaler_budget,texas,20,0,273.0,66.1658,63.0775
optionB_budget0.90_beta0.0050_gamma0.50,carbonscaler_budget,texas,21,0,285.0,57.144,46.6209
optionB_budget0.90_beta0.0050_gamma0.50,carbonscaler_budget,texas,22,0,317.0,45.2341,44.1106
optionB_budget0.90_beta0.0050_gamma0.50,carbonscaler_budget,texas,23,0,396.0,36.8464,27.4255
optionB_budget0.90_beta0.0050_gamma0.50,carbonscaler_budget,texas,24,0,478.0,32.591,36.2471
optionB_budget0.90_beta0.0050_gamma0.50,carbonscaler_budget,texas,25,0,490.0,32.1319,50.6746
optionB_budget0.90_beta0.0050_gamma0.50,carbonscaler_budget,texas,26,0,499.0,31.3126,26.8969
optionB_budget0.90_beta0.0050_gamma0.50,carbonscaler_budget,texas,27,0,501.0,32.5465,25.013
optionB_budget0.90_beta0.0050_gamma0.50,carbonscaler_budget,texas,28,0,488.0,37.1626,45.4781
optionB_budget0.90_beta0.0050_gamma0.50,carbonscaler_budget,texas,29,0,480.0,39.1023,54.8141
optionB_budget0.90_beta0.0050_gamma0.50,carbonscaler_budget,texas,30,0,473.0,85.3805,100.8457
optionB_budget0.90_beta0.0050_gamma0.50,carbonscaler_budget,texas,31,0,468.0,72.0049,72.4015
optionB_budget0.90_beta0.0050_gamma0.50,carbonscaler_budget,texas,32,0,474.0,54.2857,58.8232
optionB_budget0.90_beta0.0050_gamma0.50,carbonscaler_budget,texas,33,0,482.0,32.528,38.5596
optionB_budget0.90_beta0.0050_gamma0.50,carbonscaler_budget,texas,34,0,484.0,27.67,12.9177
optionB_budget0.90_beta0.0050_gamma0.50,carbonscaler_budget,texas,35,0,477.0,20.791,6.3943
optionB_budget0.90_beta0.0050_gamma0.50,carbonscaler_budget,texas,36,0,476.0,25.4165,35.1304
optionB_budget0.90_beta0.0050_gamma0.50,carbonscaler_budget,texas,37,0,412.0,24.4097,49.4509
optionB_budget0.90_beta0.0050_gamma0.50,carbonscaler_budget,texas,38,0,326.0,27.614,23.2625
optionB_budget0.90_beta0.0050_gamma0.50,carbonscaler_budget,texas,39,0,252.0,42.2607,50.5134
optionB_budget0.90_beta0.0050_gamma0.50,carbonscaler_budget,texas,40,0,235.0,54.7619,38.9519
optionB_budget0.90_beta0.0050_gamma0.50,carbonscaler_budget,texas,41,0,247.0,80.7979,83.5923
optionB_budget0.90_beta0.0050_gamma0.50,carbonscaler_budget,texas,42,0,258.0,107.434,126.0267
optionB_budget0.90_beta0.0050_gamma0.50,carbonscaler_budget,texas,43,0,264.0,103.5981,103.2799
optionB_budget0.90_beta0.0050_gamma0.50,carbonscaler_budget,texas,44,0,258.0,72.0962,77.7264
optionB_budget0.90_beta0.0050_gamma0.50,carbonscaler_budget,texas,45,0,253.0,48.587,30.7592
optionB_budget0.90_beta0.0050_gamma0.50,carbonscaler_budget,texas,46,0,255.0,44.4117,57.8934
optionB_budget0.90_beta0.0050_gamma0.50,carbonscaler_budget,texas,47,0,314.0,38.6266,26.3231
optionB_budget0.90_beta0.0050_gamma0.50,carbonscaler_budget,texas,48,0,392.0,32.0924,28.8717
optionB_budget0.90_beta0.0050_gamma0.50,carbonscaler_budget,texas,49,0,385.0,28.8055,26.071
optionB_budget0.90_beta0.0050_gamma0.50,carbonscaler_budget,texas,50,0,365.0,33.5914,35.4776
optionB_budget0.90_beta0.0050_gamma0.50,carbonscaler_budget,texas,51,0,353.0,32.3168,50.0175
optionB_budget0.90_beta0.0050_gamma0.50,carbonscaler_budget,texas,52,0,329.0,33.1141,13.8613
optionB_budget0.90_beta0.0050_gamma0.50,carbonscaler_budget,texas,53,0,316.0,42.9691,1.7233
optionB_budget0.90_beta0.0050_gamma0.50,carbonscaler_budget,texas,54,0,313.0,88.436,76.0777
optionB_budget0.90_beta0.0050_gamma0.50,carbonscaler_budget,texas,55,0,310.0,78.5756,57.0641
optionB_budget0.90_beta0.0050_gamma0.50,carbonscaler_budget,texas,56,0,304.0,53.6439,42.7179
optionB_budget0.90_beta0.0050_gamma0.50,carbonscaler_budget,texas,57,0,302.0,49.4488,32.4688
optionB_budget0.90_beta0.0050_gamma0.50,carbonscaler_budget,texas,58,0,314.0,44.3883,36.629
optionB_budget0.90_beta0.0050_gamma0.50,carbonscaler_budget,texas,59,0,329.0,37.6079,38.8651
optionB_budget0.90_beta0.0050_gamma0.50,carbonscaler_budget,texas,60,0,331.0,38.3759,19.3692
optionB_budget0.90_beta0.0050_gamma0.50,carbonscaler_budget,texas,61,0,280.0,33.4808,34.7665
optionB_budget0.90_beta0.0050_gamma0.50,carbonscaler_budget,texas,62,0,217.0,36.7459,51.8435
optionB_budget0.90_beta0.0050_gamma0.50,carbonscaler_budget,texas,63,1,200.0,43.8455,48.4703
optionB_budget0.90_beta0.0050_gamma0.50,carbonscaler_budget,texas,64,0,195.0,66.6336,71.2876
optionB_budget0.90_beta0.0050_gamma0.50,carbonscaler_budget,texas,65,0,196.0,77.8332,74.0469
optionB_budget0.90_beta0.0050_gamma0.50,carbonscaler_budget,texas,66,0,199.0,88.0436,74.759
optionB_budget0.90_beta0.0050_gamma0.50,carbonscaler_budget,texas,67,1,189.0,74.654,69.5679
optionB_budget0.90_beta0.0050_gamma0.50,carbonscaler_budget,texas,68,1,195.0,59.6448,52.51
optionB_budget0.90_beta0.0050_gamma0.50,carbonscaler_budget,texas,69,0,205.0,42.9124,23.1283
optionB_budget0.90_beta0.0050_gamma0.50,carbonscaler_budget,texas,70,0,223.0,39.0859,51.1288
optionB_budget0.90_beta0.0050_gamma0.50,carbonscaler_budget,texas,71,0,270.0,33.9994,48.4275
optionB_budget0.90_beta0.0050_gamma0.50,carbonscaler_budget,texas,72,0,327.0,18.5248,12.2567
optionB_budget0.90_beta0.0050_gamma0.50,carbonscaler_budget,texas,73,0,337.0,14.984,13.8198
optionB_budget0.90_beta0.0050_gamma0.50,carbonscaler_budget,texas,74,0,334.0,22.1906,10.8001
optionB_budget0.90_beta0.0050_gamma0.50,carbonscaler_budget,texas,75,0,328.0,19.435,15.7472
optionB_budget0.90_beta0.0050_gamma0.50,carbonscaler_budget,texas,76,0,317.0,22.2038,21.4563
optionB_budget0.90_beta0.0050_gamma0.50,carbonscaler_budget,texas,77,0,308.0,24.7532,50.8865
optionB_budget0.90_beta0.0050_gamma0.50,carbonscaler_budget,texas,78,0,295.0,44.9286,55.3287
optionB_budget0.90_beta0.0050_gamma0.50,carbonscaler_budget,texas,79,0,288.0,44.1536,48.3785
optionB_budget0.90_beta0.0050_gamma0.50,carbonscaler_budget,texas,80,0,287.0,36.1665,43.6827
optionB_budget0.90_beta0.0050_gamma0.50,carbonscaler_budget,texas,81,0,286.0,25.3298,45.2417
optionB_budget0.90_beta0.0050_gamma0.50,carbonscaler_budget,texas,82,0,298.0,33.193,46.2954
optionB_budget0.90_beta0.0050_gamma0.50,carbonscaler_budget,texas,83,0,310.0,26.7276,44.2469
optionB_budget0.90_beta0.0050_gamma0.50,carbonscaler_budget,texas,84,0,310.0,33.9512,36.1223
optionB_budget0.90_beta0.0050_gamma0.50,carbonscaler_budget,texas,85,0,270.0,27.6064,28.8588
optionB_budget0.90_beta0.0050_gamma0.50,carbonscaler_budget,texas,86,1,202.0,32.4517,42.6745
optionB_budget0.90_beta0.0050_gamma0.50,carbonscaler_budget,texas,87,1,175.0,40.2416,32.6834
optionB_budget0.90_beta0.0050_gamma0.50,carbonscaler_budget,texas,88,1,172.0,53.0439,42.1723
optionB_budget0.90_beta0.0050_gamma0.50,carbonscaler_budget,texas,89,1,174.0,69.9053,85.9597
optionB_budget0.90_beta0.0050_gamma0.50,carbonscaler_budget,texas,90,1,182.0,74.5283,48.914
optionB_budget0.90_beta0.0050_gamma0.50,carbonscaler_budget,texas,91,1,178.0,71.9282,69.4357
optionB_budget0.90_beta0.0050_gamma0.50,carbonscaler_budget,texas,92,1,185.0,56.4093,34.4017
optionB_budget0.90_beta0.0050_gamma0.50,carbonscaler_budget,texas,93,1,194.0,41.7628,65.359
optionB_budget0.90_beta0.0050_gamma0.50,carbonscaler_budget,texas,94,0,203.0,34.5555,9.0625
optionB_budget0.90_beta0.0050_gamma0.50,carbonscaler_budget,texas,95,0,255.0,29.5876,30.7059
optionB_budget0.90_beta0.0050_gamma0.50,carbonscaler_budget,texas,96,1,318.0,15.8476,38.6492
optionB_budget0.90_beta0.0050_gamma0.50,carbonscaler_budget,texas,97,0,321.0,16.7486,15.6193
optionB_budget0.90_beta0.0050_gamma0.50,carbonscaler_budget,texas,98,0,320.0,20.1301,24.4951
optionB_budget0.90_beta0.0050_gamma0.50,carbonscaler_budget,texas,99,0,314.0,18.2408,22.7785
optionB_budget0.90_beta0.0050_gamma0.50,carbonscaler_budget,texas,100,0,296.0,23.1163,13.6666
optionB_budget0.90_beta0.0050_gamma0.50,carbonscaler_budget,texas,101,0,283.0,26.2878,23.1784
optionB_budget0.90_beta0.0050_gamma0.50,carbonscaler_budget,texas,102,0,278.0,56.0265,61.7002
optionB_budget0.90_beta0.0050_gamma0.50,carbonscaler_budget,texas,103,0,280.0,60.9573,49.7274
optionB_budget0.90_beta0.0050_gamma0.50,carbonscaler_budget,texas,104,0,288.0,45.9952,41.5203
optionB_budget0.90_beta0.0050_gamma0.50,carbonscaler_budget,texas,105,0,306.0,44.8534,39.8341
optionB_budget0.90_beta0.0050_gamma0.50,carbonscaler_budget,texas,106,0,317.0,37.8107,36.8132
optionB_budget0.90_beta0.0050_gamma0.50,carbonscaler_budget,texas,107,0,315.0,35.2101,32.7381
optionB_budget0.90_beta0.0050_gamma0.50,carbonscaler_budget,texas,108,0,304.0,33.1797,35.1742
optionB_budget0.90_beta0.0050_gamma0.50,carbonscaler_budget,texas,109,0,248.0,31.4548,24.6765
optionB_budget0.90_beta0.0050_gamma0.50,carbonscaler_budget,texas,110,1,184.0,38.305,46.8454
optionB_budget0.90_beta0.0050_gamma0.50,carbonscaler_budget,texas,111,1,174.0,44.6788,51.8874
optionB_budget0.90_beta0.0050_gamma0.50,carbonscaler_budget,texas,112,1,177.0,71.7543,79.6828
optionB_budget0.90_beta0.0050_gamma0.50,carbonscaler_budget,texas,113,0,196.0,79.5829,82.3547
optionB_budget0.90_beta0.0050_gamma0.50,carbonscaler_budget,texas,114,0,213.0,84.6147,97.1739
optionB_budget0.90_beta0.0050_gamma0.50,carbonscaler_budget,texas,115,0,226.0,90.7311,97.586
optionB_budget0.90_beta0.0050_gamma0.50,carbonscaler_budget,texas,116,0,248.0,72.6597,75.9426
optionB_budget0.90_beta0.0050_gamma0.50,carbonscaler_budget,texas,117,0,261.0,58.4517,48.183
optionB_budget0.90_beta0.0050_gamma0.50,carbonscaler_budget,texas,118,0,261.0,47.6005,21.6266
optionB_budget0.90_beta0.0050_gamma0.50,carbonscaler_budget,texas,119,0,298.0,35.7758,45.0111
optionB_budget0.90_beta0.0050_gamma0.50,carbonscaler_budget,texas,120,0,322.0,34.4184,3.1802
optionB_budget0.90_beta0.0050_gamma0.50,carbonscaler_budget,texas,121,0,323.0,26.6931,33.8542
optionB_budget0.90_beta0.0050_gamma0.50,carbonscaler_budget,texas,122,0,326.0,27.0471,39.854
optionB_budget0.90_beta0.0050_gamma0.50,carbonscaler_budget,texas,123,0,329.0,27.4566,35.9491
optionB_budget0.90_beta0.0050_gamma0.50,carbonscaler_budget,texas,124,0,336.0,27.0468,15.8623
optionB_budget0.90_beta0.0050_gamma0.50,carbonscaler_budget,texas,125,0,351.0,33.5566,33.7048
optionB_budget0.90_beta0.0050_gamma0.50,carbonscaler_budget,texas,126,0,372.0,52.3004,46.225
optionB_budget0.90_beta0.0050_gamma0.50,carbonscaler_budget,texas,127,0,403.0,41.1263,54.341
optionB_budget0.90_beta0.0050_gamma0.50,carbonscaler_budget,texas,128,0,410.0,40.5935,25.8551
optionB_budget0.90_beta0.0050_gamma0.50,carbonscaler_budget,texas,129,0,428.0,34.9955,29.5548
optionB_budget0.90_beta0.0050_gamma0.50,carbonscaler_budget,texas,130,0,458.0,34.4782,17.3617
optionB_budget0.90_beta0.0050_gamma0.50,carbonscaler_budget,texas,131,0,459.0,35.3146,34.5319
optionB_budget0.90_beta0.0050_gamma0.50,carbonscaler_budget,texas,132,0,460.0,30.2066,21.6721
optionB_budget0.90_beta0.0050_gamma0.50,carbonscaler_budget,texas,133,0,446.0,32.2738,10.2045
optionB_budget0.90_beta0.0050_gamma0.50,carbonscaler_budget,texas,134,0,422.0,37.2785,55.1661
optionB_budget0.90_beta0.0050_gamma0.50,carbonscaler_budget,texas,135,0,391.0,39.925,41.3759
optionB_budget0.90_beta0.0050_gamma0.50,carbonscaler_budget,texas,136,0,330.0,48.562,43.6064
optionB_budget0.90_beta0.0050_gamma0.50,carbonscaler_budget,texas,137,0,286.0,69.0366,69.9293
optionB_budget0.90_beta0.0050_gamma0.50,carbonscaler_budget,texas,138,0,268.0,83.8074,97.6167
optionB_budget0.90_beta0.0050_gamma0.50,carbonscaler_budget,texas,139,0,271.0,86.8532,74.6391
optionB_budget0.90_beta0.0050_gamma0.50,carbonscaler_budget,texas,140,0,272.0,63.0653,47.1049
optionB_budget0.90_beta0.0050_gamma0.50,carbonscaler_budget,texas,141,0,268.0,42.7586,58.1839
optionB_budget0.90_beta0.0050_gamma0.50,carbonscaler_budget,texas,142,0,288.0,37.4293,26.3516
optionB_budget0.90_beta0.0050_gamma0.50,carbonscaler_budget,texas,143,0,350.0,32.009,38.8331
optionB_budget0.90_beta0.0050_gamma0.50,carbonscaler_budget,texas,144,0,430.0,24.7798,32.6589
optionB_budget0.90_beta0.0050_gamma0.50,carbonscaler_budget,texas,145,0,433.0,21.8683,2.6208
optionB_budget0.90_beta0.0050_gamma0.50,carbonscaler_budget,texas,146,0,397.0,22.2148,36.13
optionB_budget0.90_beta0.0050_gamma0.50,carbonscaler_budget,texas,147,0,351.0,18.3983,23.1044
optionB_budget0.90_beta0.0050_gamma0.50,carbonscaler_budget,texas,148,0,328.0,32.3717,29.3217
optionB_budget0.90_beta0.0050_gamma0.50,carbonscaler_budget,texas,149,0,306.0,34.6748,39.3135
optionB_budget0.90_beta0.0050_gamma0.50,carbonscaler_budget,texas,150,0,296.0,42.6753,35.151
optionB_budget0.90_beta0.0050_gamma0.50,carbonscaler_budget,texas,151,0,284.0,38.7331,28.6715
optionB_budget0.90_beta0.0050_gamma0.50,carbonscaler_budget,texas,152,0,273.0,29.6649,11.5294
optionB_budget0.90_beta0.0050_gamma0.50,carbonscaler_budget,texas,153,0,282.0,31.2479,35.5552
optionB_budget0.90_beta0.0050_gamma0.50,carbonscaler_budget,texas,154,0,284.0,25.1636,23.4749
optionB_budget0.90_beta0.0050_gamma0.50,carbonscaler_budget,texas,155,0,286.0,29.8553,16.953
optionB_budget0.90_beta0.0050_gamma0.50,carbonscaler_budget,texas,156,0,281.0,23.7051,27.1849
optionB_budget0.90_beta0.0050_gamma0.50,carbonscaler_budget,texas,157,0,229.0,18.5874,29.3418
optionB_budget0.90_beta0.0050_gamma0.50,carbonscaler_budget,texas,158,1,195.0,22.3155,29.4613
optionB_budget0.90_beta0.0050_gamma0.50,carbonscaler_budget,texas,159,1,176.0,33.9523,38.8842
optionB_budget0.90_beta0.0050_gamma0.50,carbonscaler_budget,texas,160,1,166.0,49.2018,37.4999
optionB_budget0.90_beta0.0050_gamma0.50,carbonscaler_budget,texas,161,1,161.0,70.3761,84.3554
optionB_budget0.90_beta0.0050_gamma0.50,carbonscaler_budget,texas,162,1,160.0,82.5323,315.8753
optionB_budget0.90_beta0.0050_gamma0.50,carbonscaler_budget,texas,163,1,156.0,77.9932,55.3274
optionB_budget0.90_beta0.0050_gamma0.50,carbonscaler_budget,texas,164,2,152.0,56.4896,65.504
optionB_budget0.90_beta0.0050_gamma0.50,carbonscaler_budget,texas,165,1,157.0,40.4494,40.6216
optionB_budget0.90_beta0.0050_gamma0.50,carbonscaler_budget,texas,166,1,172.0,35.5752,57.7525
optionB_budget0.90_beta0.0050_gamma0.50,carbonscaler_budget,texas,167,0,225.0,34.5751,21.7347
optionB_budget0.90_beta0.0100_gamma0.50,carbonscaler_budget,texas,0,0,328.0,19.2775,17.8248
optionB_budget0.90_beta0.0100_gamma0.50,carbonscaler_budget,texas,1,0,334.0,16.6164,15.7787
optionB_budget0.90_beta0.0100_gamma0.50,carbonscaler_budget,texas,2,0,335.0,20.7381,1.8708
optionB_budget0.90_beta0.0100_gamma0.50,carbonscaler_budget,texas,3,0,317.0,23.2364,28.2329
optionB_budget0.90_beta0.0100_gamma0.50,carbonscaler_budget,texas,4,0,301.0,20.06,14.8483
optionB_budget0.90_beta0.0100_gamma0.50,carbonscaler_budget,texas,5,0,296.0,29.3968,51.5483
optionB_budget0.90_beta0.0100_gamma0.50,carbonscaler_budget,texas,6,0,316.0,43.8936,31.8114
optionB_budget0.90_beta0.0100_gamma0.50,carbonscaler_budget,texas,7,0,308.0,62.7105,45.1646
optionB_budget0.90_beta0.0100_gamma0.50,carbonscaler_budget,texas,8,0,296.0,54.451,60.3267
optionB_budget0.90_beta0.0100_gamma0.50,carbonscaler_budget,texas,9,0,288.0,38.887,43.8311
optionB_budget0.90_beta0.0100_gamma0.50,carbonscaler_budget,texas,10,0,298.0,27.1267,31.5591
optionB_budget0.90_beta0.0100_gamma0.50,carbonscaler_budget,texas,11,0,338.0,28.9764,30.0482
optionB_budget0.90_beta0.0100_gamma0.50,carbonscaler_budget,texas,12,0,355.0,38.0115,29.9228
optionB_budget0.90_beta0.0100_gamma0.50,carbonscaler_budget,texas,13,0,291.0,29.9031,38.8508
optionB_budget0.90_beta0.0100_gamma0.50,carbonscaler_budget,texas,14,0,212.0,33.1116,32.2559
optionB_budget0.90_beta0.0100_gamma0.50,carbonscaler_budget,texas,15,0,206.0,41.568,16.529
optionB_budget0.90_beta0.0100_gamma0.50,carbonscaler_budget,texas,16,0,210.0,45.7167,25.4052
optionB_budget0.90_beta0.0100_gamma0.50,carbonscaler_budget,texas,17,0,221.0,78.5971,82.9235
optionB_budget0.90_beta0.0100_gamma0.50,carbonscaler_budget,texas,18,0,244.0,101.4019,117.31
optionB_budget0.90_beta0.0100_gamma0.50,carbonscaler_budget,texas,19,0,262.0,103.407,103.1499
optionB_budget0.90_beta0.0100_gamma0.50,carbonscaler_budget,texas,20,0,273.0,66.1658,63.0775
optionB_budget0.90_beta0.0100_gamma0.50,carbonscaler_budget,texas,21,0,285.0,57.144,46.6209
optionB_budget0.90_beta0.0100_gamma0.50,carbonscaler_budget,texas,22,0,317.0,45.2341,44.1106
optionB_budget0.90_beta0.0100_gamma0.50,carbonscaler_budget,texas,23,0,396.0,36.8464,27.4255
optionB_budget0.90_beta0.0100_gamma0.50,carbonscaler_budget,texas,24,0,478.0,32.591,36.2471
optionB_budget0.90_beta0.0100_gamma0.50,carbonscaler_budget,texas,25,0,490.0,32.1319,50.6746
optionB_budget0.90_beta0.0100_gamma0.50,carbonscaler_budget,texas,26,0,499.0,31.3126,26.8969
optionB_budget0.90_beta0.0100_gamma0.50,carbonscaler_budget,texas,27,0,501.0,32.5465,25.013
optionB_budget0.90_beta0.0100_gamma0.50,carbonscaler_budget,texas,28,0,488.0,37.1626,45.4781
optionB_budget0.90_beta0.0100_gamma0.50,carbonscaler_budget,texas,29,0,480.0,39.1023,54.8141
optionB_budget0.90_beta0.0100_gamma0.50,carbonscaler_budget,texas,30,0,473.0,85.3805,100.8457
optionB_budget0.90_beta0.0100_gamma0.50,carbonscaler_budget,texas,31,0,468.0,72.0049,72.4015
optionB_budget0.90_beta0.0100_gamma0.50,carbonscaler_budget,texas,32,0,474.0,54.2857,58.8232
optionB_budget0.90_beta0.0100_gamma0.50,carbonscaler_budget,texas,33,0,482.0,32.528,38.5596
optionB_budget0.90_beta0.0100_gamma0.50,carbonscaler_budget,texas,34,0,484.0,27.67,12.9177
optionB_budget0.90_beta0.0100_gamma0.50,carbonscaler_budget,texas,35,0,477.0,20.791,6.3943
optionB_budget0.90_beta0.0100_gamma0.50,carbonscaler_budget,texas,36,0,476.0,25.4165,35.1304
optionB_budget0.90_beta0.0100_gamma0.50,carbonscaler_budget,texas,37,0,412.0,24.4097,49.4509
optionB_budget0.90_beta0.0100_gamma0.50,carbonscaler_budget,texas,38,0,326.0,27.614,23.2625
optionB_budget0.90_beta0.0100_gamma0.50,carbonscaler_budget,texas,39,0,252.0,42.2607,50.5134
optionB_budget0.90_beta0.0100_gamma0.50,carbonscaler_budget,texas,40,0,235.0,54.7619,38.9519
optionB_budget0.90_beta0.0100_gamma0.50,carbonscaler_budget,texas,41,0,247.0,80.7979,83.5923
optionB_budget0.90_beta0.0100_gamma0.50,carbonscaler_budget,texas,42,0,258.0,107.434,126.0267
optionB_budget0.90_beta0.0100_gamma0.50,carbonscaler_budget,texas,43,0,264.0,103.5981,103.2799
optionB_budget0.90_beta0.0100_gamma0.50,carbonscaler_budget,texas,44,0,258.0,72.0962,77.7264
optionB_budget0.90_beta0.0100_gamma0.50,carbonscaler_budget,texas,45,0,253.0,48.587,30.7592
optionB_budget0.90_beta0.0100_gamma0.50,carbonscaler_budget,texas,46,0,255.0,44.4117,57.8934
optionB_budget0.90_beta0.0100_gamma0.50,carbonscaler_budget,texas,47,0,314.0,38.6266,26.3231
optionB_budget0.90_beta0.0100_gamma0.50,carbonscaler_budget,texas,48,0,392.0,32.0924,28.8717
optionB_budget0.90_beta0.0100_gamma0.50,carbonscaler_budget,texas,49,0,385.0,28.8055,26.071
optionB_budget0.90_beta0.0100_gamma0.50,carbonscaler_budget,texas,50,0,365.0,33.5914,35.4776
optionB_budget0.90_beta0.0100_gamma0.50,carbonscaler_budget,texas,51,0,353.0,32.3168,50.0175
optionB_budget0.90_beta0.0100_gamma0.50,carbonscaler_budget,texas,52,0,329.0,33.1141,13.8613
optionB_budget0.90_beta0.0100_gamma0.50,carbonscaler_budget,texas,53,0,316.0,42.9691,1.7233
optionB_budget0.90_beta0.0100_gamma0.50,carbonscaler_budget,texas,54,0,313.0,88.436,76.0777
optionB_budget0.90_beta0.0100_gamma0.50,carbonscaler_budget,texas,55,0,310.0,78.5756,57.0641
optionB_budget0.90_beta0.0100_gamma0.50,carbonscaler_budget,texas,56,0,304.0,53.6439,42.7179
optionB_budget0.90_beta0.0100_gamma0.50,carbonscaler_budget,texas,57,0,302.0,49.4488,32.4688
optionB_budget0.90_beta0.0100_gamma0.50,carbonscaler_budget,texas,58,0,314.0,44.3883,36.629
optionB_budget0.90_beta0.0100_gamma0.50,carbonscaler_budget,texas,59,0,329.0,37.6079,38.8651
optionB_budget0.90_beta0.0100_gamma0.50,carbonscaler_budget,texas,60,0,331.0,38.3759,19.3692
optionB_budget0.90_beta0.0100_gamma0.50,carbonscaler_budget,texas,61,0,280.0,33.4808,34.7665
optionB_budget0.90_beta0.0100_gamma0.50,carbonscaler_budget,texas,62,0,217.0,36.7459,51.8435
optionB_budget0.90_beta0.0100_gamma0.50,carbonscaler_budget,texas,63,1,200.0,43.8455,48.4703
optionB_budget0.90_beta0.0100_gamma0.50,carbonscaler_budget,texas,64,0,195.0,66.6336,71.2876
optionB_budget0.90_beta0.0100_gamma0.50,carbonscaler_budget,texas,65,0,196.0,77.8332,74.0469
optionB_budget0.90_beta0.0100_gamma0.50,carbonscaler_budget,texas,66,0,199.0,88.0436,74.759
optionB_budget0.90_beta0.0100_gamma0.50,carbonscaler_budget,texas,67,1,189.0,74.654,69.5679
optionB_budget0.90_beta0.0100_gamma0.50,carbonscaler_budget,texas,68,0,195.0,59.6448,52.51
optionB_budget0.90_beta0.0100_gamma0.50,carbonscaler_budget,texas,69,0,205.0,42.9124,23.1283
optionB_budget0.90_beta0.0100_gamma0.50,carbonscaler_budget,texas,70,0,223.0,39.0859,51.1288
optionB_budget0.90_beta0.0100_gamma0.50,carbonscaler_budget,texas,71,0,270.0,33.9994,48.4275
optionB_budget0.90_beta0.0100_gamma0.50,carbonscaler_budget,texas,72,0,327.0,18.5248,12.2567
optionB_budget0.90_beta0.0100_gamma0.50,carbonscaler_budget,texas,73,0,337.0,14.984,13.8198
optionB_budget0.90_beta0.0100_gamma0.50,carbonscaler_budget,texas,74,0,334.0,22.1906,10.8001
optionB_budget0.90_beta0.0100_gamma0.50,carbonscaler_budget,texas,75,0,328.0,19.435,15.7472
optionB_budget0.90_beta0.0100_gamma0.50,carbonscaler_budget,texas,76,0,317.0,22.2038,21.4563
optionB_budget0.90_beta0.0100_gamma0.50,carbonscaler_budget,texas,77,0,308.0,24.7532,50.8865
optionB_budget0.90_beta0.0100_gamma0.50,carbonscaler_budget,texas,78,0,295.0,44.9286,55.3287
optionB_budget0.90_beta0.0100_gamma0.50,carbonscaler_budget,texas,79,0,288.0,44.1536,48.3785
optionB_budget0.90_beta0.0100_gamma0.50,carbonscaler_budget,texas,80,0,287.0,36.1665,43.6827
optionB_budget0.90_beta0.0100_gamma0.50,carbonscaler_budget,texas,81,0,286.0,25.3298,45.2417
optionB_budget0.90_beta0.0100_gamma0.50,carbonscaler_budget,texas,82,0,298.0,33.193,46.2954
optionB_budget0.90_beta0.0100_gamma0.50,carbonscaler_budget,texas,83,0,310.0,26.7276,44.2469
optionB_budget0.90_beta0.0100_gamma0.50,carbonscaler_budget,texas,84,0,310.0,33.9512,36.1223
optionB_budget0.90_beta0.0100_gamma0.50,carbonscaler_budget,texas,85,0,270.0,27.6064,28.8588
optionB_budget0.90_beta0.0100_gamma0.50,carbonscaler_budget,texas,86,1,202.0,32.4517,42.6745
optionB_budget0.90_beta0.0100_gamma0.50,carbonscaler_budget,texas,87,1,175.0,40.2416,32.6834
optionB_budget0.90_beta0.0100_gamma0.50,carbonscaler_budget,texas,88,1,172.0,53.0439,42.1723
optionB_budget0.90_beta0.0100_gamma0.50,carbonscaler_budget,texas,89,1,174.0,69.9053,85.9597
optionB_budget0.90_beta0.0100_gamma0.50,carbonscaler_budget,texas,90,1,182.0,74.5283,48.914
optionB_budget0.90_beta0.0100_gamma0.50,carbonscaler_budget,texas,91,1,178.0,71.9282,69.4357
optionB_budget0.90_beta0.0100_gamma0.50,carbonscaler_budget,texas,92,1,185.0,56.4093,34.4017
optionB_budget0.90_beta0.0100_gamma0.50,carbonscaler_budget,texas,93,1,194.0,41.7628,65.359
optionB_budget0.90_beta0.0100_gamma0.50,carbonscaler_budget,texas,94,1,203.0,34.5555,9.0625
optionB_budget0.90_beta0.0100_gamma0.50,carbonscaler_budget,texas,95,0,255.0,29.5876,30.7059
optionB_budget0.90_beta0.0100_gamma0.50,carbonscaler_budget,texas,96,0,318.0,15.8476,38.6492
optionB_budget0.90_beta0.0100_gamma0.50,carbonscaler_budget,texas,97,0,321.0,16.7486,15.6193
optionB_budget0.90_beta0.0100_gamma0.50,carbonscaler_budget,texas,98,0,320.0,20.1301,24.4951
optionB_budget0.90_beta0.0100_gamma0.50,carbonscaler_budget,texas,99,0,314.0,18.2408,22.7785
optionB_budget0.90_beta0.0100_gamma0.50,carbonscaler_budget,texas,100,0,296.0,23.1163,13.6666
optionB_budget0.90_beta0.0100_gamma0.50,carbonscaler_budget,texas,101,0,283.0,26.2878,23.1784
optionB_budget0.90_beta0.0100_gamma0.50,carbonscaler_budget,texas,102,0,278.0,56.0265,61.7002
optionB_budget0.90_beta0.0100_gamma0.50,carbonscaler_budget,texas,103,0,280.0,60.9573,49.7274
optionB_budget0.90_beta0.0100_gamma0.50,carbonscaler_budget,texas,104,0,288.0,45.9952,41.5203
optionB_budget0.90_beta0.0100_gamma0.50,carbonscaler_budget,texas,105,0,306.0,44.8534,39.8341
optionB_budget0.90_beta0.0100_gamma0.50,carbonscaler_budget,texas,106,0,317.0,37.8107,36.8132
optionB_budget0.90_beta0.0100_gamma0.50,carbonscaler_budget,texas,107,0,315.0,35.2101,32.7381
optionB_budget0.90_beta0.0100_gamma0.50,carbonscaler_budget,texas,108,0,304.0,33.1797,35.1742
optionB_budget0.90_beta0.0100_gamma0.50,carbonscaler_budget,texas,109,0,248.0,31.4548,24.6765
optionB_budget0.90_beta0.0100_gamma0.50,carbonscaler_budget,texas,110,1,184.0,38.305,46.8454
optionB_budget0.90_beta0.0100_gamma0.50,carbonscaler_budget,texas,111,1,174.0,44.6788,51.8874
optionB_budget0.90_beta0.0100_gamma0.50,carbonscaler_budget,texas,112,1,177.0,71.7543,79.6828
optionB_budget0.90_beta0.0100_gamma0.50,carbonscaler_budget,texas,113,0,196.0,79.5829,82.3547
optionB_budget0.90_beta0.0100_gamma0.50,carbonscaler_budget,texas,114,0,213.0,84.6147,97.1739
optionB_budget0.90_beta0.0100_gamma0.50,carbonscaler_budget,texas,115,0,226.0,90.7311,97.586
optionB_budget0.90_beta0.0100_gamma0.50,carbonscaler_budget,texas,116,0,248.0,72.6597,75.9426
optionB_budget0.90_beta0.0100_gamma0.50,carbonscaler_budget,texas,117,0,261.0,58.4517,48.183
optionB_budget0.90_beta0.0100_gamma0.50,carbonscaler_budget,texas,118,0,261.0,47.6005,21.6266
optionB_budget0.90_beta0.0100_gamma0.50,carbonscaler_budget,texas,119,0,298.0,35.7758,45.0111
optionB_budget0.90_beta0.0100_gamma0.50,carbonscaler_budget,texas,120,0,322.0,34.4184,3.1802
optionB_budget0.90_beta0.0100_gamma0.50,carbonscaler_budget,texas,121,0,323.0,26.6931,33.8542
optionB_budget0.90_beta0.0100_gamma0.50,carbonscaler_budget,texas,122,0,326.0,27.0471,39.854
optionB_budget0.90_beta0.0100_gamma0.50,carbonscaler_budget,texas,123,0,329.0,27.4566,35.9491
optionB_budget0.90_beta0.0100_gamma0.50,carbonscaler_budget,texas,124,0,336.0,27.0468,15.8623
optionB_budget0.90_beta0.0100_gamma0.50,carbonscaler_budget,texas,125,0,351.0,33.5566,33.7048
optionB_budget0.90_beta0.0100_gamma0.50,carbonscaler_budget,texas,126,0,372.0,52.3004,46.225
optionB_budget0.90_beta0.0100_gamma0.50,carbonscaler_budget,texas,127,0,403.0,41.1263,54.341
optionB_budget0.90_beta0.0100_gamma0.50,carbonscaler_budget,texas,128,0,410.0,40.5935,25.8551
optionB_budget0.90_beta0.0100_gamma0.50,carbonscaler_budget,texas,129,0,428.0,34.9955,29.5548
optionB_budget0.90_beta0.0100_gamma0.50,carbonscaler_budget,texas,130,0,458.0,34.4782,17.3617
optionB_budget0.90_beta0.0100_gamma0.50,carbonscaler_budget,texas,131,0,459.0,35.3146,34.5319
optionB_budget0.90_beta0.0100_gamma0.50,carbonscaler_budget,texas,132,0,460.0,30.2066,21.6721
optionB_budget0.90_beta0.0100_gamma0.50,carbonscaler_budget,texas,133,0,446.0,32.2738,10.2045
optionB_budget0.90_beta0.0100_gamma0.50,carbonscaler_budget,texas,134,0,422.0,37.2785,55.1661
optionB_budget0.90_beta0.0100_gamma0.50,carbonscaler_budget,texas,135,0,391.0,39.925,41.3759
optionB_budget0.90_beta0.0100_gamma0.50,carbonscaler_budget,texas,136,0,330.0,48.562,43.6064
optionB_budget0.90_beta0.0100_gamma0.50,carbonscaler_budget,texas,137,0,286.0,69.0366,69.9293
optionB_budget0.90_beta0.0100_gamma0.50,carbonscaler_budget,texas,138,0,268.0,83.8074,97.6167
optionB_budget0.90_beta0.0100_gamma0.50,carbonscaler_budget,texas,139,0,271.0,86.8532,74.6391
optionB_budget0.90_beta0.0100_gamma0.50,carbonscaler_budget,texas,140,0,272.0,63.0653,47.1049
optionB_budget0.90_beta0.0100_gamma0.50,carbonscaler_budget,texas,141,0,268.0,42.7586,58.1839
optionB_budget0.90_beta0.0100_gamma0.50,carbonscaler_budget,texas,142,0,288.0,37.4293,26.3516
optionB_budget0.90_beta0.0100_gamma0.50,carbonscaler_budget,texas,143,0,350.0,32.009,38.8331
optionB_budget0.90_beta0.0100_gamma0.50,carbonscaler_budget,texas,144,0,430.0,24.7798,32.6589
optionB_budget0.90_beta0.0100_gamma0.50,carbonscaler_budget,texas,145,0,433.0,21.8683,2.6208
optionB_budget0.90_beta0.0100_gamma0.50,carbonscaler_budget,texas,146,0,397.0,22.2148,36.13
optionB_budget0.90_beta0.0100_gamma0.50,carbonscaler_budget,texas,147,0,351.0,18.3983,23.1044
optionB_budget0.90_beta0.0100_gamma0.50,carbonscaler_budget,texas,148,0,328.0,32.3717,29.3217
optionB_budget0.90_beta0.0100_gamma0.50,carbonscaler_budget,texas,149,0,306.0,34.6748,39.3135
optionB_budget0.90_beta0.0100_gamma0.50,carbonscaler_budget,texas,150,0,296.0,42.6753,35.151
optionB_budget0.90_beta0.0100_gamma0.50,carbonscaler_budget,texas,151,0,284.0,38.7331,28.6715
optionB_budget0.90_beta0.0100_gamma0.50,carbonscaler_budget,texas,152,0,273.0,29.6649,11.5294
optionB_budget0.90_beta0.0100_gamma0.50,carbonscaler_budget,texas,153,0,282.0,31.2479,35.5552
optionB_budget0.90_beta0.0100_gamma0.50,carbonscaler_budget,texas,154,0,284.0,25.1636,23.4749
optionB_budget0.90_beta0.0100_gamma0.50,carbonscaler_budget,texas,155,0,286.0,29.8553,16.953
optionB_budget0.90_beta0.0100_gamma0.50,carbonscaler_budget,texas,156,0,281.0,23.7051,27.1849
optionB_budget0.90_beta0.0100_gamma0.50,carbonscaler_budget,texas,157,0,229.0,18.5874,29.3418
optionB_budget0.90_beta0.0100_gamma0.50,carbonscaler_budget,texas,158,1,195.0,22.3155,29.4613
optionB_budget0.90_beta0.0100_gamma0.50,carbonscaler_budget,texas,159,1,176.0,33.9523,38.8842
optionB_budget0.90_beta0.0100_gamma0.50,carbonscaler_budget,texas,160,1,166.0,49.2018,37.4999
optionB_budget0.90_beta0.0100_gamma0.50,carbonscaler_budget,texas,161,1,161.0,70.3761,84.3554
optionB_budget0.90_beta0.0100_gamma0.50,carbonscaler_budget,texas,162,1,160.0,82.5323,315.8753
optionB_budget0.90_beta0.0100_gamma0.50,carbonscaler_budget,texas,163,1,156.0,77.9932,55.3274
optionB_budget0.90_beta0.0100_gamma0.50,carbonscaler_budget,texas,164,2,152.0,56.4896,65.504
optionB_budget0.90_beta0.0100_gamma0.50,carbonscaler_budget,texas,165,2,157.0,40.4494,40.6216
optionB_budget0.90_beta0.0100_gamma0.50,carbonscaler_budget,texas,166,1,172.0,35.5752,57.7525
optionB_budget0.90_beta0.0100_gamma0.50,carbonscaler_budget,texas,167,0,225.0,34.5751,21.7347
optionB_budget0.90_beta0.0200_gamma0.50,carbonscaler_budget,texas,0,0,328.0,19.2775,17.8248
optionB_budget0.90_beta0.0200_gamma0.50,carbonscaler_budget,texas,1,0,334.0,16.6164,15.7787
optionB_budget0.90_beta0.0200_gamma0.50,carbonscaler_budget,texas,2,0,335.0,20.7381,1.8708
optionB_budget0.90_beta0.0200_gamma0.50,carbonscaler_budget,texas,3,0,317.0,23.2364,28.2329
optionB_budget0.90_beta0.0200_gamma0.50,carbonscaler_budget,texas,4,0,301.0,20.06,14.8483
optionB_budget0.90_beta0.0200_gamma0.50,carbonscaler_budget,texas,5,0,296.0,29.3968,51.5483
optionB_budget0.90_beta0.0200_gamma0.50,carbonscaler_budget,texas,6,0,316.0,43.8936,31.8114
optionB_budget0.90_beta0.0200_gamma0.50,carbonscaler_budget,texas,7,0,308.0,62.7105,45.1646
optionB_budget0.90_beta0.0200_gamma0.50,carbonscaler_budget,texas,8,0,296.0,54.451,60.3267
optionB_budget0.90_beta0.0200_gamma0.50,carbonscaler_budget,texas,9,0,288.0,38.887,43.8311
optionB_budget0.90_beta0.0200_gamma0.50,carbonscaler_budget,texas,10,0,298.0,27.1267,31.5591
optionB_budget0.90_beta0.0200_gamma0.50,carbonscaler_budget,texas,11,0,338.0,28.9764,30.0482
optionB_budget0.90_beta0.0200_gamma0.50,carbonscaler_budget,texas,12,0,355.0,38.0115,29.9228
optionB_budget0.90_beta0.0200_gamma0.50,carbonscaler_budget,texas,13,0,291.0,29.9031,38.8508
optionB_budget0.90_beta0.0200_gamma0.50,carbonscaler_budget,texas,14,1,212.0,33.1116,32.2559
optionB_budget0.90_beta0.0200_gamma0.50,carbonscaler_budget,texas,15,0,206.0,41.568,16.529
optionB_budget0.90_beta0.0200_gamma0.50,carbonscaler_budget,texas,16,0,210.0,45.7167,25.4052
optionB_budget0.90_beta0.0200_gamma0.50,carbonscaler_budget,texas,17,0,221.0,78.5971,82.9235
optionB_budget0.90_beta0.0200_gamma0.50,carbonscaler_budget,texas,18,0,244.0,101.4019,117.31
optionB_budget0.90_beta0.0200_gamma0.50,carbonscaler_budget,texas,19,0,262.0,103.407,103.1499
optionB_budget0.90_beta0.0200_gamma0.50,carbonscaler_budget,texas,20,0,273.0,66.1658,63.0775
optionB_budget0.90_beta0.0200_gamma0.50,carbonscaler_budget,texas,21,0,285.0,57.144,46.6209
optionB_budget0.90_beta0.0200_gamma0.50,carbonscaler_budget,texas,22,0,317.0,45.2341,44.1106
optionB_budget0.90_beta0.0200_gamma0.50,carbonscaler_budget,texas,23,0,396.0,36.8464,27.4255
optionB_budget0.90_beta0.0200_gamma0.50,carbonscaler_budget,texas,24,0,478.0,32.591,36.2471
optionB_budget0.90_beta0.0200_gamma0.50,carbonscaler_budget,texas,25,0,490.0,32.1319,50.6746
optionB_budget0.90_beta0.0200_gamma0.50,carbonscaler_budget,texas,26,0,499.0,31.3126,26.8969
optionB_budget0.90_beta0.0200_gamma0.50,carbonscaler_budget,texas,27,0,501.0,32.5465,25.013
optionB_budget0.90_beta0.0200_gamma0.50,carbonscaler_budget,texas,28,0,488.0,37.1626,45.4781
optionB_budget0.90_beta0.0200_gamma0.50,carbonscaler_budget,texas,29,0,480.0,39.1023,54.8141
optionB_budget0.90_beta0.0200_gamma0.50,carbonscaler_budget,texas,30,0,473.0,85.3805,100.8457
optionB_budget0.90_beta0.0200_gamma0.50,carbonscaler_budget,texas,31,0,468.0,72.0049,72.4015
optionB_budget0.90_beta0.0200_gamma0.50,carbonscaler_budget,texas,32,0,474.0,54.2857,58.8232
optionB_budget0.90_beta0.0200_gamma0.50,carbonscaler_budget,texas,33,0,482.0,32.528,38.5596
optionB_budget0.90_beta0.0200_gamma0.50,carbonscaler_budget,texas,34,0,484.0,27.67,12.9177
optionB_budget0.90_beta0.0200_gamma0.50,carbonscaler_budget,texas,35,0,477.0,20.791,6.3943
optionB_budget0.90_beta0.0200_gamma0.50,carbonscaler_budget,texas,36,0,476.0,25.4165,35.1304
optionB_budget0.90_beta0.0200_gamma0.50,carbonscaler_budget,texas,37,0,412.0,24.4097,49.4509
optionB_budget0.90_beta0.0200_gamma0.50,carbonscaler_budget,texas,38,0,326.0,27.614,23.2625
optionB_budget0.90_beta0.0200_gamma0.50,carbonscaler_budget,texas,39,0,252.0,42.2607,50.5134
optionB_budget0.90_beta0.0200_gamma0.50,carbonscaler_budget,texas,40,0,235.0,54.7619,38.9519
optionB_budget0.90_beta0.0200_gamma0.50,carbonscaler_budget,texas,41,0,247.0,80.7979,83.5923
optionB_budget0.90_beta0.0200_gamma0.50,carbonscaler_budget,texas,42,0,258.0,107.434,126.0267
optionB_budget0.90_beta0.0200_gamma0.50,carbonscaler_budget,texas,43,0,264.0,103.5981,103.2799
optionB_budget0.90_beta0.0200_gamma0.50,carbonscaler_budget,texas,44,0,258.0,72.0962,77.7264
optionB_budget0.90_beta0.0200_gamma0.50,carbonscaler_budget,texas,45,0,253.0,48.587,30.7592
optionB_budget0.90_beta0.0200_gamma0.50,carbonscaler_budget,texas,46,0,255.0,44.4117,57.8934
optionB_budget0.90_beta0.0200_gamma0.50,carbonscaler_budget,texas,47,0,314.0,38.6266,26.3231
optionB_budget0.90_beta0.0200_gamma0.50,carbonscaler_budget,texas,48,0,392.0,32.0924,28.8717
optionB_budget0.90_beta0.0200_gamma0.50,carbonscaler_budget,texas,49,0,385.0,28.8055,26.071
optionB_budget0.90_beta0.0200_gamma0.50,carbonscaler_budget,texas,50,0,365.0,33.5914,35.4776
optionB_budget0.90_beta0.0200_gamma0.50,carbonscaler_budget,texas,51,0,353.0,32.3168,50.0175
optionB_budget0.90_beta0.0200_gamma0.50,carbonscaler_budget,texas,52,0,329.0,33.1141,13.8613
optionB_budget0.90_beta0.0200_gamma0.50,carbonscaler_budget,texas,53,0,316.0,42.9691,1.7233
optionB_budget0.90_beta0.0200_gamma0.50,carbonscaler_budget,texas,54,0,313.0,88.436,76.0777
optionB_budget0.90_beta0.0200_gamma0.50,carbonscaler_budget,texas,55,0,310.0,78.5756,57.0641
optionB_budget0.90_beta0.0200_gamma0.50,carbonscaler_budget,texas,56,0,304.0,53.6439,42.7179
optionB_budget0.90_beta0.0200_gamma0.50,carbonscaler_budget,texas,57,0,302.0,49.4488,32.4688
optionB_budget0.90_beta0.0200_gamma0.50,carbonscaler_budget,texas,58,0,314.0,44.3883,36.629
optionB_budget0.90_beta0.0200_gamma0.50,carbonscaler_budget,texas,59,0,329.0,37.6079,38.8651
optionB_budget0.90_beta0.0200_gamma0.50,carbonscaler_budget,texas,60,0,331.0,38.3759,19.3692
optionB_budget0.90_beta0.0200_gamma0.50,carbonscaler_budget,texas,61,0,280.0,33.4808,34.7665
optionB_budget0.90_beta0.0200_gamma0.50,carbonscaler_budget,texas,62,0,217.0,36.7459,51.8435
optionB_budget0.90_beta0.0200_gamma0.50,carbonscaler_budget,texas,63,1,200.0,43.8455,48.4703
optionB_budget0.90_beta0.0200_gamma0.50,carbonscaler_budget,texas,64,0,195.0,66.6336,71.2876
optionB_budget0.90_beta0.0200_gamma0.50,carbonscaler_budget,texas,65,0,196.0,77.8332,74.0469
optionB_budget0.90_beta0.0200_gamma0.50,carbonscaler_budget,texas,66,0,199.0,88.0436,74.759
optionB_budget0.90_beta0.0200_gamma0.50,carbonscaler_budget,texas,67,0,189.0,74.654,69.5679
optionB_budget0.90_beta0.0200_gamma0.50,carbonscaler_budget,texas,68,0,195.0,59.6448,52.51
optionB_budget0.90_beta0.0200_gamma0.50,carbonscaler_budget,texas,69,0,205.0,42.9124,23.1283
optionB_budget0.90_beta0.0200_gamma0.50,carbonscaler_budget,texas,70,0,223.0,39.0859,51.1288
optionB_budget0.90_beta0.0200_gamma0.50,carbonscaler_budget,texas,71,0,270.0,33.9994,48.4275
optionB_budget0.90_beta0.0200_gamma0.50,carbonscaler_budget,texas,72,0,327.0,18.5248,12.2567
optionB_budget0.90_beta0.0200_gamma0.50,carbonscaler_budget,texas,73,0,337.0,14.984,13.8198
optionB_budget0.90_beta0.0200_gamma0.50,carbonscaler_budget,texas,74,0,334.0,22.1906,10.8001
optionB_budget0.90_beta0.0200_gamma0.50,carbonscaler_budget,texas,75,0,328.0,19.435,15.7472
optionB_budget0.90_beta0.0200_gamma0.50,carbonscaler_budget,texas,76,0,317.0,22.2038,21.4563
optionB_budget0.90_beta0.0200_gamma0.50,carbonscaler_budget,texas,77,0,308.0,24.7532,50.8865
optionB_budget0.90_beta0.0200_gamma0.50,carbonscaler_budget,texas,78,0,295.0,44.9286,55.3287
optionB_budget0.90_beta0.0200_gamma0.50,carbonscaler_budget,texas,79,0,288.0,44.1536,48.3785
optionB_budget0.90_beta0.0200_gamma0.50,carbonscaler_budget,texas,80,0,287.0,36.1665,43.6827
optionB_budget0.90_beta0.0200_gamma0.50,carbonscaler_budget,texas,81,0,286.0,25.3298,45.2417
optionB_budget0.90_beta0.0200_gamma0.50,carbonscaler_budget,texas,82,0,298.0,33.193,46.2954
optionB_budget0.90_beta0.0200_gamma0.50,carbonscaler_budget,texas,83,0,310.0,26.7276,44.2469
optionB_budget0.90_beta0.0200_gamma0.50,carbonscaler_budget,texas,84,0,310.0,33.9512,36.1223
optionB_budget0.90_beta0.0200_gamma0.50,carbonscaler_budget,texas,85,0,270.0,27.6064,28.8588
optionB_budget0.90_beta0.0200_gamma0.50,carbonscaler_budget,texas,86,1,202.0,32.4517,42.6745
optionB_budget0.90_beta0.0200_gamma0.50,carbonscaler_budget,texas,87,1,175.0,40.2416,32.6834
optionB_budget0.90_beta0.0200_gamma0.50,carbonscaler_budget,texas,88,1,172.0,53.0439,42.1723
optionB_budget0.90_beta0.0200_gamma0.50,carbonscaler_budget,texas,89,1,174.0,69.9053,85.9597
optionB_budget0.90_beta0.0200_gamma0.50,carbonscaler_budget,texas,90,1,182.0,74.5283,48.914
optionB_budget0.90_beta0.0200_gamma0.50,carbonscaler_budget,texas,91,1,178.0,71.9282,69.4357
optionB_budget0.90_beta0.0200_gamma0.50,carbonscaler_budget,texas,92,1,185.0,56.4093,34.4017
optionB_budget0.90_beta0.0200_gamma0.50,carbonscaler_budget,texas,93,1,194.0,41.7628,65.359
optionB_budget0.90_beta0.0200_gamma0.50,carbonscaler_budget,texas,94,1,203.0,34.5555,9.0625
optionB_budget0.90_beta0.0200_gamma0.50,carbonscaler_budget,texas,95,0,255.0,29.5876,30.7059
optionB_budget0.90_beta0.0200_gamma0.50,carbonscaler_budget,texas,96,0,318.0,15.8476,38.6492
optionB_budget0.90_beta0.0200_gamma0.50,carbonscaler_budget,texas,97,0,321.0,16.7486,15.6193
optionB_budget0.90_beta0.0200_gamma0.50,carbonscaler_budget,texas,98,0,320.0,20.1301,24.4951
optionB_budget0.90_beta0.0200_gamma0.50,carbonscaler_budget,texas,99,0,314.0,18.2408,22.7785
optionB_budget0.90_beta0.0200_gamma0.50,carbonscaler_budget,texas,100,0,296.0,23.1163,13.6666
optionB_budget0.90_beta0.0200_gamma0.50,carbonscaler_budget,texas,101,0,283.0,26.2878,23.1784
optionB_budget0.90_beta0.0200_gamma0.50,carbonscaler_budget,texas,102,0,278.0,56.0265,61.7002
optionB_budget0.90_beta0.0200_gamma0.50,carbonscaler_budget,texas,103,0,280.0,60.9573,49.7274
optionB_budget0.90_beta0.0200_gamma0.50,carbonscaler_budget,texas,104,0,288.0,45.9952,41.5203
optionB_budget0.90_beta0.0200_gamma0.50,carbonscaler_budget,texas,105,0,306.0,44.8534,39.8341
optionB_budget0.90_beta0.0200_gamma0.50,carbonscaler_budget,texas,106,0,317.0,37.8107,36.8132
optionB_budget0.90_beta0.0200_gamma0.50,carbonscaler_budget,texas,107,0,315.0,35.2101,32.7381
optionB_budget0.90_beta0.0200_gamma0.50,carbonscaler_budget,texas,108,0,304.0,33.1797,35.1742
optionB_budget0.90_beta0.0200_gamma0.50,carbonscaler_budget,texas,109,0,248.0,31.4548,24.6765
optionB_budget0.90_beta0.0200_gamma0.50,carbonscaler_budget,texas,110,1,184.0,38.305,46.8454
optionB_budget0.90_beta0.0200_gamma0.50,carbonscaler_budget,texas,111,1,174.0,44.6788,51.8874
optionB_budget0.90_beta0.0200_gamma0.50,carbonscaler_budget,texas,112,1,177.0,71.7543,79.6828
optionB_budget0.90_beta0.0200_gamma0.50,carbonscaler_budget,texas,113,0,196.0,79.5829,82.3547
optionB_budget0.90_beta0.0200_gamma0.50,carbonscaler_budget,texas,114,0,213.0,84.6147,97.1739
optionB_budget0.90_beta0.0200_gamma0.50,carbonscaler_budget,texas,115,0,226.0,90.7311,97.586
optionB_budget0.90_beta0.0200_gamma0.50,carbonscaler_budget,texas,116,0,248.0,72.6597,75.9426
optionB_budget0.90_beta0.0200_gamma0.50,carbonscaler_budget,texas,117,0,261.0,58.4517,48.183
optionB_budget0.90_beta0.0200_gamma0.50,carbonscaler_budget,texas,118,0,261.0,47.6005,21.6266
optionB_budget0.90_beta0.0200_gamma0.50,carbonscaler_budget,texas,119,0,298.0,35.7758,45.0111
optionB_budget0.90_beta0.0200_gamma0.50,carbonscaler_budget,texas,120,0,322.0,34.4184,3.1802
optionB_budget0.90_beta0.0200_gamma0.50,carbonscaler_budget,texas,121,0,323.0,26.6931,33.8542
optionB_budget0.90_beta0.0200_gamma0.50,carbonscaler_budget,texas,122,0,326.0,27.0471,39.854
optionB_budget0.90_beta0.0200_gamma0.50,carbonscaler_budget,texas,123,0,329.0,27.4566,35.9491
optionB_budget0.90_beta0.0200_gamma0.50,carbonscaler_budget,texas,124,0,336.0,27.0468,15.8623
optionB_budget0.90_beta0.0200_gamma0.50,carbonscaler_budget,texas,125,0,351.0,33.5566,33.7048
optionB_budget0.90_beta0.0200_gamma0.50,carbonscaler_budget,texas,126,0,372.0,52.3004,46.225
optionB_budget0.90_beta0.0200_gamma0.50,carbonscaler_budget,texas,127,0,403.0,41.1263,54.341
optionB_budget0.90_beta0.0200_gamma0.50,carbonscaler_budget,texas,128,0,410.0,40.5935,25.8551
optionB_budget0.90_beta0.0200_gamma0.50,carbonscaler_budget,texas,129,0,428.0,34.9955,29.5548
optionB_budget0.90_beta0.0200_gamma0.50,carbonscaler_budget,texas,130,0,458.0,34.4782,17.3617
optionB_budget0.90_beta0.0200_gamma0.50,carbonscaler_budget,texas,131,0,459.0,35.3146,34.5319
optionB_budget0.90_beta0.0200_gamma0.50,carbonscaler_budget,texas,132,0,460.0,30.2066,21.6721
optionB_budget0.90_beta0.0200_gamma0.50,carbonscaler_budget,texas,133,0,446.0,32.2738,10.2045
optionB_budget0.90_beta0.0200_gamma0.50,carbonscaler_budget,texas,134,0,422.0,37.2785,55.1661
optionB_budget0.90_beta0.0200_gamma0.50,carbonscaler_budget,texas,135,0,391.0,39.925,41.3759
optionB_budget0.90_beta0.0200_gamma0.50,carbonscaler_budget,texas,136,0,330.0,48.562,43.6064
optionB_budget0.90_beta0.0200_gamma0.50,carbonscaler_budget,texas,137,0,286.0,69.0366,69.9293
optionB_budget0.90_beta0.0200_gamma0.50,carbonscaler_budget,texas,138,0,268.0,83.8074,97.6167
optionB_budget0.90_beta0.0200_gamma0.50,carbonscaler_budget,texas,139,0,271.0,86.8532,74.6391
optionB_budget0.90_beta0.0200_gamma0.50,carbonscaler_budget,texas,140,0,272.0,63.0653,47.1049
optionB_budget0.90_beta0.0200_gamma0.50,carbonscaler_budget,texas,141,0,268.0,42.7586,58.1839
optionB_budget0.90_beta0.0200_gamma0.50,carbonscaler_budget,texas,142,0,288.0,37.4293,26.3516
optionB_budget0.90_beta0.0200_gamma0.50,carbonscaler_budget,texas,143,0,350.0,32.009,38.8331
optionB_budget0.90_beta0.0200_gamma0.50,carbonscaler_budget,texas,144,0,430.0,24.7798,32.6589
optionB_budget0.90_beta0.0200_gamma0.50,carbonscaler_budget,texas,145,0,433.0,21.8683,2.6208
optionB_budget0.90_beta0.0200_gamma0.50,carbonscaler_budget,texas,146,0,397.0,22.2148,36.13
optionB_budget0.90_beta0.0200_gamma0.50,carbonscaler_budget,texas,147,0,351.0,18.3983,23.1044
optionB_budget0.90_beta0.0200_gamma0.50,carbonscaler_budget,texas,148,0,328.0,32.3717,29.3217
optionB_budget0.90_beta0.0200_gamma0.50,carbonscaler_budget,texas,149,0,306.0,34.6748,39.3135
optionB_budget0.90_beta0.0200_gamma0.50,carbonscaler_budget,texas,150,0,296.0,42.6753,35.151
optionB_budget0.90_beta0.0200_gamma0.50,carbonscaler_budget,texas,151,0,284.0,38.7331,28.6715
optionB_budget0.90_beta0.0200_gamma0.50,carbonscaler_budget,texas,152,0,273.0,29.6649,11.5294
optionB_budget0.90_beta0.0200_gamma0.50,carbonscaler_budget,texas,153,0,282.0,31.2479,35.5552
optionB_budget0.90_beta0.0200_gamma0.50,carbonscaler_budget,texas,154,0,284.0,25.1636,23.4749
optionB_budget0.90_beta0.0200_gamma0.50,carbonscaler_budget,texas,155,0,286.0,29.8553,16.953
optionB_budget0.90_beta0.0200_gamma0.50,carbonscaler_budget,texas,156,0,281.0,23.7051,27.1849
optionB_budget0.90_beta0.0200_gamma0.50,carbonscaler_budget,texas,157,0,229.0,18.5874,29.3418
optionB_budget0.90_beta0.0200_gamma0.50,carbonscaler_budget,texas,158,1,195.0,22.3155,29.4613
optionB_budget0.90_beta0.0200_gamma0.50,carbonscaler_budget,texas,159,1,176.0,33.9523,38.8842
optionB_budget0.90_beta0.0200_gamma0.50,carbonscaler_budget,texas,160,1,166.0,49.2018,37.4999
optionB_budget0.90_beta0.0200_gamma0.50,carbonscaler_budget,texas,161,1,161.0,70.3761,84.3554
optionB_budget0.90_beta0.0200_gamma0.50,carbonscaler_budget,texas,162,1,160.0,82.5323,315.8753
optionB_budget0.90_beta0.0200_gamma0.50,carbonscaler_budget,texas,163,1,156.0,77.9932,55.3274
optionB_budget0.90_beta0.0200_gamma0.50,carbonscaler_budget,texas,164,2,152.0,56.4896,65.504
optionB_budget0.90_beta0.0200_gamma0.50,carbonscaler_budget,texas,165,2,157.0,40.4494,40.6216
optionB_budget0.90_beta0.0200_gamma0.50,carbonscaler_budget,texas,166,1,172.0,35.5752,57.7525
optionB_budget0.90_beta0.0200_gamma0.50,carbonscaler_budget,texas,167,0,225.0,34.5751,21.7347
optionB_budget0.90_beta0.0400_gamma0.50,carbonscaler_budget,texas,0,0,328.0,19.2775,17.8248
optionB_budget0.90_beta0.0400_gamma0.50,carbonscaler_budget,texas,1,0,334.0,16.6164,15.7787
optionB_budget0.90_beta0.0400_gamma0.50,carbonscaler_budget,texas,2,0,335.0,20.7381,1.8708
optionB_budget0.90_beta0.0400_gamma0.50,carbonscaler_budget,texas,3,0,317.0,23.2364,28.2329
optionB_budget0.90_beta0.0400_gamma0.50,carbonscaler_budget,texas,4,0,301.0,20.06,14.8483
optionB_budget0.90_beta0.0400_gamma0.50,carbonscaler_budget,texas,5,0,296.0,29.3968,51.5483
optionB_budget0.90_beta0.0400_gamma0.50,carbonscaler_budget,texas,6,0,316.0,43.8936,31.8114
optionB_budget0.90_beta0.0400_gamma0.50,carbonscaler_budget,texas,7,0,308.0,62.7105,45.1646
optionB_budget0.90_beta0.0400_gamma0.50,carbonscaler_budget,texas,8,0,296.0,54.451,60.3267
optionB_budget0.90_beta0.0400_gamma0.50,carbonscaler_budget,texas,9,0,288.0,38.887,43.8311
optionB_budget0.90_beta0.0400_gamma0.50,carbonscaler_budget,texas,10,0,298.0,27.1267,31.5591
optionB_budget0.90_beta0.0400_gamma0.50,carbonscaler_budget,texas,11,0,338.0,28.9764,30.0482
optionB_budget0.90_beta0.0400_gamma0.50,carbonscaler_budget,texas,12,0,355.0,38.0115,29.9228
optionB_budget0.90_beta0.0400_gamma0.50,carbonscaler_budget,texas,13,0,291.0,29.9031,38.8508
optionB_budget0.90_beta0.0400_gamma0.50,carbonscaler_budget,texas,14,1,212.0,33.1116,32.2559
optionB_budget0.90_beta0.0400_gamma0.50,carbonscaler_budget,texas,15,1,206.0,41.568,16.529
optionB_budget0.90_beta0.0400_gamma0.50,carbonscaler_budget,texas,16,0,210.0,45.7167,25.4052
optionB_budget0.90_beta0.0400_gamma0.50,carbonscaler_budget,texas,17,0,221.0,78.5971,82.9235
optionB_budget0.90_beta0.0400_gamma0.50,carbonscaler_budget,texas,18,0,244.0,101.4019,117.31
optionB_budget0.90_beta0.0400_gamma0.50,carbonscaler_budget,texas,19,0,262.0,103.407,103.1499
optionB_budget0.90_beta0.0400_gamma0.50,carbonscaler_budget,texas,20,0,273.0,66.1658,63.0775
optionB_budget0.90_beta0.0400_gamma0.50,carbonscaler_budget,texas,21,0,285.0,57.144,46.6209
optionB_budget0.90_beta0.0400_gamma0.50,carbonscaler_budget,texas,22,0,317.0,45.2341,44.1106
optionB_budget0.90_beta0.0400_gamma0.50,carbonscaler_budget,texas,23,0,396.0,36.8464,27.4255
optionB_budget0.90_beta0.0400_gamma0.50,carbonscaler_budget,texas,24,0,478.0,32.591,36.2471
optionB_budget0.90_beta0.0400_gamma0.50,carbonscaler_budget,texas,25,0,490.0,32.1319,50.6746
optionB_budget0.90_beta0.0400_gamma0.50,carbonscaler_budget,texas,26,0,499.0,31.3126,26.8969
optionB_budget0.90_beta0.0400_gamma0.50,carbonscaler_budget,texas,27,0,501.0,32.5465,25.013
optionB_budget0.90_beta0.0400_gamma0.50,carbonscaler_budget,texas,28,0,488.0,37.1626,45.4781
optionB_budget0.90_beta0.0400_gamma0.50,carbonscaler_budget,texas,29,0,480.0,39.1023,54.8141
optionB_budget0.90_beta0.0400_gamma0.50,carbonscaler_budget,texas,30,0,473.0,85.3805,100.8457
optionB_budget0.90_beta0.0400_gamma0.50,carbonscaler_budget,texas,31,0,468.0,72.0049,72.4015
optionB_budget0.90_beta0.0400_gamma0.50,carbonscaler_budget,texas,32,0,474.0,54.2857,58.8232
optionB_budget0.90_beta0.0400_gamma0.50,carbonscaler_budget,texas,33,0,482.0,32.528,38.5596
optionB_budget0.90_beta0.0400_gamma0.50,carbonscaler_budget,texas,34,0,484.0,27.67,12.9177
optionB_budget0.90_beta0.0400_gamma0.50,carbonscaler_budget,texas,35,0,477.0,20.791,6.3943
optionB_budget0.90_beta0.0400_gamma0.50,carbonscaler_budget,texas,36,0,476.0,25.4165,35.1304
optionB_budget0.90_beta0.0400_gamma0.50,carbonscaler_budget,texas,37,0,412.0,24.4097,49.4509
optionB_budget0.90_beta0.0400_gamma0.50,carbonscaler_budget,texas,38,0,326.0,27.614,23.2625
optionB_budget0.90_beta0.0400_gamma0.50,carbonscaler_budget,texas,39,0,252.0,42.2607,50.5134
optionB_budget0.90_beta0.0400_gamma0.50,carbonscaler_budget,texas,40,0,235.0,54.7619,38.9519
optionB_budget0.90_beta0.0400_gamma0.50,carbonscaler_budget,texas,41,0,247.0,80.7979,83.5923
optionB_budget0.90_beta0.0400_gamma0.50,carbonscaler_budget,texas,42,0,258.0,107.434,126.0267
optionB_budget0.90_beta0.0400_gamma0.50,carbonscaler_budget,texas,43,0,264.0,103.5981,103.2799
optionB_budget0.90_beta0.0400_gamma0.50,carbonscaler_budget,texas,44,0,258.0,72.0962,77.7264
optionB_budget0.90_beta0.0400_gamma0.50,carbonscaler_budget,texas,45,0,253.0,48.587,30.7592
optionB_budget0.90_beta0.0400_gamma0.50,carbonscaler_budget,texas,46,0,255.0,44.4117,57.8934
optionB_budget0.90_beta0.0400_gamma0.50,carbonscaler_budget,texas,47,0,314.0,38.6266,26.3231
optionB_budget0.90_beta0.0400_gamma0.50,carbonscaler_budget,texas,48,0,392.0,32.0924,28.8717
optionB_budget0.90_beta0.0400_gamma0.50,carbonscaler_budget,texas,49,0,385.0,28.8055,26.071
optionB_budget0.90_beta0.0400_gamma0.50,carbonscaler_budget,texas,50,0,365.0,33.5914,35.4776
optionB_budget0.90_beta0.0400_gamma0.50,carbonscaler_budget,texas,51,0,353.0,32.3168,50.0175
optionB_budget0.90_beta0.0400_gamma0.50,carbonscaler_budget,texas,52,0,329.0,33.1141,13.8613
optionB_budget0.90_beta0.0400_gamma0.50,carbonscaler_budget,texas,53,0,316.0,42.9691,1.7233
optionB_budget0.90_beta0.0400_gamma0.50,carbonscaler_budget,texas,54,0,313.0,88.436,76.0777
optionB_budget0.90_beta0.0400_gamma0.50,carbonscaler_budget,texas,55,0,310.0,78.5756,57.0641
optionB_budget0.90_beta0.0400_gamma0.50,carbonscaler_budget,texas,56,0,304.0,53.6439,42.7179
optionB_budget0.90_beta0.0400_gamma0.50,carbonscaler_budget,texas,57,0,302.0,49.4488,32.4688
optionB_budget0.90_beta0.0400_gamma0.50,carbonscaler_budget,texas,58,0,314.0,44.3883,36.629
optionB_budget0.90_beta0.0400_gamma0.50,carbonscaler_budget,texas,59,0,329.0,37.6079,38.8651
optionB_budget0.90_beta0.0400_gamma0.50,carbonscaler_budget,texas,60,0,331.0,38.3759,19.3692
optionB_budget0.90_beta0.0400_gamma0.50,carbonscaler_budget,texas,61,0,280.0,33.4808,34.7665
optionB_budget0.90_beta0.0400_gamma0.50,carbonscaler_budget,texas,62,1,217.0,36.7459,51.8435
optionB_budget0.90_beta0.0400_gamma0.50,carbonscaler_budget,texas,63,1,200.0,43.8455,48.4703
optionB_budget0.90_beta0.0400_gamma0.50,carbonscaler_budget,texas,64,0,195.0,66.6336,71.2876
optionB_budget0.90_beta0.0400_gamma0.50,carbonscaler_budget,texas,65,0,196.0,77.8332,74.0469
optionB_budget0.90_beta0.0400_gamma0.50,carbonscaler_budget,texas,66,0,199.0,88.0436,74.759
optionB_budget0.90_beta0.0400_gamma0.50,carbonscaler_budget,texas,67,0,189.0,74.654,69.5679
optionB_budget0.90_beta0.0400_gamma0.50,carbonscaler_budget,texas,68,0,195.0,59.6448,52.51
optionB_budget0.90_beta0.0400_gamma0.50,carbonscaler_budget,texas,69,1,205.0,42.9124,23.1283
optionB_budget0.90_beta0.0400_gamma0.50,carbonscaler_budget,texas,70,0,223.0,39.0859,51.1288
optionB_budget0.90_beta0.0400_gamma0.50,carbonscaler_budget,texas,71,0,270.0,33.9994,48.4275
optionB_budget0.90_beta0.0400_gamma0.50,carbonscaler_budget,texas,72,0,327.0,18.5248,12.2567
optionB_budget0.90_beta0.0400_gamma0.50,carbonscaler_budget,texas,73,0,337.0,14.984,13.8198
optionB_budget0.90_beta0.0400_gamma0.50,carbonscaler_budget,texas,74,0,334.0,22.1906,10.8001
optionB_budget0.90_beta0.0400_gamma0.50,carbonscaler_budget,texas,75,0,328.0,19.435,15.7472
optionB_budget0.90_beta0.0400_gamma0.50,carbonscaler_budget,texas,76,0,317.0,22.2038,21.4563
optionB_budget0.90_beta0.0400_gamma0.50,carbonscaler_budget,texas,77,0,308.0,24.7532,50.8865
optionB_budget0.90_beta0.0400_gamma0.50,carbonscaler_budget,texas,78,0,295.0,44.9286,55.3287
optionB_budget0.90_beta0.0400_gamma0.50,carbonscaler_budget,texas,79,0,288.0,44.1536,48.3785
optionB_budget0.90_beta0.0400_gamma0.50,carbonscaler_budget,texas,80,0,287.0,36.1665,43.6827
optionB_budget0.90_beta0.0400_gamma0.50,carbonscaler_budget,texas,81,0,286.0,25.3298,45.2417
optionB_budget0.90_beta0.0400_gamma0.50,carbonscaler_budget,texas,82,0,298.0,33.193,46.2954
optionB_budget0.90_beta0.0400_gamma0.50,carbonscaler_budget,texas,83,0,310.0,26.7276,44.2469
optionB_budget0.90_beta0.0400_gamma0.50,carbonscaler_budget,texas,84,0,310.0,33.9512,36.1223
optionB_budget0.90_beta0.0400_gamma0.50,carbonscaler_budget,texas,85,0,270.0,27.6064,28.8588
optionB_budget0.90_beta0.0400_gamma0.50,carbonscaler_budget,texas,86,1,202.0,32.4517,42.6745
optionB_budget0.90_beta0.0400_gamma0.50,carbonscaler_budget,texas,87,1,175.0,40.2416,32.6834
optionB_budget0.90_beta0.0400_gamma0.50,carbonscaler_budget,texas,88,1,172.0,53.0439,42.1723
optionB_budget0.90_beta0.0400_gamma0.50,carbonscaler_budget,texas,89,1,174.0,69.9053,85.9597
optionB_budget0.90_beta0.0400_gamma0.50,carbonscaler_budget,texas,90,0,182.0,74.5283,48.914
optionB_budget0.90_beta0.0400_gamma0.50,carbonscaler_budget,texas,91,0,178.0,71.9282,69.4357
optionB_budget0.90_beta0.0400_gamma0.50,carbonscaler_budget,texas,92,1,185.0,56.4093,34.4017
optionB_budget0.90_beta0.0400_gamma0.50,carbonscaler_budget,texas,93,1,194.0,41.7628,65.359
optionB_budget0.90_beta0.0400_gamma0.50,carbonscaler_budget,texas,94,1,203.0,34.5555,9.0625
optionB_budget0.90_beta0.0400_gamma0.50,carbonscaler_budget,texas,95,0,255.0,29.5876,30.7059
optionB_budget0.90_beta0.0400_gamma0.50,carbonscaler_budget,texas,96,0,318.0,15.8476,38.6492
optionB_budget0.90_beta0.0400_gamma0.50,carbonscaler_budget,texas,97,0,321.0,16.7486,15.6193
optionB_budget0.90_beta0.0400_gamma0.50,carbonscaler_budget,texas,98,0,320.0,20.1301,24.4951
optionB_budget0.90_beta0.0400_gamma0.50,carbonscaler_budget,texas,99,0,314.0,18.2408,22.7785
optionB_budget0.90_beta0.0400_gamma0.50,carbonscaler_budget,texas,100,0,296.0,23.1163,13.6666
optionB_budget0.90_beta0.0400_gamma0.50,carbonscaler_budget,texas,101,0,283.0,26.2878,23.1784
optionB_budget0.90_beta0.0400_gamma0.50,carbonscaler_budget,texas,102,0,278.0,56.0265,61.7002
optionB_budget0.90_beta0.0400_gamma0.50,carbonscaler_budget,texas,103,0,280.0,60.9573,49.7274
optionB_budget0.90_beta0.0400_gamma0.50,carbonscaler_budget,texas,104,0,288.0,45.9952,41.5203
optionB_budget0.90_beta0.0400_gamma0.50,carbonscaler_budget,texas,105,0,306.0,44.8534,39.8341
optionB_budget0.90_beta0.0400_gamma0.50,carbonscaler_budget,texas,106,0,317.0,37.8107,36.8132
optionB_budget0.90_beta0.0400_gamma0.50,carbonscaler_budget,texas,107,0,315.0,35.2101,32.7381
optionB_budget0.90_beta0.0400_gamma0.50,carbonscaler_budget,texas,108,0,304.0,33.1797,35.1742
optionB_budget0.90_beta0.0400_gamma0.50,carbonscaler_budget,texas,109,0,248.0,31.4548,24.6765
optionB_budget0.90_beta0.0400_gamma0.50,carbonscaler_budget,texas,110,1,184.0,38.305,46.8454
optionB_budget0.90_beta0.0400_gamma0.50,carbonscaler_budget,texas,111,1,174.0,44.6788,51.8874
optionB_budget0.90_beta0.0400_gamma0.50,carbonscaler_budget,texas,112,0,177.0,71.7543,79.6828
optionB_budget0.90_beta0.0400_gamma0.50,carbonscaler_budget,texas,113,0,196.0,79.5829,82.3547
optionB_budget0.90_beta0.0400_gamma0.50,carbonscaler_budget,texas,114,0,213.0,84.6147,97.1739
optionB_budget0.90_beta0.0400_gamma0.50,carbonscaler_budget,texas,115,0,226.0,90.7311,97.586
optionB_budget0.90_beta0.0400_gamma0.50,carbonscaler_budget,texas,116,0,248.0,72.6597,75.9426
optionB_budget0.90_beta0.0400_gamma0.50,carbonscaler_budget,texas,117,0,261.0,58.4517,48.183
optionB_budget0.90_beta0.0400_gamma0.50,carbonscaler_budget,texas,118,0,261.0,47.6005,21.6266
optionB_budget0.90_beta0.0400_gamma0.50,carbonscaler_budget,texas,119,0,298.0,35.7758,45.0111
optionB_budget0.90_beta0.0400_gamma0.50,carbonscaler_budget,texas,120,0,322.0,34.4184,3.1802
optionB_budget0.90_beta0.0400_gamma0.50,carbonscaler_budget,texas,121,0,323.0,26.6931,33.8542
optionB_budget0.90_beta0.0400_gamma0.50,carbonscaler_budget,texas,122,0,326.0,27.0471,39.854
optionB_budget0.90_beta0.0400_gamma0.50,carbonscaler_budget,texas,123,0,329.0,27.4566,35.9491
optionB_budget0.90_beta0.0400_gamma0.50,carbonscaler_budget,texas,124,0,336.0,27.0468,15.8623
optionB_budget0.90_beta0.0400_gamma0.50,carbonscaler_budget,texas,125,0,351.0,33.5566,33.7048
optionB_budget0.90_beta0.0400_gamma0.50,carbonscaler_budget,texas,126,0,372.0,52.3004,46.225
optionB_budget0.90_beta0.0400_gamma0.50,carbonscaler_budget,texas,127,0,403.0,41.1263,54.341
optionB_budget0.90_beta0.0400_gamma0.50,carbonscaler_budget,texas,128,0,410.0,40.5935,25.8551
optionB_budget0.90_beta0.0400_gamma0.50,carbonscaler_budget,texas,129,0,428.0,34.9955,29.5548
optionB_budget0.90_beta0.0400_gamma0.50,carbonscaler_budget,texas,130,0,458.0,34.4782,17.3617
optionB_budget0.90_beta0.0400_gamma0.50,carbonscaler_budget,texas,131,0,459.0,35.3146,34.5319
optionB_budget0.90_beta0.0400_gamma0.50,carbonscaler_budget,texas,132,0,460.0,30.2066,21.6721
optionB_budget0.90_beta0.0400_gamma0.50,carbonscaler_budget,texas,133,0,446.0,32.2738,10.2045
optionB_budget0.90_beta0.0400_gamma0.50,carbonscaler_budget,texas,134,0,422.0,37.2785,55.1661
optionB_budget0.90_beta0.0400_gamma0.50,carbonscaler_budget,texas,135,0,391.0,39.925,41.3759
optionB_budget0.90_beta0.0400_gamma0.50,carbonscaler_budget,texas,136,0,330.0,48.562,43.6064
optionB_budget0.90_beta0.0400_gamma0.50,carbonscaler_budget,texas,137,0,286.0,69.0366,69.9293
optionB_budget0.90_beta0.0400_gamma0.50,carbonscaler_budget,texas,138,0,268.0,83.8074,97.6167
optionB_budget0.90_beta0.0400_gamma0.50,carbonscaler_budget,texas,139,0,271.0,86.8532,74.6391
optionB_budget0.90_beta0.0400_gamma0.50,carbonscaler_budget,texas,140,0,272.0,63.0653,47.1049
optionB_budget0.90_beta0.0400_gamma0.50,carbonscaler_budget,texas,141,0,268.0,42.7586,58.1839
optionB_budget0.90_beta0.0400_gamma0.50,carbonscaler_budget,texas,142,0,288.0,37.4293,26.3516
optionB_budget0.90_beta0.0400_gamma0.50,carbonscaler_budget,texas,143,0,350.0,32.009,38.8331
optionB_budget0.90_beta0.0400_gamma0.50,carbonscaler_budget,texas,144,0,430.0,24.7798,32.6589
optionB_budget0.90_beta0.0400_gamma0.50,carbonscaler_budget,texas,145,0,433.0,21.8683,2.6208
optionB_budget0.90_beta0.0400_gamma0.50,carbonscaler_budget,texas,146,0,397.0,22.2148,36.13
optionB_budget0.90_beta0.0400_gamma0.50,carbonscaler_budget,texas,147,0,351.0,18.3983,23.1044
optionB_budget0.90_beta0.0400_gamma0.50,carbonscaler_budget,texas,148,0,328.0,32.3717,29.3217
optionB_budget0.90_beta0.0400_gamma0.50,carbonscaler_budget,texas,149,0,306.0,34.6748,39.3135
optionB_budget0.90_beta0.0400_gamma0.50,carbonscaler_budget,texas,150,0,296.0,42.6753,35.151
optionB_budget0.90_beta0.0400_gamma0.50,carbonscaler_budget,texas,151,0,284.0,38.7331,28.6715
optionB_budget0.90_beta0.0400_gamma0.50,carbonscaler_budget,texas,152,0,273.0,29.6649,11.5294
optionB_budget0.90_beta0.0400_gamma0.50,carbonscaler_budget,texas,153,0,282.0,31.2479,35.5552
optionB_budget0.90_beta0.0400_gamma0.50,carbonscaler_budget,texas,154,0,284.0,25.1636,23.4749
optionB_budget0.90_beta0.0400_gamma0.50,carbonscaler_budget,texas,155,0,286.0,29.8553,16.953
optionB_budget0.90_beta0.0400_gamma0.50,carbonscaler_budget,texas,156,0,281.0,23.7051,27.1849
optionB_budget0.90_beta0.0400_gamma0.50,carbonscaler_budget,texas,157,1,229.0,18.5874,29.3418
optionB_budget0.90_beta0.0400_gamma0.50,carbonscaler_budget,texas,158,1,195.0,22.3155,29.4613
optionB_budget0.90_beta0.0400_gamma0.50,carbonscaler_budget,texas,159,1,176.0,33.9523,38.8842
optionB_budget0.90_beta0.0400_gamma0.50,carbonscaler_budget,texas,160,1,166.0,49.2018,37.4999
optionB_budget0.90_beta0.0400_gamma0.50,carbonscaler_budget,texas,161,1,161.0,70.3761,84.3554
optionB_budget0.90_beta0.0400_gamma0.50,carbonscaler_budget,texas,162,1,160.0,82.5323,315.8753
optionB_budget0.90_beta0.0400_gamma0.50,carbonscaler_budget,texas,163,1,156.0,77.9932,55.3274
optionB_budget0.90_beta0.0400_gamma0.50,carbonscaler_budget,texas,164,1,152.0,56.4896,65.504
optionB_budget0.90_beta0.0400_gamma0.50,carbonscaler_budget,texas,165,2,157.0,40.4494,40.6216
optionB_budget0.90_beta0.0400_gamma0.50,carbonscaler_budget,texas,166,1,172.0,35.5752,57.7525
optionB_budget0.90_beta0.0400_gamma0.50,carbonscaler_budget,texas,167,0,225.0,34.5751,21.7347
optionB_budget0.90_beta0.01_gamma0.10,carbonscaler_budget,texas,0,0,328.0,19.2775,17.8248
optionB_budget0.90_beta0.01_gamma0.10,carbonscaler_budget,texas,1,0,334.0,16.6164,15.7787
optionB_budget0.90_beta0.01_gamma0.10,carbonscaler_budget,texas,2,0,335.0,20.7381,1.8708
optionB_budget0.90_beta0.01_gamma0.10,carbonscaler_budget,texas,3,0,317.0,23.2364,28.2329
optionB_budget0.90_beta0.01_gamma0.10,carbonscaler_budget,texas,4,0,301.0,20.06,14.8483
optionB_budget0.90_beta0.01_gamma0.10,carbonscaler_budget,texas,5,0,296.0,29.3968,51.5483
optionB_budget0.90_beta0.01_gamma0.10,carbonscaler_budget,texas,6,0,316.0,43.8936,31.8114
optionB_budget0.90_beta0.01_gamma0.10,carbonscaler_budget,texas,7,0,308.0,62.7105,45.1646
optionB_budget0.90_beta0.01_gamma0.10,carbonscaler_budget,texas,8,0,296.0,54.451,60.3267
optionB_budget0.90_beta0.01_gamma0.10,carbonscaler_budget,texas,9,0,288.0,38.887,43.8311
optionB_budget0.90_beta0.01_gamma0.10,carbonscaler_budget,texas,10,0,298.0,27.1267,31.5591
optionB_budget0.90_beta0.01_gamma0.10,carbonscaler_budget,texas,11,0,338.0,28.9764,30.0482
optionB_budget0.90_beta0.01_gamma0.10,carbonscaler_budget,texas,12,0,355.0,38.0115,29.9228
optionB_budget0.90_beta0.01_gamma0.10,carbonscaler_budget,texas,13,0,291.0,29.9031,38.8508
optionB_budget0.90_beta0.01_gamma0.10,carbonscaler_budget,texas,14,0,212.0,33.1116,32.2559
optionB_budget0.90_beta0.01_gamma0.10,carbonscaler_budget,texas,15,0,206.0,41.568,16.529
optionB_budget0.90_beta0.01_gamma0.10,carbonscaler_budget,texas,16,0,210.0,45.7167,25.4052
optionB_budget0.90_beta0.01_gamma0.10,carbonscaler_budget,texas,17,0,221.0,78.5971,82.9235
optionB_budget0.90_beta0.01_gamma0.10,carbonscaler_budget,texas,18,0,244.0,101.4019,117.31
optionB_budget0.90_beta0.01_gamma0.10,carbonscaler_budget,texas,19,0,262.0,103.407,103.1499
optionB_budget0.90_beta0.01_gamma0.10,carbonscaler_budget,texas,20,0,273.0,66.1658,63.0775
optionB_budget0.90_beta0.01_gamma0.10,carbonscaler_budget,texas,21,0,285.0,57.144,46.6209
optionB_budget0.90_beta0.01_gamma0.10,carbonscaler_budget,texas,22,0,317.0,45.2341,44.1106
optionB_budget0.90_beta0.01_gamma0.10,carbonscaler_budget,texas,23,0,396.0,36.8464,27.4255
optionB_budget0.90_beta0.01_gamma0.10,carbonscaler_budget,texas,24,0,478.0,32.591,36.2471
optionB_budget0.90_beta0.01_gamma0.10,carbonscaler_budget,texas,25,0,490.0,32.1319,50.6746
optionB_budget0.90_beta0.01_gamma0.10,carbonscaler_budget,texas,26,0,499.0,31.3126,26.8969
optionB_budget0.90_beta0.01_gamma0.10,carbonscaler_budget,texas,27,0,501.0,32.5465,25.013
optionB_budget0.90_beta0.01_gamma0.10,carbonscaler_budget,texas,28,0,488.0,37.1626,45.4781
optionB_budget0.90_beta0.01_gamma0.10,carbonscaler_budget,texas,29,0,480.0,39.1023,54.8141
optionB_budget0.90_beta0.01_gamma0.10,carbonscaler_budget,texas,30,0,473.0,85.3805,100.8457
optionB_budget0.90_beta0.01_gamma0.10,carbonscaler_budget,texas,31,0,468.0,72.0049,72.4015
optionB_budget0.90_beta0.01_gamma0.10,carbonscaler_budget,texas,32,0,474.0,54.2857,58.8232
optionB_budget0.90_beta0.01_gamma0.10,carbonscaler_budget,texas,33,0,482.0,32.528,38.5596
optionB_budget0.90_beta0.01_gamma0.10,carbonscaler_budget,texas,34,0,484.0,27.67,12.9177
optionB_budget0.90_beta0.01_gamma0.10,carbonscaler_budget,texas,35,0,477.0,20.791,6.3943
optionB_budget0.90_beta0.01_gamma0.10,carbonscaler_budget,texas,36,0,476.0,25.4165,35.1304
optionB_budget0.90_beta0.01_gamma0.10,carbonscaler_budget,texas,37,0,412.0,24.4097,49.4509
optionB_budget0.90_beta0.01_gamma0.10,carbonscaler_budget,texas,38,0,326.0,27.614,23.2625
optionB_budget0.90_beta0.01_gamma0.10,carbonscaler_budget,texas,39,0,252.0,42.2607,50.5134
optionB_budget0.90_beta0.01_gamma0.10,carbonscaler_budget,texas,40,0,235.0,54.7619,38.9519
optionB_budget0.90_beta0.01_gamma0.10,carbonscaler_budget,texas,41,0,247.0,80.7979,83.5923
optionB_budget0.90_beta0.01_gamma0.10,carbonscaler_budget,texas,42,0,258.0,107.434,126.0267
optionB_budget0.90_beta0.01_gamma0.10,carbonscaler_budget,texas,43,0,264.0,103.5981,103.2799
optionB_budget0.90_beta0.01_gamma0.10,carbonscaler_budget,texas,44,0,258.0,72.0962,77.7264
optionB_budget0.90_beta0.01_gamma0.10,carbonscaler_budget,texas,45,0,253.0,48.587,30.7592
optionB_budget0.90_beta0.01_gamma0.10,carbonscaler_budget,texas,46,0,255.0,44.4117,57.8934
optionB_budget0.90_beta0.01_gamma0.10,carbonscaler_budget,texas,47,0,314.0,38.6266,26.3231
optionB_budget0.90_beta0.01_gamma0.10,carbonscaler_budget,texas,48,0,392.0,32.0924,28.8717
optionB_budget0.90_beta0.01_gamma0.10,carbonscaler_budget,texas,49,0,385.0,28.8055,26.071
optionB_budget0.90_beta0.01_gamma0.10,carbonscaler_budget,texas,50,0,365.0,33.5914,35.4776
optionB_budget0.90_beta0.01_gamma0.10,carbonscaler_budget,texas,51,0,353.0,32.3168,50.0175
optionB_budget0.90_beta0.01_gamma0.10,carbonscaler_budget,texas,52,0,329.0,33.1141,13.8613
optionB_budget0.90_beta0.01_gamma0.10,carbonscaler_budget,texas,53,0,316.0,42.9691,1.7233
optionB_budget0.90_beta0.01_gamma0.10,carbonscaler_budget,texas,54,0,313.0,88.436,76.0777
optionB_budget0.90_beta0.01_gamma0.10,carbonscaler_budget,texas,55,0,310.0,78.5756,57.0641
optionB_budget0.90_beta0.01_gamma0.10,carbonscaler_budget,texas,56,0,304.0,53.6439,42.7179
optionB_budget0.90_beta0.01_gamma0.10,carbonscaler_budget,texas,57,0,302.0,49.4488,32.4688
optionB_budget0.90_beta0.01_gamma0.10,carbonscaler_budget,texas,58,0,314.0,44.3883,36.629
optionB_budget0.90_beta0.01_gamma0.10,carbonscaler_budget,texas,59,0,329.0,37.6079,38.8651
optionB_budget0.90_beta0.01_gamma0.10,carbonscaler_budget,texas,60,0,331.0,38.3759,19.3692
optionB_budget0.90_beta0.01_gamma0.10,carbonscaler_budget,texas,61,0,280.0,33.4808,34.7665
optionB_budget0.90_beta0.01_gamma0.10,carbonscaler_budget,texas,62,0,217.0,36.7459,51.8435
optionB_budget0.90_beta0.01_gamma0.10,carbonscaler_budget,texas,63,1,200.0,43.8455,48.4703
optionB_budget0.90_beta0.01_gamma0.10,carbonscaler_budget,texas,64,0,195.0,66.6336,71.2876
optionB_budget0.90_beta0.01_gamma0.10,carbonscaler_budget,texas,65,0,196.0,77.8332,74.0469
optionB_budget0.90_beta0.01_gamma0.10,carbonscaler_budget,texas,66,0,199.0,88.0436,74.759
optionB_budget0.90_beta0.01_gamma0.10,carbonscaler_budget,texas,67,1,189.0,74.654,69.5679
optionB_budget0.90_beta0.01_gamma0.10,carbonscaler_budget,texas,68,0,195.0,59.6448,52.51
optionB_budget0.90_beta0.01_gamma0.10,carbonscaler_budget,texas,69,0,205.0,42.9124,23.1283
optionB_budget0.90_beta0.01_gamma0.10,carbonscaler_budget,texas,70,0,223.0,39.0859,51.1288
optionB_budget0.90_beta0.01_gamma0.10,carbonscaler_budget,texas,71,0,270.0,33.9994,48.4275
optionB_budget0.90_beta0.01_gamma0.10,carbonscaler_budget,texas,72,0,327.0,18.5248,12.2567
optionB_budget0.90_beta0.01_gamma0.10,carbonscaler_budget,texas,73,0,337.0,14.984,13.8198
optionB_budget0.90_beta0.01_gamma0.10,carbonscaler_budget,texas,74,0,334.0,22.1906,10.8001
optionB_budget0.90_beta0.01_gamma0.10,carbonscaler_budget,texas,75,0,328.0,19.435,15.7472
optionB_budget0.90_beta0.01_gamma0.10,carbonscaler_budget,texas,76,0,317.0,22.2038,21.4563
optionB_budget0.90_beta0.01_gamma0.10,carbonscaler_budget,texas,77,0,308.0,24.7532,50.8865
optionB_budget0.90_beta0.01_gamma0.10,carbonscaler_budget,texas,78,0,295.0,44.9286,55.3287
optionB_budget0.90_beta0.01_gamma0.10,carbonscaler_budget,texas,79,0,288.0,44.1536,48.3785
optionB_budget0.90_beta0.01_gamma0.10,carbonscaler_budget,texas,80,0,287.0,36.1665,43.6827
optionB_budget0.90_beta0.01_gamma0.10,carbonscaler_budget,texas,81,0,286.0,25.3298,45.2417
optionB_budget0.90_beta0.01_gamma0.10,carbonscaler_budget,texas,82,0,298.0,33.193,46.2954
optionB_budget0.90_beta0.01_gamma0.10,carbonscaler_budget,texas,83,0,310.0,26.7276,44.2469
optionB_budget0.90_beta0.01_gamma0.10,carbonscaler_budget,texas,84,0,310.0,33.9512,36.1223
optionB_budget0.90_beta0.01_gamma0.10,carbonscaler_budget,texas,85,0,270.0,27.6064,28.8588
optionB_budget0.90_beta0.01_gamma0.10,carbonscaler_budget,texas,86,1,202.0,32.4517,42.6745
optionB_budget0.90_beta0.01_gamma0.10,carbonscaler_budget,texas,87,1,175.0,40.2416,32.6834
optionB_budget0.90_beta0.01_gamma0.10,carbonscaler_budget,texas,88,1,172.0,53.0439,42.1723
optionB_budget0.90_beta0.01_gamma0.10,carbonscaler_budget,texas,89,1,174.0,69.9053,85.9597
optionB_budget0.90_beta0.01_gamma0.10,carbonscaler_budget,texas,90,1,182.0,74.5283,48.914
optionB_budget0.90_beta0.01_gamma0.10,carbonscaler_budget,texas,91,1,178.0,71.9282,69.4357
optionB_budget0.90_beta0.01_gamma0.10,carbonscaler_budget,texas,92,1,185.0,56.4093,34.4017
optionB_budget0.90_beta0.01_gamma0.10,carbonscaler_budget,texas,93,1,194.0,41.7628,65.359
optionB_budget0.90_beta0.01_gamma0.10,carbonscaler_budget,texas,94,1,203.0,34.5555,9.0625
optionB_budget0.90_beta0.01_gamma0.10,carbonscaler_budget,texas,95,0,255.0,29.5876,30.7059
optionB_budget0.90_beta0.01_gamma0.10,carbonscaler_budget,texas,96,0,318.0,15.8476,38.6492
optionB_budget0.90_beta0.01_gamma0.10,carbonscaler_budget,texas,97,0,321.0,16.7486,15.6193
optionB_budget0.90_beta0.01_gamma0.10,carbonscaler_budget,texas,98,0,320.0,20.1301,24.4951
optionB_budget0.90_beta0.01_gamma0.10,carbonscaler_budget,texas,99,0,314.0,18.2408,22.7785
optionB_budget0.90_beta0.01_gamma0.10,carbonscaler_budget,texas,100,0,296.0,23.1163,13.6666
optionB_budget0.90_beta0.01_gamma0.10,carbonscaler_budget,texas,101,0,283.0,26.2878,23.1784
optionB_budget0.90_beta0.01_gamma0.10,carbonscaler_budget,texas,102,0,278.0,56.0265,61.7002
optionB_budget0.90_beta0.01_gamma0.10,carbonscaler_budget,texas,103,0,280.0,60.9573,49.7274
optionB_budget0.90_beta0.01_gamma0.10,carbonscaler_budget,texas,104,0,288.0,45.9952,41.5203
optionB_budget0.90_beta0.01_gamma0.10,carbonscaler_budget,texas,105,0,306.0,44.8534,39.8341
optionB_budget0.90_beta0.01_gamma0.10,carbonscaler_budget,texas,106,0,317.0,37.8107,36.8132
optionB_budget0.90_beta0.01_gamma0.10,carbonscaler_budget,texas,107,0,315.0,35.2101,32.7381
optionB_budget0.90_beta0.01_gamma0.10,carbonscaler_budget,texas,108,0,304.0,33.1797,35.1742
optionB_budget0.90_beta0.01_gamma0.10,carbonscaler_budget,texas,109,0,248.0,31.4548,24.6765
optionB_budget0.90_beta0.01_gamma0.10,carbonscaler_budget,texas,110,1,184.0,38.305,46.8454
optionB_budget0.90_beta0.01_gamma0.10,carbonscaler_budget,texas,111,1,174.0,44.6788,51.8874
optionB_budget0.90_beta0.01_gamma0.10,carbonscaler_budget,texas,112,1,177.0,71.7543,79.6828
optionB_budget0.90_beta0.01_gamma0.10,carbonscaler_budget,texas,113,0,196.0,79.5829,82.3547
optionB_budget0.90_beta0.01_gamma0.10,carbonscaler_budget,texas,114,0,213.0,84.6147,97.1739
optionB_budget0.90_beta0.01_gamma0.10,carbonscaler_budget,texas,115,0,226.0,90.7311,97.586
optionB_budget0.90_beta0.01_gamma0.10,carbonscaler_budget,texas,116,0,248.0,72.6597,75.9426
optionB_budget0.90_beta0.01_gamma0.10,carbonscaler_budget,texas,117,0,261.0,58.4517,48.183
optionB_budget0.90_beta0.01_gamma0.10,carbonscaler_budget,texas,118,0,261.0,47.6005,21.6266
optionB_budget0.90_beta0.01_gamma0.10,carbonscaler_budget,texas,119,0,298.0,35.7758,45.0111
optionB_budget0.90_beta0.01_gamma0.10,carbonscaler_budget,texas,120,0,322.0,34.4184,3.1802
optionB_budget0.90_beta0.01_gamma0.10,carbonscaler_budget,texas,121,0,323.0,26.6931,33.8542
optionB_budget0.90_beta0.01_gamma0.10,carbonscaler_budget,texas,122,0,326.0,27.0471,39.854
optionB_budget0.90_beta0.01_gamma0.10,carbonscaler_budget,texas,123,0,329.0,27.4566,35.9491
optionB_budget0.90_beta0.01_gamma0.10,carbonscaler_budget,texas,124,0,336.0,27.0468,15.8623
optionB_budget0.90_beta0.01_gamma0.10,carbonscaler_budget,texas,125,0,351.0,33.5566,33.7048
optionB_budget0.90_beta0.01_gamma0.10,carbonscaler_budget,texas,126,0,372.0,52.3004,46.225
optionB_budget0.90_beta0.01_gamma0.10,carbonscaler_budget,texas,127,0,403.0,41.1263,54.341
optionB_budget0.90_beta0.01_gamma0.10,carbonscaler_budget,texas,128,0,410.0,40.5935,25.8551
optionB_budget0.90_beta0.01_gamma0.10,carbonscaler_budget,texas,129,0,428.0,34.9955,29.5548
optionB_budget0.90_beta0.01_gamma0.10,carbonscaler_budget,texas,130,0,458.0,34.4782,17.3617
optionB_budget0.90_beta0.01_gamma0.10,carbonscaler_budget,texas,131,0,459.0,35.3146,34.5319
optionB_budget0.90_beta0.01_gamma0.10,carbonscaler_budget,texas,132,0,460.0,30.2066,21.6721
optionB_budget0.90_beta0.01_gamma0.10,carbonscaler_budget,texas,133,0,446.0,32.2738,10.2045
optionB_budget0.90_beta0.01_gamma0.10,carbonscaler_budget,texas,134,0,422.0,37.2785,55.1661
optionB_budget0.90_beta0.01_gamma0.10,carbonscaler_budget,texas,135,0,391.0,39.925,41.3759
optionB_budget0.90_beta0.01_gamma0.10,carbonscaler_budget,texas,136,0,330.0,48.562,43.6064
optionB_budget0.90_beta0.01_gamma0.10,carbonscaler_budget,texas,137,0,286.0,69.0366,69.9293
optionB_budget0.90_beta0.01_gamma0.10,carbonscaler_budget,texas,138,0,268.0,83.8074,97.6167
optionB_budget0.90_beta0.01_gamma0.10,carbonscaler_budget,texas,139,0,271.0,86.8532,74.6391
optionB_budget0.90_beta0.01_gamma0.10,carbonscaler_budget,texas,140,0,272.0,63.0653,47.1049
optionB_budget0.90_beta0.01_gamma0.10,carbonscaler_budget,texas,141,0,268.0,42.7586,58.1839
optionB_budget0.90_beta0.01_gamma0.10,carbonscaler_budget,texas,142,0,288.0,37.4293,26.3516
optionB_budget0.90_beta0.01_gamma0.10,carbonscaler_budget,texas,143,0,350.0,32.009,38.8331
optionB_budget0.90_beta0.01_gamma0.10,carbonscaler_budget,texas,144,0,430.0,24.7798,32.6589
optionB_budget0.90_beta0.01_gamma0.10,carbonscaler_budget,texas,145,0,433.0,21.8683,2.6208
optionB_budget0.90_beta0.01_gamma0.10,carbonscaler_budget,texas,146,0,397.0,22.2148,36.13
optionB_budget0.90_beta0.01_gamma0.10,carbonscaler_budget,texas,147,0,351.0,18.3983,23.1044
optionB_budget0.90_beta0.01_gamma0.10,carbonscaler_budget,texas,148,0,328.0,32.3717,29.3217
optionB_budget0.90_beta0.01_gamma0.10,carbonscaler_budget,texas,149,0,306.0,34.6748,39.3135
optionB_budget0.90_beta0.01_gamma0.10,carbonscaler_budget,texas,150,0,296.0,42.6753,35.151
optionB_budget0.90_beta0.01_gamma0.10,carbonscaler_budget,texas,151,0,284.0,38.7331,28.6715
optionB_budget0.90_beta0.01_gamma0.10,carbonscaler_budget,texas,152,0,273.0,29.6649,11.5294
optionB_budget0.90_beta0.01_gamma0.10,carbonscaler_budget,texas,153,0,282.0,31.2479,35.5552
optionB_budget0.90_beta0.01_gamma0.10,carbonscaler_budget,texas,154,0,284.0,25.1636,23.4749
optionB_budget0.90_beta0.01_gamma0.10,carbonscaler_budget,texas,155,0,286.0,29.8553,16.953
optionB_budget0.90_beta0.01_gamma0.10,carbonscaler_budget,texas,156,0,281.0,23.7051,27.1849
optionB_budget0.90_beta0.01_gamma0.10,carbonscaler_budget,texas,157,0,229.0,18.5874,29.3418
optionB_budget0.90_beta0.01_gamma0.10,carbonscaler_budget,texas,158,1,195.0,22.3155,29.4613
optionB_budget0.90_beta0.01_gamma0.10,carbonscaler_budget,texas,159,1,176.0,33.9523,38.8842
optionB_budget0.90_beta0.01_gamma0.10,carbonscaler_budget,texas,160,1,166.0,49.2018,37.4999
optionB_budget0.90_beta0.01_gamma0.10,carbonscaler_budget,texas,161,1,161.0,70.3761,84.3554
optionB_budget0.90_beta0.01_gamma0.10,carbonscaler_budget,texas,162,1,160.0,82.5323,315.8753
optionB_budget0.90_beta0.01_gamma0.10,carbonscaler_budget,texas,163,1,156.0,77.9932,55.3274
optionB_budget0.90_beta0.01_gamma0.10,carbonscaler_budget,texas,164,2,152.0,56.4896,65.504
optionB_budget0.90_beta0.01_gamma0.10,carbonscaler_budget,texas,165,2,157.0,40.4494,40.6216
optionB_budget0.90_beta0.01_gamma0.10,carbonscaler_budget,texas,166,1,172.0,35.5752,57.7525
optionB_budget0.90_beta0.01_gamma0.10,carbonscaler_budget,texas,167,0,225.0,34.5751,21.7347
optionB_budget0.90_beta0.01_gamma0.25,carbonscaler_budget,texas,0,0,328.0,19.2775,17.8248
optionB_budget0.90_beta0.01_gamma0.25,carbonscaler_budget,texas,1,0,334.0,16.6164,15.7787
optionB_budget0.90_beta0.01_gamma0.25,carbonscaler_budget,texas,2,0,335.0,20.7381,1.8708
optionB_budget0.90_beta0.01_gamma0.25,carbonscaler_budget,texas,3,0,317.0,23.2364,28.2329
optionB_budget0.90_beta0.01_gamma0.25,carbonscaler_budget,texas,4,0,301.0,20.06,14.8483
optionB_budget0.90_beta0.01_gamma0.25,carbonscaler_budget,texas,5,0,296.0,29.3968,51.5483
optionB_budget0.90_beta0.01_gamma0.25,carbonscaler_budget,texas,6,0,316.0,43.8936,31.8114
optionB_budget0.90_beta0.01_gamma0.25,carbonscaler_budget,texas,7,0,308.0,62.7105,45.1646
optionB_budget0.90_beta0.01_gamma0.25,carbonscaler_budget,texas,8,0,296.0,54.451,60.3267
optionB_budget0.90_beta0.01_gamma0.25,carbonscaler_budget,texas,9,0,288.0,38.887,43.8311
optionB_budget0.90_beta0.01_gamma0.25,carbonscaler_budget,texas,10,0,298.0,27.1267,31.5591
optionB_budget0.90_beta0.01_gamma0.25,carbonscaler_budget,texas,11,0,338.0,28.9764,30.0482
optionB_budget0.90_beta0.01_gamma0.25,carbonscaler_budget,texas,12,0,355.0,38.0115,29.9228
optionB_budget0.90_beta0.01_gamma0.25,carbonscaler_budget,texas,13,0,291.0,29.9031,38.8508
optionB_budget0.90_beta0.01_gamma0.25,carbonscaler_budget,texas,14,0,212.0,33.1116,32.2559
optionB_budget0.90_beta0.01_gamma0.25,carbonscaler_budget,texas,15,0,206.0,41.568,16.529
optionB_budget0.90_beta0.01_gamma0.25,carbonscaler_budget,texas,16,0,210.0,45.7167,25.4052
optionB_budget0.90_beta0.01_gamma0.25,carbonscaler_budget,texas,17,0,221.0,78.5971,82.9235
optionB_budget0.90_beta0.01_gamma0.25,carbonscaler_budget,texas,18,0,244.0,101.4019,117.31
optionB_budget0.90_beta0.01_gamma0.25,carbonscaler_budget,texas,19,0,262.0,103.407,103.1499
optionB_budget0.90_beta0.01_gamma0.25,carbonscaler_budget,texas,20,0,273.0,66.1658,63.0775
optionB_budget0.90_beta0.01_gamma0.25,carbonscaler_budget,texas,21,0,285.0,57.144,46.6209
optionB_budget0.90_beta0.01_gamma0.25,carbonscaler_budget,texas,22,0,317.0,45.2341,44.1106
optionB_budget0.90_beta0.01_gamma0.25,carbonscaler_budget,texas,23,0,396.0,36.8464,27.4255
optionB_budget0.90_beta0.01_gamma0.25,carbonscaler_budget,texas,24,0,478.0,32.591,36.2471
optionB_budget0.90_beta0.01_gamma0.25,carbonscaler_budget,texas,25,0,490.0,32.1319,50.6746
optionB_budget0.90_beta0.01_gamma0.25,carbonscaler_budget,texas,26,0,499.0,31.3126,26.8969
optionB_budget0.90_beta0.01_gamma0.25,carbonscaler_budget,texas,27,0,501.0,32.5465,25.013
optionB_budget0.90_beta0.01_gamma0.25,carbonscaler_budget,texas,28,0,488.0,37.1626,45.4781
optionB_budget0.90_beta0.01_gamma0.25,carbonscaler_budget,texas,29,0,480.0,39.1023,54.8141
optionB_budget0.90_beta0.01_gamma0.25,carbonscaler_budget,texas,30,0,473.0,85.3805,100.8457
optionB_budget0.90_beta0.01_gamma0.25,carbonscaler_budget,texas,31,0,468.0,72.0049,72.4015
optionB_budget0.90_beta0.01_gamma0.25,carbonscaler_budget,texas,32,0,474.0,54.2857,58.8232
optionB_budget0.90_beta0.01_gamma0.25,carbonscaler_budget,texas,33,0,482.0,32.528,38.5596
optionB_budget0.90_beta0.01_gamma0.25,carbonscaler_budget,texas,34,0,484.0,27.67,12.9177
optionB_budget0.90_beta0.01_gamma0.25,carbonscaler_budget,texas,35,0,477.0,20.791,6.3943
optionB_budget0.90_beta0.01_gamma0.25,carbonscaler_budget,texas,36,0,476.0,25.4165,35.1304
optionB_budget0.90_beta0.01_gamma0.25,carbonscaler_budget,texas,37,0,412.0,24.4097,49.4509
optionB_budget0.90_beta0.01_gamma0.25,carbonscaler_budget,texas,38,0,326.0,27.614,23.2625
optionB_budget0.90_beta0.01_gamma0.25,carbonscaler_budget,texas,39,0,252.0,42.2607,50.5134
optionB_budget0.90_beta0.01_gamma0.25,carbonscaler_budget,texas,40,0,235.0,54.7619,38.9519
optionB_budget0.90_beta0.01_gamma0.25,carbonscaler_budget,texas,41,0,247.0,80.7979,83.5923
optionB_budget0.90_beta0.01_gamma0.25,carbonscaler_budget,texas,42,0,258.0,107.434,126.0267
optionB_budget0.90_beta0.01_gamma0.25,carbonscaler_budget,texas,43,0,264.0,103.5981,103.2799
optionB_budget0.90_beta0.01_gamma0.25,carbonscaler_budget,texas,44,0,258.0,72.0962,77.7264
optionB_budget0.90_beta0.01_gamma0.25,carbonscaler_budget,texas,45,0,253.0,48.587,30.7592
optionB_budget0.90_beta0.01_gamma0.25,carbonscaler_budget,texas,46,0,255.0,44.4117,57.8934
optionB_budget0.90_beta0.01_gamma0.25,carbonscaler_budget,texas,47,0,314.0,38.6266,26.3231
optionB_budget0.90_beta0.01_gamma0.25,carbonscaler_budget,texas,48,0,392.0,32.0924,28.8717
optionB_budget0.90_beta0.01_gamma0.25,carbonscaler_budget,texas,49,0,385.0,28.8055,26.071
optionB_budget0.90_beta0.01_gamma0.25,carbonscaler_budget,texas,50,0,365.0,33.5914,35.4776
optionB_budget0.90_beta0.01_gamma0.25,carbonscaler_budget,texas,51,0,353.0,32.3168,50.0175
optionB_budget0.90_beta0.01_gamma0.25,carbonscaler_budget,texas,52,0,329.0,33.1141,13.8613
optionB_budget0.90_beta0.01_gamma0.25,carbonscaler_budget,texas,53,0,316.0,42.9691,1.7233
optionB_budget0.90_beta0.01_gamma0.25,carbonscaler_budget,texas,54,0,313.0,88.436,76.0777
optionB_budget0.90_beta0.01_gamma0.25,carbonscaler_budget,texas,55,0,310.0,78.5756,57.0641
optionB_budget0.90_beta0.01_gamma0.25,carbonscaler_budget,texas,56,0,304.0,53.6439,42.7179
optionB_budget0.90_beta0.01_gamma0.25,carbonscaler_budget,texas,57,0,302.0,49.4488,32.4688
optionB_budget0.90_beta0.01_gamma0.25,carbonscaler_budget,texas,58,0,314.0,44.3883,36.629
optionB_budget0.90_beta0.01_gamma0.25,carbonscaler_budget,texas,59,0,329.0,37.6079,38.8651
optionB_budget0.90_beta0.01_gamma0.25,carbonscaler_budget,texas,60,0,331.0,38.3759,19.3692
optionB_budget0.90_beta0.01_gamma0.25,carbonscaler_budget,texas,61,0,280.0,33.4808,34.7665
optionB_budget0.90_beta0.01_gamma0.25,carbonscaler_budget,texas,62,0,217.0,36.7459,51.8435
optionB_budget0.90_beta0.01_gamma0.25,carbonscaler_budget,texas,63,1,200.0,43.8455,48.4703
optionB_budget0.90_beta0.01_gamma0.25,carbonscaler_budget,texas,64,0,195.0,66.6336,71.2876
optionB_budget0.90_beta0.01_gamma0.25,carbonscaler_budget,texas,65,0,196.0,77.8332,74.0469
optionB_budget0.90_beta0.01_gamma0.25,carbonscaler_budget,texas,66,0,199.0,88.0436,74.759
optionB_budget0.90_beta0.01_gamma0.25,carbonscaler_budget,texas,67,1,189.0,74.654,69.5679
optionB_budget0.90_beta0.01_gamma0.25,carbonscaler_budget,texas,68,0,195.0,59.6448,52.51
optionB_budget0.90_beta0.01_gamma0.25,carbonscaler_budget,texas,69,0,205.0,42.9124,23.1283
optionB_budget0.90_beta0.01_gamma0.25,carbonscaler_budget,texas,70,0,223.0,39.0859,51.1288
optionB_budget0.90_beta0.01_gamma0.25,carbonscaler_budget,texas,71,0,270.0,33.9994,48.4275
optionB_budget0.90_beta0.01_gamma0.25,carbonscaler_budget,texas,72,0,327.0,18.5248,12.2567
optionB_budget0.90_beta0.01_gamma0.25,carbonscaler_budget,texas,73,0,337.0,14.984,13.8198
optionB_budget0.90_beta0.01_gamma0.25,carbonscaler_budget,texas,74,0,334.0,22.1906,10.8001
optionB_budget0.90_beta0.01_gamma0.25,carbonscaler_budget,texas,75,0,328.0,19.435,15.7472
optionB_budget0.90_beta0.01_gamma0.25,carbonscaler_budget,texas,76,0,317.0,22.2038,21.4563
optionB_budget0.90_beta0.01_gamma0.25,carbonscaler_budget,texas,77,0,308.0,24.7532,50.8865
optionB_budget0.90_beta0.01_gamma0.25,carbonscaler_budget,texas,78,0,295.0,44.9286,55.3287
optionB_budget0.90_beta0.01_gamma0.25,carbonscaler_budget,texas,79,0,288.0,44.1536,48.3785
optionB_budget0.90_beta0.01_gamma0.25,carbonscaler_budget,texas,80,0,287.0,36.1665,43.6827
optionB_budget0.90_beta0.01_gamma0.25,carbonscaler_budget,texas,81,0,286.0,25.3298,45.2417
optionB_budget0.90_beta0.01_gamma0.25,carbonscaler_budget,texas,82,0,298.0,33.193,46.2954
optionB_budget0.90_beta0.01_gamma0.25,carbonscaler_budget,texas,83,0,310.0,26.7276,44.2469
optionB_budget0.90_beta0.01_gamma0.25,carbonscaler_budget,texas,84,0,310.0,33.9512,36.1223
optionB_budget0.90_beta0.01_gamma0.25,carbonscaler_budget,texas,85,0,270.0,27.6064,28.8588
optionB_budget0.90_beta0.01_gamma0.25,carbonscaler_budget,texas,86,1,202.0,32.4517,42.6745
optionB_budget0.90_beta0.01_gamma0.25,carbonscaler_budget,texas,87,1,175.0,40.2416,32.6834
optionB_budget0.90_beta0.01_gamma0.25,carbonscaler_budget,texas,88,1,172.0,53.0439,42.1723
optionB_budget0.90_beta0.01_gamma0.25,carbonscaler_budget,texas,89,1,174.0,69.9053,85.9597
optionB_budget0.90_beta0.01_gamma0.25,carbonscaler_budget,texas,90,1,182.0,74.5283,48.914
optionB_budget0.90_beta0.01_gamma0.25,carbonscaler_budget,texas,91,1,178.0,71.9282,69.4357
optionB_budget0.90_beta0.01_gamma0.25,carbonscaler_budget,texas,92,1,185.0,56.4093,34.4017
optionB_budget0.90_beta0.01_gamma0.25,carbonscaler_budget,texas,93,1,194.0,41.7628,65.359
optionB_budget0.90_beta0.01_gamma0.25,carbonscaler_budget,texas,94,1,203.0,34.5555,9.0625
optionB_budget0.90_beta0.01_gamma0.25,carbonscaler_budget,texas,95,0,255.0,29.5876,30.7059
optionB_budget0.90_beta0.01_gamma0.25,carbonscaler_budget,texas,96,0,318.0,15.8476,38.6492
optionB_budget0.90_beta0.01_gamma0.25,carbonscaler_budget,texas,97,0,321.0,16.7486,15.6193
optionB_budget0.90_beta0.01_gamma0.25,carbonscaler_budget,texas,98,0,320.0,20.1301,24.4951
optionB_budget0.90_beta0.01_gamma0.25,carbonscaler_budget,texas,99,0,314.0,18.2408,22.7785
optionB_budget0.90_beta0.01_gamma0.25,carbonscaler_budget,texas,100,0,296.0,23.1163,13.6666
optionB_budget0.90_beta0.01_gamma0.25,carbonscaler_budget,texas,101,0,283.0,26.2878,23.1784
optionB_budget0.90_beta0.01_gamma0.25,carbonscaler_budget,texas,102,0,278.0,56.0265,61.7002
optionB_budget0.90_beta0.01_gamma0.25,carbonscaler_budget,texas,103,0,280.0,60.9573,49.7274
optionB_budget0.90_beta0.01_gamma0.25,carbonscaler_budget,texas,104,0,288.0,45.9952,41.5203
optionB_budget0.90_beta0.01_gamma0.25,carbonscaler_budget,texas,105,0,306.0,44.8534,39.8341
optionB_budget0.90_beta0.01_gamma0.25,carbonscaler_budget,texas,106,0,317.0,37.8107,36.8132
optionB_budget0.90_beta0.01_gamma0.25,carbonscaler_budget,texas,107,0,315.0,35.2101,32.7381
optionB_budget0.90_beta0.01_gamma0.25,carbonscaler_budget,texas,108,0,304.0,33.1797,35.1742
optionB_budget0.90_beta0.01_gamma0.25,carbonscaler_budget,texas,109,0,248.0,31.4548,24.6765
optionB_budget0.90_beta0.01_gamma0.25,carbonscaler_budget,texas,110,1,184.0,38.305,46.8454
optionB_budget0.90_beta0.01_gamma0.25,carbonscaler_budget,texas,111,1,174.0,44.6788,51.8874
optionB_budget0.90_beta0.01_gamma0.25,carbonscaler_budget,texas,112,1,177.0,71.7543,79.6828
optionB_budget0.90_beta0.01_gamma0.25,carbonscaler_budget,texas,113,0,196.0,79.5829,82.3547
optionB_budget0.90_beta0.01_gamma0.25,carbonscaler_budget,texas,114,0,213.0,84.6147,97.1739
optionB_budget0.90_beta0.01_gamma0.25,carbonscaler_budget,texas,115,0,226.0,90.7311,97.586
optionB_budget0.90_beta0.01_gamma0.25,carbonscaler_budget,texas,116,0,248.0,72.6597,75.9426
optionB_budget0.90_beta0.01_gamma0.25,carbonscaler_budget,texas,117,0,261.0,58.4517,48.183
optionB_budget0.90_beta0.01_gamma0.25,carbonscaler_budget,texas,118,0,261.0,47.6005,21.6266
optionB_budget0.90_beta0.01_gamma0.25,carbonscaler_budget,texas,119,0,298.0,35.7758,45.0111
optionB_budget0.90_beta0.01_gamma0.25,carbonscaler_budget,texas,120,0,322.0,34.4184,3.1802
optionB_budget0.90_beta0.01_gamma0.25,carbonscaler_budget,texas,121,0,323.0,26.6931,33.8542
optionB_budget0.90_beta0.01_gamma0.25,carbonscaler_budget,texas,122,0,326.0,27.0471,39.854
optionB_budget0.90_beta0.01_gamma0.25,carbonscaler_budget,texas,123,0,329.0,27.4566,35.9491
optionB_budget0.90_beta0.01_gamma0.25,carbonscaler_budget,texas,124,0,336.0,27.0468,15.8623
optionB_budget0.90_beta0.01_gamma0.25,carbonscaler_budget,texas,125,0,351.0,33.5566,33.7048
optionB_budget0.90_beta0.01_gamma0.25,carbonscaler_budget,texas,126,0,372.0,52.3004,46.225
optionB_budget0.90_beta0.01_gamma0.25,carbonscaler_budget,texas,127,0,403.0,41.1263,54.341
optionB_budget0.90_beta0.01_gamma0.25,carbonscaler_budget,texas,128,0,410.0,40.5935,25.8551
optionB_budget0.90_beta0.01_gamma0.25,carbonscaler_budget,texas,129,0,428.0,34.9955,29.5548
optionB_budget0.90_beta0.01_gamma0.25,carbonscaler_budget,texas,130,0,458.0,34.4782,17.3617
optionB_budget0.90_beta0.01_gamma0.25,carbonscaler_budget,texas,131,0,459.0,35.3146,34.5319
optionB_budget0.90_beta0.01_gamma0.25,carbonscaler_budget,texas,132,0,460.0,30.2066,21.6721
optionB_budget0.90_beta0.01_gamma0.25,carbonscaler_budget,texas,133,0,446.0,32.2738,10.2045
optionB_budget0.90_beta0.01_gamma0.25,carbonscaler_budget,texas,134,0,422.0,37.2785,55.1661
optionB_budget0.90_beta0.01_gamma0.25,carbonscaler_budget,texas,135,0,391.0,39.925,41.3759
optionB_budget0.90_beta0.01_gamma0.25,carbonscaler_budget,texas,136,0,330.0,48.562,43.6064
optionB_budget0.90_beta0.01_gamma0.25,carbonscaler_budget,texas,137,0,286.0,69.0366,69.9293
optionB_budget0.90_beta0.01_gamma0.25,carbonscaler_budget,texas,138,0,268.0,83.8074,97.6167
optionB_budget0.90_beta0.01_gamma0.25,carbonscaler_budget,texas,139,0,271.0,86.8532,74.6391
optionB_budget0.90_beta0.01_gamma0.25,carbonscaler_budget,texas,140,0,272.0,63.0653,47.1049
optionB_budget0.90_beta0.01_gamma0.25,carbonscaler_budget,texas,141,0,268.0,42.7586,58.1839
optionB_budget0.90_beta0.01_gamma0.25,carbonscaler_budget,texas,142,0,288.0,37.4293,26.3516
optionB_budget0.90_beta0.01_gamma0.25,carbonscaler_budget,texas,143,0,350.0,32.009,38.8331
optionB_budget0.90_beta0.01_gamma0.25,carbonscaler_budget,texas,144,0,430.0,24.7798,32.6589
optionB_budget0.90_beta0.01_gamma0.25,carbonscaler_budget,texas,145,0,433.0,21.8683,2.6208
optionB_budget0.90_beta0.01_gamma0.25,carbonscaler_budget,texas,146,0,397.0,22.2148,36.13
optionB_budget0.90_beta0.01_gamma0.25,carbonscaler_budget,texas,147,0,351.0,18.3983,23.1044
optionB_budget0.90_beta0.01_gamma0.25,carbonscaler_budget,texas,148,0,328.0,32.3717,29.3217
optionB_budget0.90_beta0.01_gamma0.25,carbonscaler_budget,texas,149,0,306.0,34.6748,39.3135
optionB_budget0.90_beta0.01_gamma0.25,carbonscaler_budget,texas,150,0,296.0,42.6753,35.151
optionB_budget0.90_beta0.01_gamma0.25,carbonscaler_budget,texas,151,0,284.0,38.7331,28.6715
optionB_budget0.90_beta0.01_gamma0.25,carbonscaler_budget,texas,152,0,273.0,29.6649,11.5294
optionB_budget0.90_beta0.01_gamma0.25,carbonscaler_budget,texas,153,0,282.0,31.2479,35.5552
optionB_budget0.90_beta0.01_gamma0.25,carbonscaler_budget,texas,154,0,284.0,25.1636,23.4749
optionB_budget0.90_beta0.01_gamma0.25,carbonscaler_budget,texas,155,0,286.0,29.8553,16.953
optionB_budget0.90_beta0.01_gamma0.25,carbonscaler_budget,texas,156,0,281.0,23.7051,27.1849
optionB_budget0.90_beta0.01_gamma0.25,carbonscaler_budget,texas,157,0,229.0,18.5874,29.3418
optionB_budget0.90_beta0.01_gamma0.25,carbonscaler_budget,texas,158,1,195.0,22.3155,29.4613
optionB_budget0.90_beta0.01_gamma0.25,carbonscaler_budget,texas,159,1,176.0,33.9523,38.8842
optionB_budget0.90_beta0.01_gamma0.25,carbonscaler_budget,texas,160,1,166.0,49.2018,37.4999
optionB_budget0.90_beta0.01_gamma0.25,carbonscaler_budget,texas,161,1,161.0,70.3761,84.3554
optionB_budget0.90_beta0.01_gamma0.25,carbonscaler_budget,texas,162,1,160.0,82.5323,315.8753
optionB_budget0.90_beta0.01_gamma0.25,carbonscaler_budget,texas,163,1,156.0,77.9932,55.3274
optionB_budget0.90_beta0.01_gamma0.25,carbonscaler_budget,texas,164,2,152.0,56.4896,65.504
optionB_budget0.90_beta0.01_gamma0.25,carbonscaler_budget,texas,165,2,157.0,40.4494,40.6216
optionB_budget0.90_beta0.01_gamma0.25,carbonscaler_budget,texas,166,1,172.0,35.5752,57.7525
optionB_budget0.90_beta0.01_gamma0.25,carbonscaler_budget,texas,167,0,225.0,34.5751,21.7347
optionB_budget0.90_beta0.01_gamma0.50,carbonscaler_budget,texas,0,0,328.0,19.2775,17.8248
optionB_budget0.90_beta0.01_gamma0.50,carbonscaler_budget,texas,1,0,334.0,16.6164,15.7787
optionB_budget0.90_beta0.01_gamma0.50,carbonscaler_budget,texas,2,0,335.0,20.7381,1.8708
optionB_budget0.90_beta0.01_gamma0.50,carbonscaler_budget,texas,3,0,317.0,23.2364,28.2329
optionB_budget0.90_beta0.01_gamma0.50,carbonscaler_budget,texas,4,0,301.0,20.06,14.8483
optionB_budget0.90_beta0.01_gamma0.50,carbonscaler_budget,texas,5,0,296.0,29.3968,51.5483
optionB_budget0.90_beta0.01_gamma0.50,carbonscaler_budget,texas,6,0,316.0,43.8936,31.8114
optionB_budget0.90_beta0.01_gamma0.50,carbonscaler_budget,texas,7,0,308.0,62.7105,45.1646
optionB_budget0.90_beta0.01_gamma0.50,carbonscaler_budget,texas,8,0,296.0,54.451,60.3267
optionB_budget0.90_beta0.01_gamma0.50,carbonscaler_budget,texas,9,0,288.0,38.887,43.8311
optionB_budget0.90_beta0.01_gamma0.50,carbonscaler_budget,texas,10,0,298.0,27.1267,31.5591
optionB_budget0.90_beta0.01_gamma0.50,carbonscaler_budget,texas,11,0,338.0,28.9764,30.0482
optionB_budget0.90_beta0.01_gamma0.50,carbonscaler_budget,texas,12,0,355.0,38.0115,29.9228
optionB_budget0.90_beta0.01_gamma0.50,carbonscaler_budget,texas,13,0,291.0,29.9031,38.8508
optionB_budget0.90_beta0.01_gamma0.50,carbonscaler_budget,texas,14,0,212.0,33.1116,32.2559
optionB_budget0.90_beta0.01_gamma0.50,carbonscaler_budget,texas,15,0,206.0,41.568,16.529
optionB_budget0.90_beta0.01_gamma0.50,carbonscaler_budget,texas,16,0,210.0,45.7167,25.4052
optionB_budget0.90_beta0.01_gamma0.50,carbonscaler_budget,texas,17,0,221.0,78.5971,82.9235
optionB_budget0.90_beta0.01_gamma0.50,carbonscaler_budget,texas,18,0,244.0,101.4019,117.31
optionB_budget0.90_beta0.01_gamma0.50,carbonscaler_budget,texas,19,0,262.0,103.407,103.1499
optionB_budget0.90_beta0.01_gamma0.50,carbonscaler_budget,texas,20,0,273.0,66.1658,63.0775
optionB_budget0.90_beta0.01_gamma0.50,carbonscaler_budget,texas,21,0,285.0,57.144,46.6209
optionB_budget0.90_beta0.01_gamma0.50,carbonscaler_budget,texas,22,0,317.0,45.2341,44.1106
optionB_budget0.90_beta0.01_gamma0.50,carbonscaler_budget,texas,23,0,396.0,36.8464,27.4255
optionB_budget0.90_beta0.01_gamma0.50,carbonscaler_budget,texas,24,0,478.0,32.591,36.2471
optionB_budget0.90_beta0.01_gamma0.50,carbonscaler_budget,texas,25,0,490.0,32.1319,50.6746
optionB_budget0.90_beta0.01_gamma0.50,carbonscaler_budget,texas,26,0,499.0,31.3126,26.8969
optionB_budget0.90_beta0.01_gamma0.50,carbonscaler_budget,texas,27,0,501.0,32.5465,25.013
optionB_budget0.90_beta0.01_gamma0.50,carbonscaler_budget,texas,28,0,488.0,37.1626,45.4781
optionB_budget0.90_beta0.01_gamma0.50,carbonscaler_budget,texas,29,0,480.0,39.1023,54.8141
optionB_budget0.90_beta0.01_gamma0.50,carbonscaler_budget,texas,30,0,473.0,85.3805,100.8457
optionB_budget0.90_beta0.01_gamma0.50,carbonscaler_budget,texas,31,0,468.0,72.0049,72.4015
optionB_budget0.90_beta0.01_gamma0.50,carbonscaler_budget,texas,32,0,474.0,54.2857,58.8232
optionB_budget0.90_beta0.01_gamma0.50,carbonscaler_budget,texas,33,0,482.0,32.528,38.5596
optionB_budget0.90_beta0.01_gamma0.50,carbonscaler_budget,texas,34,0,484.0,27.67,12.9177
optionB_budget0.90_beta0.01_gamma0.50,carbonscaler_budget,texas,35,0,477.0,20.791,6.3943
optionB_budget0.90_beta0.01_gamma0.50,carbonscaler_budget,texas,36,0,476.0,25.4165,35.1304
optionB_budget0.90_beta0.01_gamma0.50,carbonscaler_budget,texas,37,0,412.0,24.4097,49.4509
optionB_budget0.90_beta0.01_gamma0.50,carbonscaler_budget,texas,38,0,326.0,27.614,23.2625
optionB_budget0.90_beta0.01_gamma0.50,carbonscaler_budget,texas,39,0,252.0,42.2607,50.5134
optionB_budget0.90_beta0.01_gamma0.50,carbonscaler_budget,texas,40,0,235.0,54.7619,38.9519
optionB_budget0.90_beta0.01_gamma0.50,carbonscaler_budget,texas,41,0,247.0,80.7979,83.5923
optionB_budget0.90_beta0.01_gamma0.50,carbonscaler_budget,texas,42,0,258.0,107.434,126.0267
optionB_budget0.90_beta0.01_gamma0.50,carbonscaler_budget,texas,43,0,264.0,103.5981,103.2799
optionB_budget0.90_beta0.01_gamma0.50,carbonscaler_budget,texas,44,0,258.0,72.0962,77.7264
optionB_budget0.90_beta0.01_gamma0.50,carbonscaler_budget,texas,45,0,253.0,48.587,30.7592
optionB_budget0.90_beta0.01_gamma0.50,carbonscaler_budget,texas,46,0,255.0,44.4117,57.8934
optionB_budget0.90_beta0.01_gamma0.50,carbonscaler_budget,texas,47,0,314.0,38.6266,26.3231
optionB_budget0.90_beta0.01_gamma0.50,carbonscaler_budget,texas,48,0,392.0,32.0924,28.8717
optionB_budget0.90_beta0.01_gamma0.50,carbonscaler_budget,texas,49,0,385.0,28.8055,26.071
optionB_budget0.90_beta0.01_gamma0.50,carbonscaler_budget,texas,50,0,365.0,33.5914,35.4776
optionB_budget0.90_beta0.01_gamma0.50,carbonscaler_budget,texas,51,0,353.0,32.3168,50.0175
optionB_budget0.90_beta0.01_gamma0.50,carbonscaler_budget,texas,52,0,329.0,33.1141,13.8613
optionB_budget0.90_beta0.01_gamma0.50,carbonscaler_budget,texas,53,0,316.0,42.9691,1.7233
optionB_budget0.90_beta0.01_gamma0.50,carbonscaler_budget,texas,54,0,313.0,88.436,76.0777
optionB_budget0.90_beta0.01_gamma0.50,carbonscaler_budget,texas,55,0,310.0,78.5756,57.0641
optionB_budget0.90_beta0.01_gamma0.50,carbonscaler_budget,texas,56,0,304.0,53.6439,42.7179
optionB_budget0.90_beta0.01_gamma0.50,carbonscaler_budget,texas,57,0,302.0,49.4488,32.4688
optionB_budget0.90_beta0.01_gamma0.50,carbonscaler_budget,texas,58,0,314.0,44.3883,36.629
optionB_budget0.90_beta0.01_gamma0.50,carbonscaler_budget,texas,59,0,329.0,37.6079,38.8651
optionB_budget0.90_beta0.01_gamma0.50,carbonscaler_budget,texas,60,0,331.0,38.3759,19.3692
optionB_budget0.90_beta0.01_gamma0.50,carbonscaler_budget,texas,61,0,280.0,33.4808,34.7665
optionB_budget0.90_beta0.01_gamma0.50,carbonscaler_budget,texas,62,0,217.0,36.7459,51.8435
optionB_budget0.90_beta0.01_gamma0.50,carbonscaler_budget,texas,63,1,200.0,43.8455,48.4703
optionB_budget0.90_beta0.01_gamma0.50,carbonscaler_budget,texas,64,0,195.0,66.6336,71.2876
optionB_budget0.90_beta0.01_gamma0.50,carbonscaler_budget,texas,65,0,196.0,77.8332,74.0469
optionB_budget0.90_beta0.01_gamma0.50,carbonscaler_budget,texas,66,0,199.0,88.0436,74.759
optionB_budget0.90_beta0.01_gamma0.50,carbonscaler_budget,texas,67,1,189.0,74.654,69.5679
optionB_budget0.90_beta0.01_gamma0.50,carbonscaler_budget,texas,68,0,195.0,59.6448,52.51
optionB_budget0.90_beta0.01_gamma0.50,carbonscaler_budget,texas,69,0,205.0,42.9124,23.1283
optionB_budget0.90_beta0.01_gamma0.50,carbonscaler_budget,texas,70,0,223.0,39.0859,51.1288
optionB_budget0.90_beta0.01_gamma0.50,carbonscaler_budget,texas,71,0,270.0,33.9994,48.4275
optionB_budget0.90_beta0.01_gamma0.50,carbonscaler_budget,texas,72,0,327.0,18.5248,12.2567
optionB_budget0.90_beta0.01_gamma0.50,carbonscaler_budget,texas,73,0,337.0,14.984,13.8198
optionB_budget0.90_beta0.01_gamma0.50,carbonscaler_budget,texas,74,0,334.0,22.1906,10.8001
optionB_budget0.90_beta0.01_gamma0.50,carbonscaler_budget,texas,75,0,328.0,19.435,15.7472
optionB_budget0.90_beta0.01_gamma0.50,carbonscaler_budget,texas,76,0,317.0,22.2038,21.4563
optionB_budget0.90_beta0.01_gamma0.50,carbonscaler_budget,texas,77,0,308.0,24.7532,50.8865
optionB_budget0.90_beta0.01_gamma0.50,carbonscaler_budget,texas,78,0,295.0,44.9286,55.3287
optionB_budget0.90_beta0.01_gamma0.50,carbonscaler_budget,texas,79,0,288.0,44.1536,48.3785
optionB_budget0.90_beta0.01_gamma0.50,carbonscaler_budget,texas,80,0,287.0,36.1665,43.6827
optionB_budget0.90_beta0.01_gamma0.50,carbonscaler_budget,texas,81,0,286.0,25.3298,45.2417
optionB_budget0.90_beta0.01_gamma0.50,carbonscaler_budget,texas,82,0,298.0,33.193,46.2954
optionB_budget0.90_beta0.01_gamma0.50,carbonscaler_budget,texas,83,0,310.0,26.7276,44.2469
optionB_budget0.90_beta0.01_gamma0.50,carbonscaler_budget,texas,84,0,310.0,33.9512,36.1223
optionB_budget0.90_beta0.01_gamma0.50,carbonscaler_budget,texas,85,0,270.0,27.6064,28.8588
optionB_budget0.90_beta0.01_gamma0.50,carbonscaler_budget,texas,86,1,202.0,32.4517,42.6745
optionB_budget0.90_beta0.01_gamma0.50,carbonscaler_budget,texas,87,1,175.0,40.2416,32.6834
optionB_budget0.90_beta0.01_gamma0.50,carbonscaler_budget,texas,88,1,172.0,53.0439,42.1723
optionB_budget0.90_beta0.01_gamma0.50,carbonscaler_budget,texas,89,1,174.0,69.9053,85.9597
optionB_budget0.90_beta0.01_gamma0.50,carbonscaler_budget,texas,90,1,182.0,74.5283,48.914
optionB_budget0.90_beta0.01_gamma0.50,carbonscaler_budget,texas,91,1,178.0,71.9282,69.4357
optionB_budget0.90_beta0.01_gamma0.50,carbonscaler_budget,texas,92,1,185.0,56.4093,34.4017
optionB_budget0.90_beta0.01_gamma0.50,carbonscaler_budget,texas,93,1,194.0,41.7628,65.359
optionB_budget0.90_beta0.01_gamma0.50,carbonscaler_budget,texas,94,1,203.0,34.5555,9.0625
optionB_budget0.90_beta0.01_gamma0.50,carbonscaler_budget,texas,95,0,255.0,29.5876,30.7059
optionB_budget0.90_beta0.01_gamma0.50,carbonscaler_budget,texas,96,0,318.0,15.8476,38.6492
optionB_budget0.90_beta0.01_gamma0.50,carbonscaler_budget,texas,97,0,321.0,16.7486,15.6193
optionB_budget0.90_beta0.01_gamma0.50,carbonscaler_budget,texas,98,0,320.0,20.1301,24.4951
optionB_budget0.90_beta0.01_gamma0.50,carbonscaler_budget,texas,99,0,314.0,18.2408,22.7785
optionB_budget0.90_beta0.01_gamma0.50,carbonscaler_budget,texas,100,0,296.0,23.1163,13.6666
optionB_budget0.90_beta0.01_gamma0.50,carbonscaler_budget,texas,101,0,283.0,26.2878,23.1784
optionB_budget0.90_beta0.01_gamma0.50,carbonscaler_budget,texas,102,0,278.0,56.0265,61.7002
optionB_budget0.90_beta0.01_gamma0.50,carbonscaler_budget,texas,103,0,280.0,60.9573,49.7274
optionB_budget0.90_beta0.01_gamma0.50,carbonscaler_budget,texas,104,0,288.0,45.9952,41.5203
optionB_budget0.90_beta0.01_gamma0.50,carbonscaler_budget,texas,105,0,306.0,44.8534,39.8341
optionB_budget0.90_beta0.01_gamma0.50,carbonscaler_budget,texas,106,0,317.0,37.8107,36.8132
optionB_budget0.90_beta0.01_gamma0.50,carbonscaler_budget,texas,107,0,315.0,35.2101,32.7381
optionB_budget0.90_beta0.01_gamma0.50,carbonscaler_budget,texas,108,0,304.0,33.1797,35.1742
optionB_budget0.90_beta0.01_gamma0.50,carbonscaler_budget,texas,109,0,248.0,31.4548,24.6765
optionB_budget0.90_beta0.01_gamma0.50,carbonscaler_budget,texas,110,1,184.0,38.305,46.8454
optionB_budget0.90_beta0.01_gamma0.50,carbonscaler_budget,texas,111,1,174.0,44.6788,51.8874
optionB_budget0.90_beta0.01_gamma0.50,carbonscaler_budget,texas,112,1,177.0,71.7543,79.6828
optionB_budget0.90_beta0.01_gamma0.50,carbonscaler_budget,texas,113,0,196.0,79.5829,82.3547
optionB_budget0.90_beta0.01_gamma0.50,carbonscaler_budget,texas,114,0,213.0,84.6147,97.1739
optionB_budget0.90_beta0.01_gamma0.50,carbonscaler_budget,texas,115,0,226.0,90.7311,97.586
optionB_budget0.90_beta0.01_gamma0.50,carbonscaler_budget,texas,116,0,248.0,72.6597,75.9426
optionB_budget0.90_beta0.01_gamma0.50,carbonscaler_budget,texas,117,0,261.0,58.4517,48.183
optionB_budget0.90_beta0.01_gamma0.50,carbonscaler_budget,texas,118,0,261.0,47.6005,21.6266
optionB_budget0.90_beta0.01_gamma0.50,carbonscaler_budget,texas,119,0,298.0,35.7758,45.0111
optionB_budget0.90_beta0.01_gamma0.50,carbonscaler_budget,texas,120,0,322.0,34.4184,3.1802
optionB_budget0.90_beta0.01_gamma0.50,carbonscaler_budget,texas,121,0,323.0,26.6931,33.8542
optionB_budget0.90_beta0.01_gamma0.50,carbonscaler_budget,texas,122,0,326.0,27.0471,39.854
optionB_budget0.90_beta0.01_gamma0.50,carbonscaler_budget,texas,123,0,329.0,27.4566,35.9491
optionB_budget0.90_beta0.01_gamma0.50,carbonscaler_budget,texas,124,0,336.0,27.0468,15.8623
optionB_budget0.90_beta0.01_gamma0.50,carbonscaler_budget,texas,125,0,351.0,33.5566,33.7048
optionB_budget0.90_beta0.01_gamma0.50,carbonscaler_budget,texas,126,0,372.0,52.3004,46.225
optionB_budget0.90_beta0.01_gamma0.50,carbonscaler_budget,texas,127,0,403.0,41.1263,54.341
optionB_budget0.90_beta0.01_gamma0.50,carbonscaler_budget,texas,128,0,410.0,40.5935,25.8551
optionB_budget0.90_beta0.01_gamma0.50,carbonscaler_budget,texas,129,0,428.0,34.9955,29.5548
optionB_budget0.90_beta0.01_gamma0.50,carbonscaler_budget,texas,130,0,458.0,34.4782,17.3617
optionB_budget0.90_beta0.01_gamma0.50,carbonscaler_budget,texas,131,0,459.0,35.3146,34.5319
optionB_budget0.90_beta0.01_gamma0.50,carbonscaler_budget,texas,132,0,460.0,30.2066,21.6721
optionB_budget0.90_beta0.01_gamma0.50,carbonscaler_budget,texas,133,0,446.0,32.2738,10.2045
optionB_budget0.90_beta0.01_gamma0.50,carbonscaler_budget,texas,134,0,422.0,37.2785,55.1661
optionB_budget0.90_beta0.01_gamma0.50,carbonscaler_budget,texas,135,0,391.0,39.925,41.3759
optionB_budget0.90_beta0.01_gamma0.50,carbonscaler_budget,texas,136,0,330.0,48.562,43.6064
optionB_budget0.90_beta0.01_gamma0.50,carbonscaler_budget,texas,137,0,286.0,69.0366,69.9293
optionB_budget0.90_beta0.01_gamma0.50,carbonscaler_budget,texas,138,0,268.0,83.8074,97.6167
optionB_budget0.90_beta0.01_gamma0.50,carbonscaler_budget,texas,139,0,271.0,86.8532,74.6391
optionB_budget0.90_beta0.01_gamma0.50,carbonscaler_budget,texas,140,0,272.0,63.0653,47.1049
optionB_budget0.90_beta0.01_gamma0.50,carbonscaler_budget,texas,141,0,268.0,42.7586,58.1839
optionB_budget0.90_beta0.01_gamma0.50,carbonscaler_budget,texas,142,0,288.0,37.4293,26.3516
optionB_budget0.90_beta0.01_gamma0.50,carbonscaler_budget,texas,143,0,350.0,32.009,38.8331
optionB_budget0.90_beta0.01_gamma0.50,carbonscaler_budget,texas,144,0,430.0,24.7798,32.6589
optionB_budget0.90_beta0.01_gamma0.50,carbonscaler_budget,texas,145,0,433.0,21.8683,2.6208
optionB_budget0.90_beta0.01_gamma0.50,carbonscaler_budget,texas,146,0,397.0,22.2148,36.13
optionB_budget0.90_beta0.01_gamma0.50,carbonscaler_budget,texas,147,0,351.0,18.3983,23.1044
optionB_budget0.90_beta0.01_gamma0.50,carbonscaler_budget,texas,148,0,328.0,32.3717,29.3217
optionB_budget0.90_beta0.01_gamma0.50,carbonscaler_budget,texas,149,0,306.0,34.6748,39.3135
optionB_budget0.90_beta0.01_gamma0.50,carbonscaler_budget,texas,150,0,296.0,42.6753,35.151
optionB_budget0.90_beta0.01_gamma0.50,carbonscaler_budget,texas,151,0,284.0,38.7331,28.6715
optionB_budget0.90_beta0.01_gamma0.50,carbonscaler_budget,texas,152,0,273.0,29.6649,11.5294
optionB_budget0.90_beta0.01_gamma0.50,carbonscaler_budget,texas,153,0,282.0,31.2479,35.5552
optionB_budget0.90_beta0.01_gamma0.50,carbonscaler_budget,texas,154,0,284.0,25.1636,23.4749
optionB_budget0.90_beta0.01_gamma0.50,carbonscaler_budget,texas,155,0,286.0,29.8553,16.953
optionB_budget0.90_beta0.01_gamma0.50,carbonscaler_budget,texas,156,0,281.0,23.7051,27.1849
optionB_budget0.90_beta0.01_gamma0.50,carbonscaler_budget,texas,157,0,229.0,18.5874,29.3418
optionB_budget0.90_beta0.01_gamma0.50,carbonscaler_budget,texas,158,1,195.0,22.3155,29.4613
optionB_budget0.90_beta0.01_gamma0.50,carbonscaler_budget,texas,159,1,176.0,33.9523,38.8842
optionB_budget0.90_beta0.01_gamma0.50,carbonscaler_budget,texas,160,1,166.0,49.2018,37.4999
optionB_budget0.90_beta0.01_gamma0.50,carbonscaler_budget,texas,161,1,161.0,70.3761,84.3554
optionB_budget0.90_beta0.01_gamma0.50,carbonscaler_budget,texas,162,1,160.0,82.5323,315.8753
optionB_budget0.90_beta0.01_gamma0.50,carbonscaler_budget,texas,163,1,156.0,77.9932,55.3274
optionB_budget0.90_beta0.01_gamma0.50,carbonscaler_budget,texas,164,2,152.0,56.4896,65.504
optionB_budget0.90_beta0.01_gamma0.50,carbonscaler_budget,texas,165,2,157.0,40.4494,40.6216
optionB_budget0.90_beta0.01_gamma0.50,carbonscaler_budget,texas,166,1,172.0,35.5752,57.7525
optionB_budget0.90_beta0.01_gamma0.50,carbonscaler_budget,texas,167,0,225.0,34.5751,21.7347
optionB_budget0.90_beta0.01_gamma0.75,carbonscaler_budget,texas,0,0,328.0,19.2775,17.8248
optionB_budget0.90_beta0.01_gamma0.75,carbonscaler_budget,texas,1,0,334.0,16.6164,15.7787
optionB_budget0.90_beta0.01_gamma0.75,carbonscaler_budget,texas,2,0,335.0,20.7381,1.8708
optionB_budget0.90_beta0.01_gamma0.75,carbonscaler_budget,texas,3,0,317.0,23.2364,28.2329
optionB_budget0.90_beta0.01_gamma0.75,carbonscaler_budget,texas,4,0,301.0,20.06,14.8483
optionB_budget0.90_beta0.01_gamma0.75,carbonscaler_budget,texas,5,0,296.0,29.3968,51.5483
optionB_budget0.90_beta0.01_gamma0.75,carbonscaler_budget,texas,6,0,316.0,43.8936,31.8114
optionB_budget0.90_beta0.01_gamma0.75,carbonscaler_budget,texas,7,0,308.0,62.7105,45.1646
optionB_budget0.90_beta0.01_gamma0.75,carbonscaler_budget,texas,8,0,296.0,54.451,60.3267
optionB_budget0.90_beta0.01_gamma0.75,carbonscaler_budget,texas,9,0,288.0,38.887,43.8311
optionB_budget0.90_beta0.01_gamma0.75,carbonscaler_budget,texas,10,0,298.0,27.1267,31.5591
optionB_budget0.90_beta0.01_gamma0.75,carbonscaler_budget,texas,11,0,338.0,28.9764,30.0482
optionB_budget0.90_beta0.01_gamma0.75,carbonscaler_budget,texas,12,0,355.0,38.0115,29.9228
optionB_budget0.90_beta0.01_gamma0.75,carbonscaler_budget,texas,13,0,291.0,29.9031,38.8508
optionB_budget0.90_beta0.01_gamma0.75,carbonscaler_budget,texas,14,0,212.0,33.1116,32.2559
optionB_budget0.90_beta0.01_gamma0.75,carbonscaler_budget,texas,15,0,206.0,41.568,16.529
optionB_budget0.90_beta0.01_gamma0.75,carbonscaler_budget,texas,16,0,210.0,45.7167,25.4052
optionB_budget0.90_beta0.01_gamma0.75,carbonscaler_budget,texas,17,0,221.0,78.5971,82.9235
optionB_budget0.90_beta0.01_gamma0.75,carbonscaler_budget,texas,18,0,244.0,101.4019,117.31
optionB_budget0.90_beta0.01_gamma0.75,carbonscaler_budget,texas,19,0,262.0,103.407,103.1499
optionB_budget0.90_beta0.01_gamma0.75,carbonscaler_budget,texas,20,0,273.0,66.1658,63.0775
optionB_budget0.90_beta0.01_gamma0.75,carbonscaler_budget,texas,21,0,285.0,57.144,46.6209
optionB_budget0.90_beta0.01_gamma0.75,carbonscaler_budget,texas,22,0,317.0,45.2341,44.1106
optionB_budget0.90_beta0.01_gamma0.75,carbonscaler_budget,texas,23,0,396.0,36.8464,27.4255
optionB_budget0.90_beta0.01_gamma0.75,carbonscaler_budget,texas,24,0,478.0,32.591,36.2471
optionB_budget0.90_beta0.01_gamma0.75,carbonscaler_budget,texas,25,0,490.0,32.1319,50.6746
optionB_budget0.90_beta0.01_gamma0.75,carbonscaler_budget,texas,26,0,499.0,31.3126,26.8969
optionB_budget0.90_beta0.01_gamma0.75,carbonscaler_budget,texas,27,0,501.0,32.5465,25.013
optionB_budget0.90_beta0.01_gamma0.75,carbonscaler_budget,texas,28,0,488.0,37.1626,45.4781
optionB_budget0.90_beta0.01_gamma0.75,carbonscaler_budget,texas,29,0,480.0,39.1023,54.8141
optionB_budget0.90_beta0.01_gamma0.75,carbonscaler_budget,texas,30,0,473.0,85.3805,100.8457
optionB_budget0.90_beta0.01_gamma0.75,carbonscaler_budget,texas,31,0,468.0,72.0049,72.4015
optionB_budget0.90_beta0.01_gamma0.75,carbonscaler_budget,texas,32,0,474.0,54.2857,58.8232
optionB_budget0.90_beta0.01_gamma0.75,carbonscaler_budget,texas,33,0,482.0,32.528,38.5596
optionB_budget0.90_beta0.01_gamma0.75,carbonscaler_budget,texas,34,0,484.0,27.67,12.9177
optionB_budget0.90_beta0.01_gamma0.75,carbonscaler_budget,texas,35,0,477.0,20.791,6.3943
optionB_budget0.90_beta0.01_gamma0.75,carbonscaler_budget,texas,36,0,476.0,25.4165,35.1304
optionB_budget0.90_beta0.01_gamma0.75,carbonscaler_budget,texas,37,0,412.0,24.4097,49.4509
optionB_budget0.90_beta0.01_gamma0.75,carbonscaler_budget,texas,38,0,326.0,27.614,23.2625
optionB_budget0.90_beta0.01_gamma0.75,carbonscaler_budget,texas,39,0,252.0,42.2607,50.5134
optionB_budget0.90_beta0.01_gamma0.75,carbonscaler_budget,texas,40,0,235.0,54.7619,38.9519
optionB_budget0.90_beta0.01_gamma0.75,carbonscaler_budget,texas,41,0,247.0,80.7979,83.5923
optionB_budget0.90_beta0.01_gamma0.75,carbonscaler_budget,texas,42,0,258.0,107.434,126.0267
optionB_budget0.90_beta0.01_gamma0.75,carbonscaler_budget,texas,43,0,264.0,103.5981,103.2799
optionB_budget0.90_beta0.01_gamma0.75,carbonscaler_budget,texas,44,0,258.0,72.0962,77.7264
optionB_budget0.90_beta0.01_gamma0.75,carbonscaler_budget,texas,45,0,253.0,48.587,30.7592
optionB_budget0.90_beta0.01_gamma0.75,carbonscaler_budget,texas,46,0,255.0,44.4117,57.8934
optionB_budget0.90_beta0.01_gamma0.75,carbonscaler_budget,texas,47,0,314.0,38.6266,26.3231
optionB_budget0.90_beta0.01_gamma0.75,carbonscaler_budget,texas,48,0,392.0,32.0924,28.8717
optionB_budget0.90_beta0.01_gamma0.75,carbonscaler_budget,texas,49,0,385.0,28.8055,26.071
optionB_budget0.90_beta0.01_gamma0.75,carbonscaler_budget,texas,50,0,365.0,33.5914,35.4776
optionB_budget0.90_beta0.01_gamma0.75,carbonscaler_budget,texas,51,0,353.0,32.3168,50.0175
optionB_budget0.90_beta0.01_gamma0.75,carbonscaler_budget,texas,52,0,329.0,33.1141,13.8613
optionB_budget0.90_beta0.01_gamma0.75,carbonscaler_budget,texas,53,0,316.0,42.9691,1.7233
optionB_budget0.90_beta0.01_gamma0.75,carbonscaler_budget,texas,54,0,313.0,88.436,76.0777
optionB_budget0.90_beta0.01_gamma0.75,carbonscaler_budget,texas,55,0,310.0,78.5756,57.0641
optionB_budget0.90_beta0.01_gamma0.75,carbonscaler_budget,texas,56,0,304.0,53.6439,42.7179
optionB_budget0.90_beta0.01_gamma0.75,carbonscaler_budget,texas,57,0,302.0,49.4488,32.4688
optionB_budget0.90_beta0.01_gamma0.75,carbonscaler_budget,texas,58,0,314.0,44.3883,36.629
optionB_budget0.90_beta0.01_gamma0.75,carbonscaler_budget,texas,59,0,329.0,37.6079,38.8651
optionB_budget0.90_beta0.01_gamma0.75,carbonscaler_budget,texas,60,0,331.0,38.3759,19.3692
optionB_budget0.90_beta0.01_gamma0.75,carbonscaler_budget,texas,61,0,280.0,33.4808,34.7665
optionB_budget0.90_beta0.01_gamma0.75,carbonscaler_budget,texas,62,0,217.0,36.7459,51.8435
optionB_budget0.90_beta0.01_gamma0.75,carbonscaler_budget,texas,63,1,200.0,43.8455,48.4703
optionB_budget0.90_beta0.01_gamma0.75,carbonscaler_budget,texas,64,0,195.0,66.6336,71.2876
optionB_budget0.90_beta0.01_gamma0.75,carbonscaler_budget,texas,65,0,196.0,77.8332,74.0469
optionB_budget0.90_beta0.01_gamma0.75,carbonscaler_budget,texas,66,0,199.0,88.0436,74.759
optionB_budget0.90_beta0.01_gamma0.75,carbonscaler_budget,texas,67,1,189.0,74.654,69.5679
optionB_budget0.90_beta0.01_gamma0.75,carbonscaler_budget,texas,68,0,195.0,59.6448,52.51
optionB_budget0.90_beta0.01_gamma0.75,carbonscaler_budget,texas,69,0,205.0,42.9124,23.1283
optionB_budget0.90_beta0.01_gamma0.75,carbonscaler_budget,texas,70,0,223.0,39.0859,51.1288
optionB_budget0.90_beta0.01_gamma0.75,carbonscaler_budget,texas,71,0,270.0,33.9994,48.4275
optionB_budget0.90_beta0.01_gamma0.75,carbonscaler_budget,texas,72,0,327.0,18.5248,12.2567
optionB_budget0.90_beta0.01_gamma0.75,carbonscaler_budget,texas,73,0,337.0,14.984,13.8198
optionB_budget0.90_beta0.01_gamma0.75,carbonscaler_budget,texas,74,0,334.0,22.1906,10.8001
optionB_budget0.90_beta0.01_gamma0.75,carbonscaler_budget,texas,75,0,328.0,19.435,15.7472
optionB_budget0.90_beta0.01_gamma0.75,carbonscaler_budget,texas,76,0,317.0,22.2038,21.4563
optionB_budget0.90_beta0.01_gamma0.75,carbonscaler_budget,texas,77,0,308.0,24.7532,50.8865
optionB_budget0.90_beta0.01_gamma0.75,carbonscaler_budget,texas,78,0,295.0,44.9286,55.3287
optionB_budget0.90_beta0.01_gamma0.75,carbonscaler_budget,texas,79,0,288.0,44.1536,48.3785
optionB_budget0.90_beta0.01_gamma0.75,carbonscaler_budget,texas,80,0,287.0,36.1665,43.6827
optionB_budget0.90_beta0.01_gamma0.75,carbonscaler_budget,texas,81,0,286.0,25.3298,45.2417
optionB_budget0.90_beta0.01_gamma0.75,carbonscaler_budget,texas,82,0,298.0,33.193,46.2954
optionB_budget0.90_beta0.01_gamma0.75,carbonscaler_budget,texas,83,0,310.0,26.7276,44.2469
optionB_budget0.90_beta0.01_gamma0.75,carbonscaler_budget,texas,84,0,310.0,33.9512,36.1223
optionB_budget0.90_beta0.01_gamma0.75,carbonscaler_budget,texas,85,0,270.0,27.6064,28.8588
optionB_budget0.90_beta0.01_gamma0.75,carbonscaler_budget,texas,86,1,202.0,32.4517,42.6745
optionB_budget0.90_beta0.01_gamma0.75,carbonscaler_budget,texas,87,1,175.0,40.2416,32.6834
optionB_budget0.90_beta0.01_gamma0.75,carbonscaler_budget,texas,88,1,172.0,53.0439,42.1723
optionB_budget0.90_beta0.01_gamma0.75,carbonscaler_budget,texas,89,1,174.0,69.9053,85.9597
optionB_budget0.90_beta0.01_gamma0.75,carbonscaler_budget,texas,90,1,182.0,74.5283,48.914
optionB_budget0.90_beta0.01_gamma0.75,carbonscaler_budget,texas,91,1,178.0,71.9282,69.4357
optionB_budget0.90_beta0.01_gamma0.75,carbonscaler_budget,texas,92,1,185.0,56.4093,34.4017
optionB_budget0.90_beta0.01_gamma0.75,carbonscaler_budget,texas,93,1,194.0,41.7628,65.359
optionB_budget0.90_beta0.01_gamma0.75,carbonscaler_budget,texas,94,1,203.0,34.5555,9.0625
optionB_budget0.90_beta0.01_gamma0.75,carbonscaler_budget,texas,95,0,255.0,29.5876,30.7059
optionB_budget0.90_beta0.01_gamma0.75,carbonscaler_budget,texas,96,0,318.0,15.8476,38.6492
optionB_budget0.90_beta0.01_gamma0.75,carbonscaler_budget,texas,97,0,321.0,16.7486,15.6193
optionB_budget0.90_beta0.01_gamma0.75,carbonscaler_budget,texas,98,0,320.0,20.1301,24.4951
optionB_budget0.90_beta0.01_gamma0.75,carbonscaler_budget,texas,99,0,314.0,18.2408,22.7785
optionB_budget0.90_beta0.01_gamma0.75,carbonscaler_budget,texas,100,0,296.0,23.1163,13.6666
optionB_budget0.90_beta0.01_gamma0.75,carbonscaler_budget,texas,101,0,283.0,26.2878,23.1784
optionB_budget0.90_beta0.01_gamma0.75,carbonscaler_budget,texas,102,0,278.0,56.0265,61.7002
optionB_budget0.90_beta0.01_gamma0.75,carbonscaler_budget,texas,103,0,280.0,60.9573,49.7274
optionB_budget0.90_beta0.01_gamma0.75,carbonscaler_budget,texas,104,0,288.0,45.9952,41.5203
optionB_budget0.90_beta0.01_gamma0.75,carbonscaler_budget,texas,105,0,306.0,44.8534,39.8341
optionB_budget0.90_beta0.01_gamma0.75,carbonscaler_budget,texas,106,0,317.0,37.8107,36.8132
optionB_budget0.90_beta0.01_gamma0.75,carbonscaler_budget,texas,107,0,315.0,35.2101,32.7381
optionB_budget0.90_beta0.01_gamma0.75,carbonscaler_budget,texas,108,0,304.0,33.1797,35.1742
optionB_budget0.90_beta0.01_gamma0.75,carbonscaler_budget,texas,109,0,248.0,31.4548,24.6765
optionB_budget0.90_beta0.01_gamma0.75,carbonscaler_budget,texas,110,1,184.0,38.305,46.8454
optionB_budget0.90_beta0.01_gamma0.75,carbonscaler_budget,texas,111,1,174.0,44.6788,51.8874
optionB_budget0.90_beta0.01_gamma0.75,carbonscaler_budget,texas,112,1,177.0,71.7543,79.6828
optionB_budget0.90_beta0.01_gamma0.75,carbonscaler_budget,texas,113,0,196.0,79.5829,82.3547
optionB_budget0.90_beta0.01_gamma0.75,carbonscaler_budget,texas,114,0,213.0,84.6147,97.1739
optionB_budget0.90_beta0.01_gamma0.75,carbonscaler_budget,texas,115,0,226.0,90.7311,97.586
optionB_budget0.90_beta0.01_gamma0.75,carbonscaler_budget,texas,116,0,248.0,72.6597,75.9426
optionB_budget0.90_beta0.01_gamma0.75,carbonscaler_budget,texas,117,0,261.0,58.4517,48.183
optionB_budget0.90_beta0.01_gamma0.75,carbonscaler_budget,texas,118,0,261.0,47.6005,21.6266
optionB_budget0.90_beta0.01_gamma0.75,carbonscaler_budget,texas,119,0,298.0,35.7758,45.0111
optionB_budget0.90_beta0.01_gamma0.75,carbonscaler_budget,texas,120,0,322.0,34.4184,3.1802
optionB_budget0.90_beta0.01_gamma0.75,carbonscaler_budget,texas,121,0,323.0,26.6931,33.8542
optionB_budget0.90_beta0.01_gamma0.75,carbonscaler_budget,texas,122,0,326.0,27.0471,39.854
optionB_budget0.90_beta0.01_gamma0.75,carbonscaler_budget,texas,123,0,329.0,27.4566,35.9491
optionB_budget0.90_beta0.01_gamma0.75,carbonscaler_budget,texas,124,0,336.0,27.0468,15.8623
optionB_budget0.90_beta0.01_gamma0.75,carbonscaler_budget,texas,125,0,351.0,33.5566,33.7048
optionB_budget0.90_beta0.01_gamma0.75,carbonscaler_budget,texas,126,0,372.0,52.3004,46.225
optionB_budget0.90_beta0.01_gamma0.75,carbonscaler_budget,texas,127,0,403.0,41.1263,54.341
optionB_budget0.90_beta0.01_gamma0.75,carbonscaler_budget,texas,128,0,410.0,40.5935,25.8551
optionB_budget0.90_beta0.01_gamma0.75,carbonscaler_budget,texas,129,0,428.0,34.9955,29.5548
optionB_budget0.90_beta0.01_gamma0.75,carbonscaler_budget,texas,130,0,458.0,34.4782,17.3617
optionB_budget0.90_beta0.01_gamma0.75,carbonscaler_budget,texas,131,0,459.0,35.3146,34.5319
optionB_budget0.90_beta0.01_gamma0.75,carbonscaler_budget,texas,132,0,460.0,30.2066,21.6721
optionB_budget0.90_beta0.01_gamma0.75,carbonscaler_budget,texas,133,0,446.0,32.2738,10.2045
optionB_budget0.90_beta0.01_gamma0.75,carbonscaler_budget,texas,134,0,422.0,37.2785,55.1661
optionB_budget0.90_beta0.01_gamma0.75,carbonscaler_budget,texas,135,0,391.0,39.925,41.3759
optionB_budget0.90_beta0.01_gamma0.75,carbonscaler_budget,texas,136,0,330.0,48.562,43.6064
optionB_budget0.90_beta0.01_gamma0.75,carbonscaler_budget,texas,137,0,286.0,69.0366,69.9293
optionB_budget0.90_beta0.01_gamma0.75,carbonscaler_budget,texas,138,0,268.0,83.8074,97.6167
optionB_budget0.90_beta0.01_gamma0.75,carbonscaler_budget,texas,139,0,271.0,86.8532,74.6391
optionB_budget0.90_beta0.01_gamma0.75,carbonscaler_budget,texas,140,0,272.0,63.0653,47.1049
optionB_budget0.90_beta0.01_gamma0.75,carbonscaler_budget,texas,141,0,268.0,42.7586,58.1839
optionB_budget0.90_beta0.01_gamma0.75,carbonscaler_budget,texas,142,0,288.0,37.4293,26.3516
optionB_budget0.90_beta0.01_gamma0.75,carbonscaler_budget,texas,143,0,350.0,32.009,38.8331
optionB_budget0.90_beta0.01_gamma0.75,carbonscaler_budget,texas,144,0,430.0,24.7798,32.6589
optionB_budget0.90_beta0.01_gamma0.75,carbonscaler_budget,texas,145,0,433.0,21.8683,2.6208
optionB_budget0.90_beta0.01_gamma0.75,carbonscaler_budget,texas,146,0,397.0,22.2148,36.13
optionB_budget0.90_beta0.01_gamma0.75,carbonscaler_budget,texas,147,0,351.0,18.3983,23.1044
optionB_budget0.90_beta0.01_gamma0.75,carbonscaler_budget,texas,148,0,328.0,32.3717,29.3217
optionB_budget0.90_beta0.01_gamma0.75,carbonscaler_budget,texas,149,0,306.0,34.6748,39.3135
optionB_budget0.90_beta0.01_gamma0.75,carbonscaler_budget,texas,150,0,296.0,42.6753,35.151
optionB_budget0.90_beta0.01_gamma0.75,carbonscaler_budget,texas,151,0,284.0,38.7331,28.6715
optionB_budget0.90_beta0.01_gamma0.75,carbonscaler_budget,texas,152,0,273.0,29.6649,11.5294
optionB_budget0.90_beta0.01_gamma0.75,carbonscaler_budget,texas,153,0,282.0,31.2479,35.5552
optionB_budget0.90_beta0.01_gamma0.75,carbonscaler_budget,texas,154,0,284.0,25.1636,23.4749
optionB_budget0.90_beta0.01_gamma0.75,carbonscaler_budget,texas,155,0,286.0,29.8553,16.953
optionB_budget0.90_beta0.01_gamma0.75,carbonscaler_budget,texas,156,0,281.0,23.7051,27.1849
optionB_budget0.90_beta0.01_gamma0.75,carbonscaler_budget,texas,157,0,229.0,18.5874,29.3418
optionB_budget0.90_beta0.01_gamma0.75,carbonscaler_budget,texas,158,1,195.0,22.3155,29.4613
optionB_budget0.90_beta0.01_gamma0.75,carbonscaler_budget,texas,159,1,176.0,33.9523,38.8842
optionB_budget0.90_beta0.01_gamma0.75,carbonscaler_budget,texas,160,1,166.0,49.2018,37.4999
optionB_budget0.90_beta0.01_gamma0.75,carbonscaler_budget,texas,161,1,161.0,70.3761,84.3554
optionB_budget0.90_beta0.01_gamma0.75,carbonscaler_budget,texas,162,1,160.0,82.5323,315.8753
optionB_budget0.90_beta0.01_gamma0.75,carbonscaler_budget,texas,163,1,156.0,77.9932,55.3274
optionB_budget0.90_beta0.01_gamma0.75,carbonscaler_budget,texas,164,2,152.0,56.4896,65.504
optionB_budget0.90_beta0.01_gamma0.75,carbonscaler_budget,texas,165,2,157.0,40.4494,40.6216
optionB_budget0.90_beta0.01_gamma0.75,carbonscaler_budget,texas,166,1,172.0,35.5752,57.7525
optionB_budget0.90_beta0.01_gamma0.75,carbonscaler_budget,texas,167,0,225.0,34.5751,21.7347
optionB_budget0.90_beta0.01_gamma1.00,carbonscaler_budget,texas,0,0,328.0,19.2775,17.8248
optionB_budget0.90_beta0.01_gamma1.00,carbonscaler_budget,texas,1,0,334.0,16.6164,15.7787
optionB_budget0.90_beta0.01_gamma1.00,carbonscaler_budget,texas,2,0,335.0,20.7381,1.8708
optionB_budget0.90_beta0.01_gamma1.00,carbonscaler_budget,texas,3,0,317.0,23.2364,28.2329
optionB_budget0.90_beta0.01_gamma1.00,carbonscaler_budget,texas,4,0,301.0,20.06,14.8483
optionB_budget0.90_beta0.01_gamma1.00,carbonscaler_budget,texas,5,0,296.0,29.3968,51.5483
optionB_budget0.90_beta0.01_gamma1.00,carbonscaler_budget,texas,6,0,316.0,43.8936,31.8114
optionB_budget0.90_beta0.01_gamma1.00,carbonscaler_budget,texas,7,0,308.0,62.7105,45.1646
optionB_budget0.90_beta0.01_gamma1.00,carbonscaler_budget,texas,8,0,296.0,54.451,60.3267
optionB_budget0.90_beta0.01_gamma1.00,carbonscaler_budget,texas,9,0,288.0,38.887,43.8311
optionB_budget0.90_beta0.01_gamma1.00,carbonscaler_budget,texas,10,0,298.0,27.1267,31.5591
optionB_budget0.90_beta0.01_gamma1.00,carbonscaler_budget,texas,11,0,338.0,28.9764,30.0482
optionB_budget0.90_beta0.01_gamma1.00,carbonscaler_budget,texas,12,0,355.0,38.0115,29.9228
optionB_budget0.90_beta0.01_gamma1.00,carbonscaler_budget,texas,13,0,291.0,29.9031,38.8508
optionB_budget0.90_beta0.01_gamma1.00,carbonscaler_budget,texas,14,0,212.0,33.1116,32.2559
optionB_budget0.90_beta0.01_gamma1.00,carbonscaler_budget,texas,15,0,206.0,41.568,16.529
optionB_budget0.90_beta0.01_gamma1.00,carbonscaler_budget,texas,16,0,210.0,45.7167,25.4052
optionB_budget0.90_beta0.01_gamma1.00,carbonscaler_budget,texas,17,0,221.0,78.5971,82.9235
optionB_budget0.90_beta0.01_gamma1.00,carbonscaler_budget,texas,18,0,244.0,101.4019,117.31
optionB_budget0.90_beta0.01_gamma1.00,carbonscaler_budget,texas,19,0,262.0,103.407,103.1499
optionB_budget0.90_beta0.01_gamma1.00,carbonscaler_budget,texas,20,0,273.0,66.1658,63.0775
optionB_budget0.90_beta0.01_gamma1.00,carbonscaler_budget,texas,21,0,285.0,57.144,46.6209
optionB_budget0.90_beta0.01_gamma1.00,carbonscaler_budget,texas,22,0,317.0,45.2341,44.1106
optionB_budget0.90_beta0.01_gamma1.00,carbonscaler_budget,texas,23,0,396.0,36.8464,27.4255
optionB_budget0.90_beta0.01_gamma1.00,carbonscaler_budget,texas,24,0,478.0,32.591,36.2471
optionB_budget0.90_beta0.01_gamma1.00,carbonscaler_budget,texas,25,0,490.0,32.1319,50.6746
optionB_budget0.90_beta0.01_gamma1.00,carbonscaler_budget,texas,26,0,499.0,31.3126,26.8969
optionB_budget0.90_beta0.01_gamma1.00,carbonscaler_budget,texas,27,0,501.0,32.5465,25.013
optionB_budget0.90_beta0.01_gamma1.00,carbonscaler_budget,texas,28,0,488.0,37.1626,45.4781
optionB_budget0.90_beta0.01_gamma1.00,carbonscaler_budget,texas,29,0,480.0,39.1023,54.8141
optionB_budget0.90_beta0.01_gamma1.00,carbonscaler_budget,texas,30,0,473.0,85.3805,100.8457
optionB_budget0.90_beta0.01_gamma1.00,carbonscaler_budget,texas,31,0,468.0,72.0049,72.4015
optionB_budget0.90_beta0.01_gamma1.00,carbonscaler_budget,texas,32,0,474.0,54.2857,58.8232
optionB_budget0.90_beta0.01_gamma1.00,carbonscaler_budget,texas,33,0,482.0,32.528,38.5596
optionB_budget0.90_beta0.01_gamma1.00,carbonscaler_budget,texas,34,0,484.0,27.67,12.9177
optionB_budget0.90_beta0.01_gamma1.00,carbonscaler_budget,texas,35,0,477.0,20.791,6.3943
optionB_budget0.90_beta0.01_gamma1.00,carbonscaler_budget,texas,36,0,476.0,25.4165,35.1304
optionB_budget0.90_beta0.01_gamma1.00,carbonscaler_budget,texas,37,0,412.0,24.4097,49.4509
optionB_budget0.90_beta0.01_gamma1.00,carbonscaler_budget,texas,38,0,326.0,27.614,23.2625
optionB_budget0.90_beta0.01_gamma1.00,carbonscaler_budget,texas,39,0,252.0,42.2607,50.5134
optionB_budget0.90_beta0.01_gamma1.00,carbonscaler_budget,texas,40,0,235.0,54.7619,38.9519
optionB_budget0.90_beta0.01_gamma1.00,carbonscaler_budget,texas,41,0,247.0,80.7979,83.5923
optionB_budget0.90_beta0.01_gamma1.00,carbonscaler_budget,texas,42,0,258.0,107.434,126.0267
optionB_budget0.90_beta0.01_gamma1.00,carbonscaler_budget,texas,43,0,264.0,103.5981,103.2799
optionB_budget0.90_beta0.01_gamma1.00,carbonscaler_budget,texas,44,0,258.0,72.0962,77.7264
optionB_budget0.90_beta0.01_gamma1.00,carbonscaler_budget,texas,45,0,253.0,48.587,30.7592
optionB_budget0.90_beta0.01_gamma1.00,carbonscaler_budget,texas,46,0,255.0,44.4117,57.8934
optionB_budget0.90_beta0.01_gamma1.00,carbonscaler_budget,texas,47,0,314.0,38.6266,26.3231
optionB_budget0.90_beta0.01_gamma1.00,carbonscaler_budget,texas,48,0,392.0,32.0924,28.8717
optionB_budget0.90_beta0.01_gamma1.00,carbonscaler_budget,texas,49,0,385.0,28.8055,26.071
optionB_budget0.90_beta0.01_gamma1.00,carbonscaler_budget,texas,50,0,365.0,33.5914,35.4776
optionB_budget0.90_beta0.01_gamma1.00,carbonscaler_budget,texas,51,0,353.0,32.3168,50.0175
optionB_budget0.90_beta0.01_gamma1.00,carbonscaler_budget,texas,52,0,329.0,33.1141,13.8613
optionB_budget0.90_beta0.01_gamma1.00,carbonscaler_budget,texas,53,0,316.0,42.9691,1.7233
optionB_budget0.90_beta0.01_gamma1.00,carbonscaler_budget,texas,54,0,313.0,88.436,76.0777
optionB_budget0.90_beta0.01_gamma1.00,carbonscaler_budget,texas,55,0,310.0,78.5756,57.0641
optionB_budget0.90_beta0.01_gamma1.00,carbonscaler_budget,texas,56,0,304.0,53.6439,42.7179
optionB_budget0.90_beta0.01_gamma1.00,carbonscaler_budget,texas,57,0,302.0,49.4488,32.4688
optionB_budget0.90_beta0.01_gamma1.00,carbonscaler_budget,texas,58,0,314.0,44.3883,36.629
optionB_budget0.90_beta0.01_gamma1.00,carbonscaler_budget,texas,59,0,329.0,37.6079,38.8651
optionB_budget0.90_beta0.01_gamma1.00,carbonscaler_budget,texas,60,0,331.0,38.3759,19.3692
optionB_budget0.90_beta0.01_gamma1.00,carbonscaler_budget,texas,61,0,280.0,33.4808,34.7665
optionB_budget0.90_beta0.01_gamma1.00,carbonscaler_budget,texas,62,0,217.0,36.7459,51.8435
optionB_budget0.90_beta0.01_gamma1.00,carbonscaler_budget,texas,63,1,200.0,43.8455,48.4703
optionB_budget0.90_beta0.01_gamma1.00,carbonscaler_budget,texas,64,0,195.0,66.6336,71.2876
optionB_budget0.90_beta0.01_gamma1.00,carbonscaler_budget,texas,65,0,196.0,77.8332,74.0469
optionB_budget0.90_beta0.01_gamma1.00,carbonscaler_budget,texas,66,0,199.0,88.0436,74.759
optionB_budget0.90_beta0.01_gamma1.00,carbonscaler_budget,texas,67,1,189.0,74.654,69.5679
optionB_budget0.90_beta0.01_gamma1.00,carbonscaler_budget,texas,68,0,195.0,59.6448,52.51
optionB_budget0.90_beta0.01_gamma1.00,carbonscaler_budget,texas,69,0,205.0,42.9124,23.1283
optionB_budget0.90_beta0.01_gamma1.00,carbonscaler_budget,texas,70,0,223.0,39.0859,51.1288
optionB_budget0.90_beta0.01_gamma1.00,carbonscaler_budget,texas,71,0,270.0,33.9994,48.4275
optionB_budget0.90_beta0.01_gamma1.00,carbonscaler_budget,texas,72,0,327.0,18.5248,12.2567
optionB_budget0.90_beta0.01_gamma1.00,carbonscaler_budget,texas,73,0,337.0,14.984,13.8198
optionB_budget0.90_beta0.01_gamma1.00,carbonscaler_budget,texas,74,0,334.0,22.1906,10.8001
optionB_budget0.90_beta0.01_gamma1.00,carbonscaler_budget,texas,75,0,328.0,19.435,15.7472
optionB_budget0.90_beta0.01_gamma1.00,carbonscaler_budget,texas,76,0,317.0,22.2038,21.4563
optionB_budget0.90_beta0.01_gamma1.00,carbonscaler_budget,texas,77,0,308.0,24.7532,50.8865
optionB_budget0.90_beta0.01_gamma1.00,carbonscaler_budget,texas,78,0,295.0,44.9286,55.3287
optionB_budget0.90_beta0.01_gamma1.00,carbonscaler_budget,texas,79,0,288.0,44.1536,48.3785
optionB_budget0.90_beta0.01_gamma1.00,carbonscaler_budget,texas,80,0,287.0,36.1665,43.6827
optionB_budget0.90_beta0.01_gamma1.00,carbonscaler_budget,texas,81,0,286.0,25.3298,45.2417
optionB_budget0.90_beta0.01_gamma1.00,carbonscaler_budget,texas,82,0,298.0,33.193,46.2954
optionB_budget0.90_beta0.01_gamma1.00,carbonscaler_budget,texas,83,0,310.0,26.7276,44.2469
optionB_budget0.90_beta0.01_gamma1.00,carbonscaler_budget,texas,84,0,310.0,33.9512,36.1223
optionB_budget0.90_beta0.01_gamma1.00,carbonscaler_budget,texas,85,0,270.0,27.6064,28.8588
optionB_budget0.90_beta0.01_gamma1.00,carbonscaler_budget,texas,86,1,202.0,32.4517,42.6745
optionB_budget0.90_beta0.01_gamma1.00,carbonscaler_budget,texas,87,1,175.0,40.2416,32.6834
optionB_budget0.90_beta0.01_gamma1.00,carbonscaler_budget,texas,88,1,172.0,53.0439,42.1723
optionB_budget0.90_beta0.01_gamma1.00,carbonscaler_budget,texas,89,1,174.0,69.9053,85.9597
optionB_budget0.90_beta0.01_gamma1.00,carbonscaler_budget,texas,90,1,182.0,74.5283,48.914
optionB_budget0.90_beta0.01_gamma1.00,carbonscaler_budget,texas,91,1,178.0,71.9282,69.4357
optionB_budget0.90_beta0.01_gamma1.00,carbonscaler_budget,texas,92,1,185.0,56.4093,34.4017
optionB_budget0.90_beta0.01_gamma1.00,carbonscaler_budget,texas,93,1,194.0,41.7628,65.359
optionB_budget0.90_beta0.01_gamma1.00,carbonscaler_budget,texas,94,1,203.0,34.5555,9.0625
optionB_budget0.90_beta0.01_gamma1.00,carbonscaler_budget,texas,95,0,255.0,29.5876,30.7059
optionB_budget0.90_beta0.01_gamma1.00,carbonscaler_budget,texas,96,0,318.0,15.8476,38.6492
optionB_budget0.90_beta0.01_gamma1.00,carbonscaler_budget,texas,97,0,321.0,16.7486,15.6193
optionB_budget0.90_beta0.01_gamma1.00,carbonscaler_budget,texas,98,0,320.0,20.1301,24.4951
optionB_budget0.90_beta0.01_gamma1.00,carbonscaler_budget,texas,99,0,314.0,18.2408,22.7785
optionB_budget0.90_beta0.01_gamma1.00,carbonscaler_budget,texas,100,0,296.0,23.1163,13.6666
optionB_budget0.90_beta0.01_gamma1.00,carbonscaler_budget,texas,101,0,283.0,26.2878,23.1784
optionB_budget0.90_beta0.01_gamma1.00,carbonscaler_budget,texas,102,0,278.0,56.0265,61.7002
optionB_budget0.90_beta0.01_gamma1.00,carbonscaler_budget,texas,103,0,280.0,60.9573,49.7274
optionB_budget0.90_beta0.01_gamma1.00,carbonscaler_budget,texas,104,0,288.0,45.9952,41.5203
optionB_budget0.90_beta0.01_gamma1.00,carbonscaler_budget,texas,105,0,306.0,44.8534,39.8341
optionB_budget0.90_beta0.01_gamma1.00,carbonscaler_budget,texas,106,0,317.0,37.8107,36.8132
optionB_budget0.90_beta0.01_gamma1.00,carbonscaler_budget,texas,107,0,315.0,35.2101,32.7381
optionB_budget0.90_beta0.01_gamma1.00,carbonscaler_budget,texas,108,0,304.0,33.1797,35.1742
optionB_budget0.90_beta0.01_gamma1.00,carbonscaler_budget,texas,109,0,248.0,31.4548,24.6765
optionB_budget0.90_beta0.01_gamma1.00,carbonscaler_budget,texas,110,1,184.0,38.305,46.8454
optionB_budget0.90_beta0.01_gamma1.00,carbonscaler_budget,texas,111,1,174.0,44.6788,51.8874
optionB_budget0.90_beta0.01_gamma1.00,carbonscaler_budget,texas,112,1,177.0,71.7543,79.6828
optionB_budget0.90_beta0.01_gamma1.00,carbonscaler_budget,texas,113,0,196.0,79.5829,82.3547
optionB_budget0.90_beta0.01_gamma1.00,carbonscaler_budget,texas,114,0,213.0,84.6147,97.1739
optionB_budget0.90_beta0.01_gamma1.00,carbonscaler_budget,texas,115,0,226.0,90.7311,97.586
optionB_budget0.90_beta0.01_gamma1.00,carbonscaler_budget,texas,116,0,248.0,72.6597,75.9426
optionB_budget0.90_beta0.01_gamma1.00,carbonscaler_budget,texas,117,0,261.0,58.4517,48.183
optionB_budget0.90_beta0.01_gamma1.00,carbonscaler_budget,texas,118,0,261.0,47.6005,21.6266
optionB_budget0.90_beta0.01_gamma1.00,carbonscaler_budget,texas,119,0,298.0,35.7758,45.0111
optionB_budget0.90_beta0.01_gamma1.00,carbonscaler_budget,texas,120,0,322.0,34.4184,3.1802
optionB_budget0.90_beta0.01_gamma1.00,carbonscaler_budget,texas,121,0,323.0,26.6931,33.8542
optionB_budget0.90_beta0.01_gamma1.00,carbonscaler_budget,texas,122,0,326.0,27.0471,39.854
optionB_budget0.90_beta0.01_gamma1.00,carbonscaler_budget,texas,123,0,329.0,27.4566,35.9491
optionB_budget0.90_beta0.01_gamma1.00,carbonscaler_budget,texas,124,0,336.0,27.0468,15.8623
optionB_budget0.90_beta0.01_gamma1.00,carbonscaler_budget,texas,125,0,351.0,33.5566,33.7048
optionB_budget0.90_beta0.01_gamma1.00,carbonscaler_budget,texas,126,0,372.0,52.3004,46.225
optionB_budget0.90_beta0.01_gamma1.00,carbonscaler_budget,texas,127,0,403.0,41.1263,54.341
optionB_budget0.90_beta0.01_gamma1.00,carbonscaler_budget,texas,128,0,410.0,40.5935,25.8551
optionB_budget0.90_beta0.01_gamma1.00,carbonscaler_budget,texas,129,0,428.0,34.9955,29.5548
optionB_budget0.90_beta0.01_gamma1.00,carbonscaler_budget,texas,130,0,458.0,34.4782,17.3617
optionB_budget0.90_beta0.01_gamma1.00,carbonscaler_budget,texas,131,0,459.0,35.3146,34.5319
optionB_budget0.90_beta0.01_gamma1.00,carbonscaler_budget,texas,132,0,460.0,30.2066,21.6721
optionB_budget0.90_beta0.01_gamma1.00,carbonscaler_budget,texas,133,0,446.0,32.2738,10.2045
optionB_budget0.90_beta0.01_gamma1.00,carbonscaler_budget,texas,134,0,422.0,37.2785,55.1661
optionB_budget0.90_beta0.01_gamma1.00,carbonscaler_budget,texas,135,0,391.0,39.925,41.3759
optionB_budget0.90_beta0.01_gamma1.00,carbonscaler_budget,texas,136,0,330.0,48.562,43.6064
optionB_budget0.90_beta0.01_gamma1.00,carbonscaler_budget,texas,137,0,286.0,69.0366,69.9293
optionB_budget0.90_beta0.01_gamma1.00,carbonscaler_budget,texas,138,0,268.0,83.8074,97.6167
optionB_budget0.90_beta0.01_gamma1.00,carbonscaler_budget,texas,139,0,271.0,86.8532,74.6391
optionB_budget0.90_beta0.01_gamma1.00,carbonscaler_budget,texas,140,0,272.0,63.0653,47.1049
optionB_budget0.90_beta0.01_gamma1.00,carbonscaler_budget,texas,141,0,268.0,42.7586,58.1839
optionB_budget0.90_beta0.01_gamma1.00,carbonscaler_budget,texas,142,0,288.0,37.4293,26.3516
optionB_budget0.90_beta0.01_gamma1.00,carbonscaler_budget,texas,143,0,350.0,32.009,38.8331
optionB_budget0.90_beta0.01_gamma1.00,carbonscaler_budget,texas,144,0,430.0,24.7798,32.6589
optionB_budget0.90_beta0.01_gamma1.00,carbonscaler_budget,texas,145,0,433.0,21.8683,2.6208
optionB_budget0.90_beta0.01_gamma1.00,carbonscaler_budget,texas,146,0,397.0,22.2148,36.13
optionB_budget0.90_beta0.01_gamma1.00,carbonscaler_budget,texas,147,0,351.0,18.3983,23.1044
optionB_budget0.90_beta0.01_gamma1.00,carbonscaler_budget,texas,148,0,328.0,32.3717,29.3217
optionB_budget0.90_beta0.01_gamma1.00,carbonscaler_budget,texas,149,0,306.0,34.6748,39.3135
optionB_budget0.90_beta0.01_gamma1.00,carbonscaler_budget,texas,150,0,296.0,42.6753,35.151
optionB_budget0.90_beta0.01_gamma1.00,carbonscaler_budget,texas,151,0,284.0,38.7331,28.6715
optionB_budget0.90_beta0.01_gamma1.00,carbonscaler_budget,texas,152,0,273.0,29.6649,11.5294
optionB_budget0.90_beta0.01_gamma1.00,carbonscaler_budget,texas,153,0,282.0,31.2479,35.5552
optionB_budget0.90_beta0.01_gamma1.00,carbonscaler_budget,texas,154,0,284.0,25.1636,23.4749
optionB_budget0.90_beta0.01_gamma1.00,carbonscaler_budget,texas,155,0,286.0,29.8553,16.953
optionB_budget0.90_beta0.01_gamma1.00,carbonscaler_budget,texas,156,0,281.0,23.7051,27.1849
optionB_budget0.90_beta0.01_gamma1.00,carbonscaler_budget,texas,157,0,229.0,18.5874,29.3418
optionB_budget0.90_beta0.01_gamma1.00,carbonscaler_budget,texas,158,1,195.0,22.3155,29.4613
optionB_budget0.90_beta0.01_gamma1.00,carbonscaler_budget,texas,159,1,176.0,33.9523,38.8842
optionB_budget0.90_beta0.01_gamma1.00,carbonscaler_budget,texas,160,1,166.0,49.2018,37.4999
optionB_budget0.90_beta0.01_gamma1.00,carbonscaler_budget,texas,161,1,161.0,70.3761,84.3554
optionB_budget0.90_beta0.01_gamma1.00,carbonscaler_budget,texas,162,1,160.0,82.5323,315.8753
optionB_budget0.90_beta0.01_gamma1.00,carbonscaler_budget,texas,163,1,156.0,77.9932,55.3274
optionB_budget0.90_beta0.01_gamma1.00,carbonscaler_budget,texas,164,2,152.0,56.4896,65.504
optionB_budget0.90_beta0.01_gamma1.00,carbonscaler_budget,texas,165,2,157.0,40.4494,40.6216
optionB_budget0.90_beta0.01_gamma1.00,carbonscaler_budget,texas,166,1,172.0,35.5752,57.7525
optionB_budget0.90_beta0.01_gamma1.00,carbonscaler_budget,texas,167,0,225.0,34.5751,21.7347
optionC_lambda0.50,carbonscaler_weighted,texas,0,0,328.0,19.2775,17.8248
optionC_lambda0.50,carbonscaler_weighted,texas,1,1,334.0,16.6164,15.7787
optionC_lambda0.50,carbonscaler_weighted,texas,2,0,335.0,20.7381,1.8708
optionC_lambda0.50,carbonscaler_weighted,texas,3,0,317.0,23.2364,28.2329
optionC_lambda0.50,carbonscaler_weighted,texas,4,1,301.0,20.06,14.8483
optionC_lambda0.50,carbonscaler_weighted,texas,5,0,296.0,29.3968,51.5483
optionC_lambda0.50,carbonscaler_weighted,texas,6,0,316.0,43.8936,31.8114
optionC_lambda0.50,carbonscaler_weighted,texas,7,0,308.0,62.7105,45.1646
optionC_lambda0.50,carbonscaler_weighted,texas,8,0,296.0,54.451,60.3267
optionC_lambda0.50,carbonscaler_weighted,texas,9,0,288.0,38.887,43.8311
optionC_lambda0.50,carbonscaler_weighted,texas,10,0,298.0,27.1267,31.5591
optionC_lambda0.50,carbonscaler_weighted,texas,11,0,338.0,28.9764,30.0482
optionC_lambda0.50,carbonscaler_weighted,texas,12,0,355.0,38.0115,29.9228
optionC_lambda0.50,carbonscaler_weighted,texas,13,0,291.0,29.9031,38.8508
optionC_lambda0.50,carbonscaler_weighted,texas,14,1,212.0,33.1116,32.2559
optionC_lambda0.50,carbonscaler_weighted,texas,15,0,206.0,41.568,16.529
optionC_lambda0.50,carbonscaler_weighted,texas,16,0,210.0,45.7167,25.4052
optionC_lambda0.50,carbonscaler_weighted,texas,17,0,221.0,78.5971,82.9235
optionC_lambda0.50,carbonscaler_weighted,texas,18,0,244.0,101.4019,117.31
optionC_lambda0.50,carbonscaler_weighted,texas,19,0,262.0,103.407,103.1499
optionC_lambda0.50,carbonscaler_weighted,texas,20,0,273.0,66.1658,63.0775
optionC_lambda0.50,carbonscaler_weighted,texas,21,0,285.0,57.144,46.6209
optionC_lambda0.50,carbonscaler_weighted,texas,22,0,317.0,45.2341,44.1106
optionC_lambda0.50,carbonscaler_weighted,texas,23,0,396.0,36.8464,27.4255
optionC_lambda0.50,carbonscaler_weighted,texas,24,0,478.0,32.591,36.2471
optionC_lambda0.50,carbonscaler_weighted,texas,25,0,490.0,32.1319,50.6746
optionC_lambda0.50,carbonscaler_weighted,texas,26,0,499.0,31.3126,26.8969
optionC_lambda0.50,carbonscaler_weighted,texas,27,0,501.0,32.5465,25.013
optionC_lambda0.50,carbonscaler_weighted,texas,28,0,488.0,37.1626,45.4781
optionC_lambda0.50,carbonscaler_weighted,texas,29,0,480.0,39.1023,54.8141
optionC_lambda0.50,carbonscaler_weighted,texas,30,0,473.0,85.3805,100.8457
optionC_lambda0.50,carbonscaler_weighted,texas,31,0,468.0,72.0049,72.4015
optionC_lambda0.50,carbonscaler_weighted,texas,32,0,474.0,54.2857,58.8232
optionC_lambda0.50,carbonscaler_weighted,texas,33,0,482.0,32.528,38.5596
optionC_lambda0.50,carbonscaler_weighted,texas,34,0,484.0,27.67,12.9177
optionC_lambda0.50,carbonscaler_weighted,texas,35,0,477.0,20.791,6.3943
optionC_lambda0.50,carbonscaler_weighted,texas,36,0,476.0,25.4165,35.1304
optionC_lambda0.50,carbonscaler_weighted,texas,37,0,412.0,24.4097,49.4509
optionC_lambda0.50,carbonscaler_weighted,texas,38,0,326.0,27.614,23.2625
optionC_lambda0.50,carbonscaler_weighted,texas,39,0,252.0,42.2607,50.5134
optionC_lambda0.50,carbonscaler_weighted,texas,40,0,235.0,54.7619,38.9519
optionC_lambda0.50,carbonscaler_weighted,texas,41,0,247.0,80.7979,83.5923
optionC_lambda0.50,carbonscaler_weighted,texas,42,0,258.0,107.434,126.0267
optionC_lambda0.50,carbonscaler_weighted,texas,43,0,264.0,103.5981,103.2799
optionC_lambda0.50,carbonscaler_weighted,texas,44,0,258.0,72.0962,77.7264
optionC_lambda0.50,carbonscaler_weighted,texas,45,0,253.0,48.587,30.7592
optionC_lambda0.50,carbonscaler_weighted,texas,46,0,255.0,44.4117,57.8934
optionC_lambda0.50,carbonscaler_weighted,texas,47,0,314.0,38.6266,26.3231
optionC_lambda0.50,carbonscaler_weighted,texas,48,0,392.0,32.0924,28.8717
optionC_lambda0.50,carbonscaler_weighted,texas,49,0,385.0,28.8055,26.071
optionC_lambda0.50,carbonscaler_weighted,texas,50,0,365.0,33.5914,35.4776
optionC_lambda0.50,carbonscaler_weighted,texas,51,0,353.0,32.3168,50.0175
optionC_lambda0.50,carbonscaler_weighted,texas,52,0,329.0,33.1141,13.8613
optionC_lambda0.50,carbonscaler_weighted,texas,53,0,316.0,42.9691,1.7233
optionC_lambda0.50,carbonscaler_weighted,texas,54,0,313.0,88.436,76.0777
optionC_lambda0.50,carbonscaler_weighted,texas,55,0,310.0,78.5756,57.0641
optionC_lambda0.50,carbonscaler_weighted,texas,56,0,304.0,53.6439,42.7179
optionC_lambda0.50,carbonscaler_weighted,texas,57,0,302.0,49.4488,32.4688
optionC_lambda0.50,carbonscaler_weighted,texas,58,0,314.0,44.3883,36.629
optionC_lambda0.50,carbonscaler_weighted,texas,59,0,329.0,37.6079,38.8651
optionC_lambda0.50,carbonscaler_weighted,texas,60,0,331.0,38.3759,19.3692
optionC_lambda0.50,carbonscaler_weighted,texas,61,0,280.0,33.4808,34.7665
optionC_lambda0.50,carbonscaler_weighted,texas,62,0,217.0,36.7459,51.8435
optionC_lambda0.50,carbonscaler_weighted,texas,63,0,200.0,43.8455,48.4703
optionC_lambda0.50,carbonscaler_weighted,texas,64,0,195.0,66.6336,71.2876
optionC_lambda0.50,carbonscaler_weighted,texas,65,0,196.0,77.8332,74.0469
optionC_lambda0.50,carbonscaler_weighted,texas,66,0,199.0,88.0436,74.759
optionC_lambda0.50,carbonscaler_weighted,texas,67,0,189.0,74.654,69.5679
optionC_lambda0.50,carbonscaler_weighted,texas,68,0,195.0,59.6448,52.51
optionC_lambda0.50,carbonscaler_weighted,texas,69,0,205.0,42.9124,23.1283
optionC_lambda0.50,carbonscaler_weighted,texas,70,0,223.0,39.0859,51.1288
optionC_lambda0.50,carbonscaler_weighted,texas,71,0,270.0,33.9994,48.4275
optionC_lambda0.50,carbonscaler_weighted,texas,72,1,327.0,18.5248,12.2567
optionC_lambda0.50,carbonscaler_weighted,texas,73,2,337.0,14.984,13.8198
optionC_lambda0.50,carbonscaler_weighted,texas,74,0,334.0,22.1906,10.8001
optionC_lambda0.50,carbonscaler_weighted,texas,75,0,328.0,19.435,15.7472
optionC_lambda0.50,carbonscaler_weighted,texas,76,0,317.0,22.2038,21.4563
optionC_lambda0.50,carbonscaler_weighted,texas,77,0,308.0,24.7532,50.8865
optionC_lambda0.50,carbonscaler_weighted,texas,78,0,295.0,44.9286,55.3287
optionC_lambda0.50,carbonscaler_weighted,texas,79,0,288.0,44.1536,48.3785
optionC_lambda0.50,carbonscaler_weighted,texas,80,0,287.0,36.1665,43.6827
optionC_lambda0.50,carbonscaler_weighted,texas,81,0,286.0,25.3298,45.2417
optionC_lambda0.50,carbonscaler_weighted,texas,82,0,298.0,33.193,46.2954
optionC_lambda0.50,carbonscaler_weighted,texas,83,0,310.0,26.7276,44.2469
optionC_lambda0.50,carbonscaler_weighted,texas,84,0,310.0,33.9512,36.1223
optionC_lambda0.50,carbonscaler_weighted,texas,85,0,270.0,27.6064,28.8588
optionC_lambda0.50,carbonscaler_weighted,texas,86,1,202.0,32.4517,42.6745
optionC_lambda0.50,carbonscaler_weighted,texas,87,0,175.0,40.2416,32.6834
optionC_lambda0.50,carbonscaler_weighted,texas,88,0,172.0,53.0439,42.1723
optionC_lambda0.50,carbonscaler_weighted,texas,89,0,174.0,69.9053,85.9597
optionC_lambda0.50,carbonscaler_weighted,texas,90,0,182.0,74.5283,48.914
optionC_lambda0.50,carbonscaler_weighted,texas,91,0,178.0,71.9282,69.4357
optionC_lambda0.50,carbonscaler_weighted,texas,92,0,185.0,56.4093,34.4017
optionC_lambda0.50,carbonscaler_weighted,texas,93,0,194.0,41.7628,65.359
optionC_lambda0.50,carbonscaler_weighted,texas,94,1,203.0,34.5555,9.0625
optionC_lambda0.50,carbonscaler_weighted,texas,95,0,255.0,29.5876,30.7059
optionC_lambda0.50,carbonscaler_weighted,texas,96,2,318.0,15.8476,38.6492
optionC_lambda0.50,carbonscaler_weighted,texas,97,2,321.0,16.7486,15.6193
optionC_lambda0.50,carbonscaler_weighted,texas,98,1,320.0,20.1301,24.4951
optionC_lambda0.50,carbonscaler_weighted,texas,99,1,314.0,18.2408,22.7785
optionC_lambda0.50,carbonscaler_weighted,texas,100,1,296.0,23.1163,13.6666
optionC_lambda0.50,carbonscaler_weighted,texas,101,0,283.0,26.2878,23.1784
optionC_lambda0.50,carbonscaler_weighted,texas,102,0,278.0,56.0265,61.7002
optionC_lambda0.50,carbonscaler_weighted,texas,103,0,280.0,60.9573,49.7274
optionC_lambda0.50,carbonscaler_weighted,texas,104,0,288.0,45.9952,41.5203
optionC_lambda0.50,carbonscaler_weighted,texas,105,0,306.0,44.8534,39.8341
optionC_lambda0.50,carbonscaler_weighted,texas,106,0,317.0,37.8107,36.8132
optionC_lambda0.50,carbonscaler_weighted,texas,107,0,315.0,35.2101,32.7381
optionC_lambda0.50,carbonscaler_weighted,texas,108,0,304.0,33.1797,35.1742
optionC_lambda0.50,carbonscaler_weighted,texas,109,0,248.0,31.4548,24.6765
optionC_lambda0.50,carbonscaler_weighted,texas,110,0,184.0,38.305,46.8454
optionC_lambda0.50,carbonscaler_weighted,texas,111,0,174.0,44.6788,51.8874
optionC_lambda0.50,carbonscaler_weighted,texas,112,0,177.0,71.7543,79.6828
optionC_lambda0.50,carbonscaler_weighted,texas,113,0,196.0,79.5829,82.3547
optionC_lambda0.50,carbonscaler_weighted,texas,114,0,213.0,84.6147,97.1739
optionC_lambda0.50,carbonscaler_weighted,texas,115,0,226.0,90.7311,97.586
optionC_lambda0.50,carbonscaler_weighted,texas,116,0,248.0,72.6597,75.9426
optionC_lambda0.50,carbonscaler_weighted,texas,117,0,261.0,58.4517,48.183
optionC_lambda0.50,carbonscaler_weighted,texas,118,0,261.0,47.6005,21.6266
optionC_lambda0.50,carbonscaler_weighted,texas,119,0,298.0,35.7758,45.0111
optionC_lambda0.50,carbonscaler_weighted,texas,120,0,322.0,34.4184,3.1802
optionC_lambda0.50,carbonscaler_weighted,texas,121,0,323.0,26.6931,33.8542
optionC_lambda0.50,carbonscaler_weighted,texas,122,0,326.0,27.0471,39.854
optionC_lambda0.50,carbonscaler_weighted,texas,123,0,329.0,27.4566,35.9491
optionC_lambda0.50,carbonscaler_weighted,texas,124,0,336.0,27.0468,15.8623
optionC_lambda0.50,carbonscaler_weighted,texas,125,0,351.0,33.5566,33.7048
optionC_lambda0.50,carbonscaler_weighted,texas,126,0,372.0,52.3004,46.225
optionC_lambda0.50,carbonscaler_weighted,texas,127,0,403.0,41.1263,54.341
optionC_lambda0.50,carbonscaler_weighted,texas,128,0,410.0,40.5935,25.8551
optionC_lambda0.50,carbonscaler_weighted,texas,129,0,428.0,34.9955,29.5548
optionC_lambda0.50,carbonscaler_weighted,texas,130,0,458.0,34.4782,17.3617
optionC_lambda0.50,carbonscaler_weighted,texas,131,0,459.0,35.3146,34.5319
optionC_lambda0.50,carbonscaler_weighted,texas,132,0,460.0,30.2066,21.6721
optionC_lambda0.50,carbonscaler_weighted,texas,133,0,446.0,32.2738,10.2045
optionC_lambda0.50,carbonscaler_weighted,texas,134,0,422.0,37.2785,55.1661
optionC_lambda0.50,carbonscaler_weighted,texas,135,0,391.0,39.925,41.3759
optionC_lambda0.50,carbonscaler_weighted,texas,136,0,330.0,48.562,43.6064
optionC_lambda0.50,carbonscaler_weighted,texas,137,0,286.0,69.0366,69.9293
optionC_lambda0.50,carbonscaler_weighted,texas,138,0,268.0,83.8074,97.6167
optionC_lambda0.50,carbonscaler_weighted,texas,139,0,271.0,86.8532,74.6391
optionC_lambda0.50,carbonscaler_weighted,texas,140,0,272.0,63.0653,47.1049
optionC_lambda0.50,carbonscaler_weighted,texas,141,0,268.0,42.7586,58.1839
optionC_lambda0.50,carbonscaler_weighted,texas,142,0,288.0,37.4293,26.3516
optionC_lambda0.50,carbonscaler_weighted,texas,143,0,350.0,32.009,38.8331
optionC_lambda0.50,carbonscaler_weighted,texas,144,0,430.0,24.7798,32.6589
optionC_lambda0.50,carbonscaler_weighted,texas,145,0,433.0,21.8683,2.6208
optionC_lambda0.50,carbonscaler_weighted,texas,146,0,397.0,22.2148,36.13
optionC_lambda0.50,carbonscaler_weighted,texas,147,0,351.0,18.3983,23.1044
optionC_lambda0.50,carbonscaler_weighted,texas,148,0,328.0,32.3717,29.3217
optionC_lambda0.50,carbonscaler_weighted,texas,149,0,306.0,34.6748,39.3135
optionC_lambda0.50,carbonscaler_weighted,texas,150,0,296.0,42.6753,35.151
optionC_lambda0.50,carbonscaler_weighted,texas,151,0,284.0,38.7331,28.6715
optionC_lambda0.50,carbonscaler_weighted,texas,152,0,273.0,29.6649,11.5294
optionC_lambda0.50,carbonscaler_weighted,texas,153,0,282.0,31.2479,35.5552
optionC_lambda0.50,carbonscaler_weighted,texas,154,0,284.0,25.1636,23.4749
optionC_lambda0.50,carbonscaler_weighted,texas,155,0,286.0,29.8553,16.953
optionC_lambda0.50,carbonscaler_weighted,texas,156,1,281.0,23.7051,27.1849
optionC_lambda0.50,carbonscaler_weighted,texas,157,2,229.0,18.5874,29.3418
optionC_lambda0.50,carbonscaler_weighted,texas,158,2,195.0,22.3155,29.4613
optionC_lambda0.50,carbonscaler_weighted,texas,159,2,176.0,33.9523,38.8842
optionC_lambda0.50,carbonscaler_weighted,texas,160,0,166.0,49.2018,37.4999
optionC_lambda0.50,carbonscaler_weighted,texas,161,0,161.0,70.3761,84.3554
optionC_lambda0.50,carbonscaler_weighted,texas,162,0,160.0,82.5323,315.8753
optionC_lambda0.50,carbonscaler_weighted,texas,163,0,156.0,77.9932,55.3274
optionC_lambda0.50,carbonscaler_weighted,texas,164,0,152.0,56.4896,65.504
optionC_lambda0.50,carbonscaler_weighted,texas,165,1,157.0,40.4494,40.6216
optionC_lambda0.50,carbonscaler_weighted,texas,166,2,172.0,35.5752,57.7525
optionC_lambda0.50,carbonscaler_weighted,texas,167,0,225.0,34.5751,21.7347
optionC_lambda0.60,carbonscaler_weighted,texas,0,0,328.0,19.2775,17.8248
optionC_lambda0.60,carbonscaler_weighted,texas,1,0,334.0,16.6164,15.7787
optionC_lambda0.60,carbonscaler_weighted,texas,2,0,335.0,20.7381,1.8708
optionC_lambda0.60,carbonscaler_weighted,texas,3,0,317.0,23.2364,28.2329
optionC_lambda0.60,carbonscaler_weighted,texas,4,1,301.0,20.06,14.8483
optionC_lambda0.60,carbonscaler_weighted,texas,5,0,296.0,29.3968,51.5483
optionC_lambda0.60,carbonscaler_weighted,texas,6,0,316.0,43.8936,31.8114
optionC_lambda0.60,carbonscaler_weighted,texas,7,0,308.0,62.7105,45.1646
optionC_lambda0.60,carbonscaler_weighted,texas,8,0,296.0,54.451,60.3267
optionC_lambda0.60,carbonscaler_weighted,texas,9,0,288.0,38.887,43.8311
optionC_lambda0.60,carbonscaler_weighted,texas,10,0,298.0,27.1267,31.5591
optionC_lambda0.60,carbonscaler_weighted,texas,11,0,338.0,28.9764,30.0482
optionC_lambda0.60,carbonscaler_weighted,texas,12,0,355.0,38.0115,29.9228
optionC_lambda0.60,carbonscaler_weighted,texas,13,0,291.0,29.9031,38.8508
optionC_lambda0.60,carbonscaler_weighted,texas,14,2,212.0,33.1116,32.2559
optionC_lambda0.60,carbonscaler_weighted,texas,15,0,206.0,41.568,16.529
optionC_lambda0.60,carbonscaler_weighted,texas,16,0,210.0,45.7167,25.4052
optionC_lambda0.60,carbonscaler_weighted,texas,17,0,221.0,78.5971,82.9235
optionC_lambda0.60,carbonscaler_weighted,texas,18,0,244.0,101.4019,117.31
optionC_lambda0.60,carbonscaler_weighted,texas,19,0,262.0,103.407,103.1499
optionC_lambda0.60,carbonscaler_weighted,texas,20,0,273.0,66.1658,63.0775
optionC_lambda0.60,carbonscaler_weighted,texas,21,0,285.0,57.144,46.6209
optionC_lambda0.60,carbonscaler_weighted,texas,22,0,317.0,45.2341,44.1106
optionC_lambda0.60,carbonscaler_weighted,texas,23,0,396.0,36.8464,27.4255
optionC_lambda0.60,carbonscaler_weighted,texas,24,0,478.0,32.591,36.2471
optionC_lambda0.60,carbonscaler_weighted,texas,25,0,490.0,32.1319,50.6746
optionC_lambda0.60,carbonscaler_weighted,texas,26,0,499.0,31.3126,26.8969
optionC_lambda0.60,carbonscaler_weighted,texas,27,0,501.0,32.5465,25.013
optionC_lambda0.60,carbonscaler_weighted,texas,28,0,488.0,37.1626,45.4781
optionC_lambda0.60,carbonscaler_weighted,texas,29,0,480.0,39.1023,54.8141
optionC_lambda0.60,carbonscaler_weighted,texas,30,0,473.0,85.3805,100.8457
optionC_lambda0.60,carbonscaler_weighted,texas,31,0,468.0,72.0049,72.4015
optionC_lambda0.60,carbonscaler_weighted,texas,32,0,474.0,54.2857,58.8232
optionC_lambda0.60,carbonscaler_weighted,texas,33,0,482.0,32.528,38.5596
optionC_lambda0.60,carbonscaler_weighted,texas,34,0,484.0,27.67,12.9177
optionC_lambda0.60,carbonscaler_weighted,texas,35,0,477.0,20.791,6.3943
optionC_lambda0.60,carbonscaler_weighted,texas,36,0,476.0,25.4165,35.1304
optionC_lambda0.60,carbonscaler_weighted,texas,37,0,412.0,24.4097,49.4509
optionC_lambda0.60,carbonscaler_weighted,texas,38,0,326.0,27.614,23.2625
optionC_lambda0.60,carbonscaler_weighted,texas,39,0,252.0,42.2607,50.5134
optionC_lambda0.60,carbonscaler_weighted,texas,40,0,235.0,54.7619,38.9519
optionC_lambda0.60,carbonscaler_weighted,texas,41,0,247.0,80.7979,83.5923
optionC_lambda0.60,carbonscaler_weighted,texas,42,0,258.0,107.434,126.0267
optionC_lambda0.60,carbonscaler_weighted,texas,43,0,264.0,103.5981,103.2799
optionC_lambda0.60,carbonscaler_weighted,texas,44,0,258.0,72.0962,77.7264
optionC_lambda0.60,carbonscaler_weighted,texas,45,0,253.0,48.587,30.7592
optionC_lambda0.60,carbonscaler_weighted,texas,46,0,255.0,44.4117,57.8934
optionC_lambda0.60,carbonscaler_weighted,texas,47,0,314.0,38.6266,26.3231
optionC_lambda0.60,carbonscaler_weighted,texas,48,0,392.0,32.0924,28.8717
optionC_lambda0.60,carbonscaler_weighted,texas,49,0,385.0,28.8055,26.071
optionC_lambda0.60,carbonscaler_weighted,texas,50,0,365.0,33.5914,35.4776
optionC_lambda0.60,carbonscaler_weighted,texas,51,0,353.0,32.3168,50.0175
optionC_lambda0.60,carbonscaler_weighted,texas,52,0,329.0,33.1141,13.8613
optionC_lambda0.60,carbonscaler_weighted,texas,53,0,316.0,42.9691,1.7233
optionC_lambda0.60,carbonscaler_weighted,texas,54,0,313.0,88.436,76.0777
optionC_lambda0.60,carbonscaler_weighted,texas,55,0,310.0,78.5756,57.0641
optionC_lambda0.60,carbonscaler_weighted,texas,56,0,304.0,53.6439,42.7179
optionC_lambda0.60,carbonscaler_weighted,texas,57,0,302.0,49.4488,32.4688
optionC_lambda0.60,carbonscaler_weighted,texas,58,0,314.0,44.3883,36.629
optionC_lambda0.60,carbonscaler_weighted,texas,59,0,329.0,37.6079,38.8651
optionC_lambda0.60,carbonscaler_weighted,texas,60,0,331.0,38.3759,19.3692
optionC_lambda0.60,carbonscaler_weighted,texas,61,0,280.0,33.4808,34.7665
optionC_lambda0.60,carbonscaler_weighted,texas,62,0,217.0,36.7459,51.8435
optionC_lambda0.60,carbonscaler_weighted,texas,63,0,200.0,43.8455,48.4703
optionC_lambda0.60,carbonscaler_weighted,texas,64,0,195.0,66.6336,71.2876
optionC_lambda0.60,carbonscaler_weighted,texas,65,0,196.0,77.8332,74.0469
optionC_lambda0.60,carbonscaler_weighted,texas,66,0,199.0,88.0436,74.759
optionC_lambda0.60,carbonscaler_weighted,texas,67,0,189.0,74.654,69.5679
optionC_lambda0.60,carbonscaler_weighted,texas,68,0,195.0,59.6448,52.51
optionC_lambda0.60,carbonscaler_weighted,texas,69,0,205.0,42.9124,23.1283
optionC_lambda0.60,carbonscaler_weighted,texas,70,0,223.0,39.0859,51.1288
optionC_lambda0.60,carbonscaler_weighted,texas,71,0,270.0,33.9994,48.4275
optionC_lambda0.60,carbonscaler_weighted,texas,72,0,327.0,18.5248,12.2567
optionC_lambda0.60,carbonscaler_weighted,texas,73,0,337.0,14.984,13.8198
optionC_lambda0.60,carbonscaler_weighted,texas,74,0,334.0,22.1906,10.8001
optionC_lambda0.60,carbonscaler_weighted,texas,75,0,328.0,19.435,15.7472
optionC_lambda0.60,carbonscaler_weighted,texas,76,0,317.0,22.2038,21.4563
optionC_lambda0.60,carbonscaler_weighted,texas,77,0,308.0,24.7532,50.8865
optionC_lambda0.60,carbonscaler_weighted,texas,78,0,295.0,44.9286,55.3287
optionC_lambda0.60,carbonscaler_weighted,texas,79,0,288.0,44.1536,48.3785
optionC_lambda0.60,carbonscaler_weighted,texas,80,0,287.0,36.1665,43.6827
optionC_lambda0.60,carbonscaler_weighted,texas,81,0,286.0,25.3298,45.2417
optionC_lambda0.60,carbonscaler_weighted,texas,82,0,298.0,33.193,46.2954
optionC_lambda0.60,carbonscaler_weighted,texas,83,0,310.0,26.7276,44.2469
optionC_lambda0.60,carbonscaler_weighted,texas,84,0,310.0,33.9512,36.1223
optionC_lambda0.60,carbonscaler_weighted,texas,85,0,270.0,27.6064,28.8588
optionC_lambda0.60,carbonscaler_weighted,texas,86,2,202.0,32.4517,42.6745
optionC_lambda0.60,carbonscaler_weighted,texas,87,2,175.0,40.2416,32.6834
optionC_lambda0.60,carbonscaler_weighted,texas,88,0,172.0,53.0439,42.1723
optionC_lambda0.60,carbonscaler_weighted,texas,89,0,174.0,69.9053,85.9597
optionC_lambda0.60,carbonscaler_weighted,texas,90,0,182.0,74.5283,48.914
optionC_lambda0.60,carbonscaler_weighted,texas,91,0,178.0,71.9282,69.4357
optionC_lambda0.60,carbonscaler_weighted,texas,92,0,185.0,56.4093,34.4017
optionC_lambda0.60,carbonscaler_weighted,texas,93,0,194.0,41.7628,65.359
optionC_lambda0.60,carbonscaler_weighted,texas,94,2,203.0,34.5555,9.0625
optionC_lambda0.60,carbonscaler_weighted,texas,95,0,255.0,29.5876,30.7059
optionC_lambda0.60,carbonscaler_weighted,texas,96,1,318.0,15.8476,38.6492
optionC_lambda0.60,carbonscaler_weighted,texas,97,1,321.0,16.7486,15.6193
optionC_lambda0.60,carbonscaler_weighted,texas,98,0,320.0,20.1301,24.4951
optionC_lambda0.60,carbonscaler_weighted,texas,99,0,314.0,18.2408,22.7785
optionC_lambda0.60,carbonscaler_weighted,texas,100,0,296.0,23.1163,13.6666
optionC_lambda0.60,carbonscaler_weighted,texas,101,0,283.0,26.2878,23.1784
optionC_lambda0.60,carbonscaler_weighted,texas,102,0,278.0,56.0265,61.7002
optionC_lambda0.60,carbonscaler_weighted,texas,103,0,280.0,60.9573,49.7274
optionC_lambda0.60,carbonscaler_weighted,texas,104,0,288.0,45.9952,41.5203
optionC_lambda0.60,carbonscaler_weighted,texas,105,0,306.0,44.8534,39.8341
optionC_lambda0.60,carbonscaler_weighted,texas,106,0,317.0,37.8107,36.8132
optionC_lambda0.60,carbonscaler_weighted,texas,107,0,315.0,35.2101,32.7381
optionC_lambda0.60,carbonscaler_weighted,texas,108,0,304.0,33.1797,35.1742
optionC_lambda0.60,carbonscaler_weighted,texas,109,0,248.0,31.4548,24.6765
optionC_lambda0.60,carbonscaler_weighted,texas,110,2,184.0,38.305,46.8454
optionC_lambda0.60,carbonscaler_weighted,texas,111,1,174.0,44.6788,51.8874
optionC_lambda0.60,carbonscaler_weighted,texas,112,0,177.0,71.7543,79.6828
optionC_lambda0.60,carbonscaler_weighted,texas,113,0,196.0,79.5829,82.3547
optionC_lambda0.60,carbonscaler_weighted,texas,114,0,213.0,84.6147,97.1739
optionC_lambda0.60,carbonscaler_weighted,texas,115,0,226.0,90.7311,97.586
optionC_lambda0.60,carbonscaler_weighted,texas,116,0,248.0,72.6597,75.9426
optionC_lambda0.60,carbonscaler_weighted,texas,117,0,261.0,58.4517,48.183
optionC_lambda0.60,carbonscaler_weighted,texas,118,0,261.0,47.6005,21.6266
optionC_lambda0.60,carbonscaler_weighted,texas,119,0,298.0,35.7758,45.0111
optionC_lambda0.60,carbonscaler_weighted,texas,120,0,322.0,34.4184,3.1802
optionC_lambda0.60,carbonscaler_weighted,texas,121,0,323.0,26.6931,33.8542
optionC_lambda0.60,carbonscaler_weighted,texas,122,0,326.0,27.0471,39.854
optionC_lambda0.60,carbonscaler_weighted,texas,123,0,329.0,27.4566,35.9491
optionC_lambda0.60,carbonscaler_weighted,texas,124,0,336.0,27.0468,15.8623
optionC_lambda0.60,carbonscaler_weighted,texas,125,0,351.0,33.5566,33.7048
optionC_lambda0.60,carbonscaler_weighted,texas,126,0,372.0,52.3004,46.225
optionC_lambda0.60,carbonscaler_weighted,texas,127,0,403.0,41.1263,54.341
optionC_lambda0.60,carbonscaler_weighted,texas,128,0,410.0,40.5935,25.8551
optionC_lambda0.60,carbonscaler_weighted,texas,129,0,428.0,34.9955,29.5548
optionC_lambda0.60,carbonscaler_weighted,texas,130,0,458.0,34.4782,17.3617
optionC_lambda0.60,carbonscaler_weighted,texas,131,0,459.0,35.3146,34.5319
optionC_lambda0.60,carbonscaler_weighted,texas,132,0,460.0,30.2066,21.6721
optionC_lambda0.60,carbonscaler_weighted,texas,133,0,446.0,32.2738,10.2045
optionC_lambda0.60,carbonscaler_weighted,texas,134,0,422.0,37.2785,55.1661
optionC_lambda0.60,carbonscaler_weighted,texas,135,0,391.0,39.925,41.3759
optionC_lambda0.60,carbonscaler_weighted,texas,136,0,330.0,48.562,43.6064
optionC_lambda0.60,carbonscaler_weighted,texas,137,0,286.0,69.0366,69.9293
optionC_lambda0.60,carbonscaler_weighted,texas,138,0,268.0,83.8074,97.6167
optionC_lambda0.60,carbonscaler_weighted,texas,139,0,271.0,86.8532,74.6391
optionC_lambda0.60,carbonscaler_weighted,texas,140,0,272.0,63.0653,47.1049
optionC_lambda0.60,carbonscaler_weighted,texas,141,0,268.0,42.7586,58.1839
optionC_lambda0.60,carbonscaler_weighted,texas,142,0,288.0,37.4293,26.3516
optionC_lambda0.60,carbonscaler_weighted,texas,143,0,350.0,32.009,38.8331
optionC_lambda0.60,carbonscaler_weighted,texas,144,0,430.0,24.7798,32.6589
optionC_lambda0.60,carbonscaler_weighted,texas,145,0,433.0,21.8683,2.6208
optionC_lambda0.60,carbonscaler_weighted,texas,146,0,397.0,22.2148,36.13
optionC_lambda0.60,carbonscaler_weighted,texas,147,0,351.0,18.3983,23.1044
optionC_lambda0.60,carbonscaler_weighted,texas,148,0,328.0,32.3717,29.3217
optionC_lambda0.60,carbonscaler_weighted,texas,149,0,306.0,34.6748,39.3135
optionC_lambda0.60,carbonscaler_weighted,texas,150,0,296.0,42.6753,35.151
optionC_lambda0.60,carbonscaler_weighted,texas,151,0,284.0,38.7331,28.6715
optionC_lambda0.60,carbonscaler_weighted,texas,152,0,273.0,29.6649,11.5294
optionC_lambda0.60,carbonscaler_weighted,texas,153,0,282.0,31.2479,35.5552
optionC_lambda0.60,carbonscaler_weighted,texas,154,0,284.0,25.1636,23.4749
optionC_lambda0.60,carbonscaler_weighted,texas,155,0,286.0,29.8553,16.953
optionC_lambda0.60,carbonscaler_weighted,texas,156,1,281.0,23.7051,27.1849
optionC_lambda0.60,carbonscaler_weighted,texas,157,2,229.0,18.5874,29.3418
optionC_lambda0.60,carbonscaler_weighted,texas,158,2,195.0,22.3155,29.4613
optionC_lambda0.60,carbonscaler_weighted,texas,159,2,176.0,33.9523,38.8842
optionC_lambda0.60,carbonscaler_weighted,texas,160,0,166.0,49.2018,37.4999
optionC_lambda0.60,carbonscaler_weighted,texas,161,0,161.0,70.3761,84.3554
optionC_lambda0.60,carbonscaler_weighted,texas,162,0,160.0,82.5323,315.8753
optionC_lambda0.60,carbonscaler_weighted,texas,163,0,156.0,77.9932,55.3274
optionC_lambda0.60,carbonscaler_weighted,texas,164,0,152.0,56.4896,65.504
optionC_lambda0.60,carbonscaler_weighted,texas,165,2,157.0,40.4494,40.6216
optionC_lambda0.60,carbonscaler_weighted,texas,166,2,172.0,35.5752,57.7525
optionC_lambda0.60,carbonscaler_weighted,texas,167,1,225.0,34.5751,21.7347
optionC_lambda0.70,carbonscaler_weighted,texas,0,0,328.0,19.2775,17.8248
optionC_lambda0.70,carbonscaler_weighted,texas,1,0,334.0,16.6164,15.7787
optionC_lambda0.70,carbonscaler_weighted,texas,2,0,335.0,20.7381,1.8708
optionC_lambda0.70,carbonscaler_weighted,texas,3,0,317.0,23.2364,28.2329
optionC_lambda0.70,carbonscaler_weighted,texas,4,0,301.0,20.06,14.8483
optionC_lambda0.70,carbonscaler_weighted,texas,5,0,296.0,29.3968,51.5483
optionC_lambda0.70,carbonscaler_weighted,texas,6,0,316.0,43.8936,31.8114
optionC_lambda0.70,carbonscaler_weighted,texas,7,0,308.0,62.7105,45.1646
optionC_lambda0.70,carbonscaler_weighted,texas,8,0,296.0,54.451,60.3267
optionC_lambda0.70,carbonscaler_weighted,texas,9,0,288.0,38.887,43.8311
optionC_lambda0.70,carbonscaler_weighted,texas,10,0,298.0,27.1267,31.5591
optionC_lambda0.70,carbonscaler_weighted,texas,11,0,338.0,28.9764,30.0482
optionC_lambda0.70,carbonscaler_weighted,texas,12,0,355.0,38.0115,29.9228
optionC_lambda0.70,carbonscaler_weighted,texas,13,0,291.0,29.9031,38.8508
optionC_lambda0.70,carbonscaler_weighted,texas,14,2,212.0,33.1116,32.2559
optionC_lambda0.70,carbonscaler_weighted,texas,15,0,206.0,41.568,16.529
optionC_lambda0.70,carbonscaler_weighted,texas,16,0,210.0,45.7167,25.4052
optionC_lambda0.70,carbonscaler_weighted,texas,17,0,221.0,78.5971,82.9235
optionC_lambda0.70,carbonscaler_weighted,texas,18,0,244.0,101.4019,117.31
optionC_lambda0.70,carbonscaler_weighted,texas,19,0,262.0,103.407,103.1499
optionC_lambda0.70,carbonscaler_weighted,texas,20,0,273.0,66.1658,63.0775
optionC_lambda0.70,carbonscaler_weighted,texas,21,0,285.0,57.144,46.6209
optionC_lambda0.70,carbonscaler_weighted,texas,22,0,317.0,45.2341,44.1106
optionC_lambda0.70,carbonscaler_weighted,texas,23,0,396.0,36.8464,27.4255
optionC_lambda0.70,carbonscaler_weighted,texas,24,0,478.0,32.591,36.2471
optionC_lambda0.70,carbonscaler_weighted,texas,25,0,490.0,32.1319,50.6746
optionC_lambda0.70,carbonscaler_weighted,texas,26,0,499.0,31.3126,26.8969
optionC_lambda0.70,carbonscaler_weighted,texas,27,0,501.0,32.5465,25.013
optionC_lambda0.70,carbonscaler_weighted,texas,28,0,488.0,37.1626,45.4781
optionC_lambda0.70,carbonscaler_weighted,texas,29,0,480.0,39.1023,54.8141
optionC_lambda0.70,carbonscaler_weighted,texas,30,0,473.0,85.3805,100.8457
optionC_lambda0.70,carbonscaler_weighted,texas,31,0,468.0,72.0049,72.4015
optionC_lambda0.70,carbonscaler_weighted,texas,32,0,474.0,54.2857,58.8232
optionC_lambda0.70,carbonscaler_weighted,texas,33,0,482.0,32.528,38.5596
optionC_lambda0.70,carbonscaler_weighted,texas,34,0,484.0,27.67,12.9177
optionC_lambda0.70,carbonscaler_weighted,texas,35,0,477.0,20.791,6.3943
optionC_lambda0.70,carbonscaler_weighted,texas,36,0,476.0,25.4165,35.1304
optionC_lambda0.70,carbonscaler_weighted,texas,37,0,412.0,24.4097,49.4509
optionC_lambda0.70,carbonscaler_weighted,texas,38,0,326.0,27.614,23.2625
optionC_lambda0.70,carbonscaler_weighted,texas,39,0,252.0,42.2607,50.5134
optionC_lambda0.70,carbonscaler_weighted,texas,40,0,235.0,54.7619,38.9519
optionC_lambda0.70,carbonscaler_weighted,texas,41,0,247.0,80.7979,83.5923
optionC_lambda0.70,carbonscaler_weighted,texas,42,0,258.0,107.434,126.0267
optionC_lambda0.70,carbonscaler_weighted,texas,43,0,264.0,103.5981,103.2799
optionC_lambda0.70,carbonscaler_weighted,texas,44,0,258.0,72.0962,77.7264
optionC_lambda0.70,carbonscaler_weighted,texas,45,0,253.0,48.587,30.7592
optionC_lambda0.70,carbonscaler_weighted,texas,46,0,255.0,44.4117,57.8934
optionC_lambda0.70,carbonscaler_weighted,texas,47,0,314.0,38.6266,26.3231
optionC_lambda0.70,carbonscaler_weighted,texas,48,0,392.0,32.0924,28.8717
optionC_lambda0.70,carbonscaler_weighted,texas,49,0,385.0,28.8055,26.071
optionC_lambda0.70,carbonscaler_weighted,texas,50,0,365.0,33.5914,35.4776
optionC_lambda0.70,carbonscaler_weighted,texas,51,0,353.0,32.3168,50.0175
optionC_lambda0.70,carbonscaler_weighted,texas,52,0,329.0,33.1141,13.8613
optionC_lambda0.70,carbonscaler_weighted,texas,53,0,316.0,42.9691,1.7233
optionC_lambda0.70,carbonscaler_weighted,texas,54,0,313.0,88.436,76.0777
optionC_lambda0.70,carbonscaler_weighted,texas,55,0,310.0,78.5756,57.0641
optionC_lambda0.70,carbonscaler_weighted,texas,56,0,304.0,53.6439,42.7179
optionC_lambda0.70,carbonscaler_weighted,texas,57,0,302.0,49.4488,32.4688
optionC_lambda0.70,carbonscaler_weighted,texas,58,0,314.0,44.3883,36.629
optionC_lambda0.70,carbonscaler_weighted,texas,59,0,329.0,37.6079,38.8651
optionC_lambda0.70,carbonscaler_weighted,texas,60,0,331.0,38.3759,19.3692
optionC_lambda0.70,carbonscaler_weighted,texas,61,0,280.0,33.4808,34.7665
optionC_lambda0.70,carbonscaler_weighted,texas,62,1,217.0,36.7459,51.8435
optionC_lambda0.70,carbonscaler_weighted,texas,63,0,200.0,43.8455,48.4703
optionC_lambda0.70,carbonscaler_weighted,texas,64,0,195.0,66.6336,71.2876
optionC_lambda0.70,carbonscaler_weighted,texas,65,0,196.0,77.8332,74.0469
optionC_lambda0.70,carbonscaler_weighted,texas,66,0,199.0,88.0436,74.759
optionC_lambda0.70,carbonscaler_weighted,texas,67,0,189.0,74.654,69.5679
optionC_lambda0.70,carbonscaler_weighted,texas,68,0,195.0,59.6448,52.51
optionC_lambda0.70,carbonscaler_weighted,texas,69,0,205.0,42.9124,23.1283
optionC_lambda0.70,carbonscaler_weighted,texas,70,0,223.0,39.0859,51.1288
optionC_lambda0.70,carbonscaler_weighted,texas,71,0,270.0,33.9994,48.4275
optionC_lambda0.70,carbonscaler_weighted,texas,72,0,327.0,18.5248,12.2567
optionC_lambda0.70,carbonscaler_weighted,texas,73,0,337.0,14.984,13.8198
optionC_lambda0.70,carbonscaler_weighted,texas,74,0,334.0,22.1906,10.8001
optionC_lambda0.70,carbonscaler_weighted,texas,75,0,328.0,19.435,15.7472
optionC_lambda0.70,carbonscaler_weighted,texas,76,0,317.0,22.2038,21.4563
optionC_lambda0.70,carbonscaler_weighted,texas,77,0,308.0,24.7532,50.8865
optionC_lambda0.70,carbonscaler_weighted,texas,78,0,295.0,44.9286,55.3287
optionC_lambda0.70,carbonscaler_weighted,texas,79,0,288.0,44.1536,48.3785
optionC_lambda0.70,carbonscaler_weighted,texas,80,0,287.0,36.1665,43.6827
optionC_lambda0.70,carbonscaler_weighted,texas,81,0,286.0,25.3298,45.2417
optionC_lambda0.70,carbonscaler_weighted,texas,82,0,298.0,33.193,46.2954
optionC_lambda0.70,carbonscaler_weighted,texas,83,0,310.0,26.7276,44.2469
optionC_lambda0.70,carbonscaler_weighted,texas,84,0,310.0,33.9512,36.1223
optionC_lambda0.70,carbonscaler_weighted,texas,85,0,270.0,27.6064,28.8588
optionC_lambda0.70,carbonscaler_weighted,texas,86,2,202.0,32.4517,42.6745
optionC_lambda0.70,carbonscaler_weighted,texas,87,2,175.0,40.2416,32.6834
optionC_lambda0.70,carbonscaler_weighted,texas,88,0,172.0,53.0439,42.1723
optionC_lambda0.70,carbonscaler_weighted,texas,89,0,174.0,69.9053,85.9597
optionC_lambda0.70,carbonscaler_weighted,texas,90,0,182.0,74.5283,48.914
optionC_lambda0.70,carbonscaler_weighted,texas,91,0,178.0,71.9282,69.4357
optionC_lambda0.70,carbonscaler_weighted,texas,92,0,185.0,56.4093,34.4017
optionC_lambda0.70,carbonscaler_weighted,texas,93,1,194.0,41.7628,65.359
optionC_lambda0.70,carbonscaler_weighted,texas,94,2,203.0,34.5555,9.0625
optionC_lambda0.70,carbonscaler_weighted,texas,95,0,255.0,29.5876,30.7059
optionC_lambda0.70,carbonscaler_weighted,texas,96,0,318.0,15.8476,38.6492
optionC_lambda0.70,carbonscaler_weighted,texas,97,0,321.0,16.7486,15.6193
optionC_lambda0.70,carbonscaler_weighted,texas,98,0,320.0,20.1301,24.4951
optionC_lambda0.70,carbonscaler_weighted,texas,99,0,314.0,18.2408,22.7785
optionC_lambda0.70,carbonscaler_weighted,texas,100,0,296.0,23.1163,13.6666
optionC_lambda0.70,carbonscaler_weighted,texas,101,0,283.0,26.2878,23.1784
optionC_lambda0.70,carbonscaler_weighted,texas,102,0,278.0,56.0265,61.7002
optionC_lambda0.70,carbonscaler_weighted,texas,103,0,280.0,60.9573,49.7274
optionC_lambda0.70,carbonscaler_weighted,texas,104,0,288.0,45.9952,41.5203
optionC_lambda0.70,carbonscaler_weighted,texas,105,0,306.0,44.8534,39.8341
optionC_lambda0.70,carbonscaler_weighted,texas,106,0,317.0,37.8107,36.8132
optionC_lambda0.70,carbonscaler_weighted,texas,107,0,315.0,35.2101,32.7381
optionC_lambda0.70,carbonscaler_weighted,texas,108,0,304.0,33.1797,35.1742
optionC_lambda0.70,carbonscaler_weighted,texas,109,0,248.0,31.4548,24.6765
optionC_lambda0.70,carbonscaler_weighted,texas,110,2,184.0,38.305,46.8454
optionC_lambda0.70,carbonscaler_weighted,texas,111,2,174.0,44.6788,51.8874
optionC_lambda0.70,carbonscaler_weighted,texas,112,0,177.0,71.7543,79.6828
optionC_lambda0.70,carbonscaler_weighted,texas,113,0,196.0,79.5829,82.3547
optionC_lambda0.70,carbonscaler_weighted,texas,114,0,213.0,84.6147,97.1739
optionC_lambda0.70,carbonscaler_weighted,texas,115,0,226.0,90.7311,97.586
optionC_lambda0.70,carbonscaler_weighted,texas,116,0,248.0,72.6597,75.9426
optionC_lambda0.70,carbonscaler_weighted,texas,117,0,261.0,58.4517,48.183
optionC_lambda0.70,carbonscaler_weighted,texas,118,0,261.0,47.6005,21.6266
optionC_lambda0.70,carbonscaler_weighted,texas,119,0,298.0,35.7758,45.0111
optionC_lambda0.70,carbonscaler_weighted,texas,120,0,322.0,34.4184,3.1802
optionC_lambda0.70,carbonscaler_weighted,texas,121,0,323.0,26.6931,33.8542
optionC_lambda0.70,carbonscaler_weighted,texas,122,0,326.0,27.0471,39.854
optionC_lambda0.70,carbonscaler_weighted,texas,123,0,329.0,27.4566,35.9491
optionC_lambda0.70,carbonscaler_weighted,texas,124,0,336.0,27.0468,15.8623
optionC_lambda0.70,carbonscaler_weighted,texas,125,0,351.0,33.5566,33.7048
optionC_lambda0.70,carbonscaler_weighted,texas,126,0,372.0,52.3004,46.225
optionC_lambda0.70,carbonscaler_weighted,texas,127,0,403.0,41.1263,54.341
optionC_lambda0.70,carbonscaler_weighted,texas,128,0,410.0,40.5935,25.8551
optionC_lambda0.70,carbonscaler_weighted,texas,129,0,428.0,34.9955,29.5548
optionC_lambda0.70,carbonscaler_weighted,texas,130,0,458.0,34.4782,17.3617
optionC_lambda0.70,carbonscaler_weighted,texas,131,0,459.0,35.3146,34.5319
optionC_lambda0.70,carbonscaler_weighted,texas,132,0,460.0,30.2066,21.6721
optionC_lambda0.70,carbonscaler_weighted,texas,133,0,446.0,32.2738,10.2045
optionC_lambda0.70,carbonscaler_weighted,texas,134,0,422.0,37.2785,55.1661
optionC_lambda0.70,carbonscaler_weighted,texas,135,0,391.0,39.925,41.3759
optionC_lambda0.70,carbonscaler_weighted,texas,136,0,330.0,48.562,43.6064
optionC_lambda0.70,carbonscaler_weighted,texas,137,0,286.0,69.0366,69.9293
optionC_lambda0.70,carbonscaler_weighted,texas,138,0,268.0,83.8074,97.6167
optionC_lambda0.70,carbonscaler_weighted,texas,139,0,271.0,86.8532,74.6391
optionC_lambda0.70,carbonscaler_weighted,texas,140,0,272.0,63.0653,47.1049
optionC_lambda0.70,carbonscaler_weighted,texas,141,0,268.0,42.7586,58.1839
optionC_lambda0.70,carbonscaler_weighted,texas,142,0,288.0,37.4293,26.3516
optionC_lambda0.70,carbonscaler_weighted,texas,143,0,350.0,32.009,38.8331
optionC_lambda0.70,carbonscaler_weighted,texas,144,0,430.0,24.7798,32.6589
optionC_lambda0.70,carbonscaler_weighted,texas,145,0,433.0,21.8683,2.6208
optionC_lambda0.70,carbonscaler_weighted,texas,146,0,397.0,22.2148,36.13
optionC_lambda0.70,carbonscaler_weighted,texas,147,0,351.0,18.3983,23.1044
optionC_lambda0.70,carbonscaler_weighted,texas,148,0,328.0,32.3717,29.3217
optionC_lambda0.70,carbonscaler_weighted,texas,149,0,306.0,34.6748,39.3135
optionC_lambda0.70,carbonscaler_weighted,texas,150,0,296.0,42.6753,35.151
optionC_lambda0.70,carbonscaler_weighted,texas,151,0,284.0,38.7331,28.6715
optionC_lambda0.70,carbonscaler_weighted,texas,152,0,273.0,29.6649,11.5294
optionC_lambda0.70,carbonscaler_weighted,texas,153,0,282.0,31.2479,35.5552
optionC_lambda0.70,carbonscaler_weighted,texas,154,0,284.0,25.1636,23.4749
optionC_lambda0.70,carbonscaler_weighted,texas,155,0,286.0,29.8553,16.953
optionC_lambda0.70,carbonscaler_weighted,texas,156,0,281.0,23.7051,27.1849
optionC_lambda0.70,carbonscaler_weighted,texas,157,2,229.0,18.5874,29.3418
optionC_lambda0.70,carbonscaler_weighted,texas,158,2,195.0,22.3155,29.4613
optionC_lambda0.70,carbonscaler_weighted,texas,159,2,176.0,33.9523,38.8842
optionC_lambda0.70,carbonscaler_weighted,texas,160,1,166.0,49.2018,37.4999
optionC_lambda0.70,carbonscaler_weighted,texas,161,0,161.0,70.3761,84.3554
optionC_lambda0.70,carbonscaler_weighted,texas,162,0,160.0,82.5323,315.8753
optionC_lambda0.70,carbonscaler_weighted,texas,163,0,156.0,77.9932,55.3274
optionC_lambda0.70,carbonscaler_weighted,texas,164,0,152.0,56.4896,65.504
optionC_lambda0.70,carbonscaler_weighted,texas,165,2,157.0,40.4494,40.6216
optionC_lambda0.70,carbonscaler_weighted,texas,166,2,172.0,35.5752,57.7525
optionC_lambda0.70,carbonscaler_weighted,texas,167,1,225.0,34.5751,21.7347
optionC_lambda0.80,carbonscaler_weighted,texas,0,0,328.0,19.2775,17.8248
optionC_lambda0.80,carbonscaler_weighted,texas,1,0,334.0,16.6164,15.7787
optionC_lambda0.80,carbonscaler_weighted,texas,2,0,335.0,20.7381,1.8708
optionC_lambda0.80,carbonscaler_weighted,texas,3,0,317.0,23.2364,28.2329
optionC_lambda0.80,carbonscaler_weighted,texas,4,0,301.0,20.06,14.8483
optionC_lambda0.80,carbonscaler_weighted,texas,5,0,296.0,29.3968,51.5483
optionC_lambda0.80,carbonscaler_weighted,texas,6,0,316.0,43.8936,31.8114
optionC_lambda0.80,carbonscaler_weighted,texas,7,0,308.0,62.7105,45.1646
optionC_lambda0.80,carbonscaler_weighted,texas,8,0,296.0,54.451,60.3267
optionC_lambda0.80,carbonscaler_weighted,texas,9,0,288.0,38.887,43.8311
optionC_lambda0.80,carbonscaler_weighted,texas,10,0,298.0,27.1267,31.5591
optionC_lambda0.80,carbonscaler_weighted,texas,11,0,338.0,28.9764,30.0482
optionC_lambda0.80,carbonscaler_weighted,texas,12,0,355.0,38.0115,29.9228
optionC_lambda0.80,carbonscaler_weighted,texas,13,0,291.0,29.9031,38.8508
optionC_lambda0.80,carbonscaler_weighted,texas,14,1,212.0,33.1116,32.2559
optionC_lambda0.80,carbonscaler_weighted,texas,15,0,206.0,41.568,16.529
optionC_lambda0.80,carbonscaler_weighted,texas,16,0,210.0,45.7167,25.4052
optionC_lambda0.80,carbonscaler_weighted,texas,17,0,221.0,78.5971,82.9235
optionC_lambda0.80,carbonscaler_weighted,texas,18,0,244.0,101.4019,117.31
optionC_lambda0.80,carbonscaler_weighted,texas,19,0,262.0,103.407,103.1499
optionC_lambda0.80,carbonscaler_weighted,texas,20,0,273.0,66.1658,63.0775
optionC_lambda0.80,carbonscaler_weighted,texas,21,0,285.0,57.144,46.6209
optionC_lambda0.80,carbonscaler_weighted,texas,22,0,317.0,45.2341,44.1106
optionC_lambda0.80,carbonscaler_weighted,texas,23,0,396.0,36.8464,27.4255
optionC_lambda0.80,carbonscaler_weighted,texas,24,0,478.0,32.591,36.2471
optionC_lambda0.80,carbonscaler_weighted,texas,25,0,490.0,32.1319,50.6746
optionC_lambda0.80,carbonscaler_weighted,texas,26,0,499.0,31.3126,26.8969
optionC_lambda0.80,carbonscaler_weighted,texas,27,0,501.0,32.5465,25.013
optionC_lambda0.80,carbonscaler_weighted,texas,28,0,488.0,37.1626,45.4781
optionC_lambda0.80,carbonscaler_weighted,texas,29,0,480.0,39.1023,54.8141
optionC_lambda0.80,carbonscaler_weighted,texas,30,0,473.0,85.3805,100.8457
optionC_lambda0.80,carbonscaler_weighted,texas,31,0,468.0,72.0049,72.4015
optionC_lambda0.80,carbonscaler_weighted,texas,32,0,474.0,54.2857,58.8232
optionC_lambda0.80,carbonscaler_weighted,texas,33,0,482.0,32.528,38.5596
optionC_lambda0.80,carbonscaler_weighted,texas,34,0,484.0,27.67,12.9177
optionC_lambda0.80,carbonscaler_weighted,texas,35,0,477.0,20.791,6.3943
optionC_lambda0.80,carbonscaler_weighted,texas,36,0,476.0,25.4165,35.1304
optionC_lambda0.80,carbonscaler_weighted,texas,37,0,412.0,24.4097,49.4509
optionC_lambda0.80,carbonscaler_weighted,texas,38,0,326.0,27.614,23.2625
optionC_lambda0.80,carbonscaler_weighted,texas,39,0,252.0,42.2607,50.5134
optionC_lambda0.80,carbonscaler_weighted,texas,40,0,235.0,54.7619,38.9519
optionC_lambda0.80,carbonscaler_weighted,texas,41,0,247.0,80.7979,83.5923
optionC_lambda0.80,carbonscaler_weighted,texas,42,0,258.0,107.434,126.0267
optionC_lambda0.80,carbonscaler_weighted,texas,43,0,264.0,103.5981,103.2799
optionC_lambda0.80,carbonscaler_weighted,texas,44,0,258.0,72.0962,77.7264
optionC_lambda0.80,carbonscaler_weighted,texas,45,0,253.0,48.587,30.7592
optionC_lambda0.80,carbonscaler_weighted,texas,46,0,255.0,44.4117,57.8934
optionC_lambda0.80,carbonscaler_weighted,texas,47,0,314.0,38.6266,26.3231
optionC_lambda0.80,carbonscaler_weighted,texas,48,0,392.0,32.0924,28.8717
optionC_lambda0.80,carbonscaler_weighted,texas,49,0,385.0,28.8055,26.071
optionC_lambda0.80,carbonscaler_weighted,texas,50,0,365.0,33.5914,35.4776
optionC_lambda0.80,carbonscaler_weighted,texas,51,0,353.0,32.3168,50.0175
optionC_lambda0.80,carbonscaler_weighted,texas,52,0,329.0,33.1141,13.8613
optionC_lambda0.80,carbonscaler_weighted,texas,53,0,316.0,42.9691,1.7233
optionC_lambda0.80,carbonscaler_weighted,texas,54,0,313.0,88.436,76.0777
optionC_lambda0.80,carbonscaler_weighted,texas,55,0,310.0,78.5756,57.0641
optionC_lambda0.80,carbonscaler_weighted,texas,56,0,304.0,53.6439,42.7179
optionC_lambda0.80,carbonscaler_weighted,texas,57,0,302.0,49.4488,32.4688
optionC_lambda0.80,carbonscaler_weighted,texas,58,0,314.0,44.3883,36.629
optionC_lambda0.80,carbonscaler_weighted,texas,59,0,329.0,37.6079,38.8651
optionC_lambda0.80,carbonscaler_weighted,texas,60,0,331.0,38.3759,19.3692
optionC_lambda0.80,carbonscaler_weighted,texas,61,0,280.0,33.4808,34.7665
optionC_lambda0.80,carbonscaler_weighted,texas,62,0,217.0,36.7459,51.8435
optionC_lambda0.80,carbonscaler_weighted,texas,63,0,200.0,43.8455,48.4703
optionC_lambda0.80,carbonscaler_weighted,texas,64,0,195.0,66.6336,71.2876
optionC_lambda0.80,carbonscaler_weighted,texas,65,0,196.0,77.8332,74.0469
optionC_lambda0.80,carbonscaler_weighted,texas,66,0,199.0,88.0436,74.759
optionC_lambda0.80,carbonscaler_weighted,texas,67,0,189.0,74.654,69.5679
optionC_lambda0.80,carbonscaler_weighted,texas,68,0,195.0,59.6448,52.51
optionC_lambda0.80,carbonscaler_weighted,texas,69,0,205.0,42.9124,23.1283
optionC_lambda0.80,carbonscaler_weighted,texas,70,0,223.0,39.0859,51.1288
optionC_lambda0.80,carbonscaler_weighted,texas,71,0,270.0,33.9994,48.4275
optionC_lambda0.80,carbonscaler_weighted,texas,72,0,327.0,18.5248,12.2567
optionC_lambda0.80,carbonscaler_weighted,texas,73,0,337.0,14.984,13.8198
optionC_lambda0.80,carbonscaler_weighted,texas,74,0,334.0,22.1906,10.8001
optionC_lambda0.80,carbonscaler_weighted,texas,75,0,328.0,19.435,15.7472
optionC_lambda0.80,carbonscaler_weighted,texas,76,0,317.0,22.2038,21.4563
optionC_lambda0.80,carbonscaler_weighted,texas,77,0,308.0,24.7532,50.8865
optionC_lambda0.80,carbonscaler_weighted,texas,78,0,295.0,44.9286,55.3287
optionC_lambda0.80,carbonscaler_weighted,texas,79,0,288.0,44.1536,48.3785
optionC_lambda0.80,carbonscaler_weighted,texas,80,0,287.0,36.1665,43.6827
optionC_lambda0.80,carbonscaler_weighted,texas,81,0,286.0,25.3298,45.2417
optionC_lambda0.80,carbonscaler_weighted,texas,82,0,298.0,33.193,46.2954
optionC_lambda0.80,carbonscaler_weighted,texas,83,0,310.0,26.7276,44.2469
optionC_lambda0.80,carbonscaler_weighted,texas,84,0,310.0,33.9512,36.1223
optionC_lambda0.80,carbonscaler_weighted,texas,85,0,270.0,27.6064,28.8588
optionC_lambda0.80,carbonscaler_weighted,texas,86,2,202.0,32.4517,42.6745
optionC_lambda0.80,carbonscaler_weighted,texas,87,2,175.0,40.2416,32.6834
optionC_lambda0.80,carbonscaler_weighted,texas,88,1,172.0,53.0439,42.1723
optionC_lambda0.80,carbonscaler_weighted,texas,89,0,174.0,69.9053,85.9597
optionC_lambda0.80,carbonscaler_weighted,texas,90,0,182.0,74.5283,48.914
optionC_lambda0.80,carbonscaler_weighted,texas,91,0,178.0,71.9282,69.4357
optionC_lambda0.80,carbonscaler_weighted,texas,92,0,185.0,56.4093,34.4017
optionC_lambda0.80,carbonscaler_weighted,texas,93,1,194.0,41.7628,65.359
optionC_lambda0.80,carbonscaler_weighted,texas,94,1,203.0,34.5555,9.0625
optionC_lambda0.80,carbonscaler_weighted,texas,95,0,255.0,29.5876,30.7059
optionC_lambda0.80,carbonscaler_weighted,texas,96,0,318.0,15.8476,38.6492
optionC_lambda0.80,carbonscaler_weighted,texas,97,0,321.0,16.7486,15.6193
optionC_lambda0.80,carbonscaler_weighted,texas,98,0,320.0,20.1301,24.4951
optionC_lambda0.80,carbonscaler_weighted,texas,99,0,314.0,18.2408,22.7785
optionC_lambda0.80,carbonscaler_weighted,texas,100,0,296.0,23.1163,13.6666
optionC_lambda0.80,carbonscaler_weighted,texas,101,0,283.0,26.2878,23.1784
optionC_lambda0.80,carbonscaler_weighted,texas,102,0,278.0,56.0265,61.7002
optionC_lambda0.80,carbonscaler_weighted,texas,103,0,280.0,60.9573,49.7274
optionC_lambda0.80,carbonscaler_weighted,texas,104,0,288.0,45.9952,41.5203
optionC_lambda0.80,carbonscaler_weighted,texas,105,0,306.0,44.8534,39.8341
optionC_lambda0.80,carbonscaler_weighted,texas,106,0,317.0,37.8107,36.8132
optionC_lambda0.80,carbonscaler_weighted,texas,107,0,315.0,35.2101,32.7381
optionC_lambda0.80,carbonscaler_weighted,texas,108,0,304.0,33.1797,35.1742
optionC_lambda0.80,carbonscaler_weighted,texas,109,0,248.0,31.4548,24.6765
optionC_lambda0.80,carbonscaler_weighted,texas,110,2,184.0,38.305,46.8454
optionC_lambda0.80,carbonscaler_weighted,texas,111,2,174.0,44.6788,51.8874
optionC_lambda0.80,carbonscaler_weighted,texas,112,0,177.0,71.7543,79.6828
optionC_lambda0.80,carbonscaler_weighted,texas,113,0,196.0,79.5829,82.3547
optionC_lambda0.80,carbonscaler_weighted,texas,114,0,213.0,84.6147,97.1739
optionC_lambda0.80,carbonscaler_weighted,texas,115,0,226.0,90.7311,97.586
optionC_lambda0.80,carbonscaler_weighted,texas,116,0,248.0,72.6597,75.9426
optionC_lambda0.80,carbonscaler_weighted,texas,117,0,261.0,58.4517,48.183
optionC_lambda0.80,carbonscaler_weighted,texas,118,0,261.0,47.6005,21.6266
optionC_lambda0.80,carbonscaler_weighted,texas,119,0,298.0,35.7758,45.0111
optionC_lambda0.80,carbonscaler_weighted,texas,120,0,322.0,34.4184,3.1802
optionC_lambda0.80,carbonscaler_weighted,texas,121,0,323.0,26.6931,33.8542
optionC_lambda0.80,carbonscaler_weighted,texas,122,0,326.0,27.0471,39.854
optionC_lambda0.80,carbonscaler_weighted,texas,123,0,329.0,27.4566,35.9491
optionC_lambda0.80,carbonscaler_weighted,texas,124,0,336.0,27.0468,15.8623
optionC_lambda0.80,carbonscaler_weighted,texas,125,0,351.0,33.5566,33.7048
optionC_lambda0.80,carbonscaler_weighted,texas,126,0,372.0,52.3004,46.225
optionC_lambda0.80,carbonscaler_weighted,texas,127,0,403.0,41.1263,54.341
optionC_lambda0.80,carbonscaler_weighted,texas,128,0,410.0,40.5935,25.8551
optionC_lambda0.80,carbonscaler_weighted,texas,129,0,428.0,34.9955,29.5548
optionC_lambda0.80,carbonscaler_weighted,texas,130,0,458.0,34.4782,17.3617
optionC_lambda0.80,carbonscaler_weighted,texas,131,0,459.0,35.3146,34.5319
optionC_lambda0.80,carbonscaler_weighted,texas,132,0,460.0,30.2066,21.6721
optionC_lambda0.80,carbonscaler_weighted,texas,133,0,446.0,32.2738,10.2045
optionC_lambda0.80,carbonscaler_weighted,texas,134,0,422.0,37.2785,55.1661
optionC_lambda0.80,carbonscaler_weighted,texas,135,0,391.0,39.925,41.3759
optionC_lambda0.80,carbonscaler_weighted,texas,136,0,330.0,48.562,43.6064
optionC_lambda0.80,carbonscaler_weighted,texas,137,0,286.0,69.0366,69.9293
optionC_lambda0.80,carbonscaler_weighted,texas,138,0,268.0,83.8074,97.6167
optionC_lambda0.80,carbonscaler_weighted,texas,139,0,271.0,86.8532,74.6391
optionC_lambda0.80,carbonscaler_weighted,texas,140,0,272.0,63.0653,47.1049
optionC_lambda0.80,carbonscaler_weighted,texas,141,0,268.0,42.7586,58.1839
optionC_lambda0.80,carbonscaler_weighted,texas,142,0,288.0,37.4293,26.3516
optionC_lambda0.80,carbonscaler_weighted,texas,143,0,350.0,32.009,38.8331
optionC_lambda0.80,carbonscaler_weighted,texas,144,0,430.0,24.7798,32.6589
optionC_lambda0.80,carbonscaler_weighted,texas,145,0,433.0,21.8683,2.6208
optionC_lambda0.80,carbonscaler_weighted,texas,146,0,397.0,22.2148,36.13
optionC_lambda0.80,carbonscaler_weighted,texas,147,0,351.0,18.3983,23.1044
optionC_lambda0.80,carbonscaler_weighted,texas,148,0,328.0,32.3717,29.3217
optionC_lambda0.80,carbonscaler_weighted,texas,149,0,306.0,34.6748,39.3135
optionC_lambda0.80,carbonscaler_weighted,texas,150,0,296.0,42.6753,35.151
optionC_lambda0.80,carbonscaler_weighted,texas,151,0,284.0,38.7331,28.6715
optionC_lambda0.80,carbonscaler_weighted,texas,152,0,273.0,29.6649,11.5294
optionC_lambda0.80,carbonscaler_weighted,texas,153,0,282.0,31.2479,35.5552
optionC_lambda0.80,carbonscaler_weighted,texas,154,0,284.0,25.1636,23.4749
optionC_lambda0.80,carbonscaler_weighted,texas,155,0,286.0,29.8553,16.953
optionC_lambda0.80,carbonscaler_weighted,texas,156,0,281.0,23.7051,27.1849
optionC_lambda0.80,carbonscaler_weighted,texas,157,2,229.0,18.5874,29.3418
optionC_lambda0.80,carbonscaler_weighted,texas,158,2,195.0,22.3155,29.4613
optionC_lambda0.80,carbonscaler_weighted,texas,159,2,176.0,33.9523,38.8842
optionC_lambda0.80,carbonscaler_weighted,texas,160,2,166.0,49.2018,37.4999
optionC_lambda0.80,carbonscaler_weighted,texas,161,0,161.0,70.3761,84.3554
optionC_lambda0.80,carbonscaler_weighted,texas,162,0,160.0,82.5323,315.8753
optionC_lambda0.80,carbonscaler_weighted,texas,163,0,156.0,77.9932,55.3274
optionC_lambda0.80,carbonscaler_weighted,texas,164,2,152.0,56.4896,65.504
optionC_lambda0.80,carbonscaler_weighted,texas,165,2,157.0,40.4494,40.6216
optionC_lambda0.80,carbonscaler_weighted,texas,166,2,172.0,35.5752,57.7525
optionC_lambda0.80,carbonscaler_weighted,texas,167,0,225.0,34.5751,21.7347
optionC_lambda0.90,carbonscaler_weighted,texas,0,0,328.0,19.2775,17.8248
optionC_lambda0.90,carbonscaler_weighted,texas,1,0,334.0,16.6164,15.7787
optionC_lambda0.90,carbonscaler_weighted,texas,2,0,335.0,20.7381,1.8708
optionC_lambda0.90,carbonscaler_weighted,texas,3,0,317.0,23.2364,28.2329
optionC_lambda0.90,carbonscaler_weighted,texas,4,0,301.0,20.06,14.8483
optionC_lambda0.90,carbonscaler_weighted,texas,5,0,296.0,29.3968,51.5483
optionC_lambda0.90,carbonscaler_weighted,texas,6,0,316.0,43.8936,31.8114
optionC_lambda0.90,carbonscaler_weighted,texas,7,0,308.0,62.7105,45.1646
optionC_lambda0.90,carbonscaler_weighted,texas,8,0,296.0,54.451,60.3267
optionC_lambda0.90,carbonscaler_weighted,texas,9,0,288.0,38.887,43.8311
optionC_lambda0.90,carbonscaler_weighted,texas,10,0,298.0,27.1267,31.5591
optionC_lambda0.90,carbonscaler_weighted,texas,11,0,338.0,28.9764,30.0482
optionC_lambda0.90,carbonscaler_weighted,texas,12,0,355.0,38.0115,29.9228
optionC_lambda0.90,carbonscaler_weighted,texas,13,0,291.0,29.9031,38.8508
optionC_lambda0.90,carbonscaler_weighted,texas,14,0,212.0,33.1116,32.2559
optionC_lambda0.90,carbonscaler_weighted,texas,15,0,206.0,41.568,16.529
optionC_lambda0.90,carbonscaler_weighted,texas,16,0,210.0,45.7167,25.4052
optionC_lambda0.90,carbonscaler_weighted,texas,17,0,221.0,78.5971,82.9235
optionC_lambda0.90,carbonscaler_weighted,texas,18,0,244.0,101.4019,117.31
optionC_lambda0.90,carbonscaler_weighted,texas,19,0,262.0,103.407,103.1499
optionC_lambda0.90,carbonscaler_weighted,texas,20,0,273.0,66.1658,63.0775
optionC_lambda0.90,carbonscaler_weighted,texas,21,0,285.0,57.144,46.6209
optionC_lambda0.90,carbonscaler_weighted,texas,22,0,317.0,45.2341,44.1106
optionC_lambda0.90,carbonscaler_weighted,texas,23,0,396.0,36.8464,27.4255
optionC_lambda0.90,carbonscaler_weighted,texas,24,0,478.0,32.591,36.2471
optionC_lambda0.90,carbonscaler_weighted,texas,25,0,490.0,32.1319,50.6746
optionC_lambda0.90,carbonscaler_weighted,texas,26,0,499.0,31.3126,26.8969
optionC_lambda0.90,carbonscaler_weighted,texas,27,0,501.0,32.5465,25.013
optionC_lambda0.90,carbonscaler_weighted,texas,28,0,488.0,37.1626,45.4781
optionC_lambda0.90,carbonscaler_weighted,texas,29,0,480.0,39.1023,54.8141
optionC_lambda0.90,carbonscaler_weighted,texas,30,0,473.0,85.3805,100.8457
optionC_lambda0.90,carbonscaler_weighted,texas,31,0,468.0,72.0049,72.4015
optionC_lambda0.90,carbonscaler_weighted,texas,32,0,474.0,54.2857,58.8232
optionC_lambda0.90,carbonscaler_weighted,texas,33,0,482.0,32.528,38.5596
optionC_lambda0.90,carbonscaler_weighted,texas,34,0,484.0,27.67,12.9177
optionC_lambda0.90,carbonscaler_weighted,texas,35,0,477.0,20.791,6.3943
optionC_lambda0.90,carbonscaler_weighted,texas,36,0,476.0,25.4165,35.1304
optionC_lambda0.90,carbonscaler_weighted,texas,37,0,412.0,24.4097,49.4509
optionC_lambda0.90,carbonscaler_weighted,texas,38,0,326.0,27.614,23.2625
optionC_lambda0.90,carbonscaler_weighted,texas,39,0,252.0,42.2607,50.5134
optionC_lambda0.90,carbonscaler_weighted,texas,40,0,235.0,54.7619,38.9519
optionC_lambda0.90,carbonscaler_weighted,texas,41,0,247.0,80.7979,83.5923
optionC_lambda0.90,carbonscaler_weighted,texas,42,0,258.0,107.434,126.0267
optionC_lambda0.90,carbonscaler_weighted,texas,43,0,264.0,103.5981,103.2799
optionC_lambda0.90,carbonscaler_weighted,texas,44,0,258.0,72.0962,77.7264
optionC_lambda0.90,carbonscaler_weighted,texas,45,0,253.0,48.587,30.7592
optionC_lambda0.90,carbonscaler_weighted,texas,46,0,255.0,44.4117,57.8934
optionC_lambda0.90,carbonscaler_weighted,texas,47,0,314.0,38.6266,26.3231
optionC_lambda0.90,carbonscaler_weighted,texas,48,0,392.0,32.0924,28.8717
optionC_lambda0.90,carbonscaler_weighted,texas,49,0,385.0,28.8055,26.071
optionC_lambda0.90,carbonscaler_weighted,texas,50,0,365.0,33.5914,35.4776
optionC_lambda0.90,carbonscaler_weighted,texas,51,0,353.0,32.3168,50.0175
optionC_lambda0.90,carbonscaler_weighted,texas,52,0,329.0,33.1141,13.8613
optionC_lambda0.90,carbonscaler_weighted,texas,53,0,316.0,42.9691,1.7233
optionC_lambda0.90,carbonscaler_weighted,texas,54,0,313.0,88.436,76.0777
optionC_lambda0.90,carbonscaler_weighted,texas,55,0,310.0,78.5756,57.0641
optionC_lambda0.90,carbonscaler_weighted,texas,56,0,304.0,53.6439,42.7179
optionC_lambda0.90,carbonscaler_weighted,texas,57,0,302.0,49.4488,32.4688
optionC_lambda0.90,carbonscaler_weighted,texas,58,0,314.0,44.3883,36.629
optionC_lambda0.90,carbonscaler_weighted,texas,59,0,329.0,37.6079,38.8651
optionC_lambda0.90,carbonscaler_weighted,texas,60,0,331.0,38.3759,19.3692
optionC_lambda0.90,carbonscaler_weighted,texas,61,0,280.0,33.4808,34.7665
optionC_lambda0.90,carbonscaler_weighted,texas,62,0,217.0,36.7459,51.8435
optionC_lambda0.90,carbonscaler_weighted,texas,63,0,200.0,43.8455,48.4703
optionC_lambda0.90,carbonscaler_weighted,texas,64,0,195.0,66.6336,71.2876
optionC_lambda0.90,carbonscaler_weighted,texas,65,0,196.0,77.8332,74.0469
optionC_lambda0.90,carbonscaler_weighted,texas,66,0,199.0,88.0436,74.759
optionC_lambda0.90,carbonscaler_weighted,texas,67,0,189.0,74.654,69.5679
optionC_lambda0.90,carbonscaler_weighted,texas,68,0,195.0,59.6448,52.51
optionC_lambda0.90,carbonscaler_weighted,texas,69,0,205.0,42.9124,23.1283
optionC_lambda0.90,carbonscaler_weighted,texas,70,0,223.0,39.0859,51.1288
optionC_lambda0.90,carbonscaler_weighted,texas,71,0,270.0,33.9994,48.4275
optionC_lambda0.90,carbonscaler_weighted,texas,72,0,327.0,18.5248,12.2567
optionC_lambda0.90,carbonscaler_weighted,texas,73,0,337.0,14.984,13.8198
optionC_lambda0.90,carbonscaler_weighted,texas,74,0,334.0,22.1906,10.8001
optionC_lambda0.90,carbonscaler_weighted,texas,75,0,328.0,19.435,15.7472
optionC_lambda0.90,carbonscaler_weighted,texas,76,0,317.0,22.2038,21.4563
optionC_lambda0.90,carbonscaler_weighted,texas,77,0,308.0,24.7532,50.8865
optionC_lambda0.90,carbonscaler_weighted,texas,78,0,295.0,44.9286,55.3287
optionC_lambda0.90,carbonscaler_weighted,texas,79,0,288.0,44.1536,48.3785
optionC_lambda0.90,carbonscaler_weighted,texas,80,0,287.0,36.1665,43.6827
optionC_lambda0.90,carbonscaler_weighted,texas,81,0,286.0,25.3298,45.2417
optionC_lambda0.90,carbonscaler_weighted,texas,82,0,298.0,33.193,46.2954
optionC_lambda0.90,carbonscaler_weighted,texas,83,0,310.0,26.7276,44.2469
optionC_lambda0.90,carbonscaler_weighted,texas,84,0,310.0,33.9512,36.1223
optionC_lambda0.90,carbonscaler_weighted,texas,85,0,270.0,27.6064,28.8588
optionC_lambda0.90,carbonscaler_weighted,texas,86,1,202.0,32.4517,42.6745
optionC_lambda0.90,carbonscaler_weighted,texas,87,2,175.0,40.2416,32.6834
optionC_lambda0.90,carbonscaler_weighted,texas,88,2,172.0,53.0439,42.1723
optionC_lambda0.90,carbonscaler_weighted,texas,89,0,174.0,69.9053,85.9597
optionC_lambda0.90,carbonscaler_weighted,texas,90,0,182.0,74.5283,48.914
optionC_lambda0.90,carbonscaler_weighted,texas,91,0,178.0,71.9282,69.4357
optionC_lambda0.90,carbonscaler_weighted,texas,92,0,185.0,56.4093,34.4017
optionC_lambda0.90,carbonscaler_weighted,texas,93,1,194.0,41.7628,65.359
optionC_lambda0.90,carbonscaler_weighted,texas,94,1,203.0,34.5555,9.0625
optionC_lambda0.90,carbonscaler_weighted,texas,95,0,255.0,29.5876,30.7059
optionC_lambda0.90,carbonscaler_weighted,texas,96,0,318.0,15.8476,38.6492
optionC_lambda0.90,carbonscaler_weighted,texas,97,0,321.0,16.7486,15.6193
optionC_lambda0.90,carbonscaler_weighted,texas,98,0,320.0,20.1301,24.4951
optionC_lambda0.90,carbonscaler_weighted,texas,99,0,314.0,18.2408,22.7785
optionC_lambda0.90,carbonscaler_weighted,texas,100,0,296.0,23.1163,13.6666
optionC_lambda0.90,carbonscaler_weighted,texas,101,0,283.0,26.2878,23.1784
optionC_lambda0.90,carbonscaler_weighted,texas,102,0,278.0,56.0265,61.7002
optionC_lambda0.90,carbonscaler_weighted,texas,103,0,280.0,60.9573,49.7274
optionC_lambda0.90,carbonscaler_weighted,texas,104,0,288.0,45.9952,41.5203
optionC_lambda0.90,carbonscaler_weighted,texas,105,0,306.0,44.8534,39.8341
optionC_lambda0.90,carbonscaler_weighted,texas,106,0,317.0,37.8107,36.8132
optionC_lambda0.90,carbonscaler_weighted,texas,107,0,315.0,35.2101,32.7381
optionC_lambda0.90,carbonscaler_weighted,texas,108,0,304.0,33.1797,35.1742
optionC_lambda0.90,carbonscaler_weighted,texas,109,0,248.0,31.4548,24.6765
optionC_lambda0.90,carbonscaler_weighted,texas,110,2,184.0,38.305,46.8454
optionC_lambda0.90,carbonscaler_weighted,texas,111,2,174.0,44.6788,51.8874
optionC_lambda0.90,carbonscaler_weighted,texas,112,0,177.0,71.7543,79.6828
optionC_lambda0.90,carbonscaler_weighted,texas,113,0,196.0,79.5829,82.3547
optionC_lambda0.90,carbonscaler_weighted,texas,114,0,213.0,84.6147,97.1739
optionC_lambda0.90,carbonscaler_weighted,texas,115,0,226.0,90.7311,97.586
optionC_lambda0.90,carbonscaler_weighted,texas,116,0,248.0,72.6597,75.9426
optionC_lambda0.90,carbonscaler_weighted,texas,117,0,261.0,58.4517,48.183
optionC_lambda0.90,carbonscaler_weighted,texas,118,0,261.0,47.6005,21.6266
optionC_lambda0.90,carbonscaler_weighted,texas,119,0,298.0,35.7758,45.0111
optionC_lambda0.90,carbonscaler_weighted,texas,120,0,322.0,34.4184,3.1802
optionC_lambda0.90,carbonscaler_weighted,texas,121,0,323.0,26.6931,33.8542
optionC_lambda0.90,carbonscaler_weighted,texas,122,0,326.0,27.0471,39.854
optionC_lambda0.90,carbonscaler_weighted,texas,123,0,329.0,27.4566,35.9491
optionC_lambda0.90,carbonscaler_weighted,texas,124,0,336.0,27.0468,15.8623
optionC_lambda0.90,carbonscaler_weighted,texas,125,0,351.0,33.5566,33.7048
optionC_lambda0.90,carbonscaler_weighted,texas,126,0,372.0,52.3004,46.225
optionC_lambda0.90,carbonscaler_weighted,texas,127,0,403.0,41.1263,54.341
optionC_lambda0.90,carbonscaler_weighted,texas,128,0,410.0,40.5935,25.8551
optionC_lambda0.90,carbonscaler_weighted,texas,129,0,428.0,34.9955,29.5548
optionC_lambda0.90,carbonscaler_weighted,texas,130,0,458.0,34.4782,17.3617
optionC_lambda0.90,carbonscaler_weighted,texas,131,0,459.0,35.3146,34.5319
optionC_lambda0.90,carbonscaler_weighted,texas,132,0,460.0,30.2066,21.6721
optionC_lambda0.90,carbonscaler_weighted,texas,133,0,446.0,32.2738,10.2045
optionC_lambda0.90,carbonscaler_weighted,texas,134,0,422.0,37.2785,55.1661
optionC_lambda0.90,carbonscaler_weighted,texas,135,0,391.0,39.925,41.3759
optionC_lambda0.90,carbonscaler_weighted,texas,136,0,330.0,48.562,43.6064
optionC_lambda0.90,carbonscaler_weighted,texas,137,0,286.0,69.0366,69.9293
optionC_lambda0.90,carbonscaler_weighted,texas,138,0,268.0,83.8074,97.6167
optionC_lambda0.90,carbonscaler_weighted,texas,139,0,271.0,86.8532,74.6391
optionC_lambda0.90,carbonscaler_weighted,texas,140,0,272.0,63.0653,47.1049
optionC_lambda0.90,carbonscaler_weighted,texas,141,0,268.0,42.7586,58.1839
optionC_lambda0.90,carbonscaler_weighted,texas,142,0,288.0,37.4293,26.3516
optionC_lambda0.90,carbonscaler_weighted,texas,143,0,350.0,32.009,38.8331
optionC_lambda0.90,carbonscaler_weighted,texas,144,0,430.0,24.7798,32.6589
optionC_lambda0.90,carbonscaler_weighted,texas,145,0,433.0,21.8683,2.6208
optionC_lambda0.90,carbonscaler_weighted,texas,146,0,397.0,22.2148,36.13
optionC_lambda0.90,carbonscaler_weighted,texas,147,0,351.0,18.3983,23.1044
optionC_lambda0.90,carbonscaler_weighted,texas,148,0,328.0,32.3717,29.3217
optionC_lambda0.90,carbonscaler_weighted,texas,149,0,306.0,34.6748,39.3135
optionC_lambda0.90,carbonscaler_weighted,texas,150,0,296.0,42.6753,35.151
optionC_lambda0.90,carbonscaler_weighted,texas,151,0,284.0,38.7331,28.6715
optionC_lambda0.90,carbonscaler_weighted,texas,152,0,273.0,29.6649,11.5294
optionC_lambda0.90,carbonscaler_weighted,texas,153,0,282.0,31.2479,35.5552
optionC_lambda0.90,carbonscaler_weighted,texas,154,0,284.0,25.1636,23.4749
optionC_lambda0.90,carbonscaler_weighted,texas,155,0,286.0,29.8553,16.953
optionC_lambda0.90,carbonscaler_weighted,texas,156,0,281.0,23.7051,27.1849
optionC_lambda0.90,carbonscaler_weighted,texas,157,0,229.0,18.5874,29.3418
optionC_lambda0.90,carbonscaler_weighted,texas,158,2,195.0,22.3155,29.4613
optionC_lambda0.90,carbonscaler_weighted,texas,159,2,176.0,33.9523,38.8842
optionC_lambda0.90,carbonscaler_weighted,texas,160,2,166.0,49.2018,37.4999
optionC_lambda0.90,carbonscaler_weighted,texas,161,1,161.0,70.3761,84.3554
optionC_lambda0.90,carbonscaler_weighted,texas,162,1,160.0,82.5323,315.8753
optionC_lambda0.90,carbonscaler_weighted,texas,163,1,156.0,77.9932,55.3274
optionC_lambda0.90,carbonscaler_weighted,texas,164,2,152.0,56.4896,65.504
optionC_lambda0.90,carbonscaler_weighted,texas,165,2,157.0,40.4494,40.6216
optionC_lambda0.90,carbonscaler_weighted,texas,166,2,172.0,35.5752,57.7525
optionC_lambda0.90,carbonscaler_weighted,texas,167,0,225.0,34.5751,21.7347
